{"type":"FeatureCollection","features":[{"type":"Feature","geometry":{"type":"Polygon","coordinates":[[[12.592536857146568,46.19067002858347],[12.592556527513427,46.19021976303404],[12.59385022005575,46.19024701513945],[12.593830560234322,46.19069728111471],[12.592536857146568,46.19067002858347]]]},"properties":{"ndvi_class":"moderate","color":"#74c476","area_m2":5003}},{"type":"Feature","geometry":{"type":"Polygon","coordinates":[[[12.59385022005575,46.19024701513945],[12.593869879407903,46.18979674912207],[12.59516356327353,46.1898239861743],[12.595143914466611,46.190274252617264],[12.59385022005575,46.19024701513945]]]},"properties":{"ndvi_class":"moderate","color":"#74c476","area_m2":5003}},{"type":"Feature","geometry":{"type":"Polygon","coordinates":[[[12.5938108999436,46.19114754704788],[12.59385022005575,46.19024701513945],[12.595143914466611,46.190274252617264],[12.595830048972106,46.189387332517335],[12.597123725093514,46.18941454720317],[12.597104092573186,46.18986481432618],[12.599044626071297,46.18990560956619],[12.599025008900409,46.190355877284574],[12.59708445958422,46.19031508140712],[12.597064826126603,46.19076534844595],[12.595771118369248,46.190738132484384],[12.595751473897149,46.191188399055875],[12.5938108999436,46.19114754704788]]]},"properties":{"ndvi_class":"dense","color":"#238b45","area_m2":40026}},{"type":"Feature","geometry":{"type":"Polygon","coordinates":[[[12.594516721107219,46.1898103694766],[12.594536374717622,46.189360103204294],[12.595183211611436,46.18937371968921],[12.59516356327353,46.1898239861743],[12.594516721107219,46.1898103694766]]]},"properties":{"ndvi_class":"sparse","color":"#c7e9c0","area_m2":2502}},{"type":"Feature","geometry":{"type":"Polygon","coordinates":[[[12.604219402566393,46.190014235968874],[12.60423897708788,46.189563966511095],[12.604885820971417,46.18957752814332],[12.604866251722633,46.190027797813],[12.604219402566393,46.190014235968874]]]},"properties":{"ndvi_class":"moderate","color":"#74c476","area_m2":2502}},{"type":"Feature","geometry":{"type":"Polygon","coordinates":[[[12.59841740308085,46.189441747261704],[12.598456645626168,46.18854121203939],[12.601043965015313,46.18859556657577],[12.601004764649296,46.18949610349673],[12.59971108293311,46.18946893269291],[12.599730693895024,46.189018664678024],[12.59841740308085,46.189441747261704]]]},"properties":{"ndvi_class":"dense","color":"#238b45","area_m2":17511}},{"type":"Feature","geometry":{"type":"Polygon","coordinates":[[[12.594556027858902,46.18890983688988],[12.59457568053107,46.188459570533375],[12.595222506880265,46.18847318659277],[12.595202859480343,46.18892345316205],[12.594556027858902,46.18890983688988]]]},"properties":{"ndvi_class":"sparse","color":"#c7e9c0","area_m2":2502}},{"type":"Feature","geometry":{"type":"Polygon","coordinates":[[[12.59457568053107,46.188459570533375],[12.594595332734142,46.18800930413476],[12.595242153811215,46.18802291998141],[12.595222506880265,46.18847318659277],[12.59457568053107,46.188459570533375]]]},"properties":{"ndvi_class":"bare","color":"#d9d9d9","area_m2":2502}},{"type":"Feature","geometry":{"type":"Polygon","coordinates":[[[12.59780981694408,46.18852761426348],[12.59782944278641,46.18807734680166],[12.598476266196306,46.188090944365115],[12.598456645626168,46.18854121203939],[12.59780981694408,46.18852761426348]]]},"properties":{"ndvi_class":"dense","color":"#238b45","area_m2":2502}},{"type":"Feature","geometry":{"type":"Polygon","coordinates":[[[12.599025008900409,46.190355877284574],[12.599044626071297,46.18990560956619],[12.597104092573186,46.18986481432618],[12.597123725093514,46.18941454720317],[12.595830048972106,46.189387332517335],[12.595810405906711,46.189837599215124],[12.59516356327353,46.1898239861743],[12.595242153811215,46.18802291998141],[12.597182619842824,46.188063745581566],[12.597202250488747,46.187613478290196],[12.597849068160281,46.187627079297776],[12.59780981694408,46.18852761426348],[12.598456645626168,46.18854121203939],[12.598476266196306,46.188090944365115],[12.602357216441312,46.18817245295562],[12.60229844822841,46.18952325967311],[12.601651606206051,46.18950968341335],[12.601632010593882,46.189959952022924],[12.603572553875273,46.190000670467796],[12.603552973613713,46.190450939671564],[12.599025008900409,46.190355877284574]],[[12.59841740308085,46.189441747261704],[12.599064242773927,46.18945534180573],[12.59908385900831,46.1890050740032],[12.599730693895024,46.189018664678024],[12.59971108293311,46.18946893269291],[12.601004764649296,46.18949610349673],[12.601043965015313,46.18859556657577],[12.598456645626168,46.18854121203939],[12.59841740308085,46.189441747261704]]]},"properties":{"ndvi_class":"moderate","color":"#74c476","area_m2":102567}},{"type":"Feature","geometry":{"type":"Polygon","coordinates":[[[12.596535797365682,46.188050140704824],[12.596555433283642,46.18759987362602],[12.597202250488747,46.187613478290196],[12.597182619842824,46.188063745581566],[12.596535797365682,46.188050140704824]]]},"properties":{"ndvi_class":"sparse","color":"#c7e9c0","area_m2":2502}},{"type":"Feature","geometry":{"type":"Polygon","coordinates":[[[12.599123090072393,46.188104538271894],[12.599142704902125,46.18765427034312],[12.599789523972186,46.187667860380884],[12.599769914414548,46.18811812852201],[12.599123090072393,46.188104538271894]]]},"properties":{"ndvi_class":"sparse","color":"#c7e9c0","area_m2":2502}},{"type":"Feature","geometry":{"type":"Polygon","coordinates":[[[12.603004043111918,46.18818602492228],[12.603023626308888,46.18773575572027],[12.60367044817263,46.18774932381821],[12.603650870247838,46.188199593232234],[12.603004043111918,46.18818602492228]]]},"properties":{"ndvi_class":"moderate","color":"#74c476","area_m2":2502}},{"type":"Feature","geometry":{"type":"Polygon","coordinates":[[[12.603023626308888,46.18773575572027],[12.603043209038418,46.187285486476185],[12.603690025630113,46.18729905436213],[12.60367044817263,46.18774932381821],[12.603023626308888,46.18773575572027]]]},"properties":{"ndvi_class":"sparse","color":"#c7e9c0","area_m2":2502}},{"type":"Feature","geometry":{"type":"Polygon","coordinates":[[[12.60367044817263,46.18774932381821],[12.603690025630113,46.18729905436213],[12.604336842686973,46.18731261859146],[12.604317270501554,46.187762888259485],[12.60367044817263,46.18774932381821]]]},"properties":{"ndvi_class":"moderate","color":"#74c476","area_m2":2502}},{"type":"Feature","geometry":{"type":"Polygon","coordinates":[[[12.603043209038418,46.187285486476185],[12.603062791300527,46.18683521719005],[12.603709602620299,46.18684878486398],[12.603690025630113,46.18729905436213],[12.603043209038418,46.187285486476185]]]},"properties":{"ndvi_class":"moderate","color":"#74c476","area_m2":2502}},{"type":"Feature","geometry":{"type":"Polygon","coordinates":[[[12.603690025630113,46.18729905436213],[12.603709602620299,46.18684878486398],[12.604356414405219,46.186862348881384],[12.604336842686973,46.18731261859146],[12.603690025630113,46.18729905436213]]]},"properties":{"ndvi_class":"sparse","color":"#c7e9c0","area_m2":2502}},{"type":"Feature","geometry":{"type":"Polygon","coordinates":[[[12.604336842686973,46.18731261859146],[12.604356414405219,46.186862348881384],[12.605003226655162,46.18687590924221],[12.604983660208868,46.18732617916419],[12.604336842686973,46.18731261859146]]]},"properties":{"ndvi_class":"moderate","color":"#74c476","area_m2":2502}},{"type":"Feature","geometry":{"type":"Polygon","coordinates":[[[12.603709602620299,46.18684878486398],[12.603729179143198,46.186398515323795],[12.604375985656306,46.18641207912924],[12.604356414405219,46.186862348881384],[12.603709602620299,46.18684878486398]]]},"properties":{"ndvi_class":"moderate","color":"#74c476","area_m2":2502}},{"type":"Feature","geometry":{"type":"Polygon","coordinates":[[[12.604356414405219,46.186862348881384],[12.604375985656306,46.18641207912924],[12.60566960007743,46.186439195770646],[12.605650039370007,46.18688946594649],[12.604356414405219,46.186862348881384]]]},"properties":{"ndvi_class":"sparse","color":"#c7e9c0","area_m2":5003}},{"type":"Feature","geometry":{"type":"Polygon","coordinates":[[[12.605650039370007,46.18688946594649],[12.60566960007743,46.186439195770646],[12.606316407985194,46.18645274860659],[12.606296852549624,46.1869030189942],[12.605650039370007,46.18688946594649]]]},"properties":{"ndvi_class":"moderate","color":"#74c476","area_m2":2502}},{"type":"Feature","geometry":{"type":"Polygon","coordinates":[[[12.605022792634426,46.1864256392782],[12.605061923191908,46.185525099224016],[12.605708720091608,46.18553865529283],[12.60566960007743,46.186439195770646],[12.605022792634426,46.1864256392782]]]},"properties":{"ndvi_class":"moderate","color":"#74c476","area_m2":5003}},{"type":"Feature","geometry":{"type":"Polygon","coordinates":[[[12.606316407985194,46.18645274860659],[12.606355517456041,46.185552207705236],[12.607002315285085,46.18556575646125],[12.607610025194504,46.186479843308916],[12.606316407985194,46.18645274860659]]]},"properties":{"ndvi_class":"moderate","color":"#74c476","area_m2":7505}},{"type":"Feature","geometry":{"type":"Polygon","coordinates":[[[12.603160695600206,46.18458387012851],[12.603180275058063,46.18413360059003],[12.604473834904859,46.18416072973783],[12.604454265989354,46.18461099970021],[12.603160695600206,46.18458387012851]]]},"properties":{"ndvi_class":"moderate","color":"#74c476","area_m2":5003}},{"type":"Feature","geometry":{"type":"Polygon","coordinates":[[[12.60566960007743,46.186439195770646],[12.605747838238324,46.18463811464683],[12.60639462505993,46.18465166663573],[12.606433730796969,46.18375112539806],[12.607080507540799,46.18376467330729],[12.607002315285085,46.18556575646125],[12.606355517456041,46.185552207705236],[12.606316407985194,46.18645274860659],[12.60566960007743,46.186439195770646]]]},"properties":{"ndvi_class":"sparse","color":"#c7e9c0","area_m2":20013}},{"type":"Feature","geometry":{"type":"Polygon","coordinates":[[[12.605747838238324,46.18463811464683],[12.60582606892981,46.18283703285034],[12.606472834667265,46.18285058399224],[12.60639462505993,46.18465166663573],[12.605747838238324,46.18463811464683]]]},"properties":{"ndvi_class":"moderate","color":"#74c476","area_m2":10006}},{"type":"Feature","geometry":{"type":"Polygon","coordinates":[[[12.607060960176744,46.18421494415884],[12.607139146833664,46.182413860500446],[12.607785908229292,46.1824274041186],[12.607746826375553,46.183327946455115],[12.6083935987771,46.18334148684039],[12.608374062421623,46.18379175815718],[12.607060960176744,46.18421494415884]]]},"properties":{"ndvi_class":"moderate","color":"#74c476","area_m2":12508}},{"type":"Feature","geometry":{"type":"Polygon","coordinates":[[[12.606433730796969,46.18375112539806],[12.60649238590242,46.18240031322628],[12.607139146833664,46.182413860500446],[12.607080507540799,46.18376467330729],[12.606433730796969,46.18375112539806]]]},"properties":{"ndvi_class":"bare","color":"#d9d9d9","area_m2":7505}},{"type":"Feature","geometry":{"type":"Polygon","coordinates":[[[12.60649238590242,46.18240031322628],[12.606511936670934,46.181950042418265],[12.607805448456567,46.18197713288727],[12.607785908229292,46.1824274041186],[12.60649238590242,46.18240031322628]]]},"properties":{"ndvi_class":"sparse","color":"#c7e9c0","area_m2":5003}},{"type":"Feature","geometry":{"type":"Polygon","coordinates":[[[12.609079432413214,46.18245448038684],[12.609118491319052,46.181553937036036],[12.609765243565883,46.181567469263236],[12.609726195201253,46.182468013036925],[12.609079432413214,46.18245448038684]]]},"properties":{"ndvi_class":"very_dense","color":"#00441b","area_m2":5003}},{"type":"Feature","geometry":{"type":"Polygon","coordinates":[[[12.606511936670934,46.181950042418265],[12.606551036808083,46.181049500676124],[12.607197781927868,46.18106304731527],[12.607158692331565,46.181963589480745],[12.606511936670934,46.181950042418265]]]},"properties":{"ndvi_class":"moderate","color":"#74c476","area_m2":5003}},{"type":"Feature","geometry":{"type":"Polygon","coordinates":[[[12.607158692331565,46.181963589480745],[12.607197781927868,46.18106304731527],[12.607844527511995,46.18107659029857],[12.607805448456567,46.18197713288727],[12.607158692331565,46.181963589480745]]]},"properties":{"ndvi_class":"bare","color":"#d9d9d9","area_m2":5003}},{"type":"Feature","geometry":{"type":"Polygon","coordinates":[[[12.607197781927868,46.18106304731527],[12.607217326026296,46.180612776169475],[12.607864066340175,46.180626318941165],[12.607844527511995,46.18107659029857],[12.607197781927868,46.18106304731527]]]},"properties":{"ndvi_class":"sparse","color":"#c7e9c0","area_m2":2502}},{"type":"Feature","geometry":{"type":"Polygon","coordinates":[[[12.614312008864806,46.181211819058916],[12.614331494989736,46.18076154558853],[12.61497824040302,46.18077504814617],[12.61495875954849,46.18122532182753],[12.614312008864806,46.181211819058916]]]},"properties":{"ndvi_class":"moderate","color":"#74c476","area_m2":2502}},{"type":"Feature","geometry":{"type":"Polygon","coordinates":[[[12.609157548360429,46.18065339351716],[12.609177076181984,46.18020312169468],[12.609823812617943,46.180216653287545],[12.609804290066556,46.180666925321454],[12.609157548360429,46.18065339351716]]]},"properties":{"ndvi_class":"very_dense","color":"#00441b","area_m2":2502}},{"type":"Feature","geometry":{"type":"Polygon","coordinates":[[[12.607922680026746,46.17927550461677],[12.607942216989658,46.17882523309124],[12.608588936687948,46.17883877136095],[12.608569404994796,46.179289043098024],[12.607922680026746,46.17927550461677]]]},"properties":{"ndvi_class":"bare","color":"#d9d9d9","area_m2":2502}},{"type":"Feature","geometry":{"type":"Polygon","coordinates":[[[12.608569404994796,46.179289043098024],[12.608588936687948,46.17883877136095],[12.609235656850265,46.17885230597509],[12.609216130426887,46.17930257792366],[12.608569404994796,46.179289043098024]]]},"properties":{"ndvi_class":"moderate","color":"#74c476","area_m2":2502}},{"type":"Feature","geometry":{"type":"Polygon","coordinates":[[[12.607805448456567,46.18197713288727],[12.607864066340175,46.180626318941165],[12.607217326026296,46.180612776169475],[12.607315039521774,46.17836141981],[12.60796175348629,46.17837496152369],[12.607922680026746,46.17927550461677],[12.608569404994796,46.179289043098024],[12.608452205045822,46.18199067263784],[12.607805448456567,46.18197713288727]]]},"properties":{"ndvi_class":"moderate","color":"#74c476","area_m2":27518}},{"type":"Feature","geometry":{"type":"Polygon","coordinates":[[[12.607942216989658,46.17882523309124],[12.60796175348629,46.17837496152369],[12.608608467914943,46.178388499581864],[12.608588936687948,46.17883877136095],[12.607942216989658,46.17882523309124]]]},"properties":{"ndvi_class":"sparse","color":"#c7e9c0","area_m2":2502}},{"type":"Feature","geometry":{"type":"Polygon","coordinates":[[[12.608588936687948,46.17883877136095],[12.608608467914943,46.178388499581864],[12.60925518280761,46.17840203398454],[12.609235656850265,46.17885230597509],[12.608588936687948,46.17883877136095]]]},"properties":{"ndvi_class":"bare","color":"#d9d9d9","area_m2":2502}},{"type":"Feature","geometry":{"type":"Polygon","coordinates":[[[12.609235656850265,46.17885230597509],[12.60925518280761,46.17840203398454],[12.609901898164164,46.17841556473168],[12.609882377476483,46.178865836933674],[12.609235656850265,46.17885230597509]]]},"properties":{"ndvi_class":"sparse","color":"#c7e9c0","area_m2":2502}},{"type":"Feature","geometry":{"type":"Polygon","coordinates":[[[12.609882377476483,46.178865836933674],[12.609901898164164,46.17841556473168],[12.610548613984484,46.178429091823304],[12.610529098566477,46.178879364236664],[12.609882377476483,46.178865836933674]]]},"properties":{"ndvi_class":"moderate","color":"#74c476","area_m2":2502}},{"type":"Feature","geometry":{"type":"Polygon","coordinates":[[[12.611175820120126,46.17889288788406],[12.61119533026844,46.17844261525941],[12.61184204701591,46.17845613503996],[12.611822542137299,46.17890640787587],[12.611175820120126,46.17889288788406]]]},"properties":{"ndvi_class":"moderate","color":"#74c476","area_m2":2502}},{"type":"Feature","geometry":{"type":"Polygon","coordinates":[[[12.611822542137299,46.17890640787587],[12.61184204701591,46.17845613503996],[12.61248876422677,46.178469651164974],[12.612469264617877,46.17891992421208],[12.611822542137299,46.17890640787587]]]},"properties":{"ndvi_class":"sparse","color":"#c7e9c0","area_m2":2502}},{"type":"Feature","geometry":{"type":"Polygon","coordinates":[[[12.613115987561732,46.178933436892684],[12.613135481900892,46.17848316363443],[12.614428918638433,46.178510177606675],[12.614409434838775,46.17896045128703],[12.613115987561732,46.178933436892684]]]},"properties":{"ndvi_class":"sparse","color":"#c7e9c0","area_m2":5003}},{"type":"Feature","geometry":{"type":"Polygon","coordinates":[[[12.614997720792594,46.180324774422814],[12.615036680176926,46.17942422685012],[12.61244976454358,46.1793701972172],[12.612469264617877,46.17891992421208],[12.614409434838775,46.17896045128703],[12.615095115766595,46.178073405176114],[12.616388544741756,46.17810039679316],[12.616369077216095,46.17855067114824],[12.617015797667179,46.17856416168426],[12.616976871761688,46.17946471069005],[12.61633014077085,46.179451219732435],[12.616291202466947,46.1803517681487],[12.614997720792594,46.180324774422814]]]},"properties":{"ndvi_class":"moderate","color":"#74c476","area_m2":42528}},{"type":"Feature","geometry":{"type":"Polygon","coordinates":[[[12.608608467914943,46.178388499581864],[12.608627998675797,46.177938227760734],[12.609274708298939,46.17795176195193],[12.60925518280761,46.17840203398454],[12.608608467914943,46.178388499581864]]]},"properties":{"ndvi_class":"moderate","color":"#74c476","area_m2":2502}},{"type":"Feature","geometry":{"type":"Polygon","coordinates":[[[12.60925518280761,46.17840203398454],[12.609274708298939,46.17795176195193],[12.610568128936723,46.17797881936792],[12.610548613984484,46.178429091823304],[12.60925518280761,46.17840203398454]]]},"properties":{"ndvi_class":"bare","color":"#d9d9d9","area_m2":5003}},{"type":"Feature","geometry":{"type":"Polygon","coordinates":[[[12.612469264617877,46.17891992421208],[12.611861551429007,46.178005862162024],[12.615095115766595,46.178073405176114],[12.615075637701597,46.17852367910944],[12.613135481900892,46.17848316363443],[12.613115987561732,46.178933436892684],[12.612469264617877,46.17891992421208]]]},"properties":{"ndvi_class":"bare","color":"#d9d9d9","area_m2":15010}},{"type":"Feature","geometry":{"type":"Polygon","coordinates":[[[12.633183958896119,46.178900236997464],[12.63320328940544,46.178449957180305],[12.633850016568013,46.17846335245923],[12.633830691328734,46.17891363248571],[12.633183958896119,46.178900236997464]]]},"properties":{"ndvi_class":"moderate","color":"#74c476","area_m2":2502}},{"type":"Feature","geometry":{"type":"Polygon","coordinates":[[[12.636417625649374,46.17896717788092],[12.636436929808346,46.17851689701777],[12.637083659265311,46.178530274018065],[12.637064360376453,46.178980555090234],[12.636417625649374,46.17896717788092]]]},"properties":{"ndvi_class":"moderate","color":"#74c476","area_m2":2502}},{"type":"Feature","geometry":{"type":"Polygon","coordinates":[[[12.610548613984484,46.178429091823304],[12.61058764342321,46.17752854687052],[12.6118810553766,46.17755558924207],[12.61184204701591,46.17845613503996],[12.610548613984484,46.178429091823304]]]},"properties":{"ndvi_class":"sparse","color":"#c7e9c0","area_m2":10006}},{"type":"Feature","geometry":{"type":"Polygon","coordinates":[[[12.606687872590863,46.17789760325448],[12.6067074186937,46.17744733202609],[12.607354121655113,46.17746087697197],[12.607334580821634,46.177911148412],[12.606687872590863,46.17789760325448]]]},"properties":{"ndvi_class":"moderate","color":"#74c476","area_m2":2502}},{"type":"Feature","geometry":{"type":"Polygon","coordinates":[[[12.609274708298939,46.17795176195193],[12.609294233324265,46.177501489877294],[12.61058764342321,46.17752854687052],[12.610568128936723,46.17797881936792],[12.609274708298939,46.17795176195193]]]},"properties":{"ndvi_class":"moderate","color":"#74c476","area_m2":5003}},{"type":"Feature","geometry":{"type":"Polygon","coordinates":[[[12.611861551429007,46.178005862162024],[12.6118810553766,46.17755558924207],[12.615114593366714,46.17762313120079],[12.615095115766595,46.178073405176114],[12.611861551429007,46.178005862162024]]]},"properties":{"ndvi_class":"moderate","color":"#74c476","area_m2":12508}},{"type":"Feature","geometry":{"type":"Polygon","coordinates":[[[12.615095115766595,46.178073405176114],[12.615114593366714,46.17762313120079],[12.615761302353448,46.177636628626175],[12.615741830022863,46.178086902812396],[12.615095115766595,46.178073405176114]]]},"properties":{"ndvi_class":"bare","color":"#d9d9d9","area_m2":2502}},{"type":"Feature","geometry":{"type":"Polygon","coordinates":[[[12.615741830022863,46.178086902812396],[12.615761302353448,46.177636628626175],[12.616408011802793,46.177650122396095],[12.616388544741756,46.17810039679316],[12.615741830022863,46.178086902812396]]]},"properties":{"ndvi_class":"sparse","color":"#c7e9c0","area_m2":2502}},{"type":"Feature","geometry":{"type":"Polygon","coordinates":[[[12.635143472270423,46.17849013204997],[12.635182100285787,46.17758957103446],[12.63582881828558,46.177602954927956],[12.636436929808346,46.17851689701777],[12.635143472270423,46.17849013204997]]]},"properties":{"ndvi_class":"moderate","color":"#74c476","area_m2":7505}},{"type":"Feature","geometry":{"type":"Polygon","coordinates":[[[12.615761302353448,46.177636628626175],[12.615800245620427,46.17673608012777],[12.61644694453105,46.176749573475995],[12.616408011802793,46.177650122396095],[12.615761302353448,46.177636628626175]]]},"properties":{"ndvi_class":"bare","color":"#d9d9d9","area_m2":5003}},{"type":"Feature","geometry":{"type":"Polygon","coordinates":[[[12.616408011802793,46.177650122396095],[12.61644694453105,46.176749573475995],[12.617093643904132,46.176763063168856],[12.617054721714625,46.177663612510514],[12.616408011802793,46.177650122396095]]]},"properties":{"ndvi_class":"moderate","color":"#74c476","area_m2":5003}},{"type":"Feature","geometry":{"type":"Polygon","coordinates":[[[12.606060716196648,46.177433783424824],[12.60545312604689,46.17651968943221],[12.606746509499914,46.1765467894432],[12.6067074186937,46.17744733202609],[12.606060716196648,46.177433783424824]]]},"properties":{"ndvi_class":"moderate","color":"#74c476","area_m2":7505}},{"type":"Feature","geometry":{"type":"Polygon","coordinates":[[[12.609960457431919,46.177064747873544],[12.609979976256117,46.176614475503484],[12.610626670998982,46.17662800174968],[12.610607157443958,46.17707827433111],[12.609960457431919,46.177064747873544]]]},"properties":{"ndvi_class":"very_dense","color":"#00441b","area_m2":2502}},{"type":"Feature","geometry":{"type":"Polygon","coordinates":[[[12.637730389180781,46.1785436473626],[12.637768975036819,46.1776430846747],[12.638415694870769,46.177656453945666],[12.638454268345585,46.1767558906725],[12.639100978098336,46.17676925587013],[12.63904313300495,46.17812010134363],[12.637730389180781,46.1785436473626]]]},"properties":{"ndvi_class":"moderate","color":"#74c476","area_m2":12508}},{"type":"Feature","geometry":{"type":"Polygon","coordinates":[[[12.606746509499914,46.1765467894432],[12.606766054203316,46.17609651808871],[12.607412741357411,46.17611006239968],[12.607393201922987,46.1765603339658],[12.606746509499914,46.1765467894432]]]},"properties":{"ndvi_class":"very_dense","color":"#00441b","area_m2":2502}},{"type":"Feature","geometry":{"type":"Polygon","coordinates":[[[12.617093643904132,46.176763063168856],[12.617113104302195,46.17631278843506],[12.617759798868413,46.17632627426184],[12.61774034373955,46.17677654920635],[12.617093643904132,46.176763063168856]]]},"properties":{"ndvi_class":"moderate","color":"#74c476","area_m2":2502}},{"type":"Feature","geometry":{"type":"Polygon","coordinates":[[[12.625500777781214,46.1769380965349],[12.625520169678607,46.17648781906615],[12.626166870243633,46.17650125737324],[12.62614748361562,46.176951535051955],[12.625500777781214,46.1769380965349]]]},"properties":{"ndvi_class":"moderate","color":"#74c476","area_m2":2502}},{"type":"Feature","geometry":{"type":"Polygon","coordinates":[[[12.63649483952091,46.17716605417707],[12.63651414183703,46.17671577314641],[12.637160850214807,46.176729149310624],[12.637141553168297,46.1771794305503],[12.63649483952091,46.17716605417707]]]},"properties":{"ndvi_class":"moderate","color":"#74c476","area_m2":2502}},{"type":"Feature","geometry":{"type":"Polygon","coordinates":[[[12.608039894810268,46.17657387483315],[12.608078962674925,46.175673331235714],[12.609372328765806,46.175700401158586],[12.609352805604356,46.1761506734013],[12.608039894810268,46.17657387483315]]]},"properties":{"ndvi_class":"very_dense","color":"#00441b","area_m2":7505}},{"type":"Feature","geometry":{"type":"Polygon","coordinates":[[[12.603532625400135,46.17602874170592],[12.603552195981159,46.17557847136839],[12.604198875543622,46.175592033743406],[12.604179310231382,46.17604230429285],[12.603532625400135,46.17602874170592]]]},"properties":{"ndvi_class":"moderate","color":"#74c476","area_m2":2502}},{"type":"Feature","geometry":{"type":"Polygon","coordinates":[[[12.606119367513543,46.176082970122536],[12.606138917019337,46.17563269893769],[12.60678559844027,46.175646246692175],[12.606766054203316,46.17609651808871],[12.606119367513543,46.176082970122536]]]},"properties":{"ndvi_class":"very_dense","color":"#00441b","area_m2":2502}},{"type":"Feature","geometry":{"type":"Polygon","coordinates":[[[12.615800245620427,46.17673608012777],[12.615858657035623,46.17538525706525],[12.616505340139105,46.175398749780975],[12.61644694453105,46.176749573475995],[12.615800245620427,46.17673608012777]]]},"properties":{"ndvi_class":"water","color":"#2166ac","area_m2":7505}},{"type":"Feature","geometry":{"type":"Polygon","coordinates":[[[12.61644694453105,46.176749573475995],[12.616505340139105,46.175398749780975],[12.617152023705003,46.17541223884151],[12.617093643904132,46.176763063168856],[12.61644694453105,46.176749573475995]]]},"properties":{"ndvi_class":"sparse","color":"#c7e9c0","area_m2":7505}},{"type":"Feature","geometry":{"type":"Polygon","coordinates":[[[12.602905516883627,46.17556490533827],[12.602925092266235,46.17511463517067],[12.60357176609512,46.17512820098883],[12.603552195981159,46.17557847136839],[12.602905516883627,46.17556490533827]]]},"properties":{"ndvi_class":"moderate","color":"#74c476","area_m2":2502}},{"type":"Feature","geometry":{"type":"Polygon","coordinates":[[[12.611312381380356,46.17574097862907],[12.611331888269474,46.17529070571033],[12.611978568132526,46.17530422401221],[12.611959066512235,46.1757544971422],[12.611312381380356,46.17574097862907]]]},"properties":{"ndvi_class":"very_dense","color":"#00441b","area_m2":2502}},{"type":"Feature","geometry":{"type":"Polygon","coordinates":[[[12.63782685036749,46.17629224032883],[12.637846141223534,46.175841958796454],[12.639786238864895,46.17588205313635],[12.639766963817047,46.17633233529521],[12.63782685036749,46.17629224032883]]]},"properties":{"ndvi_class":"moderate","color":"#74c476","area_m2":7505}},{"type":"Feature","geometry":{"type":"Polygon","coordinates":[[[12.634574019455641,46.176675622720666],[12.63459333711945,46.17622534227549],[12.635240038851688,46.17623872919707],[12.635278662257683,46.175338167762696],[12.635925353910192,46.175351550610586],[12.635906047706852,46.17580183155783],[12.636552745087242,46.17581521095945],[12.63651414183703,46.17671577314641],[12.634574019455641,46.176675622720666]]]},"properties":{"ndvi_class":"moderate","color":"#74c476","area_m2":15010}},{"type":"Feature","geometry":{"type":"Polygon","coordinates":[[[12.628792406822415,46.1756544168855],[12.62881177098627,46.175204138241654],[12.629458458045326,46.17521755764256],[12.62943909915054,46.17566783649608],[12.628792406822415,46.1756544168855]]]},"properties":{"ndvi_class":"moderate","color":"#74c476","area_m2":2502}},{"type":"Feature","geometry":{"type":"Polygon","coordinates":[[[12.615114593366714,46.17762313120079],[12.615250923552239,46.17447121219779],[12.615897595655735,46.174484708146956],[12.615761302353448,46.177636628626175],[12.615114593366714,46.17762313120079]]]},"properties":{"ndvi_class":"moderate","color":"#74c476","area_m2":17511}},{"type":"Feature","geometry":{"type":"Polygon","coordinates":[[[12.599045059063156,46.17503316350593],[12.599084271647795,46.1741326255905],[12.599730932147807,46.174146212914245],[12.600338401602354,46.17506033534762],[12.599045059063156,46.17503316350593]]]},"properties":{"ndvi_class":"moderate","color":"#74c476","area_m2":7505}},{"type":"Feature","geometry":{"type":"Polygon","coordinates":[[[12.60227841890239,46.17510106569747],[12.602317578802987,46.17420052566011],[12.60296424162994,46.17421409470928],[12.602925092266235,46.17511463517067],[12.60227841890239,46.17510106569747]]]},"properties":{"ndvi_class":"moderate","color":"#74c476","area_m2":5003}},{"type":"Feature","geometry":{"type":"Polygon","coordinates":[[[12.616505340139105,46.175398749780975],[12.616544268221748,46.17449820044103],[12.617190941250152,46.17451168908003],[12.617152023705003,46.17541223884151],[12.616505340139105,46.175398749780975]]]},"properties":{"ndvi_class":"moderate","color":"#74c476","area_m2":5003}},{"type":"Feature","geometry":{"type":"Polygon","coordinates":[[[12.621051562195822,46.17504282032214],[12.6210709891238,46.174592544157015],[12.621717665385448,46.17460600721028],[12.62169824372625,46.17505628358576],[12.621051562195822,46.17504282032214]]]},"properties":{"ndvi_class":"moderate","color":"#74c476","area_m2":2502}},{"type":"Feature","geometry":{"type":"Polygon","coordinates":[[[12.622991608171196,46.17508319914745],[12.623011019292791,46.1746329223514],[12.623657696938242,46.174646374439234],[12.623638291085468,46.175096651445486],[12.622991608171196,46.17508319914745]]]},"properties":{"ndvi_class":"dense","color":"#238b45","area_m2":2502}},{"type":"Feature","geometry":{"type":"Polygon","coordinates":[[[12.626871712569791,46.17516385810739],[12.626891092078253,46.17471358005102],[12.627537772487937,46.17472701020784],[12.627518398248377,46.17517728847406],[12.626871712569791,46.17516385810739]]]},"properties":{"ndvi_class":"dense","color":"#238b45","area_m2":2502}},{"type":"Feature","geometry":{"type":"Polygon","coordinates":[[[12.643038992331803,46.17549852068359],[12.643058240113604,46.175048237397995],[12.644351624328607,46.175074911292555],[12.644332387085305,46.17552519499495],[12.643038992331803,46.17549852068359]]]},"properties":{"ndvi_class":"dense","color":"#238b45","area_m2":5003}},{"type":"Feature","geometry":{"type":"Polygon","coordinates":[[[12.615858657035623,46.17538525706525],[12.615917064268825,46.17403443362482],[12.616563731566293,46.17404792570809],[12.616505340139105,46.175398749780975],[12.615858657035623,46.17538525706525]]]},"properties":{"ndvi_class":"bare","color":"#d9d9d9","area_m2":7505}},{"type":"Feature","geometry":{"type":"Polygon","coordinates":[[[12.616544268221748,46.17449820044103],[12.616563731566293,46.17404792570809],[12.617210399326137,46.17406141413632],[12.617190941250152,46.17451168908003],[12.616544268221748,46.17449820044103]]]},"properties":{"ndvi_class":"sparse","color":"#c7e9c0","area_m2":2502}},{"type":"Feature","geometry":{"type":"Polygon","coordinates":[[[12.617837614740822,46.174525174063945],[12.617857067548234,46.17407489890954],[12.61850373623246,46.174088380027705],[12.618484288693635,46.17453865539277],[12.617837614740822,46.174525174063945]]]},"properties":{"ndvi_class":"moderate","color":"#74c476","area_m2":2502}},{"type":"Feature","geometry":{"type":"Polygon","coordinates":[[[12.615917064268825,46.17403443362482],[12.61593653241729,46.17358415906071],[12.616583194446338,46.173597650933154],[12.616563731566293,46.17404792570809],[12.615917064268825,46.17403443362482]]]},"properties":{"ndvi_class":"sparse","color":"#c7e9c0","area_m2":2502}},{"type":"Feature","geometry":{"type":"Polygon","coordinates":[[[12.616563731566293,46.17404792570809],[12.616583194446338,46.173597650933154],[12.617229856937747,46.173611139150644],[12.617210399326137,46.17406141413632],[12.616563731566293,46.17404792570809]]]},"properties":{"ndvi_class":"water","color":"#2166ac","area_m2":2502}},{"type":"Feature","geometry":{"type":"Polygon","coordinates":[[[12.617857067548234,46.17407489890954],[12.617876519891396,46.173624623713145],[12.618523183307161,46.17363810462068],[12.61850373623246,46.174088380027705],[12.617857067548234,46.17407489890954]]]},"properties":{"ndvi_class":"sparse","color":"#c7e9c0","area_m2":2502}},{"type":"Feature","geometry":{"type":"Polygon","coordinates":[[[12.639844061248345,46.17453120640853],[12.639882607204038,46.17363064171402],[12.641822629930756,46.1736707000252],[12.641784115588312,46.174571265971586],[12.639844061248345,46.17453120640853]]]},"properties":{"ndvi_class":"dense","color":"#238b45","area_m2":15010}},{"type":"Feature","geometry":{"type":"Polygon","coordinates":[[[12.61593653241729,46.17358415906071],[12.615956000101145,46.173133884454614],[12.616602656861895,46.17314737611624],[12.616583194446338,46.173597650933154],[12.61593653241729,46.17358415906071]]]},"properties":{"ndvi_class":"moderate","color":"#74c476","area_m2":2502}},{"type":"Feature","geometry":{"type":"Polygon","coordinates":[[[12.617210399326137,46.17406141413632],[12.616602656861895,46.17314737611624],[12.617895971770325,46.17317434847478],[12.617857067548234,46.17407489890954],[12.617210399326137,46.17406141413632]]]},"properties":{"ndvi_class":"bare","color":"#d9d9d9","area_m2":7505}},{"type":"Feature","geometry":{"type":"Polygon","coordinates":[[[12.617876519891396,46.173624623713145],[12.617895971770325,46.17317434847478],[12.618542629917755,46.173187829171674],[12.618523183307161,46.17363810462068],[12.617876519891396,46.173624623713145]]]},"properties":{"ndvi_class":"water","color":"#2166ac","area_m2":2502}},{"type":"Feature","geometry":{"type":"Polygon","coordinates":[[[12.618523183307161,46.17363810462068],[12.618542629917755,46.173187829171674],[12.619189288527156,46.173201306213635],[12.619169847184914,46.17365158187323],[12.618523183307161,46.17363810462068]]]},"properties":{"ndvi_class":"bare","color":"#d9d9d9","area_m2":2502}},{"type":"Feature","geometry":{"type":"Polygon","coordinates":[[[12.619816511524533,46.17366505547078],[12.61983594759841,46.173214779600656],[12.620482607131393,46.173228249332745],[12.62046317632589,46.173678525413344],[12.619816511524533,46.17366505547078]]]},"properties":{"ndvi_class":"dense","color":"#238b45","area_m2":2502}},{"type":"Feature","geometry":{"type":"Polygon","coordinates":[[[12.634043243595102,46.173960549890396],[12.63406256376154,46.173510269403096],[12.634709233420901,46.17352365872476],[12.634689918523138,46.17397393942128],[12.634043243595102,46.173960549890396]]]},"properties":{"ndvi_class":"dense","color":"#238b45","area_m2":2502}},{"type":"Feature","geometry":{"type":"Polygon","coordinates":[[[12.64309673429911,46.174147670701274],[12.643115980702845,46.17369738729013],[12.643762656774795,46.17371072543984],[12.64374341563993,46.17416100905938],[12.64309673429911,46.174147670701274]]]},"properties":{"ndvi_class":"dense","color":"#238b45","area_m2":2502}},{"type":"Feature","geometry":{"type":"Polygon","coordinates":[[[12.645683462404604,46.174201002202224],[12.64570268773279,46.17375071795776],[12.646996043988649,46.17377736136033],[12.646976829198318,46.174227646021116],[12.645683462404604,46.174201002202224]]]},"properties":{"ndvi_class":"dense","color":"#238b45","area_m2":5003}},{"type":"Feature","geometry":{"type":"Polygon","coordinates":[[[12.619777637985184,46.17456560708512],[12.619797074986796,46.17411533129893],[12.61850373623246,46.174088380027705],[12.618523183307161,46.17363810462068],[12.619169847184914,46.17365158187323],[12.619189288527156,46.173201306213635],[12.62046317632589,46.173678525413344],[12.62114869219949,46.172791439076924],[12.621795347387271,46.17280490128875],[12.6210709891238,46.174592544157015],[12.619777637985184,46.17456560708512]]]},"properties":{"ndvi_class":"moderate","color":"#74c476","area_m2":25016}},{"type":"Feature","geometry":{"type":"Polygon","coordinates":[[[12.65603044782578,46.17441374335888],[12.65606872941664,46.173513168179795],[12.656715409337968,46.17352643301713],[12.656677138285255,46.17442700861076],[12.65603044782578,46.17441374335888]]]},"properties":{"ndvi_class":"moderate","color":"#74c476","area_m2":5003}},{"type":"Feature","geometry":{"type":"Polygon","coordinates":[[[12.617249314084997,46.17316086412296],[12.617268770767902,46.17271058905332],[12.61856207606425,46.17273755368068],[12.618542629917755,46.173187829171674],[12.617249314084997,46.17316086412296]]]},"properties":{"ndvi_class":"moderate","color":"#74c476","area_m2":5003}},{"type":"Feature","geometry":{"type":"Polygon","coordinates":[[[12.618542629917755,46.173187829171674],[12.61856207606425,46.17273755368068],[12.61920872940543,46.17275103051207],[12.619189288527156,46.173201306213635],[12.618542629917755,46.173187829171674]]]},"properties":{"ndvi_class":"sparse","color":"#c7e9c0","area_m2":2502}},{"type":"Feature","geometry":{"type":"Polygon","coordinates":[[[12.619189288527156,46.173201306213635],[12.61920872940543,46.17275103051207],[12.619855383208447,46.17276450368857],[12.61983594759841,46.173214779600656],[12.619189288527156,46.173201306213635]]]},"properties":{"ndvi_class":"bare","color":"#d9d9d9","area_m2":2502}},{"type":"Feature","geometry":{"type":"Polygon","coordinates":[[[12.61983594759841,46.173214779600656],[12.619855383208447,46.17276450368857],[12.620502037473175,46.17277797321019],[12.620482607131393,46.173228249332745],[12.61983594759841,46.173214779600656]]]},"properties":{"ndvi_class":"moderate","color":"#74c476","area_m2":2502}},{"type":"Feature","geometry":{"type":"Polygon","coordinates":[[[12.620482607131393,46.173228249332745],[12.620502037473175,46.17277797321019],[12.62114869219949,46.172791439076924],[12.621129267125973,46.17324171540988],[12.620482607131393,46.173228249332745]]]},"properties":{"ndvi_class":"dense","color":"#238b45","area_m2":2502}},{"type":"Feature","geometry":{"type":"Polygon","coordinates":[[[12.636649245151606,46.17356380475914],[12.636668543782674,46.173113523393454],[12.637315210008095,46.1731268978857],[12.637295916645632,46.17357717946039],[12.636649245151606,46.17356380475914]]]},"properties":{"ndvi_class":"dense","color":"#238b45","area_m2":2502}},{"type":"Feature","geometry":{"type":"Polygon","coordinates":[[[12.642469305088122,46.17368404548526],[12.642507807054942,46.17278347895441],[12.643154472132336,46.172796820342356],[12.643115980702845,46.17369738729013],[12.642469305088122,46.17368404548526]]]},"properties":{"ndvi_class":"dense","color":"#238b45","area_m2":5003}},{"type":"Feature","geometry":{"type":"Polygon","coordinates":[[[12.654109536007498,46.1739236387245],[12.654147848298258,46.1730230647062],[12.655441195329116,46.17304961224232],[12.655402904114013,46.17395018709029],[12.654109536007498,46.1739236387245]]]},"properties":{"ndvi_class":"moderate","color":"#74c476","area_m2":10006}},{"type":"Feature","geometry":{"type":"Polygon","coordinates":[[[12.597222775713089,46.17229076790311],[12.59724239523507,46.17184049935119],[12.597889027997937,46.17185409657726],[12.597869413743606,46.172304365341645],[12.597222775713089,46.17229076790311]]]},"properties":{"ndvi_class":"moderate","color":"#74c476","area_m2":2502}},{"type":"Feature","geometry":{"type":"Polygon","coordinates":[[[12.61920872940543,46.17275103051207],[12.619228169819745,46.172300754768536],[12.61987481835465,46.17231422773452],[12.619855383208447,46.17276450368857],[12.61920872940543,46.17275103051207]]]},"properties":{"ndvi_class":"sparse","color":"#c7e9c0","area_m2":2502}},{"type":"Feature","geometry":{"type":"Polygon","coordinates":[[[12.620502037473175,46.17277797321019],[12.620521467351253,46.17232769704568],[12.621168116809429,46.172341162702],[12.62114869219949,46.172791439076924],[12.620502037473175,46.17277797321019]]]},"properties":{"ndvi_class":"moderate","color":"#74c476","area_m2":2502}},{"type":"Feature","geometry":{"type":"Polygon","coordinates":[[[12.635375212707352,46.17308676344377],[12.635394521414769,46.17263648245434],[12.636041181454681,46.172649864047614],[12.636021878015717,46.17310014524613],[12.635375212707352,46.17308676344377]]]},"properties":{"ndvi_class":"dense","color":"#238b45","area_m2":2502}},{"type":"Feature","geometry":{"type":"Polygon","coordinates":[[[12.658008770544283,46.173552951725995],[12.658027894847802,46.173102663452156],[12.659321247333631,46.17312916712575],[12.659302133567978,46.17357945581374],[12.658008770544283,46.173552951725995]]]},"properties":{"ndvi_class":"sparse","color":"#c7e9c0","area_m2":5003}},{"type":"Feature","geometry":{"type":"Polygon","coordinates":[[[12.659302133567978,46.17357945581374],[12.659321247333631,46.17312916712575],[12.66190795775327,46.17318213061006],[12.661888865063508,46.17363242012564],[12.659302133567978,46.17357945581374]]]},"properties":{"ndvi_class":"bare","color":"#d9d9d9","area_m2":10006}},{"type":"Feature","geometry":{"type":"Polygon","coordinates":[[[12.619855383208447,46.17276450368857],[12.619894253037035,46.17186395173851],[12.620540896765638,46.171877420839195],[12.620502037473175,46.17277797321019],[12.619855383208447,46.17276450368857]]]},"properties":{"ndvi_class":"bare","color":"#d9d9d9","area_m2":5003}},{"type":"Feature","geometry":{"type":"Polygon","coordinates":[[[12.619228169819745,46.172300754768536],[12.619247609770117,46.17185047898304],[12.619894253037035,46.17186395173851],[12.61987481835465,46.17231422773452],[12.619228169819745,46.172300754768536]]]},"properties":{"ndvi_class":"moderate","color":"#74c476","area_m2":2502}},{"type":"Feature","geometry":{"type":"Polygon","coordinates":[[[12.621168116809429,46.172341162702],[12.6211875409558,46.17189088628512],[12.621834185607398,46.171904348076254],[12.621814766729056,46.17235462470348],[12.621168116809429,46.172341162702]]]},"properties":{"ndvi_class":"moderate","color":"#74c476","area_m2":2502}},{"type":"Feature","geometry":{"type":"Polygon","coordinates":[[[12.639901879491942,46.17318035930398],[12.639293765166846,46.17226643490386],[12.641233739103443,46.17230650230225],[12.641195216981414,46.17320706808258],[12.639901879491942,46.17318035930398]]]},"properties":{"ndvi_class":"dense","color":"#238b45","area_m2":12508}},{"type":"Feature","geometry":{"type":"Polygon","coordinates":[[[12.656734544179297,46.17307614515766],[12.656753678563957,46.172625857256406],[12.658047018694903,46.172652375136536],[12.658027894847802,46.173102663452156],[12.656734544179297,46.17307614515766]]]},"properties":{"ndvi_class":"sparse","color":"#c7e9c0","area_m2":5003}},{"type":"Feature","geometry":{"type":"Polygon","coordinates":[[[12.658027894847802,46.173102663452156],[12.658047018694903,46.172652375136536],[12.661280376970643,46.172718605871324],[12.661261279467677,46.17316889522186],[12.658027894847802,46.173102663452156]]]},"properties":{"ndvi_class":"moderate","color":"#74c476","area_m2":12508}},{"type":"Feature","geometry":{"type":"Polygon","coordinates":[[[12.661261279467677,46.17316889522186],[12.661280376970643,46.172718605871324],[12.66192704998737,46.172731841052716],[12.66190795775327,46.17318213061006],[12.661261279467677,46.17316889522186]]]},"properties":{"ndvi_class":"sparse","color":"#c7e9c0","area_m2":2502}},{"type":"Feature","geometry":{"type":"Polygon","coordinates":[[[12.66190795775327,46.17318213061006],[12.66192704998737,46.172731841052716],[12.663220397381407,46.172758300449864],[12.663201315685082,46.17320859042066],[12.66190795775327,46.17318213061006]]]},"properties":{"ndvi_class":"bare","color":"#d9d9d9","area_m2":5003}},{"type":"Feature","geometry":{"type":"Polygon","coordinates":[[[12.620521467351253,46.17232769704568],[12.620560325716344,46.171427144590766],[12.621853604022313,46.17145407140708],[12.621834185607398,46.171904348076254],[12.620521467351253,46.17232769704568]]]},"properties":{"ndvi_class":"sparse","color":"#c7e9c0","area_m2":7505}},{"type":"Feature","geometry":{"type":"Polygon","coordinates":[[[12.619894253037035,46.17186395173851],[12.619913687255615,46.17141367570053],[12.620560325716344,46.171427144590766],[12.620540896765638,46.171877420839195],[12.619894253037035,46.17186395173851]]]},"properties":{"ndvi_class":"moderate","color":"#74c476","area_m2":2502}},{"type":"Feature","geometry":{"type":"Polygon","coordinates":[[[12.621834185607398,46.171904348076254],[12.621853604022313,46.17145407140708],[12.622500243867306,46.17146752933313],[12.622480830720306,46.171917806212605],[12.621834185607398,46.171904348076254]]]},"properties":{"ndvi_class":"moderate","color":"#74c476","area_m2":2502}},{"type":"Feature","geometry":{"type":"Polygon","coordinates":[[[12.656107009180275,46.17261259283361],[12.656126148376917,46.17216230509785],[12.656772812491964,46.17217556931338],[12.656753678563957,46.172625857256406],[12.656107009180275,46.17261259283361]]]},"properties":{"ndvi_class":"sparse","color":"#c7e9c0","area_m2":2502}},{"type":"Feature","geometry":{"type":"Polygon","coordinates":[[[12.656753678563957,46.172625857256406],[12.656772812491964,46.17217556931338],[12.657419477061568,46.17218882987384],[12.657400348402208,46.17263911802405],[12.656753678563957,46.172625857256406]]]},"properties":{"ndvi_class":"bare","color":"#d9d9d9","area_m2":2502}},{"type":"Feature","geometry":{"type":"Polygon","coordinates":[[[12.66192704998737,46.172731841052716],[12.661946141765817,46.17228155145364],[12.662592809967359,46.172294782773065],[12.662573723457667,46.1727450725789],[12.66192704998737,46.172731841052716]]]},"properties":{"ndvi_class":"moderate","color":"#74c476","area_m2":2502}},{"type":"Feature","geometry":{"type":"Polygon","coordinates":[[[12.662573723457667,46.1727450725789],[12.662592809967359,46.172294782773065],[12.66323947862233,46.172308010437334],[12.663220397381407,46.172758300449864],[12.662573723457667,46.1727450725789]]]},"properties":{"ndvi_class":"sparse","color":"#c7e9c0","area_m2":2502}},{"type":"Feature","geometry":{"type":"Polygon","coordinates":[[[12.663220397381407,46.172758300449864],[12.66323947862233,46.172308010437334],[12.663886147730608,46.17232123444646],[12.663867071758466,46.172771524665606],[12.663220397381407,46.172758300449864]]]},"properties":{"ndvi_class":"bare","color":"#d9d9d9","area_m2":2502}},{"type":"Feature","geometry":{"type":"Polygon","coordinates":[[[12.621659399017274,46.17595683621087],[12.621678821603531,46.175506559919306],[12.622325508864282,46.17552001973806],[12.622403173499151,46.17371891331095],[12.62563651134439,46.17378615337304],[12.625675288197666,46.1728855978065],[12.624401371019552,46.17240843616086],[12.624440166168814,46.17150788118284],[12.625733450007347,46.17153476414218],[12.6257528363519,46.17108448617021],[12.626399473694178,46.17109792195778],[12.626283180295786,46.173799590420295],[12.627576519579923,46.17382645354963],[12.627557146265113,46.17427673189969],[12.62820382186627,46.17429015819153],[12.628126345059142,46.176091272011746],[12.627479648382065,46.17607784488072],[12.627499023546426,46.17562756669837],[12.625558952084969,46.17558726400286],[12.625597732640195,46.174686708771816],[12.624304375044709,46.174659822871924],[12.62426557341381,46.175560377262755],[12.621659399017274,46.17595683621087]],[[12.622991608171196,46.17508319914745],[12.623638291085468,46.175096651445486],[12.623657696938242,46.174646374439234],[12.623011019292791,46.1746329223514],[12.622991608171196,46.17508319914745]],[[12.626871712569791,46.17516385810739],[12.627518398248377,46.17517728847406],[12.627537772487937,46.17472701020784],[12.626891092078253,46.17471358005102],[12.626871712569791,46.17516385810739]]]},"properties":{"ndvi_class":"moderate","color":"#74c476","area_m2":107570}},{"type":"Feature","geometry":{"type":"Polygon","coordinates":[[[12.634747861833558,46.17262309720608],[12.634805800995585,46.171272254613896],[12.63545244477223,46.17128563923472],[12.635394521414769,46.17263648245434],[12.634747861833558,46.17262309720608]]]},"properties":{"ndvi_class":"dense","color":"#238b45","area_m2":7505}},{"type":"Feature","geometry":{"type":"Polygon","coordinates":[[[12.649640340372134,46.17247974757365],[12.649678723678601,46.17157917621188],[12.65161868792864,46.171619066921856],[12.651580336232874,46.17251963953028],[12.649640340372134,46.17247974757365]]]},"properties":{"ndvi_class":"dense","color":"#238b45","area_m2":15010}},{"type":"Feature","geometry":{"type":"Polygon","coordinates":[[[12.621853604022313,46.17145407140708],[12.621873021973816,46.17100379469594],[12.622519656551017,46.17101725241171],[12.622500243867306,46.17146752933313],[12.621853604022313,46.17145407140708]]]},"properties":{"ndvi_class":"sparse","color":"#c7e9c0","area_m2":2502}},{"type":"Feature","geometry":{"type":"Polygon","coordinates":[[[12.627026735688073,46.17156163248244],[12.627046111496865,46.171111354090634],[12.627692749759838,46.171124782568754],[12.627673379218944,46.17157506117037],[12.627026735688073,46.17156163248244]]]},"properties":{"ndvi_class":"moderate","color":"#74c476","area_m2":2502}},{"type":"Feature","geometry":{"type":"Polygon","coordinates":[[[12.632846544021659,46.171682359100764],[12.632865872418867,46.171232078822584],[12.63351251481878,46.171245474407826],[12.633493191689594,46.17169575489532],[12.632846544021659,46.171682359100764]]]},"properties":{"ndvi_class":"dense","color":"#238b45","area_m2":2502}},{"type":"Feature","geometry":{"type":"Polygon","coordinates":[[[12.654832821510979,46.17213576570151],[12.654851970787831,46.171685478338674],[12.655498628724915,46.17169874965701],[12.655479484716546,46.17214903722723],[12.654832821510979,46.17213576570151]]]},"properties":{"ndvi_class":"sparse","color":"#c7e9c0","area_m2":2502}},{"type":"Feature","geometry":{"type":"Polygon","coordinates":[[[12.656772812491964,46.17217556931338],[12.656791945963331,46.1717252813286],[12.657438605264412,46.171738541681826],[12.657419477061568,46.17218882987384],[12.656772812491964,46.17217556931338]]]},"properties":{"ndvi_class":"sparse","color":"#c7e9c0","area_m2":2502}},{"type":"Feature","geometry":{"type":"Polygon","coordinates":[[[12.657400348402208,46.17263911802405],[12.657457733010755,46.171288253448054],[12.658104387497842,46.17130150993911],[12.658047018694903,46.172652375136536],[12.657400348402208,46.17263911802405]]]},"properties":{"ndvi_class":"moderate","color":"#74c476","area_m2":7505}},{"type":"Feature","geometry":{"type":"Polygon","coordinates":[[[12.616033866190717,46.17133278561034],[12.616072796448194,46.17043223593628],[12.617366047217697,46.17045921307539],[12.617327138030669,46.171359763592505],[12.616033866190717,46.17133278561034]]]},"properties":{"ndvi_class":"moderate","color":"#74c476","area_m2":10006}},{"type":"Feature","geometry":{"type":"Polygon","coordinates":[[[12.620560325716344,46.171427144590766],[12.620599182226776,46.170526591968],[12.621245810613647,46.17054005678273],[12.621206964638617,46.17144060982628],[12.620560325716344,46.171427144590766]]]},"properties":{"ndvi_class":"moderate","color":"#74c476","area_m2":5003}},{"type":"Feature","geometry":{"type":"Polygon","coordinates":[[[12.647719556302528,46.17198953768516],[12.647757970302676,46.17108896748742],[12.648404617960614,46.17110227880261],[12.648366214497008,46.172002849416344],[12.647719556302528,46.17198953768516]]]},"properties":{"ndvi_class":"dense","color":"#238b45","area_m2":5003}},{"type":"Feature","geometry":{"type":"Polygon","coordinates":[[[12.662592809967359,46.172294782773065],[12.662630981620223,46.17139420303618],[12.663277639738034,46.171407430287076],[12.66323947862233,46.172308010437334],[12.662592809967359,46.172294782773065]]]},"properties":{"ndvi_class":"moderate","color":"#74c476","area_m2":5003}},{"type":"Feature","geometry":{"type":"Polygon","coordinates":[[[12.663886147730608,46.17232123444646],[12.663924298309123,46.17142065388291],[12.665217616810637,46.171447090109424],[12.665198552286105,46.17189738082515],[12.663886147730608,46.17232123444646]]]},"properties":{"ndvi_class":"bare","color":"#d9d9d9","area_m2":7505}},{"type":"Feature","geometry":{"type":"Polygon","coordinates":[[[12.654205313305663,46.171672203365326],[12.654224467393856,46.17122191616813],[12.654871119607682,46.171235190934055],[12.654851970787831,46.171685478338674],[12.654205313305663,46.171672203365326]]]},"properties":{"ndvi_class":"sparse","color":"#c7e9c0","area_m2":2502}},{"type":"Feature","geometry":{"type":"Polygon","coordinates":[[[12.655479484716546,46.17214903722723],[12.654871119607682,46.171235190934055],[12.656164425399915,46.17126172950101],[12.6561835632263,46.17081144163991],[12.656830211536198,46.17082470523368],[12.657438605264412,46.171738541681826],[12.656791945963331,46.1717252813286],[12.656772812491964,46.17217556931338],[12.655479484716546,46.17214903722723]]]},"properties":{"ndvi_class":"bare","color":"#d9d9d9","area_m2":17511}},{"type":"Feature","geometry":{"type":"Polygon","coordinates":[[[12.648404617960614,46.17110227880261],[12.648423819005046,46.170651993433],[12.64907046185104,46.17066530088535],[12.649051266074705,46.171115586462896],[12.648404617960614,46.17110227880261]]]},"properties":{"ndvi_class":"dense","color":"#238b45","area_m2":2502}},{"type":"Feature","geometry":{"type":"Polygon","coordinates":[[[12.654224467393856,46.17122191616813],[12.654243621024936,46.17077162892913],[12.654890267970544,46.17078490348764],[12.654871119607682,46.171235190934055],[12.654224467393856,46.17122191616813]]]},"properties":{"ndvi_class":"bare","color":"#d9d9d9","area_m2":2502}},{"type":"Feature","geometry":{"type":"Polygon","coordinates":[[[12.65681107897807,46.17127499330203],[12.656830211536198,46.17082470523368],[12.65747686030061,46.17083796517251],[12.657457733010755,46.171288253448054],[12.65681107897807,46.17127499330203]]]},"properties":{"ndvi_class":"sparse","color":"#c7e9c0","area_m2":2502}},{"type":"Feature","geometry":{"type":"Polygon","coordinates":[[[12.665217616810637,46.171447090109424],[12.665236680880188,46.17099679935197],[12.665883335541917,46.17101001177616],[12.665864276740812,46.17146030274009],[12.665217616810637,46.171447090109424]]]},"properties":{"ndvi_class":"bare","color":"#d9d9d9","area_m2":2502}},{"type":"Feature","geometry":{"type":"Polygon","coordinates":[[[12.622500243867306,46.17146752933313],[12.622577891822555,46.16966642139573],[12.623224511058254,46.169679874826166],[12.62314688417347,46.17148098360446],[12.622500243867306,46.17146752933313]]]},"properties":{"ndvi_class":"moderate","color":"#74c476","area_m2":10006}},{"type":"Feature","geometry":{"type":"Polygon","coordinates":[[[12.626418854308337,46.170647643733936],[12.626438234459986,46.17019736546814],[12.627731489454828,46.17022422523972],[12.627750858608948,46.16977394651232],[12.629024746290197,46.170251070392794],[12.629005387209169,46.17070134949775],[12.626418854308337,46.170647643733936]]]},"properties":{"ndvi_class":"moderate","color":"#74c476","area_m2":12508}},{"type":"Feature","geometry":{"type":"Polygon","coordinates":[[[12.599926914322964,46.169643518689725],[12.59994650996825,46.169193249035885],[12.600593112990571,46.16920683037023],[12.600573522612233,46.169657100236286],[12.599926914322964,46.169643518689725]]]},"properties":{"ndvi_class":"very_dense","color":"#00441b","area_m2":2502}},{"type":"Feature","geometry":{"type":"Polygon","coordinates":[[[12.623851729995888,46.170143602069736],[12.623871130754946,46.169693324602086],[12.624517750912506,46.16970677072348],[12.624498355420902,46.17015704840123],[12.623851729995888,46.170143602069736]]]},"properties":{"ndvi_class":"moderate","color":"#74c476","area_m2":2502}},{"type":"Feature","geometry":{"type":"Polygon","coordinates":[[[12.647777176615188,46.17063868232582],[12.647796382469346,46.1701883971224],[12.648443019591245,46.170201708021594],[12.648423819005046,46.170651993433],[12.647777176615188,46.17063868232582]]]},"properties":{"ndvi_class":"dense","color":"#238b45","area_m2":2502}},{"type":"Feature","geometry":{"type":"Polygon","coordinates":[[[12.64907046185104,46.17066530088535],[12.649089657169268,46.17021501526601],[12.649736295203288,46.17022831885564],[12.649717105153044,46.170678604682855],[12.64907046185104,46.17066530088535]]]},"properties":{"ndvi_class":"dense","color":"#238b45","area_m2":2502}},{"type":"Feature","geometry":{"type":"Polygon","coordinates":[[[12.653596974534342,46.17075835071573],[12.653616132976396,46.17030806364245],[12.654262774198912,46.170321341648375],[12.654243621024936,46.17077162892913],[12.653596974534342,46.17075835071573]]]},"properties":{"ndvi_class":"bare","color":"#d9d9d9","area_m2":2502}},{"type":"Feature","geometry":{"type":"Polygon","coordinates":[[[12.6561835632263,46.17081144163991],[12.65620270059596,46.170361153737055],[12.656849343637724,46.170374417123554],[12.656830211536198,46.17082470523368],[12.6561835632263,46.17081144163991]]]},"properties":{"ndvi_class":"sparse","color":"#c7e9c0","area_m2":2502}},{"type":"Feature","geometry":{"type":"Polygon","coordinates":[[[12.656830211536198,46.17082470523368],[12.656849343637724,46.170374417123554],[12.657495987133991,46.170387676855206],[12.65747686030061,46.17083796517251],[12.656830211536198,46.17082470523368]]]},"properties":{"ndvi_class":"moderate","color":"#74c476","area_m2":2502}},{"type":"Feature","geometry":{"type":"Polygon","coordinates":[[[12.621206964638617,46.17144060982628],[12.621245810613647,46.17054005678273],[12.621892439461917,46.17055351794284],[12.621950689145955,46.16920268743182],[12.622597302653249,46.1692161443065],[12.622519656551017,46.17101725241171],[12.621206964638617,46.17144060982628]]]},"properties":{"ndvi_class":"bare","color":"#d9d9d9","area_m2":15010}},{"type":"Feature","geometry":{"type":"Polygon","coordinates":[[[12.636726436912511,46.171762679045116],[12.636745733701382,46.1713123975119],[12.63545244477223,46.17128563923472],[12.635491058040019,46.17038507687888],[12.636784325897588,46.17041183431985],[12.636822916251843,46.16951127096031],[12.637469540332935,46.169524643780804],[12.637430960514012,46.17042520755827],[12.638724231121511,46.170451943070915],[12.63868567053288,46.17135250751643],[12.638039024464176,46.17133914116976],[12.638019738211527,46.171789423120856],[12.636726436912511,46.171762679045116]]]},"properties":{"ndvi_class":"dense","color":"#238b45","area_m2":35023}},{"type":"Feature","geometry":{"type":"Polygon","coordinates":[[[12.621245810613647,46.17054005678273],[12.621304076099891,46.16918922690269],[12.621950689145955,46.16920268743182],[12.621892439461917,46.17055351794284],[12.621245810613647,46.17054005678273]]]},"properties":{"ndvi_class":"moderate","color":"#74c476","area_m2":7505}},{"type":"Feature","geometry":{"type":"Polygon","coordinates":[[[12.640644876206991,46.17094230179924],[12.640664140467525,46.170492018929345],[12.641310777831634,46.17050537023931],[12.641349294438012,46.16960480395674],[12.641995921724112,46.16961815119481],[12.6419381619286,46.170969001181604],[12.640644876206991,46.17094230179924]]]},"properties":{"ndvi_class":"sparse","color":"#c7e9c0","area_m2":10006}},{"type":"Feature","geometry":{"type":"Polygon","coordinates":[[[12.650991213152627,46.171155487514305],[12.650382933693185,46.17024161879045],[12.651029572638828,46.17025491507048],[12.651048751695349,46.16980462878588],[12.65234202041757,46.169831209966155],[12.652322851896862,46.17028149666611],[12.651676212040096,46.17026820769571],[12.65163786309007,46.17116878055494],[12.650991213152627,46.171155487514305]]]},"properties":{"ndvi_class":"dense","color":"#238b45","area_m2":12508}},{"type":"Feature","geometry":{"type":"Polygon","coordinates":[[[12.652950328498884,46.170745068847445],[12.652988655461785,46.169844495074145],[12.653635290961237,46.16985777652736],[12.653596974534342,46.17075835071573],[12.652950328498884,46.170745068847445]]]},"properties":{"ndvi_class":"sparse","color":"#c7e9c0","area_m2":5003}},{"type":"Feature","geometry":{"type":"Polygon","coordinates":[[[12.622577891822555,46.16966642139573],[12.622597302653249,46.1692161443065],[12.623243916621645,46.16922959752672],[12.623224511058254,46.169679874826166],[12.622577891822555,46.16966642139573]]]},"properties":{"ndvi_class":"sparse","color":"#c7e9c0","area_m2":2502}},{"type":"Feature","geometry":{"type":"Polygon","coordinates":[[[12.643916569323538,46.1701084549772],[12.643935806326063,46.169658170981094],[12.64458243544085,46.169671503600505],[12.644563203706076,46.170121787804945],[12.643916569323538,46.1701084549772]]]},"properties":{"ndvi_class":"moderate","color":"#74c476","area_m2":2502}},{"type":"Feature","geometry":{"type":"Polygon","coordinates":[[[12.65620270059596,46.170361153737055],[12.656221837508907,46.16991086579241],[12.656868475282664,46.16992412897168],[12.656849343637724,46.170374417123554],[12.65620270059596,46.170361153737055]]]},"properties":{"ndvi_class":"moderate","color":"#74c476","area_m2":2502}},{"type":"Feature","geometry":{"type":"Polygon","coordinates":[[[12.665902393888176,46.17055972077053],[12.665921451779607,46.17010942972317],[12.666568096357558,46.17012263807956],[12.666549043734339,46.17057292933332],[12.665902393888176,46.17055972077053]]]},"properties":{"ndvi_class":"bare","color":"#d9d9d9","area_m2":2502}},{"type":"Feature","geometry":{"type":"Polygon","coordinates":[[[12.655536915371039,46.17079817439123],[12.655556058008818,46.17034788669567],[12.654909415876427,46.17033461599945],[12.65494771031732,46.16943404089771],[12.656221837508907,46.16991086579241],[12.6561835632263,46.17081144163991],[12.655536915371039,46.17079817439123]]]},"properties":{"ndvi_class":"bare","color":"#d9d9d9","area_m2":10006}},{"type":"Feature","geometry":{"type":"Polygon","coordinates":[[[12.623243916621645,46.16922959752672],[12.623263321721943,46.16877932018534],[12.623909930884126,46.16879276954096],[12.623890531051021,46.16924304709249],[12.623243916621645,46.16922959752672]]]},"properties":{"ndvi_class":"sparse","color":"#c7e9c0","area_m2":2502}},{"type":"Feature","geometry":{"type":"Polygon","coordinates":[[[12.65234202041757,46.169831209966155],[12.652361188480828,46.1693809232244],[12.65300781825724,46.16939420812481],[12.652988655461785,46.169844495074145],[12.65234202041757,46.169831209966155]]]},"properties":{"ndvi_class":"sparse","color":"#c7e9c0","area_m2":2502}},{"type":"Feature","geometry":{"type":"Polygon","coordinates":[[[12.652988655461785,46.169844495074145],[12.65300781825724,46.16939420812481],[12.65365444848888,46.1694074893705],[12.653635290961237,46.16985777652736],[12.652988655461785,46.169844495074145]]]},"properties":{"ndvi_class":"bare","color":"#d9d9d9","area_m2":2502}},{"type":"Feature","geometry":{"type":"Polygon","coordinates":[[[12.599299907411414,46.16917966404726],[12.599358707341649,46.16782885547008],[12.600005294098434,46.167842439821925],[12.59994650996825,46.169193249035885],[12.599299907411414,46.16917966404726]]]},"properties":{"ndvi_class":"very_dense","color":"#00441b","area_m2":7505}},{"type":"Feature","geometry":{"type":"Polygon","coordinates":[[[12.621950689145955,46.16920268743182],[12.621989519951901,46.16830213354803],[12.622636122924991,46.16831559000219],[12.622597302653249,46.1692161443065],[12.621950689145955,46.16920268743182]]]},"properties":{"ndvi_class":"moderate","color":"#74c476","area_m2":5003}},{"type":"Feature","geometry":{"type":"Polygon","coordinates":[[[12.622597302653249,46.1692161443065],[12.622636122924991,46.16831559000219],[12.62328272635916,46.16832904280201],[12.623243916621645,46.16922959752672],[12.622597302653249,46.1692161443065]]]},"properties":{"ndvi_class":"bare","color":"#d9d9d9","area_m2":5003}},{"type":"Feature","geometry":{"type":"Polygon","coordinates":[[[12.655575200189759,46.16989759895834],[12.655613483181185,46.16899702335833],[12.65626010996472,46.169010289777795],[12.656221837508907,46.16991086579241],[12.655575200189759,46.16989759895834]]]},"properties":{"ndvi_class":"moderate","color":"#74c476","area_m2":5003}},{"type":"Feature","geometry":{"type":"Polygon","coordinates":[[[12.623263321721943,46.16877932018534],[12.62328272635916,46.16832904280201],[12.623929330254278,46.16834249194747],[12.623909930884126,46.16879276954096],[12.623263321721943,46.16877932018534]]]},"properties":{"ndvi_class":"water","color":"#2166ac","area_m2":2502}},{"type":"Feature","geometry":{"type":"Polygon","coordinates":[[[12.624556540507152,46.16880621524216],[12.624575934610224,46.16835593743858],[12.62522253942687,46.168369379275326],[12.625203150590892,46.168819657288935],[12.624556540507152,46.16880621524216]]]},"properties":{"ndvi_class":"moderate","color":"#74c476","area_m2":2502}},{"type":"Feature","geometry":{"type":"Polygon","coordinates":[[[12.651067930294166,46.169354342459464],[12.651087108435297,46.16890405609124],[12.652380356086647,46.16893063644085],[12.652361188480828,46.1693809232244],[12.651067930294166,46.169354342459464]]]},"properties":{"ndvi_class":"bare","color":"#d9d9d9","area_m2":5003}},{"type":"Feature","geometry":{"type":"Polygon","coordinates":[[[12.656887606471033,46.16947384077801],[12.65690673720284,46.169023552542576],[12.657553364895422,46.16903681165266],[12.657534239431383,46.16948710009528],[12.656887606471033,46.16947384077801]]]},"properties":{"ndvi_class":"very_dense","color":"#00441b","area_m2":2502}},{"type":"Feature","geometry":{"type":"Polygon","coordinates":[[[12.65494771031732,46.16943404089771],[12.654986002930473,46.168533465628855],[12.655632623991695,46.16854673549567],[12.655594341913877,46.169447311179226],[12.65494771031732,46.16943404089771]]]},"properties":{"ndvi_class":"sparse","color":"#c7e9c0","area_m2":5003}},{"type":"Feature","geometry":{"type":"Polygon","coordinates":[[[12.622636122924991,46.16831559000219],[12.622655532366068,46.16786531278711],[12.623948729161487,46.16789221431205],[12.623929330254278,46.16834249194747],[12.622636122924991,46.16831559000219]]]},"properties":{"ndvi_class":"moderate","color":"#74c476","area_m2":5003}},{"type":"Feature","geometry":{"type":"Polygon","coordinates":[[[12.62522253942687,46.168369379275326],[12.62524192780016,46.167919101219795],[12.625888527810401,46.167932539192186],[12.625869144704096,46.168382817457704],[12.62522253942687,46.168369379275326]]]},"properties":{"ndvi_class":"moderate","color":"#74c476","area_m2":2502}},{"type":"Feature","geometry":{"type":"Polygon","coordinates":[[[12.634921666875933,46.16857056829855],[12.634940976243074,46.1681202870994],[12.63558758314679,46.16813367025633],[12.635568279046833,46.168583951664594],[12.634921666875933,46.16857056829855]]]},"properties":{"ndvi_class":"moderate","color":"#74c476","area_m2":2502}},{"type":"Feature","geometry":{"type":"Polygon","coordinates":[[[12.649108852029405,46.16976472960486],[12.649147240375461,46.16886415815709],[12.647853997281818,46.16883754126122],[12.647873201302689,46.168387255890536],[12.649813050824743,46.168427175128656],[12.649755484795568,46.1697780329866],[12.649108852029405,46.16976472960486]]]},"properties":{"ndvi_class":"dense","color":"#238b45","area_m2":12508}},{"type":"Feature","geometry":{"type":"Polygon","coordinates":[[[12.650440485292934,46.16889076043449],[12.650459668243899,46.16844047423223],[12.651106286118752,46.16845376968124],[12.651087108435297,46.16890405609124],[12.650440485292934,46.16889076043449]]]},"properties":{"ndvi_class":"bare","color":"#d9d9d9","area_m2":2502}},{"type":"Feature","geometry":{"type":"Polygon","coordinates":[[[12.65626010996472,46.169010289777795],[12.656279245507614,46.16856000170784],[12.656925867478103,46.16857326426538],[12.65690673720284,46.169023552542576],[12.65626010996472,46.169010289777795]]]},"properties":{"ndvi_class":"very_dense","color":"#00441b","area_m2":2502}},{"type":"Feature","geometry":{"type":"Polygon","coordinates":[[[12.645741137012694,46.17285014934336],[12.64576036096444,46.17239986497341],[12.645113699327514,46.17238653841402],[12.64519061161963,46.17058540134882],[12.644543971512334,46.17057207196755],[12.644524738859609,46.17102235608832],[12.643878093941195,46.171009022843904],[12.643897331861922,46.17055873893147],[12.642604053932256,46.17053206189495],[12.642719535026322,46.167830360042664],[12.644012749745478,46.16785703457826],[12.643955042869504,46.16920788694314],[12.64524829102067,46.16923454811069],[12.645229065012492,46.16968483256523],[12.64716895646733,46.16972479753124],[12.646407023058057,46.17241318787776],[12.647700348614865,46.1724398227213],[12.647681140468793,46.17289010771562],[12.645741137012694,46.17285014934336]],[[12.643916569323538,46.1701084549772],[12.644563203706076,46.170121787804945],[12.64458243544085,46.169671503600505],[12.643935806326063,46.169658170981094],[12.643916569323538,46.1701084549772]]]},"properties":{"ndvi_class":"dense","color":"#238b45","area_m2":90058}},{"type":"Feature","geometry":{"type":"Polygon","coordinates":[[[12.666587148526087,46.16967234678409],[12.666644302303663,46.168321472647335],[12.667290926262597,46.168334676523514],[12.667233788288558,46.16968555127925],[12.666587148526087,46.16967234678409]]]},"properties":{"ndvi_class":"bare","color":"#d9d9d9","area_m2":7505}},{"type":"Feature","geometry":{"type":"Polygon","coordinates":[[[12.66531293260883,46.169195635904856],[12.665351055743605,46.168295053930926],[12.665997678797291,46.16830826511647],[12.66595956619803,46.16920884750326],[12.66531293260883,46.169195635904856]]]},"properties":{"ndvi_class":"moderate","color":"#74c476","area_m2":5003}},{"type":"Feature","geometry":{"type":"Polygon","coordinates":[[[12.592912517105605,46.16724254349331],[12.592932168341544,46.16679227596698],[12.593578739904553,46.16680589643384],[12.593559093934783,46.16725616417298],[12.592912517105605,46.16724254349331]]]},"properties":{"ndvi_class":"moderate","color":"#74c476","area_m2":2502}},{"type":"Feature","geometry":{"type":"Polygon","coordinates":[[[12.623948729161487,46.16789221431205],[12.623968127605766,46.167441936634674],[12.62461472142793,46.167455381705615],[12.624595328250477,46.16790565959307],[12.623948729161487,46.16789221431205]]]},"properties":{"ndvi_class":"moderate","color":"#74c476","area_m2":2502}},{"type":"Feature","geometry":{"type":"Polygon","coordinates":[[[12.649166433861405,46.1684138723705],[12.649185626889311,46.1679635865421],[12.649832238585292,46.16797688909239],[12.649813050824743,46.168427175128656],[12.649166433861405,46.1684138723705]]]},"properties":{"ndvi_class":"sparse","color":"#c7e9c0","area_m2":2502}},{"type":"Feature","geometry":{"type":"Polygon","coordinates":[[[12.649813050824743,46.168427175128656],[12.649832238585292,46.16797688909239],[12.650478850737079,46.16799018798816],[12.650459668243899,46.16844047423223],[12.649813050824743,46.168427175128656]]]},"properties":{"ndvi_class":"bare","color":"#d9d9d9","area_m2":2502}},{"type":"Feature","geometry":{"type":"Polygon","coordinates":[[[12.654339382324071,46.16852019210744],[12.654358533212742,46.16806990461773],[12.655005148551679,46.16808317793175],[12.654986002930473,46.168533465628855],[12.654339382324071,46.16852019210744]]]},"properties":{"ndvi_class":"bare","color":"#d9d9d9","area_m2":2502}},{"type":"Feature","geometry":{"type":"Polygon","coordinates":[[[12.623909930884126,46.16879276954096],[12.624634114142596,46.16700510377621],[12.625280703158715,46.167018544982874],[12.625888527810401,46.167932539192186],[12.62524192780016,46.167919101219795],[12.624556540507152,46.16880621524216],[12.623909930884126,46.16879276954096]]]},"properties":{"ndvi_class":"bare","color":"#d9d9d9","area_m2":15010}},{"type":"Feature","geometry":{"type":"Polygon","coordinates":[[[12.625888527810401,46.167932539192186],[12.625927292635373,46.167031982535356],[12.626573882572444,46.16704541643362],[12.626535128281084,46.167945973510285],[12.625888527810401,46.167932539192186]]]},"properties":{"ndvi_class":"moderate","color":"#74c476","area_m2":5003}},{"type":"Feature","geometry":{"type":"Polygon","coordinates":[[[12.654986002930473,46.168533465628855],[12.65502429371599,46.16763289019286],[12.655670904242381,46.167646159644974],[12.655632623991695,46.16854673549567],[12.654986002930473,46.168533465628855]]]},"properties":{"ndvi_class":"moderate","color":"#74c476","area_m2":5003}},{"type":"Feature","geometry":{"type":"Polygon","coordinates":[[[12.625261315710768,46.16746882312231],[12.625280703158715,46.167018544982874],[12.625927292635373,46.167031982535356],[12.625907910454158,46.167482260884746],[12.625261315710768,46.16746882312231]]]},"properties":{"ndvi_class":"water","color":"#2166ac","area_m2":2502}},{"type":"Feature","geometry":{"type":"Polygon","coordinates":[[[12.646599184665948,46.167910339796],[12.646618398304627,46.16746005475777],[12.647911607969576,46.1674866850237],[12.647892404865269,46.16793697047803],[12.646599184665948,46.167910339796]]]},"properties":{"ndvi_class":"sparse","color":"#c7e9c0","area_m2":5003}},{"type":"Feature","geometry":{"type":"Polygon","coordinates":[[[12.647892404865269,46.16793697047803],[12.647911607969576,46.1674866850237],[12.649204819459195,46.16751330067188],[12.649185626889311,46.1679635865421],[12.647892404865269,46.16793697047803]]]},"properties":{"ndvi_class":"bare","color":"#d9d9d9","area_m2":5003}},{"type":"Feature","geometry":{"type":"Polygon","coordinates":[[[12.654358533212742,46.16806990461773],[12.654377683644393,46.167619617086245],[12.65502429371599,46.16763289019286],[12.655005148551679,46.16808317793175],[12.654358533212742,46.16806990461773]]]},"properties":{"ndvi_class":"sparse","color":"#c7e9c0","area_m2":2502}},{"type":"Feature","geometry":{"type":"Polygon","coordinates":[[[12.636900091434926,46.16771014373869],[12.636919384079647,46.16725986182858],[12.638231861678358,46.16683631935599],[12.638193297916986,46.1677368840537],[12.636900091434926,46.16771014373869]]]},"properties":{"ndvi_class":"moderate","color":"#74c476","area_m2":7505}},{"type":"Feature","geometry":{"type":"Polygon","coordinates":[[[12.653711918328739,46.168056627649165],[12.65375022926956,46.167156052959314],[12.654396833619037,46.16716932951297],[12.654358533212742,46.16806990461773],[12.653711918328739,46.168056627649165]]]},"properties":{"ndvi_class":"bare","color":"#d9d9d9","area_m2":5003}},{"type":"Feature","geometry":{"type":"Polygon","coordinates":[[[12.596831223887609,46.166423675114686],[12.596850842589975,46.165973406228126],[12.597497406418974,46.165987004346405],[12.597477792982609,46.16643727344544],[12.596831223887609,46.166423675114686]]]},"properties":{"ndvi_class":"very_dense","color":"#00441b","area_m2":2502}},{"type":"Feature","geometry":{"type":"Polygon","coordinates":[[[12.624634114142596,46.16700510377621],[12.624653506394482,46.16655482580487],[12.625300090144012,46.16656826680152],[12.625280703158715,46.167018544982874],[12.624634114142596,46.16700510377621]]]},"properties":{"ndvi_class":"moderate","color":"#74c476","area_m2":2502}},{"type":"Feature","geometry":{"type":"Polygon","coordinates":[[[12.625280703158715,46.167018544982874],[12.625300090144012,46.16656826680152],[12.626593259024517,46.16659513783239],[12.626573882572444,46.16704541643362],[12.625280703158715,46.167018544982874]]]},"properties":{"ndvi_class":"bare","color":"#d9d9d9","area_m2":5003}},{"type":"Feature","geometry":{"type":"Polygon","coordinates":[[[12.626573882572444,46.16704541643362],[12.626593259024517,46.16659513783239],[12.627239844155241,46.1666085678666],[12.627220472969798,46.167058846677676],[12.626573882572444,46.16704541643362]]]},"properties":{"ndvi_class":"moderate","color":"#74c476","area_m2":2502}},{"type":"Feature","geometry":{"type":"Polygon","coordinates":[[[12.64403198445273,46.16740675037295],[12.644051218700968,46.16695646612578],[12.645344414179574,46.16698312521045],[12.645325190465345,46.16743340987417],[12.64403198445273,46.16740675037295]]]},"properties":{"ndvi_class":"sparse","color":"#c7e9c0","area_m2":5003}},{"type":"Feature","geometry":{"type":"Polygon","coordinates":[[[12.645325190465345,46.16743340987417],[12.645344414179574,46.16698312521045],[12.647284210822066,46.16702308642981],[12.647265002908954,46.16747337171794],[12.645325190465345,46.16743340987417]]]},"properties":{"ndvi_class":"bare","color":"#d9d9d9","area_m2":7505}},{"type":"Feature","geometry":{"type":"Polygon","coordinates":[[[12.654377683644393,46.167619617086245],[12.654396833619037,46.16716932951297],[12.65504343842342,46.1671826024122],[12.65502429371599,46.16763289019286],[12.654377683644393,46.167619617086245]]]},"properties":{"ndvi_class":"moderate","color":"#74c476","area_m2":2502}},{"type":"Feature","geometry":{"type":"Polygon","coordinates":[[[12.655670904242381,46.167646159644974],[12.655690043682581,46.167195871656965],[12.656336649396401,46.16720913724728],[12.65631751522344,46.16765942544257],[12.655670904242381,46.167646159644974]]]},"properties":{"ndvi_class":"very_dense","color":"#00441b","area_m2":2502}},{"type":"Feature","geometry":{"type":"Polygon","coordinates":[[[12.642334533730716,46.176836027025026],[12.642353788160314,46.17638574407346],[12.641079639582289,46.17590876441909],[12.6410989036315,46.17545848180097],[12.639786238864895,46.17588205313635],[12.639178098447102,46.174968127986],[12.637884721554434,46.17494139560608],[12.637904011029317,46.174491113948086],[12.637257328539322,46.17447774248411],[12.637238033795445,46.17492802393316],[12.63529797326934,46.17488788698268],[12.635336593910043,46.173987325297],[12.634689918523138,46.17397393942128],[12.634004601878912,46.17486111073931],[12.633357916872166,46.174847717134725],[12.63343521953505,46.17304659610643],[12.632141893048757,46.17301979960639],[12.6321998968129,46.17166895965136],[12.631553250063437,46.17165555654713],[12.631572588996647,46.17120527668774],[12.62963266730921,46.17116504607466],[12.630356700671147,46.169377341753226],[12.631649940114436,46.16940415683115],[12.631630603027219,46.169854436858145],[12.636156992414627,46.1699481759769],[12.636214891676314,46.16859733137616],[12.637508118310517,46.16862407983584],[12.63752740660884,46.16817379780055],[12.638174015346072,46.168187166339756],[12.63815473231499,46.16863744858393],[12.640741192912435,46.16869088703121],[12.640779716376747,46.167790320831024],[12.639486506231258,46.16776360975118],[12.63954431958182,46.16641276138902],[12.641484088084189,46.16645282064932],[12.641464833227595,46.1669031041045],[12.644051218700968,46.16695646612578],[12.64403198445273,46.16740675037295],[12.646618398304627,46.16746005475777],[12.646599184665948,46.167910339796],[12.649185626889311,46.1679635865421],[12.649166433861405,46.1684138723705],[12.647873201302689,46.168387255890536],[12.647853997281818,46.16883754126122],[12.649147240375461,46.16886415815709],[12.649108852029405,46.16976472960486],[12.649755484795568,46.1697780329866],[12.649813050824743,46.168427175128656],[12.650459668243899,46.16844047423223],[12.651067930294166,46.169354342459464],[12.652361188480828,46.1693809232244],[12.65234202041757,46.169831209966155],[12.652988655461785,46.169844495074145],[12.652950328498884,46.170745068847445],[12.654243621024936,46.17077162892913],[12.654205313305663,46.171672203365326],[12.654851970787831,46.171685478338674],[12.654832821510979,46.17213576570151],[12.656126148376917,46.17216230509785],[12.656107009180275,46.17261259283361],[12.656753678563957,46.172625857256406],[12.656734544179297,46.17307614515766],[12.655441195329116,46.17304961224232],[12.655460340251283,46.17259932475566],[12.654167003757879,46.17257277763436],[12.654186158760341,46.17212249052073],[12.652246173239254,46.17208264304799],[12.652227002431088,46.172532929538974],[12.653520336193713,46.17255949859102],[12.653482014279769,46.173460072277905],[12.651541982706478,46.1734202119715],[12.651522805256759,46.173870498129425],[12.652816169721413,46.17389707573753],[12.652777834525315,46.174797648758556],[12.653424527979006,46.174810932494815],[12.65340536496407,46.17526121915021],[12.64952517945948,46.175181460655516],[12.649544374090134,46.17473117524639],[12.650191065265652,46.17474447725958],[12.650229442614533,46.17384390590022],[12.649582761977143,46.173830604302736],[12.648897683370622,46.17471786957784],[12.64760430330013,46.17469124727467],[12.647623513279978,46.17424096244765],[12.646976829198318,46.174227646021116],[12.646919182075726,46.17557849975251],[12.645625783666945,46.175551854684606],[12.644940619822568,46.1764390943634],[12.642334533730716,46.176836027025026]],[[12.643038992331803,46.17549852068359],[12.644332387085305,46.17552519499495],[12.644351624328607,46.175074911292555],[12.643058240113604,46.175048237397995],[12.643038992331803,46.17549852068359]],[[12.639844061248345,46.17453120640853],[12.641784115588312,46.174571265971586],[12.641822629930756,46.1736707000252],[12.639882607204038,46.17363064171402],[12.639844061248345,46.17453120640853]],[[12.634043243595102,46.173960549890396],[12.634689918523138,46.17397393942128],[12.634709233420901,46.17352365872476],[12.63406256376154,46.173510269403096],[12.634043243595102,46.173960549890396]],[[12.64309673429911,46.174147670701274],[12.64374341563993,46.17416100905938],[12.643762656774795,46.17371072543984],[12.643115980702845,46.17369738729013],[12.64309673429911,46.174147670701274]],[[12.645683462404604,46.174201002202224],[12.646976829198318,46.174227646021116],[12.646996043988649,46.17377736136033],[12.64570268773279,46.17375071795776],[12.645683462404604,46.174201002202224]],[[12.636649245151606,46.17356380475914],[12.637295916645632,46.17357717946039],[12.637315210008095,46.1731268978857],[12.636668543782674,46.173113523393454],[12.636649245151606,46.17356380475914]],[[12.642469305088122,46.17368404548526],[12.643115980702845,46.17369738729013],[12.643154472132336,46.172796820342356],[12.642507807054942,46.17278347895441],[12.642469305088122,46.17368404548526]],[[12.635375212707352,46.17308676344377],[12.636021878015717,46.17310014524613],[12.636041181454681,46.172649864047614],[12.635394521414769,46.17263648245434],[12.635375212707352,46.17308676344377]],[[12.639901879491942,46.17318035930398],[12.641195216981414,46.17320706808258],[12.641233739103443,46.17230650230225],[12.639293765166846,46.17226643490386],[12.639901879491942,46.17318035930398]],[[12.634747861833558,46.17262309720608],[12.635394521414769,46.17263648245434],[12.63545244477223,46.17128563923472],[12.634805800995585,46.171272254613896],[12.634747861833558,46.17262309720608]],[[12.645741137012694,46.17285014934336],[12.647681140468793,46.17289010771562],[12.647700348614865,46.1724398227213],[12.646407023058057,46.17241318787776],[12.64716895646733,46.16972479753124],[12.645229065012492,46.16968483256523],[12.64524829102067,46.16923454811069],[12.643955042869504,46.16920788694314],[12.644012749745478,46.16785703457826],[12.642719535026322,46.167830360042664],[12.642604053932256,46.17053206189495],[12.643897331861922,46.17055873893147],[12.643878093941195,46.171009022843904],[12.64519061161963,46.17058540134882],[12.645113699327514,46.17238653841402],[12.64576036096444,46.17239986497341],[12.645741137012694,46.17285014934336]],[[12.649640340372134,46.17247974757365],[12.651580336232874,46.17251963953028],[12.65161868792864,46.171619066921856],[12.649678723678601,46.17157917621188],[12.649640340372134,46.17247974757365]],[[12.632846544021659,46.171682359100764],[12.633493191689594,46.17169575489532],[12.63351251481878,46.171245474407826],[12.632865872418867,46.171232078822584],[12.632846544021659,46.171682359100764]],[[12.636726436912511,46.171762679045116],[12.638019738211527,46.171789423120856],[12.638039024464176,46.17133914116976],[12.63868567053288,46.17135250751643],[12.638724231121511,46.170451943070915],[12.637430960514012,46.17042520755827],[12.637469540332935,46.169524643780804],[12.636822916251843,46.16951127096031],[12.636784325897588,46.17041183431985],[12.635491058040019,46.17038507687888],[12.63545244477223,46.17128563923472],[12.636745733701382,46.1713123975119],[12.636726436912511,46.171762679045116]],[[12.647719556302528,46.17198953768516],[12.648366214497008,46.172002849416344],[12.648404617960614,46.17110227880261],[12.647757970302676,46.17108896748742],[12.647719556302528,46.17198953768516]],[[12.640644876206991,46.17094230179924],[12.6419381619286,46.170969001181604],[12.641995921724112,46.16961815119481],[12.641349294438012,46.16960480395674],[12.641310777831634,46.17050537023931],[12.640664140467525,46.170492018929345],[12.640644876206991,46.17094230179924]],[[12.648404617960614,46.17110227880261],[12.649051266074705,46.171115586462896],[12.64907046185104,46.17066530088535],[12.648423819005046,46.170651993433],[12.648404617960614,46.17110227880261]],[[12.650991213152627,46.171155487514305],[12.65163786309007,46.17116878055494],[12.651676212040096,46.17026820769571],[12.652322851896862,46.17028149666611],[12.65234202041757,46.169831209966155],[12.651048751695349,46.16980462878588],[12.651029572638828,46.17025491507048],[12.650382933693185,46.17024161879045],[12.650991213152627,46.171155487514305]],[[12.647777176615188,46.17063868232582],[12.648423819005046,46.170651993433],[12.648443019591245,46.170201708021594],[12.647796382469346,46.1701883971224],[12.647777176615188,46.17063868232582]],[[12.64907046185104,46.17066530088535],[12.649717105153044,46.170678604682855],[12.649736295203288,46.17022831885564],[12.649089657169268,46.17021501526601],[12.64907046185104,46.17066530088535]]]},"properties":{"ndvi_class":"moderate","color":"#74c476","area_m2":1020663}},{"type":"Feature","geometry":{"type":"Polygon","coordinates":[[[12.660843804811117,46.16775218369885],[12.66088199895917,46.16685160436772],[12.66152860303852,46.16686484051533],[12.661490419425038,46.1677654202601],[12.660843804811117,46.16775218369885]]]},"properties":{"ndvi_class":"moderate","color":"#74c476","area_m2":5003}},{"type":"Feature","geometry":{"type":"Polygon","coordinates":[[[12.625946674354067,46.16658170414403],[12.625966055610247,46.16613142571077],[12.626612635014204,46.16614485918923],[12.626593259024517,46.16659513783239],[12.625946674354067,46.16658170414403]]]},"properties":{"ndvi_class":"water","color":"#2166ac","area_m2":2502}},{"type":"Feature","geometry":{"type":"Polygon","coordinates":[[[12.626593259024517,46.16659513783239],[12.626612635014204,46.16614485918923],[12.627259214878421,46.16615828901359],[12.627239844155241,46.1666085678666],[12.626593259024517,46.16659513783239]]]},"properties":{"ndvi_class":"bare","color":"#d9d9d9","area_m2":2502}},{"type":"Feature","geometry":{"type":"Polygon","coordinates":[[[12.627239844155241,46.1666085678666],[12.627259214878421,46.16615828901359],[12.627905795202773,46.16617171518385],[12.627886429746113,46.16662199424663],[12.627239844155241,46.1666085678666]]]},"properties":{"ndvi_class":"moderate","color":"#74c476","area_m2":2502}},{"type":"Feature","geometry":{"type":"Polygon","coordinates":[[[12.641464833227595,46.1669031041045],[12.641484088084189,46.16645282064932],[12.643423860703058,46.16649284702134],[12.643404621646958,46.16694313110196],[12.641464833227595,46.1669031041045]]]},"properties":{"ndvi_class":"sparse","color":"#c7e9c0","area_m2":7505}},{"type":"Feature","geometry":{"type":"Polygon","coordinates":[[[12.643404621646958,46.16694313110196],[12.643423860703058,46.16649284702134],[12.644717044734247,46.166519512998],[12.644697816211883,46.16696979749529],[12.643404621646958,46.16694313110196]]]},"properties":{"ndvi_class":"bare","color":"#d9d9d9","area_m2":5003}},{"type":"Feature","geometry":{"type":"Polygon","coordinates":[[[12.653103625375115,46.16714277275122],[12.653122785426904,46.16669248555112],[12.653769384054288,46.166705765551704],[12.65375022926956,46.167156052959314],[12.653103625375115,46.16714277275122]]]},"properties":{"ndvi_class":"bare","color":"#d9d9d9","area_m2":2502}},{"type":"Feature","geometry":{"type":"Polygon","coordinates":[[[12.65375022926956,46.167156052959314],[12.653769384054288,46.166705765551704],[12.654415983136689,46.16671904189792],[12.654396833619037,46.16716932951297],[12.65375022926956,46.167156052959314]]]},"properties":{"ndvi_class":"sparse","color":"#c7e9c0","area_m2":2502}},{"type":"Feature","geometry":{"type":"Polygon","coordinates":[[[12.667309971344903,46.16788438485483],[12.667367103864878,46.16653350959847],[12.668013707206567,46.166546708994936],[12.667956590488663,46.16789758487006],[12.667309971344903,46.16788438485483]]]},"properties":{"ndvi_class":"bare","color":"#d9d9d9","area_m2":7505}},{"type":"Feature","geometry":{"type":"Polygon","coordinates":[[[12.625300090144012,46.16656826680152],[12.62533886272671,46.165667710312995],[12.625985436403932,46.16568114723559],[12.625946674354067,46.16658170414403],[12.625300090144012,46.16656826680152]]]},"properties":{"ndvi_class":"sparse","color":"#c7e9c0","area_m2":5003}},{"type":"Feature","geometry":{"type":"Polygon","coordinates":[[[12.625966055610247,46.16613142571077],[12.625985436403932,46.16568114723559],[12.626632010541522,46.165694580504145],[12.626612635014204,46.16614485918923],[12.625966055610247,46.16613142571077]]]},"properties":{"ndvi_class":"bare","color":"#d9d9d9","area_m2":2502}},{"type":"Feature","geometry":{"type":"Polygon","coordinates":[[[12.626612635014204,46.16614485918923],[12.626632010541522,46.165694580504145],[12.627278585139358,46.165708010118664],[12.627259214878421,46.16615828901359],[12.626612635014204,46.16614485918923]]]},"properties":{"ndvi_class":"water","color":"#2166ac","area_m2":2502}},{"type":"Feature","geometry":{"type":"Polygon","coordinates":[[[12.627259214878421,46.16615828901359],[12.627278585139358,46.165708010118664],[12.627925160197314,46.16572143607914],[12.627905795202773,46.16617171518385],[12.627259214878421,46.16615828901359]]]},"properties":{"ndvi_class":"bare","color":"#d9d9d9","area_m2":2502}},{"type":"Feature","geometry":{"type":"Polygon","coordinates":[[[12.627905795202773,46.16617171518385],[12.627925160197314,46.16572143607914],[12.628571735715267,46.16573485838555],[12.628552375987134,46.1661851377],[12.627905795202773,46.16617171518385]]]},"properties":{"ndvi_class":"moderate","color":"#74c476","area_m2":2502}},{"type":"Feature","geometry":{"type":"Polygon","coordinates":[[[12.632431870346517,46.16626559606017],[12.632451198475913,46.16581531548856],[12.635684096736794,46.16588226258669],[12.635664794940054,46.16633254420437],[12.632431870346517,46.16626559606017]]]},"properties":{"ndvi_class":"moderate","color":"#74c476","area_m2":12508}},{"type":"Feature","geometry":{"type":"Polygon","coordinates":[[[12.635664794940054,46.16633254420437],[12.635684096736794,46.16588226258669],[12.636330677764963,46.16589564104393],[12.636311381234796,46.16634592287066],[12.635664794940054,46.16633254420437]]]},"properties":{"ndvi_class":"sparse","color":"#c7e9c0","area_m2":2502}},{"type":"Feature","geometry":{"type":"Polygon","coordinates":[[[12.636311381234796,46.16634592287066],[12.636330677764963,46.16589564104393],[12.638917006460137,46.165949118331454],[12.638897730996389,46.1663994009938],[12.636311381234796,46.16634592287066]]]},"properties":{"ndvi_class":"moderate","color":"#74c476","area_m2":10006}},{"type":"Feature","geometry":{"type":"Polygon","coordinates":[[[12.638897730996389,46.1663994009938],[12.638917006460137,46.165949118331454],[12.640210173555467,46.165975835050226],[12.640190908625012,46.16642611813003],[12.638897730996389,46.1663994009938]]]},"properties":{"ndvi_class":"sparse","color":"#c7e9c0","area_m2":5003}},{"type":"Feature","geometry":{"type":"Polygon","coordinates":[[[12.653122785426904,46.16669248555112],[12.653141945021458,46.166242198309234],[12.653788538381908,46.16625547810232],[12.653769384054288,46.166705765551704],[12.653122785426904,46.16669248555112]]]},"properties":{"ndvi_class":"sparse","color":"#c7e9c0","area_m2":2502}},{"type":"Feature","geometry":{"type":"Polygon","coordinates":[[[12.653769384054288,46.166705765551704],[12.653788538381908,46.16625547810232],[12.654435132197358,46.16626875424108],[12.654415983136689,46.16671904189792],[12.653769384054288,46.166705765551704]]]},"properties":{"ndvi_class":"moderate","color":"#74c476","area_m2":2502}},{"type":"Feature","geometry":{"type":"Polygon","coordinates":[[[12.66088199895917,46.16685160436772],[12.6609010953496,46.166401314639536],[12.661547694161852,46.16641455058032],[12.66152860303852,46.16686484051533],[12.66088199895917,46.16685160436772]]]},"properties":{"ndvi_class":"sparse","color":"#c7e9c0","area_m2":2502}},{"type":"Feature","geometry":{"type":"Polygon","coordinates":[[[12.60159281796626,46.19086048911587],[12.601612414513955,46.19041022059044],[12.603552973613713,46.190450939671564],[12.603572553875273,46.190000670467796],[12.601632010593882,46.189959952022924],[12.601651606206051,46.18950968341335],[12.60229844822841,46.18952325967311],[12.602357216441312,46.18817245295562],[12.603650870247838,46.188199593232234],[12.60367044817263,46.18774932381821],[12.604983660208868,46.18732617916419],[12.605003226655162,46.18687590924221],[12.607610025194504,46.186479843308916],[12.607629569619807,46.186029572455915],[12.606982766054653,46.18601602714466],[12.607060960176744,46.18421494415884],[12.608374062421623,46.18379175815718],[12.6083935987771,46.18334148684039],[12.607746826375553,46.183327946455115],[12.607805448456567,46.18197713288727],[12.608452205045822,46.18199067263784],[12.608569404994796,46.179289043098024],[12.61119533026844,46.17844261525941],[12.611175820120126,46.17889288788406],[12.612469264617877,46.17891992421208],[12.61244976454358,46.1793701972172],[12.615036680176926,46.17942422685012],[12.614997720792594,46.180324774422814],[12.616291202466947,46.1803517681487],[12.61633014077085,46.179451219732435],[12.616976871761688,46.17946471069005],[12.616408011802793,46.177650122396095],[12.617054721714625,46.177663612510514],[12.617093643904132,46.176763063168856],[12.61774034373955,46.17677654920635],[12.617759798868413,46.17632627426184],[12.617113104302195,46.17631278843506],[12.617210399326137,46.17406141413632],[12.617857067548234,46.17407489890954],[12.617837614740822,46.174525174063945],[12.618484288693635,46.17453865539277],[12.61850373623246,46.174088380027705],[12.6210709891238,46.174592544157015],[12.621109841588861,46.173691991700885],[12.621756507313323,46.17370545433343],[12.621795347387271,46.17280490128875],[12.62114869219949,46.172791439076924],[12.621168116809429,46.172341162702],[12.621814766729056,46.17235462470348],[12.621834185607398,46.171904348076254],[12.62314688417347,46.17148098360446],[12.623243916621645,46.16922959752672],[12.623890531051021,46.16924304709249],[12.623909930884126,46.16879276954096],[12.625203150590892,46.168819657288935],[12.62522253942687,46.168369379275326],[12.626535128281084,46.167945973510285],[12.626573882572444,46.16704541643362],[12.627220472969798,46.167058846677676],[12.627905795202773,46.16617171518385],[12.628552375987134,46.1661851377],[12.629237665692942,46.165297997471875],[12.630530808495072,46.165324823395224],[12.630511465027853,46.16577510338042],[12.632451198475913,46.16581531548856],[12.632431870346517,46.16626559606017],[12.63954431958182,46.16641276138902],[12.639486506231258,46.16776360975118],[12.640779716376747,46.167790320831024],[12.640741192912435,46.16869088703121],[12.63815473231499,46.16863744858393],[12.638174015346072,46.168187166339756],[12.63752740660884,46.16817379780055],[12.637508118310517,46.16862407983584],[12.636214891676314,46.16859733137616],[12.636156992414627,46.1699481759769],[12.631630603027219,46.169854436858145],[12.631649940114436,46.16940415683115],[12.630356700671147,46.169377341753226],[12.62963266730921,46.17116504607466],[12.631572588996647,46.17120527668774],[12.631553250063437,46.17165555654713],[12.6321998968129,46.17166895965136],[12.632141893048757,46.17301979960639],[12.63343521953505,46.17304659610643],[12.633357916872166,46.174847717134725],[12.634004601878912,46.17486111073931],[12.634689918523138,46.17397393942128],[12.635336593910043,46.173987325297],[12.63529797326934,46.17488788698268],[12.637238033795445,46.17492802393316],[12.637257328539322,46.17447774248411],[12.637904011029317,46.174491113948086],[12.637884721554434,46.17494139560608],[12.639178098447102,46.174968127986],[12.639786238864895,46.17588205313635],[12.6410989036315,46.17545848180097],[12.641079639582289,46.17590876441909],[12.642353788160314,46.17638574407346],[12.642334533730716,46.176836027025026],[12.643627959186693,46.176862709897996],[12.643647203077068,46.176412426529495],[12.644940619822568,46.1764390943634],[12.645625783666945,46.175551854684606],[12.646919182075726,46.17557849975251],[12.646976829198318,46.174227646021116],[12.647623513279978,46.17424096244765],[12.64760430330013,46.17469124727467],[12.648897683370622,46.17471786957784],[12.649582761977143,46.173830604302736],[12.650229442614533,46.17384390590022],[12.650191065265652,46.17474447725958],[12.649544374090134,46.17473117524639],[12.64952517945948,46.175181460655516],[12.65340536496407,46.17526121915021],[12.653424527979006,46.174810932494815],[12.652777834525315,46.174797648758556],[12.652816169721413,46.17389707573753],[12.651522805256759,46.173870498129425],[12.651541982706478,46.1734202119715],[12.653482014279769,46.173460072277905],[12.653520336193713,46.17255949859102],[12.652227002431088,46.172532929538974],[12.652246173239254,46.17208264304799],[12.654186158760341,46.17212249052073],[12.654167003757879,46.17257277763436],[12.656734544179297,46.17307614515766],[12.656715409337968,46.17352643301713],[12.65606872941664,46.173513168179795],[12.65603044782578,46.17441374335888],[12.656677138285255,46.17442700861076],[12.656658002073844,46.17487729634491],[12.656011306345105,46.17486403088574],[12.655973022013205,46.175764605814166],[12.655326316200355,46.17575133628488],[12.655307168079474,46.17620162347908],[12.654013747279425,46.17617507303902],[12.653994588162073,46.17662535977655],[12.652054444567035,46.176585506076876],[12.652035269182939,46.17703579214989],[12.650741831857612,46.17700920432321],[12.650722645476023,46.177459489938954],[12.649429199434229,46.17743288707394],[12.649410002054681,46.17788317223217],[12.646823094365283,46.17782992180166],[12.646803875447153,46.178280206086],[12.645510413801457,46.178253558519906],[12.64482521283001,46.17914079644707],[12.639632025600289,46.179484309235164],[12.639612746871755,46.179934591059144],[12.638319253127717,46.179907861395904],[12.638338542397069,46.179457579989595],[12.637691801482816,46.17944420988299],[12.637083659265311,46.178530274018065],[12.636436929808346,46.17851689701777],[12.636456233506582,46.17806661611276],[12.635809509778216,46.178053235665786],[12.63582881828558,46.177602954927956],[12.635182100285787,46.17758957103446],[12.635143472270423,46.17849013204997],[12.635790200810007,46.178503516361744],[12.635104842411122,46.179390692897925],[12.633811365628207,46.179363912470286],[12.633850016568013,46.17846335245923],[12.63320328940544,46.178449957180305],[12.633164627925423,46.179350516772715],[12.631224417573247,46.1793103077451],[12.631205070330362,46.17976058685018],[12.627971369253777,46.17969349763985],[12.627285871302993,46.18058062439838],[12.625992373933142,46.180553754972095],[12.625306833349613,46.18144086891573],[12.623366560509945,46.18140052512841],[12.623347147708525,46.18185080150543],[12.622053624246591,46.18182388694662],[12.62203420044017,46.18227416286114],[12.621387434130568,46.182260699887294],[12.621368004589604,46.1827109755495],[12.620074462813584,46.18268403821259],[12.620055022266797,46.18313431341191],[12.618761471796319,46.183107361029286],[12.618742020243252,46.18355763576549],[12.616801682190694,46.18351717913799],[12.616782214359674,46.18396745320006],[12.615488647428087,46.18394046341219],[12.615469168589764,46.18439073701056],[12.613528805849887,46.18435022427375],[12.612843017952981,46.18523725809793],[12.612196221219705,46.185223742461034],[12.612176714628308,46.18567401487803],[12.611529913086901,46.18566049537348],[12.611510400758167,46.18611076753724],[12.61019726518475,46.186533988835166],[12.610177741380589,46.1869842604922],[12.609530925414951,46.186970729384036],[12.609511395872701,46.18742100078762],[12.60819821423679,46.18784419811695],[12.608178673217607,46.188294469013435],[12.60753184282798,46.18828092630065],[12.607512296069954,46.18873119694349],[12.606218626139393,46.188704100124255],[12.605532665319933,46.189591086118625],[12.60423897708788,46.189563966511095],[12.604219402566393,46.190014235968874],[12.604866251722633,46.190027797813],[12.60418025212164,46.19091477475825],[12.60159281796626,46.19086048911587]],[[12.609079432413214,46.18245448038684],[12.609726195201253,46.182468013036925],[12.609765243565883,46.181567469263236],[12.609118491319052,46.181553937036036],[12.609079432413214,46.18245448038684]],[[12.614312008864806,46.181211819058916],[12.61495875954849,46.18122532182753],[12.61497824040302,46.18077504814617],[12.614331494989736,46.18076154558853],[12.614312008864806,46.181211819058916]],[[12.609157548360429,46.18065339351716],[12.609804290066556,46.180666925321454],[12.609823812617943,46.180216653287545],[12.609177076181984,46.18020312169468],[12.609157548360429,46.18065339351716]],[[12.637730389180781,46.1785436473626],[12.63904313300495,46.17812010134363],[12.639100978098336,46.17676925587013],[12.638454268345585,46.1767558906725],[12.638415694870769,46.177656453945666],[12.637768975036819,46.1776430846747],[12.637730389180781,46.1785436473626]],[[12.625500777781214,46.1769380965349],[12.62614748361562,46.176951535051955],[12.626166870243633,46.17650125737324],[12.625520169678607,46.17648781906615],[12.625500777781214,46.1769380965349]],[[12.63649483952091,46.17716605417707],[12.637141553168297,46.1771794305503],[12.637160850214807,46.176729149310624],[12.63651414183703,46.17671577314641],[12.63649483952091,46.17716605417707]],[[12.634574019455641,46.176675622720666],[12.63651414183703,46.17671577314641],[12.636552745087242,46.17581521095945],[12.635906047706852,46.17580183155783],[12.635925353910192,46.175351550610586],[12.635278662257683,46.175338167762696],[12.635240038851688,46.17623872919707],[12.63459333711945,46.17622534227549],[12.634574019455641,46.176675622720666]],[[12.621659399017274,46.17595683621087],[12.62426557341381,46.175560377262755],[12.624304375044709,46.174659822871924],[12.625597732640195,46.174686708771816],[12.625558952084969,46.17558726400286],[12.627499023546426,46.17562756669837],[12.627479648382065,46.17607784488072],[12.628126345059142,46.176091272011746],[12.62820382186627,46.17429015819153],[12.627557146265113,46.17427673189969],[12.627576519579923,46.17382645354963],[12.626283180295786,46.173799590420295],[12.626399473694178,46.17109792195778],[12.6257528363519,46.17108448617021],[12.625733450007347,46.17153476414218],[12.624440166168814,46.17150788118284],[12.624401371019552,46.17240843616086],[12.625675288197666,46.1728855978065],[12.62563651134439,46.17378615337304],[12.622403173499151,46.17371891331095],[12.622325508864282,46.17552001973806],[12.621678821603531,46.175506559919306],[12.621659399017274,46.17595683621087]],[[12.63782685036749,46.17629224032883],[12.639766963817047,46.17633233529521],[12.639786238864895,46.17588205313635],[12.637846141223534,46.175841958796454],[12.63782685036749,46.17629224032883]],[[12.628792406822415,46.1756544168855],[12.62943909915054,46.17566783649608],[12.629458458045326,46.17521755764256],[12.62881177098627,46.175204138241654],[12.628792406822415,46.1756544168855]],[[12.621051562195822,46.17504282032214],[12.62169824372625,46.17505628358576],[12.621717665385448,46.17460600721028],[12.6210709891238,46.174592544157015],[12.621051562195822,46.17504282032214]],[[12.654109536007498,46.1739236387245],[12.655402904114013,46.17395018709029],[12.655441195329116,46.17304961224232],[12.654147848298258,46.1730230647062],[12.654109536007498,46.1739236387245]],[[12.627026735688073,46.17156163248244],[12.627673379218944,46.17157506117037],[12.627692749759838,46.171124782568754],[12.627046111496865,46.171111354090634],[12.627026735688073,46.17156163248244]],[[12.626418854308337,46.170647643733936],[12.629005387209169,46.17070134949775],[12.629024746290197,46.170251070392794],[12.627750858608948,46.16977394651232],[12.627731489454828,46.17022422523972],[12.626438234459986,46.17019736546814],[12.626418854308337,46.170647643733936]],[[12.623851729995888,46.170143602069736],[12.624498355420902,46.17015704840123],[12.624517750912506,46.16970677072348],[12.623871130754946,46.169693324602086],[12.623851729995888,46.170143602069736]],[[12.634921666875933,46.16857056829855],[12.635568279046833,46.168583951664594],[12.63558758314679,46.16813367025633],[12.634940976243074,46.1681202870994],[12.634921666875933,46.16857056829855]],[[12.636900091434926,46.16771014373869],[12.638193297916986,46.1677368840537],[12.638231861678358,46.16683631935599],[12.636919384079647,46.16725986182858],[12.636900091434926,46.16771014373869]]]},"properties":{"ndvi_class":"dense","color":"#238b45","area_m2":2804321}},{"type":"Feature","geometry":{"type":"Polygon","coordinates":[[[12.640190908625012,46.16642611813003],[12.640210173555467,46.165975835050226],[12.641503342481297,46.16600253715227],[12.641522596418932,46.16555225361338],[12.64410891869174,46.165605613133316],[12.64408968582046,46.166055897505984],[12.642796513236629,46.166029224637555],[12.642777269372921,46.166479508551596],[12.640190908625012,46.16642611813003]]]},"properties":{"ndvi_class":"bare","color":"#d9d9d9","area_m2":20013}},{"type":"Feature","geometry":{"type":"Polygon","coordinates":[[[12.654871119607682,46.171235190934055],[12.654262774198912,46.170321341648375],[12.653616132976396,46.17030806364245],[12.65365444848888,46.1694074893705],[12.651087108435297,46.16890405609124],[12.650478850737079,46.16799018798816],[12.649185626889311,46.1679635865421],[12.649204819459195,46.16751330067188],[12.647265002908954,46.16747337171794],[12.647284210822066,46.16702308642981],[12.644697816211883,46.16696979749529],[12.644717044734247,46.166519512998],[12.642777269372921,46.166479508551596],[12.642796513236629,46.166029224637555],[12.64408968582046,46.166055897505984],[12.64410891869174,46.165605613133316],[12.652514516520279,46.16577862778571],[12.65249535211614,46.16622891486183],[12.653141945021458,46.166242198309234],[12.653103625375115,46.16714277275122],[12.65375022926956,46.167156052959314],[12.653711918328739,46.168056627649165],[12.654986002930473,46.168533465628855],[12.654909415876427,46.17033461599945],[12.6561835632263,46.17081144163991],[12.656164425399915,46.17126172950101],[12.654871119607682,46.171235190934055]]]},"properties":{"ndvi_class":"water","color":"#2166ac","area_m2":207635}},{"type":"Feature","geometry":{"type":"Polygon","coordinates":[[[12.62533886272671,46.165667710312995],[12.625358248324142,46.16521743200582],[12.62665138560648,46.16524430177712],[12.626632010541522,46.165694580504145],[12.62533886272671,46.165667710312995]]]},"properties":{"ndvi_class":"moderate","color":"#74c476","area_m2":5003}},{"type":"Feature","geometry":{"type":"Polygon","coordinates":[[[12.626632010541522,46.165694580504145],[12.62665138560648,46.16524430177712],[12.62729795493806,46.1652577311818],[12.627278585139358,46.165708010118664],[12.626632010541522,46.165694580504145]]]},"properties":{"ndvi_class":"sparse","color":"#c7e9c0","area_m2":2502}},{"type":"Feature","geometry":{"type":"Polygon","coordinates":[[[12.627278585139358,46.165708010118664],[12.62729795493806,46.1652577311818],[12.627944524729747,46.16527115693249],[12.627925160197314,46.16572143607914],[12.627278585139358,46.165708010118664]]]},"properties":{"ndvi_class":"water","color":"#2166ac","area_m2":2502}},{"type":"Feature","geometry":{"type":"Polygon","coordinates":[[[12.627925160197314,46.16572143607914],[12.627944524729747,46.16527115693249],[12.628591094981418,46.16528457902918],[12.628571735715267,46.16573485838555],[12.627925160197314,46.16572143607914]]]},"properties":{"ndvi_class":"sparse","color":"#c7e9c0","area_m2":2502}},{"type":"Feature","geometry":{"type":"Polygon","coordinates":[[[12.628571735715267,46.16573485838555],[12.628591094981418,46.16528457902918],[12.629237665692942,46.165297997471875],[12.629218311693089,46.16574827703792],[12.628571735715267,46.16573485838555]]]},"properties":{"ndvi_class":"moderate","color":"#74c476","area_m2":2502}},{"type":"Feature","geometry":{"type":"Polygon","coordinates":[[[12.630511465027853,46.16577510338042],[12.630530808495072,46.165324823395224],[12.632470526144077,46.16536503487503],[12.632451198475913,46.16581531548856],[12.630511465027853,46.16577510338042]]]},"properties":{"ndvi_class":"moderate","color":"#74c476","area_m2":7505}},{"type":"Feature","geometry":{"type":"Polygon","coordinates":[[[12.632451198475913,46.16581531548856],[12.632470526144077,46.16536503487503],[12.63441024792506,46.16540521346846],[12.634390936056072,46.16585549470979],[12.632451198475913,46.16581531548856]]]},"properties":{"ndvi_class":"sparse","color":"#c7e9c0","area_m2":7505}},{"type":"Feature","geometry":{"type":"Polygon","coordinates":[[[12.634390936056072,46.16585549470979],[12.63441024792506,46.16540521346846],[12.63570339807293,46.16543198092709],[12.635684096736794,46.16588226258669],[12.634390936056072,46.16585549470979]]]},"properties":{"ndvi_class":"bare","color":"#d9d9d9","area_m2":5003}},{"type":"Feature","geometry":{"type":"Polygon","coordinates":[[[12.638917006460137,46.165949118331454],[12.63893628146391,46.16549883562723],[12.641522596418932,46.16555225361338],[12.641503342481297,46.16600253715227],[12.638917006460137,46.165949118331454]]]},"properties":{"ndvi_class":"water","color":"#2166ac","area_m2":10006}},{"type":"Feature","geometry":{"type":"Polygon","coordinates":[[[12.65249535211614,46.16622891486183],[12.652514516520279,46.16577862778571],[12.6531611041588,46.16579191102555],[12.653141945021458,46.166242198309234],[12.65249535211614,46.16622891486183]]]},"properties":{"ndvi_class":"sparse","color":"#c7e9c0","area_m2":2502}},{"type":"Feature","geometry":{"type":"Polygon","coordinates":[[[12.653141945021458,46.166242198309234],[12.6531611041588,46.16579191102555],[12.653807692252437,46.16580519061114],[12.653788538381908,46.16625547810232],[12.653141945021458,46.166242198309234]]]},"properties":{"ndvi_class":"moderate","color":"#74c476","area_m2":2502}},{"type":"Feature","geometry":{"type":"Polygon","coordinates":[[[12.62665138560648,46.16524430177712],[12.626670760209095,46.16479402300819],[12.627317324274543,46.16480745220302],[12.62729795493806,46.1652577311818],[12.62665138560648,46.16524430177712]]]},"properties":{"ndvi_class":"moderate","color":"#74c476","area_m2":2502}},{"type":"Feature","geometry":{"type":"Polygon","coordinates":[[[12.62729795493806,46.1652577311818],[12.627317324274543,46.16480745220302],[12.627963888800085,46.16482087774394],[12.627944524729747,46.16527115693249],[12.62729795493806,46.1652577311818]]]},"properties":{"ndvi_class":"bare","color":"#d9d9d9","area_m2":2502}},{"type":"Feature","geometry":{"type":"Polygon","coordinates":[[[12.627944524729747,46.16527115693249],[12.627963888800085,46.16482087774394],[12.628610453785598,46.16483429963091],[12.628591094981418,46.16528457902918],[12.627944524729747,46.16527115693249]]]},"properties":{"ndvi_class":"water","color":"#2166ac","area_m2":2502}},{"type":"Feature","geometry":{"type":"Polygon","coordinates":[[[12.628591094981418,46.16528457902918],[12.628610453785598,46.16483429963091],[12.629257019230954,46.16484771786394],[12.629237665692942,46.165297997471875],[12.628591094981418,46.16528457902918]]]},"properties":{"ndvi_class":"bare","color":"#d9d9d9","area_m2":2502}},{"type":"Feature","geometry":{"type":"Polygon","coordinates":[[[12.629237665692942,46.165297997471875],[12.629257019230954,46.16484771786394],[12.630550151500698,46.16487454336813],[12.630530808495072,46.165324823395224],[12.629237665692942,46.165297997471875]]]},"properties":{"ndvi_class":"moderate","color":"#74c476","area_m2":5003}},{"type":"Feature","geometry":{"type":"Polygon","coordinates":[[[12.630530808495072,46.165324823395224],[12.630550151500698,46.16487454336813],[12.632489853351027,46.16491475421963],[12.632470526144077,46.16536503487503],[12.630530808495072,46.165324823395224]]]},"properties":{"ndvi_class":"sparse","color":"#c7e9c0","area_m2":7505}},{"type":"Feature","geometry":{"type":"Polygon","coordinates":[[[12.632470526144077,46.16536503487503],[12.632489853351027,46.16491475421963],[12.63442955933321,46.16495493218526],[12.63441024792506,46.16540521346846],[12.632470526144077,46.16536503487503]]]},"properties":{"ndvi_class":"bare","color":"#d9d9d9","area_m2":7505}},{"type":"Feature","geometry":{"type":"Polygon","coordinates":[[[12.635684096736794,46.16588226258669],[12.63570339807293,46.16543198092709],[12.63441024792506,46.16540521346846],[12.63442955933321,46.16495493218526],[12.636369269443883,46.16499507726482],[12.636349973834655,46.16544535917531],[12.636996550054741,46.165458733769434],[12.636977259251509,46.165909015847035],[12.635684096736794,46.16588226258669]]]},"properties":{"ndvi_class":"water","color":"#2166ac","area_m2":12508}},{"type":"Feature","geometry":{"type":"Polygon","coordinates":[[[12.636977259251509,46.165909015847035],[12.636369269443883,46.16499507726482],[12.63893628146391,46.16549883562723],[12.638917006460137,46.165949118331454],[12.636977259251509,46.165909015847035]]]},"properties":{"ndvi_class":"bare","color":"#d9d9d9","area_m2":12508}},{"type":"Feature","geometry":{"type":"Polygon","coordinates":[[[12.637643126733062,46.165472104709465],[12.637662411809606,46.16502182238107],[12.638955556007716,46.16504855288116],[12.63893628146391,46.16549883562723],[12.637643126733062,46.165472104709465]]]},"properties":{"ndvi_class":"water","color":"#2166ac","area_m2":5003}},{"type":"Feature","geometry":{"type":"Polygon","coordinates":[[[12.63893628146391,46.16549883562723],[12.638955556007716,46.16504855288116],[12.640248702037216,46.16507526876504],[12.640229438026198,46.165525551928546],[12.63893628146391,46.16549883562723]]]},"properties":{"ndvi_class":"bare","color":"#d9d9d9","area_m2":5003}},{"type":"Feature","geometry":{"type":"Polygon","coordinates":[[[12.640229438026198,46.165525551928546],[12.640248702037216,46.16507526876504],[12.641541849897106,46.165101970032644],[12.641522596418932,46.16555225361338],[12.640229438026198,46.165525551928546]]]},"properties":{"ndvi_class":"sparse","color":"#c7e9c0","area_m2":5003}},{"type":"Feature","geometry":{"type":"Polygon","coordinates":[[[12.643462337437933,46.16559227873457],[12.643481575116738,46.16514199452842],[12.644774727548235,46.16516865925513],[12.644755500402411,46.16561894387791],[12.643462337437933,46.16559227873457]]]},"properties":{"ndvi_class":"sparse","color":"#c7e9c0","area_m2":5003}},{"type":"Feature","geometry":{"type":"Polygon","coordinates":[[[12.644755500402411,46.16561894387791],[12.644774727548235,46.16516865925513],[12.645421304449131,46.1651819861373],[12.645402082569818,46.16563227096833],[12.644755500402411,46.16561894387791]]]},"properties":{"ndvi_class":"bare","color":"#d9d9d9","area_m2":2502}},{"type":"Feature","geometry":{"type":"Polygon","coordinates":[[[12.645402082569818,46.16563227096833],[12.645421304449131,46.1651819861373],[12.646714459620599,46.1652086289393],[12.646695248274346,46.16565891418663],[12.645402082569818,46.16563227096833]]]},"properties":{"ndvi_class":"sparse","color":"#c7e9c0","area_m2":5003}},{"type":"Feature","geometry":{"type":"Polygon","coordinates":[[[12.646695248274346,46.16565891418663],[12.646714459620599,46.1652086289393],[12.648007616617463,46.16523525712474],[12.647988415804328,46.16568554278816],[12.646695248274346,46.16565891418663]]]},"properties":{"ndvi_class":"moderate","color":"#74c476","area_m2":5003}},{"type":"Feature","geometry":{"type":"Polygon","coordinates":[[[12.647988415804328,46.16568554278816],[12.648007616617463,46.16523525712474],[12.649300775438729,46.1652618706936],[12.64928158515876,46.16571215677287],[12.647988415804328,46.16568554278816]]]},"properties":{"ndvi_class":"sparse","color":"#c7e9c0","area_m2":5003}},{"type":"Feature","geometry":{"type":"Polygon","coordinates":[[[12.64928158515876,46.16571215677287],[12.649300775438729,46.1652618706936],[12.651887098550462,46.16531505398134],[12.651867929336996,46.165765340891625],[12.64928158515876,46.16571215677287]]]},"properties":{"ndvi_class":"bare","color":"#d9d9d9","area_m2":10006}},{"type":"Feature","geometry":{"type":"Polygon","coordinates":[[[12.651867929336996,46.165765340891625],[12.651887098550462,46.16531505398134],[12.652533680467087,46.16532834066781],[12.652514516520279,46.16577862778571],[12.651867929336996,46.165765340891625]]]},"properties":{"ndvi_class":"sparse","color":"#c7e9c0","area_m2":2502}},{"type":"Feature","geometry":{"type":"Polygon","coordinates":[[[12.652514516520279,46.16577862778571],[12.652533680467087,46.16532834066781],[12.653180262838937,46.165341623700094],[12.6531611041588,46.16579191102555],[12.652514516520279,46.16577862778571]]]},"properties":{"ndvi_class":"moderate","color":"#74c476","area_m2":2502}},{"type":"Feature","geometry":{"type":"Polygon","coordinates":[[[12.627963888800085,46.16482087774394],[12.627983252408347,46.16437059851346],[12.628629812127825,46.16438402019071],[12.628610453785598,46.16483429963091],[12.627963888800085,46.16482087774394]]]},"properties":{"ndvi_class":"bare","color":"#d9d9d9","area_m2":2502}},{"type":"Feature","geometry":{"type":"Polygon","coordinates":[[[12.63442955933321,46.16495493218526],[12.634448870280533,46.16450465086016],[12.635095434592703,46.164518035998206],[12.635076128911546,46.16496831753246],[12.63442955933321,46.16495493218526]]]},"properties":{"ndvi_class":"bare","color":"#d9d9d9","area_m2":2502}},{"type":"Feature","geometry":{"type":"Polygon","coordinates":[[[12.635076128911546,46.16496831753246],[12.635095434592703,46.164518035998206],[12.63638856459266,46.164544795312445],[12.636369269443883,46.16499507726482],[12.635076128911546,46.16496831753246]]]},"properties":{"ndvi_class":"sparse","color":"#c7e9c0","area_m2":5003}},{"type":"Feature","geometry":{"type":"Polygon","coordinates":[[[12.636369269443883,46.16499507726482],[12.63638856459266,46.164544795312445],[12.637035130280204,46.164558169488615],[12.637015840397634,46.16500845164997],[12.636369269443883,46.16499507726482]]]},"properties":{"ndvi_class":"moderate","color":"#74c476","area_m2":2502}},{"type":"Feature","geometry":{"type":"Polygon","coordinates":[[[12.637015840397634,46.16500845164997],[12.637035130280204,46.164558169488615],[12.6396213976112,46.16461162965343],[12.639602128793603,46.16506191265014],[12.637015840397634,46.16500845164997]]]},"properties":{"ndvi_class":"sparse","color":"#c7e9c0","area_m2":10006}},{"type":"Feature","geometry":{"type":"Polygon","coordinates":[[[12.641522596418932,46.16555225361338],[12.641541849897106,46.165101970032644],[12.639602128793603,46.16506191265014],[12.6396213976112,46.16461162965343],[12.646733670508407,46.16475834365012],[12.646714459620599,46.1652086289393],[12.643481575116738,46.16514199452842],[12.643462337437933,46.16559227873457],[12.641522596418932,46.16555225361338]]]},"properties":{"ndvi_class":"moderate","color":"#74c476","area_m2":35023}},{"type":"Feature","geometry":{"type":"Polygon","coordinates":[[[12.667405189939215,46.165632925885646],[12.66742423229473,46.16518263396666],[12.668070819835476,46.165195832744374],[12.668051782746817,46.16564612486962],[12.667405189939215,46.165632925885646]]]},"properties":{"ndvi_class":"bare","color":"#d9d9d9","area_m2":2502}},{"type":"Feature","geometry":{"type":"Polygon","coordinates":[[[12.628610453785598,46.16483429963091],[12.6292957249215,46.163947158522284],[12.631235392419322,46.163987390040354],[12.631216055602799,46.16443767036075],[12.634448870280533,46.16450465086016],[12.63442955933321,46.16495493218526],[12.628610453785598,46.16483429963091]]]},"properties":{"ndvi_class":"water","color":"#2166ac","area_m2":30019}},{"type":"Feature","geometry":{"type":"Polygon","coordinates":[[[12.624750460712775,46.16430343531909],[12.624769850188299,46.163853157096106],[12.625416402340916,46.163866596832705],[12.62539701813123,46.16431687526568],[12.624750460712775,46.16430343531909]]]},"properties":{"ndvi_class":"moderate","color":"#74c476","area_m2":2502}},{"type":"Feature","geometry":{"type":"Polygon","coordinates":[[[12.627983252408347,46.16437059851346],[12.62800261555454,46.16392031924106],[12.62864917000811,46.163933740708586],[12.628629812127825,46.16438402019071],[12.627983252408347,46.16437059851346]]]},"properties":{"ndvi_class":"sparse","color":"#c7e9c0","area_m2":2502}},{"type":"Feature","geometry":{"type":"Polygon","coordinates":[[[12.628629812127825,46.16438402019071],[12.62864917000811,46.163933740708586],[12.6292957249215,46.163947158522284],[12.629276372307135,46.16439743821407],[12.628629812127825,46.16438402019071]]]},"properties":{"ndvi_class":"bare","color":"#d9d9d9","area_m2":2502}},{"type":"Feature","geometry":{"type":"Polygon","coordinates":[[[12.631216055602799,46.16443767036075],[12.631235392419322,46.163987390040354],[12.633175064050999,46.16402758867367],[12.633155743032445,46.164477869622196],[12.631216055602799,46.16443767036075]]]},"properties":{"ndvi_class":"bare","color":"#d9d9d9","area_m2":7505}},{"type":"Feature","geometry":{"type":"Polygon","coordinates":[[[12.633155743032445,46.164477869622196],[12.633175064050999,46.16402758867367],[12.634468180767044,46.16405436949317],[12.634448870280533,46.16450465086016],[12.633155743032445,46.164477869622196]]]},"properties":{"ndvi_class":"sparse","color":"#c7e9c0","area_m2":5003}},{"type":"Feature","geometry":{"type":"Polygon","coordinates":[[[12.637681696425952,46.164571540010805],[12.637700980582114,46.164121257598666],[12.638994103715502,46.16414798726342],[12.638974830091577,46.164598270093215],[12.637681696425952,46.164571540010805]]]},"properties":{"ndvi_class":"moderate","color":"#74c476","area_m2":5003}},{"type":"Feature","geometry":{"type":"Polygon","coordinates":[[[12.655139155107818,46.16493116288214],[12.655158297074243,46.164480874850796],[12.655804870732672,46.16449414285159],[12.655785734032722,46.164944431090255],[12.655139155107818,46.16493116288214]]]},"properties":{"ndvi_class":"moderate","color":"#74c476","area_m2":2502}},{"type":"Feature","geometry":{"type":"Polygon","coordinates":[[[12.648007616617463,46.16523525712474],[12.648026816972408,46.1647849714195],[12.649966540088744,46.164824885667855],[12.649985724186488,46.164374599297126],[12.651278864676732,46.16440119011],[12.651298037784185,46.16395090328197],[12.651944603446275,46.16396419299966],[12.65192543560509,46.16441448003535],[12.653218578827651,46.16444104892379],[12.653237736136258,46.16399076147295],[12.653884303163904,46.164004040228555],[12.653845998622272,46.164904615503424],[12.652552843956581,46.164878053508104],[12.652533680467087,46.16532834066781],[12.648007616617463,46.16523525712474]]]},"properties":{"ndvi_class":"moderate","color":"#74c476","area_m2":37524}},{"type":"Feature","geometry":{"type":"Polygon","coordinates":[[[12.594382420691543,46.163217368115916],[12.594402057177494,46.16276709978511],[12.595048582283573,46.162780711029924],[12.595028951062691,46.1632309795734],[12.594382420691543,46.163217368115916]]]},"properties":{"ndvi_class":"moderate","color":"#74c476","area_m2":2502}},{"type":"Feature","geometry":{"type":"Polygon","coordinates":[[[12.600847745371782,46.163353318283384],[12.600867329206421,46.16290304782839],[12.602160389198223,46.16293019359547],[12.60214081589401,46.163380464474606],[12.600847745371782,46.163353318283384]]]},"properties":{"ndvi_class":"very_dense","color":"#00441b","area_m2":5003}},{"type":"Feature","geometry":{"type":"Polygon","coordinates":[[[12.6292957249215,46.163947158522284],[12.629315077074065,46.16349687878861],[12.631901280259978,46.163550512666916],[12.63188194917073,46.16400079323866],[12.6292957249215,46.163947158522284]]]},"properties":{"ndvi_class":"sparse","color":"#c7e9c0","area_m2":10006}},{"type":"Feature","geometry":{"type":"Polygon","coordinates":[[[12.627317324274543,46.16480745220302],[12.627375429510817,46.163456615015136],[12.62866852742647,46.163483461184555],[12.628687884382915,46.163033181618594],[12.629334428764839,46.163046599013],[12.6292957249215,46.163947158522284],[12.62800261555454,46.16392031924106],[12.627963888800085,46.16482087774394],[12.627317324274543,46.16480745220302]]]},"properties":{"ndvi_class":"moderate","color":"#74c476","area_m2":15010}},{"type":"Feature","geometry":{"type":"Polygon","coordinates":[[[12.66162405409945,46.164613390422815],[12.661662231334997,46.16371281009357],[12.66230879900072,46.16372604113943],[12.662270632298016,46.164626621882164],[12.66162405409945,46.164613390422815]]]},"properties":{"ndvi_class":"moderate","color":"#74c476","area_m2":5003}},{"type":"Feature","geometry":{"type":"Polygon","coordinates":[[[12.634448870280533,46.16450465086016],[12.634468180767044,46.16405436949317],[12.63188194917073,46.16400079323866],[12.631901280259978,46.163550512666916],[12.630608177748162,46.16352370303535],[12.630627518907557,46.16307342284062],[12.632567157566937,46.16311363117899],[12.632547832204715,46.16356391200199],[12.635134044572965,46.163617472804056],[12.635095434592703,46.164518035998206],[12.634448870280533,46.16450465086016]]]},"properties":{"ndvi_class":"moderate","color":"#74c476","area_m2":22515}},{"type":"Feature","geometry":{"type":"Polygon","coordinates":[[[12.64806521630777,46.16388439988356],[12.648084415288217,46.16343411405287],[12.648730973405803,46.16344742183258],[12.648711779691434,46.16389770787122],[12.64806521630777,46.16388439988356]]]},"properties":{"ndvi_class":"moderate","color":"#74c476","area_m2":2502}},{"type":"Feature","geometry":{"type":"Polygon","coordinates":[[[12.649358343531032,46.1639110122049],[12.649377531979312,46.16346072595838],[12.651317210434115,46.16350061641214],[12.651298037784185,46.16395090328197],[12.649358343531032,46.1639110122049]]]},"properties":{"ndvi_class":"moderate","color":"#74c476","area_m2":7505}},{"type":"Feature","geometry":{"type":"Polygon","coordinates":[[[12.647437857626675,46.16342080261922],[12.64745706141492,46.1629705169547],[12.648103613810523,46.16298382818035],[12.648084415288217,46.16343411405287],[12.647437857626675,46.16342080261922]]]},"properties":{"ndvi_class":"moderate","color":"#74c476","area_m2":2502}},{"type":"Feature","geometry":{"type":"Polygon","coordinates":[[[12.664895074195362,46.163778928782165],[12.664914135798568,46.16332863752178],[12.666207265580582,46.16335505900576],[12.666188214509988,46.16380535067899],[12.664895074195362,46.163778928782165]]]},"properties":{"ndvi_class":"dense","color":"#238b45","area_m2":5003}},{"type":"Feature","geometry":{"type":"Polygon","coordinates":[[[12.637092997166096,46.16320732275332],[12.637131572788654,46.16230675805374],[12.63777811260517,46.16232012753137],[12.637739547513931,46.16322069264876],[12.637092997166096,46.16320732275332]]]},"properties":{"ndvi_class":"moderate","color":"#74c476","area_m2":5003}},{"type":"Feature","geometry":{"type":"Polygon","coordinates":[[[12.630000319569872,46.16260973272656],[12.630019665071679,46.16215945265753],[12.63066619984179,46.16217286232541],[12.630646859605429,46.16262314260396],[12.630000319569872,46.16260973272656]]]},"properties":{"ndvi_class":"moderate","color":"#74c476","area_m2":2502}},{"type":"Feature","geometry":{"type":"Polygon","coordinates":[[[12.657801954398586,46.163183058097765],[12.657821073473967,46.1627327690704],[12.658467627885088,46.16274602162636],[12.658448514075733,46.16319631086081],[12.657801954398586,46.163183058097765]]]},"properties":{"ndvi_class":"sparse","color":"#c7e9c0","area_m2":2502}},{"type":"Feature","geometry":{"type":"Polygon","coordinates":[[[12.628080063518924,46.16211920173221],[12.62809942435499,46.16166892225021],[12.628745952480909,46.161682342669216],[12.628726596910122,46.162132622360915],[12.628080063518924,46.16211920173221]]]},"properties":{"ndvi_class":"moderate","color":"#74c476","area_m2":2502}},{"type":"Feature","geometry":{"type":"Polygon","coordinates":[[[12.641010818555493,46.16238692011395],[12.641030074083373,46.16193663644883],[12.64167661138056,46.161949983795616],[12.64165736111823,46.1624002676693],[12.641010818555493,46.16238692011395]]]},"properties":{"ndvi_class":"moderate","color":"#74c476","area_m2":2502}},{"type":"Feature","geometry":{"type":"Polygon","coordinates":[[[12.668165998464653,46.16294437149253],[12.668204066736653,46.1620437866998],[12.668850617865044,46.16205698038004],[12.66881256012515,46.16295756558509],[12.668165998464653,46.16294437149253]]]},"properties":{"ndvi_class":"sparse","color":"#c7e9c0","area_m2":5003}},{"type":"Feature","geometry":{"type":"Polygon","coordinates":[[[12.630039010111865,46.1617091725466],[12.63005835469044,46.16125889239375],[12.630704878930034,46.16127230164257],[12.630685539616653,46.16172258200495],[12.630039010111865,46.1617091725466]]]},"properties":{"ndvi_class":"moderate","color":"#74c476","area_m2":2502}},{"type":"Feature","geometry":{"type":"Polygon","coordinates":[[[12.58864240102129,46.161293634683624],[12.588035270422724,46.16037945476362],[12.58932825911725,46.16040674453552],[12.58934793490611,46.159956477655406],[12.589994424690246,46.15997011684863],[12.58993541170818,46.16132091800196],[12.58864240102129,46.161293634683624]]]},"properties":{"ndvi_class":"moderate","color":"#74c476","area_m2":15010}},{"type":"Feature","geometry":{"type":"Polygon","coordinates":[[[12.662669151451151,46.1704936231323],[12.662745485647628,46.16869246282366],[12.662098859591614,46.168679233158116],[12.662213378828369,46.165977492683176],[12.662859973280506,46.16599072110844],[12.662917210949908,46.16463984968734],[12.663563790055,46.16465307383832],[12.663621007827707,46.16330220142166],[12.66493319694691,46.16287834621968],[12.664971317879047,46.161977763490285],[12.665617866745572,46.16199097543994],[12.665655975326938,46.16109039213075],[12.666302514114587,46.16110360001376],[12.666207265580582,46.16335505900576],[12.666853831150457,46.16336826426668],[12.666739549507055,46.16607001491829],[12.664799759355876,46.16603038445806],[12.664742564992935,46.16738125736285],[12.663449342219995,46.16735481754475],[12.663430265987575,46.1678051080164],[12.66407688241493,46.16781832995933],[12.664019666789065,46.169169201743685],[12.663373034558752,46.169155979180935],[12.663315799032304,46.17050684996983],[12.662669151451151,46.1704936231323]],[[12.664895074195362,46.163778928782165],[12.666188214509988,46.16380535067899],[12.666207265580582,46.16335505900576],[12.664914135798568,46.16332863752178],[12.664895074195362,46.163778928782165]]]},"properties":{"ndvi_class":"moderate","color":"#74c476","area_m2":162606}},{"type":"Feature","geometry":{"type":"Polygon","coordinates":[[[12.634603341271013,46.16090239875139],[12.634622648071515,46.1604521170493],[12.63526916499381,46.160465500305186],[12.63524986345835,46.160915782216385],[12.634603341271013,46.16090239875139]]]},"properties":{"ndvi_class":"moderate","color":"#74c476","area_m2":2502}},{"type":"Feature","geometry":{"type":"Polygon","coordinates":[[[12.639109735801181,46.16144628940543],[12.639129006205943,46.160996006282595],[12.638482481269637,46.160982644738695],[12.638521031229812,46.16008207878495],[12.639794796279777,46.160559080799494],[12.639756266460475,46.1614596475045],[12.639109735801181,46.16144628940543]]]},"properties":{"ndvi_class":"moderate","color":"#74c476","area_m2":10006}},{"type":"Feature","geometry":{"type":"Polygon","coordinates":[[[12.644243535940605,46.16245362135323],[12.644262765140594,46.16200333664588],[12.64296968734657,46.16197666752814],[12.642988926618655,46.161526383195636],[12.641715110527178,46.161049415922655],[12.642400124529926,46.16016219074144],[12.643046641680435,46.16017552994711],[12.643027403785574,46.16062581440514],[12.644320449987507,46.16065248227276],[12.644339677352175,46.160202197398064],[12.646279234284723,46.160242171173344],[12.645555844761637,46.16202999114877],[12.644243535940605,46.16245362135323]]]},"properties":{"ndvi_class":"moderate","color":"#74c476","area_m2":52534}},{"type":"Feature","geometry":{"type":"Polygon","coordinates":[[[12.659818045165968,46.16142164658072],[12.659856247618006,46.16052106690805],[12.66114930696029,46.16054754437383],[12.661130216493069,46.16099783464475],[12.659818045165968,46.16142164658072]]]},"properties":{"ndvi_class":"sparse","color":"#c7e9c0","area_m2":7505}},{"type":"Feature","geometry":{"type":"Polygon","coordinates":[[[12.66230879900072,46.16372604113943],[12.661738580340128,46.16191164893414],[12.663031673996455,46.161938105718136],[12.663107973589947,46.160136942237216],[12.663754500035571,46.16015016432201],[12.663659150733906,46.16240161960187],[12.663012597960112,46.16238839648402],[12.662955367119741,46.16373926853124],[12.66230879900072,46.16372604113943]]]},"properties":{"ndvi_class":"moderate","color":"#74c476","area_m2":27518}},{"type":"Feature","geometry":{"type":"Polygon","coordinates":[[[12.621065315728524,46.159719947402934],[12.6210847321651,46.159269670021565],[12.621731228901771,46.15928312957759],[12.6217118177297,46.15973340716927],[12.621065315728524,46.159719947402934]]]},"properties":{"ndvi_class":"moderate","color":"#74c476","area_m2":2502}},{"type":"Feature","geometry":{"type":"Polygon","coordinates":[[[12.635934978184533,46.160028597745466],[12.635954273534075,46.15957831554143],[12.636600780843407,46.159591691072414],[12.636581490758681,46.16004197348544],[12.635934978184533,46.160028597745466]]]},"properties":{"ndvi_class":"moderate","color":"#74c476","area_m2":2502}},{"type":"Feature","geometry":{"type":"Polygon","coordinates":[[[12.637874517281446,46.160068714005185],[12.637893796836499,46.15961843117434],[12.638540305520008,46.15963179574528],[12.638521031229812,46.16008207878495],[12.637874517281446,46.160068714005185]]]},"properties":{"ndvi_class":"moderate","color":"#74c476","area_m2":2502}},{"type":"Feature","geometry":{"type":"Polygon","coordinates":[[[12.652059600888457,46.16126246990777],[12.651451406174038,46.16034860715292],[12.650804883092915,46.160335315442836],[12.650824057348254,46.159885028446304],[12.652117093435557,46.15991160779758],[12.652097929710486,46.16036189520944],[12.652744453702137,46.16037517961241],[12.652706135410792,46.16127575472589],[12.652059600888457,46.16126246990777]]]},"properties":{"ndvi_class":"moderate","color":"#74c476","area_m2":12508}},{"type":"Feature","geometry":{"type":"Polygon","coordinates":[[[12.590033764331512,46.15906958253581],[12.59007310209549,46.158169048054475],[12.590719571291203,46.158182682742506],[12.590680244054791,46.15908321764992],[12.590033764331512,46.15906958253581]]]},"properties":{"ndvi_class":"moderate","color":"#74c476","area_m2":5003}},{"type":"Feature","geometry":{"type":"Polygon","coordinates":[[[12.621731228901771,46.15928312957759],[12.621750639610672,46.158832851943956],[12.622397131544007,46.15884630763654],[12.622377726099497,46.159296585480426],[12.621731228901771,46.15928312957759]]]},"properties":{"ndvi_class":"very_dense","color":"#00441b","area_m2":2502}},{"type":"Feature","geometry":{"type":"Polygon","coordinates":[[[12.626903219382587,46.1593906745104],[12.62692258797597,46.15894039519639],[12.627569083593128,46.158953821663665],[12.627549720264247,46.159404101187484],[12.626903219382587,46.1593906745104]]]},"properties":{"ndvi_class":"moderate","color":"#74c476","area_m2":2502}},{"type":"Feature","geometry":{"type":"Polygon","coordinates":[[[12.660958381786674,46.16505044520447],[12.661034757323428,46.16324928537321],[12.660388195830889,46.163236047226086],[12.661072942358043,46.16234870520708],[12.659779840890671,46.16232222608636],[12.659798943256234,46.16187193635441],[12.660445488497286,46.161885177534806],[12.660464585141328,46.16143488755421],[12.662404207788555,46.16147458855212],[12.662499605193558,46.1592231349212],[12.663146120655751,46.15923636024632],[12.663754500035571,46.16015016432201],[12.663107973589947,46.160136942237216],[12.663031673996455,46.161938105718136],[12.661738580340128,46.16191164893414],[12.66230879900072,46.16372604113943],[12.661662231334997,46.16371281009357],[12.661604964798384,46.16506368052481],[12.660958381786674,46.16505044520447]]]},"properties":{"ndvi_class":"sparse","color":"#c7e9c0","area_m2":55036}},{"type":"Feature","geometry":{"type":"Polygon","coordinates":[[[12.660464585141328,46.16143488755421],[12.660483681329682,46.16098459753186],[12.661130216493069,46.16099783464475],[12.661187486528139,46.1596469637067],[12.662499605193558,46.1592231349212],[12.662404207788555,46.16147458855212],[12.660464585141328,46.16143488755421]]]},"properties":{"ndvi_class":"bare","color":"#d9d9d9","area_m2":25016}},{"type":"Feature","geometry":{"type":"Polygon","coordinates":[[[12.647572274521591,46.16026880208938],[12.647591475102367,46.15981851613212],[12.648237990639917,46.15983182590188],[12.648276379897267,46.158931253445985],[12.648922885360985,46.15894455914648],[12.648903696226142,46.159394845603245],[12.649550207410481,46.15940814785824],[12.649511838297157,46.16030872106205],[12.647572274521591,46.16026880208938]]]},"properties":{"ndvi_class":"moderate","color":"#74c476","area_m2":15010}},{"type":"Feature","geometry":{"type":"Polygon","coordinates":[[[12.640479834316894,46.15967186753786],[12.639871850402244,46.15875794688714],[12.64116484991394,46.15878464962092],[12.641772855802202,46.15969856379935],[12.640479834316894,46.15967186753786]]]},"properties":{"ndvi_class":"moderate","color":"#74c476","area_m2":10006}},{"type":"Feature","geometry":{"type":"Polygon","coordinates":[[[12.66323947862233,46.172308010437334],[12.663373034558752,46.169155979180935],[12.664019666789065,46.169169201743685],[12.66407688241493,46.16781832995933],[12.663430265987575,46.1678051080164],[12.663449342219995,46.16735481754475],[12.664742564992935,46.16738125736285],[12.664799759355876,46.16603038445806],[12.666739549507055,46.16607001491829],[12.666853831150457,46.16336826426668],[12.666207265580582,46.16335505900576],[12.666302514114587,46.16110360001376],[12.665655975326938,46.16109039213075],[12.66569408208961,46.16018980865465],[12.666987139055356,46.16021621994153],[12.667044264198399,46.1588653431764],[12.667690777564177,46.1588785427206],[12.667614630859113,46.16067971248237],[12.666968096432235,46.16066651211314],[12.666872876500232,46.16291797234537],[12.667519437256306,46.16293117374595],[12.66746231564252,46.16428205000352],[12.668108892649931,46.164295248368795],[12.668070819835476,46.165195832744374],[12.66742423229473,46.16518263396666],[12.667405189939215,46.165632925885646],[12.668051782746817,46.16564612486962],[12.668013707206567,46.166546708994936],[12.667367103864878,46.16653350959847],[12.667290926262597,46.168334676523514],[12.666644302303663,46.168321472647335],[12.666568096357558,46.17012263807956],[12.665921451779607,46.17010942972317],[12.665883335541917,46.17101001177616],[12.665236680880188,46.17099679935197],[12.665217616810637,46.171447090109424],[12.663924298309123,46.17142065388291],[12.663886147730608,46.17232123444646],[12.66323947862233,46.172308010437334]],[[12.66531293260883,46.169195635904856],[12.66595956619803,46.16920884750326],[12.665997678797291,46.16830826511647],[12.665351055743605,46.168295053930926],[12.66531293260883,46.169195635904856]]]},"properties":{"ndvi_class":"sparse","color":"#c7e9c0","area_m2":190123}},{"type":"Feature","geometry":{"type":"Polygon","coordinates":[[[12.588799843810827,46.15769150084243],[12.58881952204648,46.15724123392271],[12.589465979780757,46.157254875490025],[12.589446306808547,46.157705142622895],[12.588799843810827,46.15769150084243]]]},"properties":{"ndvi_class":"moderate","color":"#74c476","area_m2":2502}},{"type":"Feature","geometry":{"type":"Polygon","coordinates":[[[12.648922885360985,46.15894455914648],[12.648942074037949,46.15849427264791],[12.650235075803185,46.15852087267318],[12.650215897655656,46.158971159587395],[12.648922885360985,46.15894455914648]]]},"properties":{"ndvi_class":"moderate","color":"#74c476","area_m2":5003}},{"type":"Feature","geometry":{"type":"Polygon","coordinates":[[[12.665009436991884,46.16107718059397],[12.665123783415666,46.15837543090354],[12.66641679735547,46.158401847846555],[12.666397751284903,46.15885213997873],[12.667044264198399,46.1588653431764],[12.666987139055356,46.16021621994153],[12.66569408208961,46.16018980865465],[12.665655975326938,46.16109039213075],[12.665009436991884,46.16107718059397]]]},"properties":{"ndvi_class":"moderate","color":"#74c476","area_m2":32521}},{"type":"Feature","geometry":{"type":"Polygon","coordinates":[[[12.650235075803185,46.15852087267318],[12.6502542534931,46.15807058571716],[12.650900749794452,46.1580838800421],[12.65088157736915,46.15853416720585],[12.650235075803185,46.15852087267318]]]},"properties":{"ndvi_class":"moderate","color":"#74c476","area_m2":2502}},{"type":"Feature","geometry":{"type":"Polygon","coordinates":[[[12.656053606280736,46.15864039194716],[12.656072736588653,46.158190103123616],[12.65671923698398,46.158203364568955],[12.656700111940795,46.1586536535997],[12.656053606280736,46.15864039194716]]]},"properties":{"ndvi_class":"sparse","color":"#c7e9c0","area_m2":2502}},{"type":"Feature","geometry":{"type":"Polygon","coordinates":[[[12.58235497042979,46.15710461735374],[12.582394430756098,46.15620408765698],[12.583040873284807,46.15621776532327],[12.583001423484726,46.157118295447454],[12.58235497042979,46.15710461735374]]]},"properties":{"ndvi_class":"moderate","color":"#74c476","area_m2":5003}},{"type":"Feature","geometry":{"type":"Polygon","coordinates":[[[12.589465979780757,46.157254875490025],[12.590151771992007,46.15636797858639],[12.591425012499371,46.15684551046183],[12.591405355786582,46.1572957782759],[12.589465979780757,46.157254875490025]]]},"properties":{"ndvi_class":"moderate","color":"#74c476","area_m2":10006}},{"type":"Feature","geometry":{"type":"Polygon","coordinates":[[[12.59722350900179,46.15741828938716],[12.597262727217815,46.15651774988854],[12.598555634227242,46.15654493355026],[12.59786997280057,46.15743188346915],[12.59722350900179,46.15741828938716]]]},"properties":{"ndvi_class":"moderate","color":"#74c476","area_m2":7505}},{"type":"Feature","geometry":{"type":"Polygon","coordinates":[[[12.663830771286424,46.1583489993469],[12.663849837961683,46.15789870799878],[12.665142839561373,46.15792513914242],[12.665123783415666,46.15837543090354],[12.663830771286424,46.1583489993469]]]},"properties":{"ndvi_class":"moderate","color":"#74c476","area_m2":5003}},{"type":"Feature","geometry":{"type":"Polygon","coordinates":[[[12.634738479200513,46.15775042595714],[12.634777085891834,46.15684986192468],[12.63542356069832,46.156863243507736],[12.635384964535199,46.15776380795838],[12.634738479200513,46.15775042595714]]]},"properties":{"ndvi_class":"moderate","color":"#74c476","area_m2":5003}},{"type":"Feature","geometry":{"type":"Polygon","coordinates":[[[12.662537760968743,46.15832255317667],[12.662575914923053,46.15742197126515],[12.663222409326027,46.15743519576368],[12.663830771286424,46.1583489993469],[12.662537760968743,46.15832255317667]]]},"properties":{"ndvi_class":"sparse","color":"#c7e9c0","area_m2":7505}},{"type":"Feature","geometry":{"type":"Polygon","coordinates":[[[12.589505324317017,46.1563543410979],[12.589524995881092,46.155904073838656],[12.590171438293003,46.15591771111406],[12.590151771992007,46.15636797858639],[12.589505324317017,46.1563543410979]]]},"properties":{"ndvi_class":"moderate","color":"#74c476","area_m2":2502}},{"type":"Feature","geometry":{"type":"Polygon","coordinates":[[[12.644455031905933,46.15750048727125],[12.644474256059311,46.1570502021037],[12.645120737727979,46.15706352889123],[12.645101518838842,46.15751381426701],[12.644455031905933,46.15750048727125]]]},"properties":{"ndvi_class":"dense","color":"#238b45","area_m2":2502}},{"type":"Feature","geometry":{"type":"Polygon","coordinates":[[[12.663849837961683,46.15789870799878],[12.663868904181989,46.15744841660893],[12.665161895252375,46.15747484733959],[12.665142839561373,46.15792513914242],[12.663849837961683,46.15789870799878]]]},"properties":{"ndvi_class":"sparse","color":"#c7e9c0","area_m2":5003}},{"type":"Feature","geometry":{"type":"Polygon","coordinates":[[[12.660235395333464,46.16683836456567],[12.660311799228555,46.1650372062299],[12.65966521712415,46.165023963601136],[12.65970342686987,46.164123384596564],[12.659056855752292,46.16411013872754],[12.659075965207606,46.16365984936959],[12.657782834866957,46.16363334708337],[12.657801954398586,46.163183058097765],[12.656527966014295,46.16270625299677],[12.656547095165209,46.16225596434197],[12.657840192093119,46.16228248000128],[12.65785931025605,46.16183219089037],[12.65917150564434,46.16140840195346],[12.65922882443499,46.16005753300268],[12.658582301163463,46.16004428534269],[12.658716065905967,46.156892257778246],[12.659989941843529,46.15736903673844],[12.659970844035643,46.15781932688793],[12.659324346634927,46.1578060839162],[12.659247929786723,46.159607243268894],[12.661187486528139,46.1596469637067],[12.66114930696029,46.16054754437383],[12.659856247618006,46.16052106690805],[12.659818045165968,46.16142164658072],[12.660464585141328,46.16143488755421],[12.659779840890671,46.16232222608636],[12.661072942358043,46.16234870520708],[12.660388195830889,46.163236047226086],[12.661034757323428,46.16324928537321],[12.660958381786674,46.16505044520447],[12.661604964798384,46.16506368052481],[12.661547694161852,46.16641455058032],[12.660235395333464,46.16683836456567]],[[12.657801954398586,46.163183058097765],[12.658448514075733,46.16319631086081],[12.658467627885088,46.16274602162636],[12.657821073473967,46.1627327690704],[12.657801954398586,46.163183058097765]]]},"properties":{"ndvi_class":"moderate","color":"#74c476","area_m2":130084}},{"type":"Feature","geometry":{"type":"Polygon","coordinates":[[[12.655368828559952,46.159527703748424],[12.655426236647713,46.15817683802497],[12.656072736588653,46.158190103123616],[12.656130124773625,46.156839236402355],[12.656776609375504,46.15685249722607],[12.65675748570132,46.15730278638214],[12.657403976021788,46.15731604375983],[12.657327497820457,46.15911720079504],[12.657974009653833,46.15913045534792],[12.657954894227922,46.1595807447094],[12.655368828559952,46.159527703748424]],[[12.656053606280736,46.15864039194716],[12.656700111940795,46.1586536535997],[12.65671923698398,46.158203364568955],[12.656072736588653,46.158190103123616],[12.656053606280736,46.15864039194716]]]},"properties":{"ndvi_class":"moderate","color":"#74c476","area_m2":35023}},{"type":"Feature","geometry":{"type":"Polygon","coordinates":[[[12.66126384019782,46.157845801871474],[12.661302014299869,46.156945220703385],[12.661948502532029,46.15695845230169],[12.661910338959036,46.157859033883284],[12.66126384019782,46.157845801871474]]]},"properties":{"ndvi_class":"sparse","color":"#c7e9c0","area_m2":5003}},{"type":"Feature","geometry":{"type":"Polygon","coordinates":[[[12.60116103065733,46.15614898595581],[12.601180607016772,46.155698714827786],[12.601827052553881,46.155712286144855],[12.601807481457643,46.156162557484926],[12.60116103065733,46.15614898595581]]]},"properties":{"ndvi_class":"moderate","color":"#74c476","area_m2":2502}},{"type":"Feature","geometry":{"type":"Polygon","coordinates":[[[12.628939482788793,46.15717954344663],[12.628958833279883,46.15672926329385],[12.627665893307395,46.1567024234158],[12.627723973592335,46.155351583964006],[12.628370427557805,46.15536500510036],[12.628331718356936,46.15626556519622],[12.62962464872118,46.15629239734916],[12.629585958728413,46.15719295811589],[12.628939482788793,46.15717954344663]]]},"properties":{"ndvi_class":"moderate","color":"#74c476","area_m2":15010}},{"type":"Feature","geometry":{"type":"Polygon","coordinates":[[[12.596028677464993,46.155139743327545],[12.5960482949934,46.1546894738138],[12.596694726281623,46.15470307392626],[12.596675114016056,46.1551533436525],[12.596028677464993,46.155139743327545]]]},"properties":{"ndvi_class":"moderate","color":"#74c476","area_m2":2502}},{"type":"Feature","geometry":{"type":"Polygon","coordinates":[[[12.649684484888196,46.156256140327955],[12.649703665554219,46.15580585337068],[12.650350135078943,46.15581915030999],[12.650330959676893,46.156269437475046],[12.649684484888196,46.156256140327955]]]},"properties":{"ndvi_class":"moderate","color":"#74c476","area_m2":2502}},{"type":"Feature","geometry":{"type":"Polygon","coordinates":[[[12.599202088430228,46.15655851990214],[12.59926086487714,46.155207708427575],[12.599907303755995,46.15522129049013],[12.599926889707147,46.15477101970223],[12.601239333292659,46.154347901191365],[12.60051458032198,46.15613541077405],[12.599202088430228,46.15655851990214]]]},"properties":{"ndvi_class":"moderate","color":"#74c476","area_m2":20013}},{"type":"Feature","geometry":{"type":"Polygon","coordinates":[[[12.661321100667745,46.156494930056716],[12.66135927203726,46.15559434863812],[12.663298690715232,46.15563403061323],[12.663260550930708,46.15653461327194],[12.661321100667745,46.156494930056716]]]},"properties":{"ndvi_class":"sparse","color":"#c7e9c0","area_m2":15010}},{"type":"Feature","geometry":{"type":"Polygon","coordinates":[[[12.632249160999601,46.15544545521059],[12.632268483326735,46.154995173842735],[12.632914935243885,46.15500856920043],[12.632895618180235,46.155458850777585],[12.632249160999601,46.15544545521059]]]},"properties":{"ndvi_class":"moderate","color":"#74c476","area_m2":2502}},{"type":"Feature","geometry":{"type":"Polygon","coordinates":[[[12.656168381281425,46.15593865837931],[12.656187508850712,46.15548836930512],[12.656833977660268,46.15550162950722],[12.656814855354963,46.15595191878862],[12.656168381281425,46.15593865837931]]]},"properties":{"ndvi_class":"moderate","color":"#74c476","area_m2":2502}},{"type":"Feature","geometry":{"type":"Polygon","coordinates":[[[12.637247288610924,46.15960506295005],[12.636639359632014,46.158691126120736],[12.63599286285194,46.15867775100773],[12.635973568423207,46.15912803329552],[12.63338756482884,46.15907449547483],[12.6334068803157,46.15862421402358],[12.632113891799765,46.158597423612306],[12.632152542448054,46.157696861421314],[12.630213094702803,46.157656649662194],[12.630232435127521,46.157206369132155],[12.630878911985993,46.157219776495424],[12.630898246685296,46.15676949571399],[12.632837664223736,46.15680969525766],[12.632818345316341,46.15725997666722],[12.634111303164438,46.157286758516676],[12.634719175163946,46.15820070791055],[12.636012156820286,46.15822746867807],[12.636089328090101,46.156426338940605],[12.636735798549227,46.15643971300871],[12.636755084952041,46.15598943026068],[12.638048016716764,46.15601616702027],[12.638086567087289,46.15511560056306],[12.639398743597056,46.15469203816705],[12.639379479628621,46.15514232187598],[12.640025936585674,46.15515567705324],[12.639987417797233,46.15605624476287],[12.641261104582608,46.15653322920257],[12.641241854567555,46.15698351336995],[12.640595375640395,46.15697016466403],[12.640576119901855,46.15742044858097],[12.639929636167901,46.15740709601338],[12.639948897170587,46.156956812305054],[12.638009464506535,46.15691673331],[12.637990187711493,46.157367016392065],[12.637343705808256,46.15735364921214],[12.6373051403097,46.158254214832915],[12.637951632741494,46.158267582430575],[12.637893796836499,46.15961843117434],[12.637247288610924,46.15960506295005]]]},"properties":{"ndvi_class":"moderate","color":"#74c476","area_m2":145094}},{"type":"Feature","geometry":{"type":"Polygon","coordinates":[[[12.657423094431604,46.15686575439661],[12.656814855354963,46.15595191878862],[12.6581269166418,46.155528138952484],[12.658146027963085,46.15507784921511],[12.659438958232538,46.15510434363441],[12.658716065905967,46.156892257778246],[12.657423094431604,46.15686575439661]]]},"properties":{"ndvi_class":"moderate","color":"#74c476","area_m2":25016}},{"type":"Feature","geometry":{"type":"Polygon","coordinates":[[[12.599280456091202,46.15475743785191],[12.599319637117052,46.15385689657434],[12.599966060207553,46.15387047800026],[12.599926889707147,46.15477101970223],[12.599280456091202,46.15475743785191]]]},"properties":{"ndvi_class":"moderate","color":"#74c476","area_m2":5003}},{"type":"Feature","geometry":{"type":"Polygon","coordinates":[[[12.65358248953172,46.15588558021186],[12.653620786324984,46.1549850036804],[12.654267248052765,46.15499827828694],[12.654875434497434,46.15591212660163],[12.65358248953172,46.15588558021186]]]},"properties":{"ndvi_class":"moderate","color":"#74c476","area_m2":7505}},{"type":"Feature","geometry":{"type":"Polygon","coordinates":[[[12.579907413159297,46.15389801976405],[12.57992716131189,46.15344775549693],[12.580573570390127,46.15346144648958],[12.580553827499783,46.15391171097061],[12.579907413159297,46.15389801976405]]]},"properties":{"ndvi_class":"moderate","color":"#74c476","area_m2":2502}},{"type":"Feature","geometry":{"type":"Polygon","coordinates":[[[12.624511096152458,46.154834144639636],[12.624530481177784,46.15438386574595],[12.625823363915403,46.15441074005333],[12.625803989416479,46.15486101936691],[12.624511096152458,46.154834144639636]]]},"properties":{"ndvi_class":"moderate","color":"#74c476","area_m2":5003}},{"type":"Feature","geometry":{"type":"Polygon","coordinates":[[[12.640672394000152,46.155169028577696],[12.640691647441562,46.15471874445147],[12.641338100049808,46.15473209211455],[12.64131885187193,46.15518237644934],[12.640672394000152,46.155169028577696]]]},"properties":{"ndvi_class":"moderate","color":"#74c476","area_m2":2502}},{"type":"Feature","geometry":{"type":"Polygon","coordinates":[[[12.666397751284903,46.15885213997873],[12.66641679735547,46.158401847846555],[12.665123783415666,46.15837543090354],[12.665142839561373,46.15792513914242],[12.66578934104022,46.157938349234215],[12.665846490955532,46.156587473081274],[12.666492977093206,46.15660067890066],[12.666569149560333,46.15479950928723],[12.667215615093806,46.15481271062826],[12.667044264198399,46.1588653431764],[12.666397751284903,46.15885213997873]]]},"properties":{"ndvi_class":"dense","color":"#238b45","area_m2":35023}},{"type":"Feature","geometry":{"type":"Polygon","coordinates":[[[12.581826924750702,46.15438934729374],[12.581886121848163,46.15303855256767],[12.582532527070512,46.15305223239019],[12.582512800437646,46.15350249755478],[12.583159211390669,46.153516173938904],[12.583119767237665,46.154416704568995],[12.581826924750702,46.15438934729374]]]},"properties":{"ndvi_class":"moderate","color":"#74c476","area_m2":12508}},{"type":"Feature","geometry":{"type":"Polygon","coordinates":[[[12.594109003924745,46.154648651562034],[12.59416790106475,46.15329784468172],[12.594814315167197,46.15331145511337],[12.594755433814836,46.15466226263168],[12.594109003924745,46.154648651562034]]]},"properties":{"ndvi_class":"sparse","color":"#c7e9c0","area_m2":7505}},{"type":"Feature","geometry":{"type":"Polygon","coordinates":[[[12.594010832655892,46.156899995520554],[12.59403046784661,46.15644972681305],[12.593384017370914,46.1564361112401],[12.593403657356307,46.15598584270324],[12.59405010256884,46.15599945806345],[12.594089370607893,46.15509892043794],[12.592150067947552,46.155058064676375],[12.591582249318733,46.15324336643302],[12.592228661555424,46.15325699147349],[12.59220901385664,46.15370725983737],[12.593501850254555,46.153734499387326],[12.593521487428559,46.15328423059785],[12.59416790106475,46.15329784468172],[12.594109003924745,46.154648651562034],[12.59538224137986,46.15512613935012],[12.594657288861237,46.156913607653586],[12.594010832655892,46.156899995520554]]]},"properties":{"ndvi_class":"moderate","color":"#74c476","area_m2":50032}},{"type":"Feature","geometry":{"type":"Polygon","coordinates":[[[12.619947139113263,46.15564052275463],[12.619378395320316,46.153825945159745],[12.620671260159549,46.153852877487395],[12.62124004698024,46.15566744946016],[12.619947139113263,46.15564052275463]]]},"properties":{"ndvi_class":"moderate","color":"#74c476","area_m2":20013}},{"type":"Feature","geometry":{"type":"Polygon","coordinates":[[[12.630348467985403,46.15450468507181],[12.630367805180105,46.15405440424842],[12.63101424519361,46.154067810145335],[12.630994913262098,46.1545180911782],[12.630348467985403,46.15450468507181]]]},"properties":{"ndvi_class":"moderate","color":"#74c476","area_m2":2502}},{"type":"Feature","geometry":{"type":"Polygon","coordinates":[[[12.662024824214479,46.15515728863755],[12.662043903496931,46.154706997617154],[12.662690365861803,46.15472022452884],[12.6626712918432,46.1551705157559],[12.662024824214479,46.15515728863755]]]},"properties":{"ndvi_class":"dense","color":"#238b45","area_m2":2502}},{"type":"Feature","geometry":{"type":"Polygon","coordinates":[[[12.663964228459658,46.15519695903365],[12.663983291950514,46.154746667393404],[12.664629755674106,46.154759883346294],[12.664610697447142,46.15521017519305],[12.663964228459658,46.15519695903365]]]},"properties":{"ndvi_class":"sparse","color":"#c7e9c0","area_m2":2502}},{"type":"Feature","geometry":{"type":"Polygon","coordinates":[[[12.576655573559284,46.15427977210317],[12.576675348494694,46.15382950894869],[12.57602893697021,46.15381579582915],[12.576088274731807,46.1524650067553],[12.576734670470179,46.152478719232064],[12.576695122958304,46.153379245752],[12.577341529690258,46.153392955005174],[12.577301990815714,46.15429348178477],[12.576655573559284,46.15427977210317]]]},"properties":{"ndvi_class":"moderate","color":"#74c476","area_m2":12508}},{"type":"Feature","geometry":{"type":"Polygon","coordinates":[[[12.659247929786723,46.159607243268894],[12.659324346634927,46.1578060839162],[12.659970844035643,46.15781932688793],[12.659989941843529,46.15736903673844],[12.658716065905967,46.156892257778246],[12.659438958232538,46.15510434363441],[12.658146027963085,46.15507784921511],[12.6581269166418,46.155528138952484],[12.656814855354963,46.15595191878862],[12.656833977660268,46.15550162950722],[12.656187508850712,46.15548836930512],[12.656225762620124,46.15458779103143],[12.658811598472427,46.15464080826509],[12.658830703618076,46.154190518237186],[12.660123613740076,46.15421700452285],[12.660085424047832,46.155117585364636],[12.661378357038926,46.1551440578662],[12.66135927203726,46.15559434863812],[12.660047232533083,46.15601816603942],[12.660028136092237,46.15646845631418],[12.66067461815326,46.15648169501202],[12.660617341889981,46.15783256620636],[12.66126384019782,46.157845801871474],[12.661225664273946,46.158746382872586],[12.661872173564719,46.15875961529791],[12.66183400634897,46.15966019654555],[12.659247929786723,46.159607243268894]]]},"properties":{"ndvi_class":"sparse","color":"#c7e9c0","area_m2":97563}},{"type":"Feature","geometry":{"type":"Polygon","coordinates":[[[12.643943141718006,46.1543351610289],[12.64396236792411,46.15388487577677],[12.644608812290093,46.15389820475942],[12.644589591347337,46.154348490219824],[12.643943141718006,46.1543351610289]]]},"properties":{"ndvi_class":"sparse","color":"#c7e9c0","area_m2":2502}},{"type":"Feature","geometry":{"type":"Polygon","coordinates":[[[12.667690777564177,46.1588785427206],[12.667766917001565,46.157077372291404],[12.668413409760348,46.15709056735736],[12.66845146622511,46.15618998148013],[12.669097948907021,46.15620317248058],[12.669116971194123,46.15575287927328],[12.669763449063609,46.1557660664145],[12.669820497409663,46.15441518592422],[12.671132427599813,46.153991254019445],[12.67107541219832,46.1553421358706],[12.670428938689737,46.15532895624156],[12.66970639663372,46.157116946529456],[12.669059902971107,46.15710375877005],[12.668337291382109,46.1588917386113],[12.667690777564177,46.1588785427206]]]},"properties":{"ndvi_class":"sparse","color":"#c7e9c0","area_m2":45029}},{"type":"Feature","geometry":{"type":"Polygon","coordinates":[[[12.594814315167197,46.15331145511337],[12.59485356706075,46.15241091655736],[12.59549997110482,46.152424522911595],[12.595519591087172,46.15197425335786],[12.596812390048946,46.15200145468499],[12.596126760426603,46.15288839533792],[12.595480350654357,46.152874792423255],[12.595460729735766,46.153325061892815],[12.594814315167197,46.15331145511337]]]},"properties":{"ndvi_class":"sparse","color":"#c7e9c0","area_m2":12508}},{"type":"Feature","geometry":{"type":"Polygon","coordinates":[[[12.621337103685752,46.15341606024568],[12.621375923126047,46.1525155042662],[12.622022340910199,46.15252896066802],[12.622629960765682,46.15344297023789],[12.621337103685752,46.15341606024568]]]},"properties":{"ndvi_class":"moderate","color":"#74c476","area_m2":7505}},{"type":"Feature","geometry":{"type":"Polygon","coordinates":[[[12.632934251846633,46.15455828758138],[12.632326447542018,46.153644329487825],[12.631033576663873,46.153617529070566],[12.631072238220698,46.152716966795296],[12.63365793970922,46.152770551345064],[12.633638630212813,46.1532208333409],[12.63428506199465,46.15323422055639],[12.634246452145797,46.154134784840785],[12.632934251846633,46.15455828758138]]]},"properties":{"ndvi_class":"moderate","color":"#74c476","area_m2":32521}},{"type":"Feature","geometry":{"type":"Polygon","coordinates":[[[12.590975152588769,46.152329201737906],[12.590994809405267,46.151878933673515],[12.591641205388894,46.151892561727344],[12.591621553834376,46.152342830004685],[12.590975152588769,46.152329201737906]]]},"properties":{"ndvi_class":"moderate","color":"#74c476","area_m2":2502}},{"type":"Feature","geometry":{"type":"Polygon","coordinates":[[[12.598085591939599,46.15247891180739],[12.598105190873563,46.15202864140386],[12.598751591984128,46.152042229285165],[12.598731998312294,46.15249249990101],[12.598085591939599,46.15247891180739]]]},"properties":{"ndvi_class":"moderate","color":"#74c476","area_m2":2502}},{"type":"Feature","geometry":{"type":"Polygon","coordinates":[[[12.642669480562182,46.15385820685344],[12.642061520181322,46.15294429753328],[12.643354385577092,46.152970972928316],[12.643315924014766,46.153871543141435],[12.642669480562182,46.15385820685344]]]},"properties":{"ndvi_class":"sparse","color":"#c7e9c0","area_m2":7505}},{"type":"Feature","geometry":{"type":"Polygon","coordinates":[[[12.652385337578455,46.1536075796431],[12.652404494445767,46.153157291604344],[12.653050934209988,46.153170572686534],[12.65303178260595,46.15362086093284],[12.652385337578455,46.1536075796431]]]},"properties":{"ndvi_class":"moderate","color":"#74c476","area_m2":2502}},{"type":"Feature","geometry":{"type":"Polygon","coordinates":[[[12.671778885768079,46.15400442937779],[12.671797884731317,46.15355413513816],[12.672444338087166,46.15356730663778],[12.672425344387605,46.15401760108324],[12.671778885768079,46.15400442937779]]]},"properties":{"ndvi_class":"sparse","color":"#c7e9c0","area_m2":2502}},{"type":"Feature","geometry":{"type":"Polygon","coordinates":[[[12.579946908993321,46.152997491187634],[12.579966656203606,46.15254722683618],[12.579320258118463,46.15253353261933],[12.579359761649236,46.151633004217814],[12.580672277776614,46.15121012345187],[12.58061305475773,46.15256091740102],[12.58125945378071,46.15257460431385],[12.581239717094427,46.15302486909307],[12.579946908993321,46.152997491187634]]]},"properties":{"ndvi_class":"moderate","color":"#74c476","area_m2":17511}},{"type":"Feature","geometry":{"type":"Polygon","coordinates":[[[12.647879428842849,46.153064221755095],[12.647898622094754,46.15261393512874],[12.648545053408391,46.15262724157144],[12.64852586541954,46.15307752840569],[12.647879428842849,46.153064221755095]]]},"properties":{"ndvi_class":"dense","color":"#238b45","area_m2":2502}},{"type":"Feature","geometry":{"type":"Polygon","coordinates":[[[12.657576025288709,46.15326343798724],[12.657595139593376,46.15281314824812],[12.658241577729752,46.152826399901834],[12.658222468688342,46.15327668984802],[12.657576025288709,46.15326343798724]]]},"properties":{"ndvi_class":"bare","color":"#d9d9d9","area_m2":2502}},{"type":"Feature","geometry":{"type":"Polygon","coordinates":[[[12.634950793205602,46.152797321705236],[12.634989389765495,46.1518967567513],[12.635635806675838,46.151910136034566],[12.635597220641388,46.15281070140663],[12.634950793205602,46.152797321705236]]]},"properties":{"ndvi_class":"moderate","color":"#74c476","area_m2":5003}},{"type":"Feature","geometry":{"type":"Polygon","coordinates":[[[12.663127047350416,46.15968665126263],[12.663146120655751,46.15923636024632],[12.661853090184529,46.1592099059426],[12.661872173564719,46.15875961529791],[12.661225664273946,46.158746382872586],[12.66126384019782,46.157845801871474],[12.660617341889981,46.15783256620636],[12.66067461815326,46.15648169501202],[12.660028136092237,46.15646845631418],[12.660047232533083,46.15601816603942],[12.66069370932992,46.156031404530395],[12.661378357038926,46.1551440578662],[12.660085424047832,46.155117585364636],[12.660123613740076,46.15421700452285],[12.661397441585216,46.15469376705256],[12.661416525676149,46.15424347619715],[12.662062982324148,46.15425670655502],[12.662101138612925,46.153356124305525],[12.66339403221405,46.1533825732361],[12.663355896979454,46.15428315631216],[12.664648813446336,46.154309591457796],[12.664686927626644,46.15340900755563],[12.664040479693975,46.153395792222256],[12.664059541365472,46.15294550041506],[12.66599887073099,46.152985134837564],[12.666017916157843,46.152534842369356],[12.667310794136878,46.15256124664145],[12.667215615093806,46.15481271062826],[12.666569149560333,46.15479950928723],[12.666492977093206,46.15660067890066],[12.665846490955532,46.156587473081274],[12.66578934104022,46.157938349234215],[12.665142839561373,46.15792513914242],[12.665161895252375,46.15747484733959],[12.663868904181989,46.15744841660893],[12.663849837961683,46.15789870799878],[12.663203337841093,46.157885486946945],[12.663222409326027,46.15743519576368],[12.662575914923053,46.15742197126515],[12.662537760968743,46.15832255317667],[12.663830771286424,46.1583489993469],[12.663773568530786,46.15969987314083],[12.663127047350416,46.15968665126263]],[[12.66126384019782,46.157845801871474],[12.661910338959036,46.157859033883284],[12.661948502532029,46.15695845230169],[12.661302014299869,46.156945220703385],[12.66126384019782,46.157845801871474]],[[12.661321100667745,46.156494930056716],[12.663260550930708,46.15653461327194],[12.663298690715232,46.15563403061323],[12.66135927203726,46.15559434863812],[12.661321100667745,46.156494930056716]],[[12.662024824214479,46.15515728863755],[12.6626712918432,46.1551705157559],[12.662690365861803,46.15472022452884],[12.662043903496931,46.154706997617154],[12.662024824214479,46.15515728863755]],[[12.663964228459658,46.15519695903365],[12.664610697447142,46.15521017519305],[12.664629755674106,46.154759883346294],[12.663983291950514,46.154746667393404],[12.663964228459658,46.15519695903365]]]},"properties":{"ndvi_class":"moderate","color":"#74c476","area_m2":217641}},{"type":"Feature","geometry":{"type":"Polygon","coordinates":[[[12.671151431826715,46.15354095998567],[12.671189438920207,46.15264037179303],[12.67248232412673,46.15266671762179],[12.672463331333537,46.153117012150624],[12.671151431826715,46.15354095998567]]]},"properties":{"ndvi_class":"dense","color":"#238b45","area_m2":7505}},{"type":"Feature","geometry":{"type":"Polygon","coordinates":[[[12.57289591185346,46.15149586547614],[12.572915715527284,46.151045603354795],[12.57226933839388,46.151031869610115],[12.572289146856562,46.15058160766113],[12.57358189107101,46.15060907106964],[12.573542294718637,46.15150959578358],[12.57289591185346,46.15149586547614]]]},"properties":{"ndvi_class":"moderate","color":"#74c476","area_m2":7505}},{"type":"Feature","geometry":{"type":"Polygon","coordinates":[[[12.592953639318067,46.151469538133846],[12.5929732794114,46.1510192693466],[12.594266053597131,46.151046499039204],[12.594246424027352,46.1514967682519],[12.592953639318067,46.151469538133846]]]},"properties":{"ndvi_class":"sparse","color":"#c7e9c0","area_m2":5003}},{"type":"Feature","geometry":{"type":"Polygon","coordinates":[[[12.627859478090697,46.152199623775864],[12.627878834028778,46.15174934358131],[12.628525245890659,46.15176276304011],[12.628505895215088,46.152213043444355],[12.627859478090697,46.152199623775864]]]},"properties":{"ndvi_class":"moderate","color":"#74c476","area_m2":2502}},{"type":"Feature","geometry":{"type":"Polygon","coordinates":[[[12.65048435008313,46.15266713898417],[12.650503521825296,46.15221685148471],[12.651149949698091,46.15223014310947],[12.651130783218907,46.15268043081663],[12.65048435008313,46.15266713898417]]]},"properties":{"ndvi_class":"bare","color":"#d9d9d9","area_m2":2502}},{"type":"Feature","geometry":{"type":"Polygon","coordinates":[[[12.651777216809908,46.15269371899649],[12.651796378026093,46.1522434310817],[12.65244280680918,46.152256715401414],[12.652423650856004,46.15270700352377],[12.651777216809908,46.15269371899649]]]},"properties":{"ndvi_class":"moderate","color":"#74c476","area_m2":2502}},{"type":"Feature","geometry":{"type":"Polygon","coordinates":[[[12.65565582790861,46.152773371371154],[12.65567495754653,46.15232308221179],[12.656321389057512,46.15233634461618],[12.656302264682683,46.152786633982764],[12.65565582790861,46.152773371371154]]]},"properties":{"ndvi_class":"sparse","color":"#c7e9c0","area_m2":2502}},{"type":"Feature","geometry":{"type":"Polygon","coordinates":[[[12.658241577729752,46.152826399901834],[12.658260686315227,46.152376109913895],[12.658907119642308,46.15238935770794],[12.658888016319976,46.15283964790289],[12.658241577729752,46.152826399901834]]]},"properties":{"ndvi_class":"bare","color":"#d9d9d9","area_m2":2502}},{"type":"Feature","geometry":{"type":"Polygon","coordinates":[[[12.577381066678157,46.15249242805685],[12.576813759832937,46.15067766568588],[12.578126271264203,46.15025481404989],[12.578733130876879,46.15116904272698],[12.57808674951518,46.151155341848366],[12.578027463355614,46.152506133229664],[12.577381066678157,46.15249242805685]]]},"properties":{"ndvi_class":"moderate","color":"#74c476","area_m2":20013}},{"type":"Feature","geometry":{"type":"Polygon","coordinates":[[[12.58521667351216,46.150855584432136],[12.585236376275587,46.150405318160246],[12.585882752268413,46.150418978441586],[12.585863054766467,46.150869244926916],[12.58521667351216,46.150855584432136]]]},"properties":{"ndvi_class":"moderate","color":"#74c476","area_m2":2502}},{"type":"Feature","geometry":{"type":"Polygon","coordinates":[[[12.631757312091189,46.15182980554972],[12.63177663599295,46.15137952405601],[12.633069455161746,46.15140631507504],[12.633050141784931,46.15185659698736],[12.631757312091189,46.15182980554972]]]},"properties":{"ndvi_class":"moderate","color":"#74c476","area_m2":5003}},{"type":"Feature","geometry":{"type":"Polygon","coordinates":[[[12.651149949698091,46.15223014310947],[12.651169115719975,46.151779855360495],[12.651815538785106,46.151793143125104],[12.651796378026093,46.1522434310817],[12.651149949698091,46.15223014310947]]]},"properties":{"ndvi_class":"moderate","color":"#74c476","area_m2":2502}},{"type":"Feature","geometry":{"type":"Polygon","coordinates":[[[12.651796378026093,46.1522434310817],[12.651815538785106,46.151793143125104],[12.652461962305308,46.15180642723725],[12.65244280680918,46.152256715401414],[12.651796378026093,46.1522434310817]]]},"properties":{"ndvi_class":"dense","color":"#238b45","area_m2":2502}},{"type":"Feature","geometry":{"type":"Polygon","coordinates":[[[12.65244280680918,46.152256715401414],[12.652461962305308,46.15180642723725],[12.653108386280458,46.15181970769691],[12.653089236047228,46.15226999606858],[12.65244280680918,46.152256715401414]]]},"properties":{"ndvi_class":"moderate","color":"#74c476","area_m2":2502}},{"type":"Feature","geometry":{"type":"Polygon","coordinates":[[[12.654382095887707,46.1522965464453],[12.654401235595099,46.15184625765877],[12.655047660934342,46.15185952716095],[12.65502852648989,46.15230981615482],[12.654382095887707,46.1522965464453]]]},"properties":{"ndvi_class":"dense","color":"#238b45","area_m2":2502}},{"type":"Feature","geometry":{"type":"Polygon","coordinates":[[[12.65691046231896,46.153700471963994],[12.65692958234307,46.153250182473776],[12.656283139851542,46.15323692330761],[12.656302264682683,46.152786633982764],[12.656948701910979,46.15279989294176],[12.656986939678259,46.15189931375245],[12.65827979444478,46.15192581988416],[12.658298902118428,46.15147552981271],[12.658945324919596,46.15148877719276],[12.658926222508844,46.15193906747121],[12.659572651026606,46.15195231140573],[12.659515356849074,46.153303182611424],[12.658868912541838,46.15328993805608],[12.658849808307874,46.15374022816751],[12.65691046231896,46.153700471963994]],[[12.657576025288709,46.15326343798724],[12.658222468688342,46.15327668984802],[12.658241577729752,46.152826399901834],[12.657595139593376,46.15281314824812],[12.657576025288709,46.15326343798724]],[[12.658241577729752,46.152826399901834],[12.658888016319976,46.15283964790289],[12.658907119642308,46.15238935770794],[12.658260686315227,46.152376109913895],[12.658241577729752,46.152826399901834]]]},"properties":{"ndvi_class":"sparse","color":"#c7e9c0","area_m2":37524}},{"type":"Feature","geometry":{"type":"Polygon","coordinates":[[[12.584590000750671,46.150391654227136],[12.584609708305376,46.149941388126614],[12.58525607856895,46.149955051846234],[12.585236376275587,46.150405318160246],[12.584590000750671,46.150391654227136]]]},"properties":{"ndvi_class":"moderate","color":"#74c476","area_m2":2502}},{"type":"Feature","geometry":{"type":"Polygon","coordinates":[[[12.651169115719975,46.151779855360495],[12.651188281284572,46.15132956756976],[12.651834699086956,46.15134285512674],[12.651815538785106,46.151793143125104],[12.651169115719975,46.151779855360495]]]},"properties":{"ndvi_class":"dense","color":"#238b45","area_m2":2502}},{"type":"Feature","geometry":{"type":"Polygon","coordinates":[[[12.655694086728031,46.151872793010625],[12.65571321545312,46.151422503767726],[12.656359636438294,46.15143576575767],[12.656340512976046,46.1518860552078],[12.655694086728031,46.151872793010625]]]},"properties":{"ndvi_class":"dense","color":"#238b45","area_m2":2502}},{"type":"Feature","geometry":{"type":"Polygon","coordinates":[[[12.66086550942273,46.15197878831709],[12.660884596044717,46.15152849741799],[12.661531020659881,46.15154173018806],[12.661511939300839,46.151992021293935],[12.66086550942273,46.15197878831709]]]},"properties":{"ndvi_class":"bare","color":"#d9d9d9","area_m2":2502}},{"type":"Feature","geometry":{"type":"Polygon","coordinates":[[[12.667044264198399,46.1588653431764],[12.667215615093806,46.15481271062826],[12.667862081079441,46.15482590831635],[12.667900143531737,46.15392532243434],[12.668546599441838,46.15393851605712],[12.669231095385625,46.15305111915366],[12.669877541672243,46.153064305058614],[12.669915568912211,46.15216371760635],[12.67056200512379,46.15217689944657],[12.670600020023004,46.15127631141558],[12.671246446159866,46.15128948919132],[12.671227444200039,46.15173978343359],[12.672520308353636,46.151766128439036],[12.672501316466759,46.15221642305125],[12.67314775448341,46.152229590280776],[12.673090791894134,46.15358047448456],[12.671797884731317,46.15355413513816],[12.671778885768079,46.15400442937779],[12.67048596988293,46.15397807500819],[12.670466959938798,46.15442836879435],[12.669820497409663,46.15441518592422],[12.669763449063609,46.1557660664145],[12.66845146622511,46.15618998148013],[12.668413409760348,46.15709056735736],[12.667766917001565,46.157077372291404],[12.667690777564177,46.1588785427206],[12.667044264198399,46.1588653431764]],[[12.671151431826715,46.15354095998567],[12.671797884731317,46.15355413513816],[12.67248232412673,46.15266671762179],[12.671189438920207,46.15264037179303],[12.671151431826715,46.15354095998567]]]},"properties":{"ndvi_class":"moderate","color":"#74c476","area_m2":120078}},{"type":"Feature","geometry":{"type":"Polygon","coordinates":[[[12.594755433814836,46.15466226263168],[12.594814315167197,46.15331145511337],[12.59416790106475,46.15329784468172],[12.594187532507954,46.15284757563741],[12.592894716226501,46.15282034424295],[12.592914357725633,46.15237007558201],[12.591641205388894,46.151892561727344],[12.591660856474562,46.1514422934079],[12.592307247663031,46.15145591759685],[12.592326893018118,46.15100564902242],[12.591680507091393,46.15099202504634],[12.5917198069186,46.15009148819688],[12.593658934528907,46.15013234789256],[12.593639300634225,46.15058261697675],[12.594285682698587,46.150596229784384],[12.594324939496587,46.149695691148494],[12.594971311504144,46.149709299879014],[12.594912441389333,46.15106010840762],[12.596205218371784,46.15108731618863],[12.596185604587442,46.15153758603908],[12.596831999039281,46.15155118466415],[12.596890823203339,46.150200374349126],[12.598183581933577,46.15022755936891],[12.598203178529689,46.14977728875496],[12.598849553331474,46.14979087557479],[12.59879077792539,46.15114168792724],[12.59747839395682,46.15156477963719],[12.598007191527486,46.15427999300078],[12.59542148649415,46.15422560070564],[12.595401864171096,46.15467587004894],[12.594755433814836,46.15466226263168]],[[12.594814315167197,46.15331145511337],[12.595460729735766,46.153325061892815],[12.595480350654357,46.152874792423255],[12.596126760426603,46.15288839533792],[12.596812390048946,46.15200145468499],[12.595519591087172,46.15197425335786],[12.59549997110482,46.152424522911595],[12.59485356706075,46.15241091655736],[12.594814315167197,46.15331145511337]],[[12.592953639318067,46.151469538133846],[12.594246424027352,46.1514967682519],[12.594266053597131,46.151046499039204],[12.5929732794114,46.1510192693466],[12.592953639318067,46.151469538133846]]]},"properties":{"ndvi_class":"moderate","color":"#74c476","area_m2":147596}},{"type":"Feature","geometry":{"type":"Polygon","coordinates":[[[12.650522693110041,46.15176656394342],[12.650561034307305,46.15086598873547],[12.65250027192647,46.15090585078357],[12.652461962305308,46.15180642723725],[12.651815538785106,46.151793143125104],[12.651834699086956,46.15134285512674],[12.650522693110041,46.15176656394342]]]},"properties":{"ndvi_class":"moderate","color":"#74c476","area_m2":12508}},{"type":"Feature","geometry":{"type":"Polygon","coordinates":[[[12.653089236047228,46.15226999606858],[12.653108386280458,46.15181970769691],[12.652461962305308,46.15180642723725],[12.65250027192647,46.15090585078357],[12.653146685376198,46.150919130828214],[12.653127536056775,46.151369419283476],[12.65377395522396,46.151382695883186],[12.65379309928072,46.15093240722049],[12.655085928453657,46.1509589490479],[12.655066794922258,46.151409238125325],[12.654420374845829,46.151395968830485],[12.653735665740111,46.152283273083206],[12.653089236047228,46.15226999606858]]]},"properties":{"ndvi_class":"sparse","color":"#c7e9c0","area_m2":17511}},{"type":"Feature","geometry":{"type":"Polygon","coordinates":[[[12.58525607856895,46.149955051846234],[12.585275780392266,46.14950478549006],[12.58592214586251,46.14951844534453],[12.585902449300422,46.14996871191414],[12.58525607856895,46.149955051846234]]]},"properties":{"ndvi_class":"moderate","color":"#74c476","area_m2":2502}},{"type":"Feature","geometry":{"type":"Polygon","coordinates":[[[12.63050315262526,46.15090243731119],[12.630522486129335,46.15045215615252],[12.63181528241335,46.15047896094294],[12.631795959433664,46.15092924252044],[12.63050315262526,46.15090243731119]]]},"properties":{"ndvi_class":"moderate","color":"#74c476","area_m2":5003}},{"type":"Feature","geometry":{"type":"Polygon","coordinates":[[[12.653127536056775,46.151369419283476],[12.653146685376198,46.150919130828214],[12.65379309928072,46.15093240722049],[12.65377395522396,46.151382695883186],[12.653127536056775,46.151369419283476]]]},"properties":{"ndvi_class":"moderate","color":"#74c476","area_m2":2502}},{"type":"Feature","geometry":{"type":"Polygon","coordinates":[[[12.65959174817445,46.15150202092033],[12.65961084486665,46.15105173039316],[12.66025726331227,46.151064970261366],[12.660238171882865,46.15151526099542],[12.65959174817445,46.15150202092033]]]},"properties":{"ndvi_class":"dense","color":"#238b45","area_m2":2502}},{"type":"Feature","geometry":{"type":"Polygon","coordinates":[[[12.672520308353636,46.151766128439036],[12.672539299787376,46.15131583378513],[12.673185727277772,46.15132900060316],[12.673166741107096,46.15177929546283],[12.672520308353636,46.151766128439036]]]},"properties":{"ndvi_class":"moderate","color":"#74c476","area_m2":2502}},{"type":"Feature","geometry":{"type":"Polygon","coordinates":[[[12.662158369632154,46.15200525061819],[12.662196521369172,46.151104667951266],[12.663508426999575,46.15068082300625],[12.663470297224004,46.15158140658315],[12.662158369632154,46.15200525061819]]]},"properties":{"ndvi_class":"moderate","color":"#74c476","area_m2":10006}},{"type":"Feature","geometry":{"type":"Polygon","coordinates":[[[12.599476342525442,46.15025472978128],[12.59951551420434,46.14935418766228],[12.600161884675131,46.14936776696633],[12.600122723519172,46.150268309509656],[12.599476342525442,46.15025472978128]]]},"properties":{"ndvi_class":"moderate","color":"#74c476","area_m2":5003}},{"type":"Feature","geometry":{"type":"Polygon","coordinates":[[[12.618163276460175,46.15199789047182],[12.618848545435803,46.15111081037656],[12.61757518572389,46.15063358174502],[12.6176140627501,46.14973302778731],[12.61890683009925,46.149759978239665],[12.618887402341628,46.1502102556606],[12.619533791970168,46.15022372561931],[12.61945609735285,46.15202483572526],[12.618163276460175,46.15199789047182]]]},"properties":{"ndvi_class":"moderate","color":"#74c476","area_m2":25016}},{"type":"Feature","geometry":{"type":"Polygon","coordinates":[[[12.629171658212114,46.15177617884664],[12.629191003163603,46.15132589819085],[12.627898189505048,46.151299063344815],[12.627917544519525,46.15084878306642],[12.62727114364196,46.1508353603748],[12.627309862809696,46.14993480011167],[12.629249035248854,46.14997505597203],[12.62922969168196,46.15042533675355],[12.629876088676006,46.15043874827909],[12.629837410682097,46.151339310135505],[12.630483818659904,46.15135271842793],[12.63046448423325,46.15180299950279],[12.629171658212114,46.15177617884664]]]},"properties":{"ndvi_class":"moderate","color":"#74c476","area_m2":30019}},{"type":"Feature","geometry":{"type":"Polygon","coordinates":[[[12.661511939300839,46.151992021293935],[12.661531020659881,46.15154173018806],[12.660238171882865,46.15151526099542],[12.660276354286172,46.15061467948558],[12.661569182012174,46.150641147851054],[12.661550101563655,46.15109143904042],[12.662196521369172,46.151104667951266],[12.662158369632154,46.15200525061819],[12.661511939300839,46.151992021293935]]]},"properties":{"ndvi_class":"sparse","color":"#c7e9c0","area_m2":15010}},{"type":"Feature","geometry":{"type":"Polygon","coordinates":[[[12.66411672365117,46.15159462474312],[12.664154842901116,46.15069404075314],[12.665447676062056,46.15072046528965],[12.664763150531028,46.151607839250545],[12.66411672365117,46.15159462474312]]]},"properties":{"ndvi_class":"moderate","color":"#74c476","area_m2":7505}},{"type":"Feature","geometry":{"type":"Polygon","coordinates":[[[12.569763149758842,46.149175853500175],[12.569782977374457,46.14872559224116],[12.57042932632027,46.148739339518805],[12.570409503965426,46.14918960099262],[12.569763149758842,46.149175853500175]]]},"properties":{"ndvi_class":"moderate","color":"#74c476","area_m2":2502}},{"type":"Feature","geometry":{"type":"Polygon","coordinates":[[[12.657671592251582,46.151011988873975],[12.657690704276085,46.150561698926026],[12.658337116098053,46.15057494954448],[12.658318009336183,46.151025239699464],[12.657671592251582,46.151011988873975]]]},"properties":{"ndvi_class":"dense","color":"#238b45","area_m2":2502}},{"type":"Feature","geometry":{"type":"Polygon","coordinates":[[[12.661550101563655,46.15109143904042],[12.661569182012174,46.150641147851054],[12.662215596554981,46.150654376555195],[12.662196521369172,46.151104667951266],[12.661550101563655,46.15109143904042]]]},"properties":{"ndvi_class":"moderate","color":"#74c476","area_m2":2502}},{"type":"Feature","geometry":{"type":"Polygon","coordinates":[[[12.65109244888859,46.15358100610554],[12.651111616282412,46.15313071848199],[12.649818739940004,46.15310413074908],[12.649876270955428,46.15175326887388],[12.648602614628112,46.151276380817784],[12.6492873919416,46.15038910852384],[12.650580204219857,46.15041570106878],[12.650599373675034,46.149965413360306],[12.65124577523479,46.14997870394669],[12.651226611041965,46.15042899186283],[12.652519426051532,46.15045556249404],[12.65250027192647,46.15090585078357],[12.650561034307305,46.15086598873547],[12.650522693110041,46.15176656394342],[12.651169115719975,46.151779855360495],[12.651777216809908,46.15269371899649],[12.653089236047228,46.15226999606858],[12.653697374429072,46.1531838501161],[12.654343815102894,46.15319712389299],[12.654324674025444,46.15364741255414],[12.65303178260595,46.15362086093284],[12.653050934209988,46.153170572686534],[12.652404494445767,46.153157291604344],[12.652385337578455,46.1536075796431],[12.65109244888859,46.15358100610554]],[[12.65048435008313,46.15266713898417],[12.651130783218907,46.15268043081663],[12.651149949698091,46.15223014310947],[12.650503521825296,46.15221685148471],[12.65048435008313,46.15266713898417]]]},"properties":{"ndvi_class":"sparse","color":"#c7e9c0","area_m2":65042}},{"type":"Feature","geometry":{"type":"Polygon","coordinates":[[[12.5774996663231,46.14979084619934],[12.577539195765533,46.14889031857599],[12.57689284164845,46.14887661146462],[12.576912610923175,46.148426347803834],[12.578205309105098,46.14845375794677],[12.57814603143155,46.14980455008741],[12.5774996663231,46.14979084619934]]]},"properties":{"ndvi_class":"moderate","color":"#74c476","area_m2":10006}},{"type":"Feature","geometry":{"type":"Polygon","coordinates":[[[12.616967679767923,46.14971954708322],[12.616987122847034,46.14926927025205],[12.61763350056756,46.149282750745506],[12.6176140627501,46.14973302778731],[12.616967679767923,46.14971954708322]]]},"properties":{"ndvi_class":"moderate","color":"#74c476","area_m2":2502}},{"type":"Feature","geometry":{"type":"Polygon","coordinates":[[[12.645408966043549,46.15030924323463],[12.645428177597102,46.149858957189544],[12.646074575511227,46.149872276993584],[12.646055369219923,46.15032256324679],[12.645408966043549,46.15030924323463]]]},"properties":{"ndvi_class":"moderate","color":"#74c476","area_m2":2502}},{"type":"Feature","geometry":{"type":"Polygon","coordinates":[[[12.64668257136529,46.150786166026144],[12.646074575511227,46.149872276993584],[12.64736737270777,46.149898905645095],[12.64797539052312,46.150812788205215],[12.64668257136529,46.150786166026144]]]},"properties":{"ndvi_class":"sparse","color":"#c7e9c0","area_m2":10006}},{"type":"Feature","geometry":{"type":"Polygon","coordinates":[[[12.594344567193158,46.14924542176741],[12.595030177405562,46.148358490971574],[12.59567653409558,46.14837209541261],[12.595637301151683,46.14927263515146],[12.594344567193158,46.14924542176741]]]},"properties":{"ndvi_class":"moderate","color":"#74c476","area_m2":7505}},{"type":"Feature","geometry":{"type":"Polygon","coordinates":[[[12.616340745588257,46.14925578610669],[12.616360193465013,46.14880550944423],[12.617006565462278,46.14881899337889],[12.616987122847034,46.14926927025205],[12.616340745588257,46.14925578610669]]]},"properties":{"ndvi_class":"moderate","color":"#74c476","area_m2":2502}},{"type":"Feature","geometry":{"type":"Polygon","coordinates":[[[12.624743685933227,46.149430795147595],[12.624763065409248,46.14898051575065],[12.625409443399365,46.148993952211086],[12.625390069185034,46.149444231817945],[12.624743685933227,46.149430795147595]]]},"properties":{"ndvi_class":"moderate","color":"#74c476","area_m2":2502}},{"type":"Feature","geometry":{"type":"Polygon","coordinates":[[[12.635732263706844,46.14965872187155],[12.635751553732279,46.149208438913305],[12.637044325780552,46.149235184015296],[12.637025046278973,46.149685467391436],[12.635732263706844,46.14965872187155]]]},"properties":{"ndvi_class":"moderate","color":"#74c476","area_m2":5003}},{"type":"Feature","geometry":{"type":"Polygon","coordinates":[[[12.644781780139242,46.14984563373334],[12.644800996496548,46.14939534785461],[12.645447388692295,46.149408671102655],[12.645428177597102,46.149858957189544],[12.644781780139242,46.14984563373334]]]},"properties":{"ndvi_class":"moderate","color":"#74c476","area_m2":2502}},{"type":"Feature","geometry":{"type":"Polygon","coordinates":[[[12.646074575511227,46.149872276993584],[12.646093781344296,46.149421990698556],[12.646740174452422,46.149435306642346],[12.646720973881491,46.14988559314543],[12.646074575511227,46.149872276993584]]]},"properties":{"ndvi_class":"moderate","color":"#74c476","area_m2":2502}},{"type":"Feature","geometry":{"type":"Polygon","coordinates":[[[12.651892177249684,46.14999199088083],[12.65191133572303,46.14954170271527],[12.652557732930687,46.149554985789614],[12.6525385797196,46.15000527416272],[12.651892177249684,46.14999199088083]]]},"properties":{"ndvi_class":"sparse","color":"#c7e9c0","area_m2":2502}},{"type":"Feature","geometry":{"type":"Polygon","coordinates":[[[12.657063409739028,46.15009815487261],[12.657082526113927,46.14964786504823],[12.658375328254213,46.1496743691092],[12.65835622240406,46.15012465934772],[12.657063409739028,46.15009815487261]]]},"properties":{"ndvi_class":"dense","color":"#238b45","area_m2":5003}},{"type":"Feature","geometry":{"type":"Polygon","coordinates":[[[12.661588262005454,46.15019085661993],[12.661607341543506,46.149740565347074],[12.662253745561264,46.14975379363782],[12.662234671285674,46.15020408511737],[12.661588262005454,46.15019085661993]]]},"properties":{"ndvi_class":"moderate","color":"#74c476","area_m2":2502}},{"type":"Feature","geometry":{"type":"Polygon","coordinates":[[[12.653146685376198,46.150919130828214],[12.653204130593222,46.14956826521176],[12.65451606425007,46.14914452406225],[12.655124194146943,46.15005837076774],[12.654477789858204,46.15004510209488],[12.65379309928072,46.15093240722049],[12.653146685376198,46.150919130828214]]]},"properties":{"ndvi_class":"dense","color":"#238b45","area_m2":17511}},{"type":"Feature","geometry":{"type":"Polygon","coordinates":[[[12.625370694508463,46.149894511382904],[12.626055821849597,46.149007385019594],[12.626702200759825,46.14902081417618],[12.626721563988754,46.14857053410767],[12.628014312665455,46.14859738104559],[12.62799495995975,46.149047661533594],[12.627348580129917,46.149034239680866],[12.627309862809696,46.14993480011167],[12.625370694508463,46.149894511382904]]]},"properties":{"ndvi_class":"moderate","color":"#74c476","area_m2":17511}},{"type":"Feature","geometry":{"type":"Polygon","coordinates":[[[12.62411668787937,46.14896707563832],[12.624136072154588,46.14851679640945],[12.624782444422914,46.14853023631179],[12.624763065409248,46.14898051575065],[12.62411668787937,46.14896707563832]]]},"properties":{"ndvi_class":"moderate","color":"#74c476","area_m2":2502}},{"type":"Feature","geometry":{"type":"Polygon","coordinates":[[[12.635751553732279,46.149208438913305],[12.635770843297488,46.14875815591318],[12.637063604822156,46.148784900597285],[12.637044325780552,46.149235184015296],[12.635751553732279,46.149208438913305]]]},"properties":{"ndvi_class":"sparse","color":"#c7e9c0","area_m2":5003}},{"type":"Feature","geometry":{"type":"Polygon","coordinates":[[[12.637044325780552,46.149235184015296],[12.637063604822156,46.148784900597285],[12.637709986271343,46.14879826746138],[12.63769071249156,46.14924855108825],[12.637044325780552,46.149235184015296]]]},"properties":{"ndvi_class":"moderate","color":"#74c476","area_m2":2502}},{"type":"Feature","geometry":{"type":"Polygon","coordinates":[[[12.65514332630886,46.149608081564985],[12.65516245801431,46.14915779232046],[12.655808852232916,46.1491710569265],[12.655789725789667,46.1496213463783],[12.65514332630886,46.149608081564985]]]},"properties":{"ndvi_class":"sparse","color":"#c7e9c0","area_m2":2502}},{"type":"Feature","geometry":{"type":"Polygon","coordinates":[[[12.653223278085195,46.149117976589366],[12.653242425120336,46.14866768792518],[12.65453520076113,46.14869423498326],[12.65451606425007,46.14914452406225],[12.653223278085195,46.149117976589366]]]},"properties":{"ndvi_class":"sparse","color":"#c7e9c0","area_m2":5003}},{"type":"Feature","geometry":{"type":"Polygon","coordinates":[[[12.598947502993733,46.14753952081259],[12.598967091524125,46.147089249733924],[12.599613435224697,46.14710283162862],[12.59959385195507,46.14755310291949],[12.598947502993733,46.14753952081259]]]},"properties":{"ndvi_class":"sparse","color":"#c7e9c0","area_m2":2502}},{"type":"Feature","geometry":{"type":"Polygon","coordinates":[[[12.634497383233553,46.14828111399734],[12.634516682401406,46.14783083133157],[12.63580942104729,46.14785758978731],[12.635790132402487,46.14830787287118],[12.634497383233553,46.14828111399734]]]},"properties":{"ndvi_class":"sparse","color":"#c7e9c0","area_m2":5003}},{"type":"Feature","geometry":{"type":"Polygon","coordinates":[[[12.642253905712883,46.148441448125006],[12.64227314174162,46.147991162954014],[12.642919516325698,46.14800450018527],[12.64290028555864,46.14845478556463],[12.642253905712883,46.148441448125006]]]},"properties":{"ndvi_class":"sparse","color":"#c7e9c0","area_m2":2502}},{"type":"Feature","geometry":{"type":"Polygon","coordinates":[[[12.655181589263307,46.14870750303415],[12.655200720055864,46.14825721370607],[12.655847103750446,46.14827047789758],[12.655827978219838,46.14872076743293],[12.655181589263307,46.14870750303415]]]},"properties":{"ndvi_class":"dense","color":"#238b45","area_m2":2502}},{"type":"Feature","geometry":{"type":"Polygon","coordinates":[[[12.662938286693393,46.14886643477866],[12.66295735434166,46.14841614296725],[12.663603743478605,46.14842936333367],[12.663584681092448,46.14887965535165],[12.662938286693393,46.14886643477866]]]},"properties":{"ndvi_class":"moderate","color":"#74c476","area_m2":2502}},{"type":"Feature","geometry":{"type":"Polygon","coordinates":[[[12.575013135869757,46.14748467904098],[12.575072485377031,46.14613388948068],[12.576365128137828,46.14616131938939],[12.575679251176766,46.14704813310499],[12.57761824899225,46.14708926282306],[12.577598486392805,46.14753952682456],[12.575013135869757,46.14748467904098]]]},"properties":{"ndvi_class":"moderate","color":"#74c476","area_m2":17511}},{"type":"Feature","geometry":{"type":"Polygon","coordinates":[[[12.641626767614376,46.14797782207086],[12.641646008445724,46.14752753706647],[12.642292377311428,46.147540877741186],[12.64227314174162,46.147991162954014],[12.641626767614376,46.14797782207086]]]},"properties":{"ndvi_class":"sparse","color":"#c7e9c0","area_m2":2502}},{"type":"Feature","geometry":{"type":"Polygon","coordinates":[[[12.642919516325698,46.14800450018527],[12.64293874663395,46.147554214764035],[12.643585116413169,46.14756754813504],[12.643565891366485,46.14801783376459],[12.642919516325698,46.14800450018527]]]},"properties":{"ndvi_class":"dense","color":"#238b45","area_m2":2502}},{"type":"Feature","geometry":{"type":"Polygon","coordinates":[[[12.651968808400566,46.148190837967825],[12.651987965045622,46.14774054963506],[12.652634341205493,46.147753831879236],[12.652615189822196,46.14820412041952],[12.651968808400566,46.148190837967825]]]},"properties":{"ndvi_class":"sparse","color":"#c7e9c0","area_m2":2502}},{"type":"Feature","geometry":{"type":"Polygon","coordinates":[[[12.658432643069682,46.14832349814308],[12.658451747096555,46.147873207737504],[12.659098127799078,46.14788645346171],[12.659079029034096,46.148336744074264],[12.658432643069682,46.14832349814308]]]},"properties":{"ndvi_class":"sparse","color":"#c7e9c0","area_m2":2502}},{"type":"Feature","geometry":{"type":"Polygon","coordinates":[[[12.573621485534066,46.149708546186844],[12.573014726809658,46.14879429211486],[12.57236837598164,46.14878055944305],[12.572447597546343,46.14697951054952],[12.571801268230686,46.14696577508469],[12.571761647872576,46.14786629918666],[12.568529955749968,46.14779756494634],[12.568569628711401,46.14689704299217],[12.567923302220215,46.14688328562005],[12.567316668308907,46.145969003333505],[12.568609299779961,46.145996520869055],[12.568629134604448,46.14554625974414],[12.571214382158358,46.145601250142995],[12.571194568373421,46.14605151212708],[12.571840886698425,46.146065250813834],[12.571860695223439,46.14561498861509],[12.574445952186434,46.1456699059928],[12.574386588314667,46.14702069503658],[12.573740257588456,46.147006970525474],[12.573700668792677,46.147907495914765],[12.574973567171693,46.14838520520351],[12.574933996585596,46.149285731197224],[12.573621485534066,46.149708546186844]]]},"properties":{"ndvi_class":"moderate","color":"#74c476","area_m2":135088}},{"type":"Feature","geometry":{"type":"Polygon","coordinates":[[[12.598320748288739,46.14707566418777],[12.598359934468707,46.14617512232874],[12.599006267182961,46.14618870745037],[12.598967091524125,46.147089249733924],[12.598320748288739,46.14707566418777]]]},"properties":{"ndvi_class":"sparse","color":"#c7e9c0","area_m2":5003}},{"type":"Feature","geometry":{"type":"Polygon","coordinates":[[[12.633166015134186,46.149154904885144],[12.633204635897993,46.14825434051593],[12.634516682401406,46.14783083133157],[12.634555279355824,46.146930265874346],[12.635201637927004,46.14694364650999],[12.63518234494127,46.147393929468606],[12.637121439187265,46.147434050092016],[12.637063604822156,46.148784900597285],[12.635770843297488,46.14875815591318],[12.635751553732279,46.149208438913305],[12.633166015134186,46.149154904885144]],[[12.634497383233553,46.14828111399734],[12.635790132402487,46.14830787287118],[12.63580942104729,46.14785758978731],[12.634516682401406,46.14783083133157],[12.634497383233553,46.14828111399734]]]},"properties":{"ndvi_class":"moderate","color":"#74c476","area_m2":45029}},{"type":"Feature","geometry":{"type":"Polygon","coordinates":[[[12.571194568373421,46.14605151212708],[12.571214382158358,46.145601250142995],[12.571860695223439,46.14561498861509],[12.571840886698425,46.146065250813834],[12.571194568373421,46.14605151212708]]]},"properties":{"ndvi_class":"sparse","color":"#c7e9c0","area_m2":2502}},{"type":"Feature","geometry":{"type":"Polygon","coordinates":[[[12.660390890564734,46.14791293395403],[12.66040997835048,46.14746264288599],[12.661056355151556,46.14747587744729],[12.66103727262762,46.14792616872213],[12.660390890564734,46.14791293395403]]]},"properties":{"ndvi_class":"very_dense","color":"#00441b","area_m2":2502}},{"type":"Feature","geometry":{"type":"Polygon","coordinates":[[[12.67590418490625,46.14822956040849],[12.675923146404928,46.147779264393094],[12.676569534048198,46.14779241130467],[12.676550577811645,46.148242707525505],[12.67590418490625,46.14822956040849]]]},"properties":{"ndvi_class":"moderate","color":"#74c476","area_m2":2502}},{"type":"Feature","geometry":{"type":"Polygon","coordinates":[[[12.676550577811645,46.148242707525505],[12.676569534048198,46.14779241130467],[12.677215922141666,46.14780555456411],[12.677196971167254,46.1482558509903],[12.676550577811645,46.148242707525505]]]},"properties":{"ndvi_class":"sparse","color":"#c7e9c0","area_m2":2502}},{"type":"Feature","geometry":{"type":"Polygon","coordinates":[[[12.660750980126785,46.154680532835044],[12.660770069481417,46.15423024218642],[12.660123613740076,46.15421700452285],[12.660161801609924,46.15331642351406],[12.661454692491976,46.1533428943611],[12.661473775216901,46.15289260338046],[12.662120216074513,46.15290583311816],[12.662158369632154,46.15200525061819],[12.663470297224004,46.15158140658315],[12.663508426999575,46.15068082300625],[12.664820312935534,46.15025696258357],[12.664858418932178,46.149356377930275],[12.666170263214756,46.14893250112162],[12.666227385864612,46.14758162246531],[12.670124686298772,46.14721048363729],[12.670105677895059,46.14766077784298],[12.670752061480922,46.14767395762366],[12.670714053837067,46.14857454632183],[12.670067659727062,46.14856136612927],[12.670029639744888,46.14946195424875],[12.670676044379535,46.149475134853205],[12.670657038970605,46.14992542905635],[12.670010629073449,46.14991224824594],[12.669953594337569,46.15126312998729],[12.670600020023004,46.15127631141558],[12.67056200512379,46.15217689944657],[12.669915568912211,46.15216371760635],[12.669877541672243,46.153064305058614],[12.669231095385625,46.15305111915366],[12.66921207582163,46.1535014126112],[12.667900143531737,46.15392532243434],[12.667862081079441,46.15482590831635],[12.667215615093806,46.15481271062826],[12.667310794136878,46.15256124664145],[12.666017916157843,46.152534842369356],[12.66599887073099,46.152985134837564],[12.664059541365472,46.15294550041506],[12.664040479693975,46.153395792222256],[12.664686927626644,46.15340900755563],[12.664648813446336,46.154309591457796],[12.663355896979454,46.15428315631216],[12.66339403221405,46.1533825732361],[12.662101138612925,46.153356124305525],[12.662062982324148,46.15425670655502],[12.660750980126785,46.154680532835044]],[[12.66411672365117,46.15159462474312],[12.664763150531028,46.151607839250545],[12.665447676062056,46.15072046528965],[12.664154842901116,46.15069404075314],[12.66411672365117,46.15159462474312]]]},"properties":{"ndvi_class":"dense","color":"#238b45","area_m2":325211}},{"type":"Feature","geometry":{"type":"Polygon","coordinates":[[[12.578244825197192,46.14755322964211],[12.578264582536201,46.1471029654265],[12.57761824899225,46.14708926282306],[12.577697294675511,46.14528820639512],[12.57963623359315,46.145329300683194],[12.579596743254474,46.14622983026568],[12.580243067685032,46.146243521487364],[12.580849921402637,46.1471577393272],[12.578910916549342,46.14711666437863],[12.578891164470782,46.14756692880829],[12.578244825197192,46.14755322964211]]]},"properties":{"ndvi_class":"moderate","color":"#74c476","area_m2":40026}},{"type":"Feature","geometry":{"type":"Polygon","coordinates":[[[12.656474367630599,46.14873402817961],[12.65653172706802,46.147383158826656],[12.657178101147327,46.14739641529978],[12.657197214785885,46.1469461252248],[12.659136323962068,46.14698587211139],[12.658451747096555,46.147873207737504],[12.657805366847738,46.147859958361266],[12.657786257558985,46.14831024855981],[12.65713987250213,46.14829699532447],[12.657120757495465,46.148747285274155],[12.656474367630599,46.14873402817961]]]},"properties":{"ndvi_class":"sparse","color":"#c7e9c0","area_m2":22515}},{"type":"Feature","geometry":{"type":"Polygon","coordinates":[[[12.600925696302001,46.14667971270639],[12.60096483946343,46.145779169065825],[12.601611168777136,46.14579273936998],[12.601572036136698,46.14669328343461],[12.600925696302001,46.14667971270639]]]},"properties":{"ndvi_class":"dense","color":"#238b45","area_m2":5003}},{"type":"Feature","geometry":{"type":"Polygon","coordinates":[[[12.599006267182961,46.14618870745037],[12.599025854311433,46.145738436245495],[12.599672182230453,46.145752017503575],[12.599652600362374,46.14620228892065],[12.599006267182961,46.14618870745037]]]},"properties":{"ndvi_class":"sparse","color":"#c7e9c0","area_m2":2502}},{"type":"Feature","geometry":{"type":"Polygon","coordinates":[[[12.641665248818033,46.14707725202025],[12.64168448873131,46.14662696693219],[12.642977205874088,46.14665364379608],[12.642957976483409,46.14710392930098],[12.641665248818033,46.14707725202025]]]},"properties":{"ndvi_class":"dense","color":"#238b45","area_m2":5003}},{"type":"Feature","geometry":{"type":"Polygon","coordinates":[[[12.64489707140628,46.147143917833496],[12.644916285012965,46.14669363170378],[12.64556264563868,46.146706953702804],[12.645543437293355,46.147157240040684],[12.64489707140628,46.147143917833496]]]},"properties":{"ndvi_class":"moderate","color":"#74c476","area_m2":2502}},{"type":"Feature","geometry":{"type":"Polygon","coordinates":[[[12.653299863484932,46.1473168216819],[12.653319008692895,46.14686653285056],[12.653965375239101,46.14687980737595],[12.653946235292672,46.147330096414706],[12.653299863484932,46.1473168216819]]]},"properties":{"ndvi_class":"sparse","color":"#c7e9c0","area_m2":2502}},{"type":"Feature","geometry":{"type":"Polygon","coordinates":[[[12.672044830006488,46.14770030622871],[12.672063822624514,46.14725001140539],[12.672710202302046,46.147263180023984],[12.672691214945942,46.14771347505308],[12.672044830006488,46.14770030622871]]]},"properties":{"ndvi_class":"dense","color":"#238b45","area_m2":2502}},{"type":"Feature","geometry":{"type":"Polygon","coordinates":[[[12.586040315367455,46.14681684504197],[12.586060008640478,46.14636657817736],[12.58670633775329,46.146380232886656],[12.586765398973203,46.14502943140001],[12.588058027040498,46.14505672858524],[12.587332984581364,46.14684415123593],[12.586040315367455,46.14681684504197]]]},"properties":{"ndvi_class":"sparse","color":"#c7e9c0","area_m2":17511}},{"type":"Feature","geometry":{"type":"Polygon","coordinates":[[[12.622920903565227,46.146688789995],[12.622959688072266,46.145788231916164],[12.623606027853244,46.145801677861584],[12.62356725386788,46.146702236360575],[12.622920903565227,46.146688789995]]]},"properties":{"ndvi_class":"moderate","color":"#74c476","area_m2":5003}},{"type":"Feature","geometry":{"type":"Polygon","coordinates":[[[12.677215922141666,46.14780555456411],[12.677253822734082,46.14690496158671],[12.67790020075369,46.14691810078335],[12.677862310685207,46.14781869417137],[12.677215922141666,46.14780555456411]]]},"properties":{"ndvi_class":"sparse","color":"#c7e9c0","area_m2":5003}},{"type":"Feature","geometry":{"type":"Polygon","coordinates":[[[12.644269924843545,46.146680306052986],[12.64428914325306,46.14623002008965],[12.64493549816126,46.14624334553224],[12.644916285012965,46.14669363170378],[12.644269924843545,46.146680306052986]]]},"properties":{"ndvi_class":"very_dense","color":"#00441b","area_m2":2502}},{"type":"Feature","geometry":{"type":"Polygon","coordinates":[[[12.655904477604519,46.1469196090409],[12.655923601310006,46.14646931933848],[12.6565699644122,46.14648257904916],[12.656550845968175,46.14693286895879],[12.655904477604519,46.1469196090409]]]},"properties":{"ndvi_class":"sparse","color":"#c7e9c0","area_m2":2502}},{"type":"Feature","geometry":{"type":"Polygon","coordinates":[[[12.67310977987694,46.15313017979166],[12.67314775448341,46.152229590280776],[12.672501316466759,46.15221642305125],[12.672520308353636,46.151766128439036],[12.671227444200039,46.15173978343359],[12.671246446159866,46.15128948919132],[12.670600020023004,46.15127631141558],[12.670638033108215,46.15037572321779],[12.671284448719407,46.15038890058172],[12.671322449465555,46.14948831180535],[12.672634250159476,46.14906435989026],[12.672691214945942,46.14771347505308],[12.673983986177568,46.14773980174547],[12.674668315157371,46.1468523682797],[12.67531469137604,46.146865522084504],[12.67533365677933,46.14641522614955],[12.67598002818668,46.14642837609685],[12.675961068045133,46.146878672237264],[12.67660744516452,46.146891818738005],[12.676569534048198,46.14779241130467],[12.675923146404928,46.147779264393094],[12.676531621122813,46.14869300370468],[12.675885222955163,46.14867985638224],[12.675828334387349,46.1500307440534],[12.67518192088258,46.15001759246222],[12.675162951859003,46.150467888063766],[12.674516533542022,46.15045473261459],[12.674478583611235,46.15135532328154],[12.673832155219102,46.151342163768646],[12.673756228871326,46.15314334377988],[12.67310977987694,46.15313017979166]],[[12.672520308353636,46.151766128439036],[12.673166741107096,46.15177929546283],[12.673185727277772,46.15132900060316],[12.672539299787376,46.15131583378513],[12.672520308353636,46.151766128439036]]]},"properties":{"ndvi_class":"sparse","color":"#c7e9c0","area_m2":155101}},{"type":"Feature","geometry":{"type":"Polygon","coordinates":[[[12.664307301712387,46.14709170312404],[12.664345411868617,46.146191118299456],[12.664991775602065,46.14620433032935],[12.664953675968984,46.14710491556682],[12.664307301712387,46.14709170312404]]]},"properties":{"ndvi_class":"moderate","color":"#74c476","area_m2":5003}},{"type":"Feature","geometry":{"type":"Polygon","coordinates":[[[12.630715795802667,46.145949342261055],[12.630735124233558,46.14549906064141],[12.63138146427024,46.14551246255906],[12.63136214110016,46.14596274438809],[12.630715795802667,46.145949342261055]]]},"properties":{"ndvi_class":"moderate","color":"#74c476","area_m2":2502}},{"type":"Feature","geometry":{"type":"Polygon","coordinates":[[[12.584081605530251,46.14722612454813],[12.584160440806064,46.145425059566996],[12.583514124084905,46.1454113906798],[12.583553549421552,46.14451085836344],[12.585492469429616,46.14455185279058],[12.585512165613451,46.14410158592868],[12.586158467958713,46.14411524322227],[12.586099393777106,46.14546604432175],[12.584806757995235,46.14543872480306],[12.584787055141629,46.14588899132507],[12.585433378058772,46.14590265312345],[12.585374282458629,46.14725345307703],[12.584081605530251,46.14722612454813]]]},"properties":{"ndvi_class":"dense","color":"#238b45","area_m2":40026}},{"type":"Feature","geometry":{"type":"Polygon","coordinates":[[[12.617769552305706,46.14613081027759],[12.61780842005785,46.14523025548041],[12.618454750890645,46.14524373042698],[12.618474178810864,46.144793452754904],[12.619766831339598,46.144820391272965],[12.619081659061656,46.14570747956277],[12.61843532250693,46.145694008057106],[12.618415893659705,46.14614428564524],[12.617769552305706,46.14613081027759]]]},"properties":{"ndvi_class":"moderate","color":"#74c476","area_m2":12508}},{"type":"Feature","geometry":{"type":"Polygon","coordinates":[[[12.640411023392756,46.14614999074847],[12.64043027291006,46.14569970599375],[12.641742205717104,46.1452761114169],[12.64170372818557,46.14617668180227],[12.640411023392756,46.14614999074847]]]},"properties":{"ndvi_class":"dense","color":"#238b45","area_m2":7505}},{"type":"Feature","geometry":{"type":"Polygon","coordinates":[[[12.67790020075369,46.14691810078335],[12.677938089014221,46.146017507228706],[12.678584456960293,46.14603064236281],[12.678546579223221,46.14693123632796],[12.67790020075369,46.14691810078335]]]},"properties":{"ndvi_class":"sparse","color":"#c7e9c0","area_m2":5003}},{"type":"Feature","geometry":{"type":"Polygon","coordinates":[[[12.623625414152158,46.14535139854916],[12.623644799988579,46.14490111919481],[12.624937459889175,46.144927999291134],[12.624918084573842,46.14537827906548],[12.623625414152158,46.14535139854916]]]},"properties":{"ndvi_class":"moderate","color":"#74c476","area_m2":5003}},{"type":"Feature","geometry":{"type":"Polygon","coordinates":[[[12.602316178234746,46.144455488974536],[12.602335737194592,46.144005216541],[12.602982046396875,46.14401877869487],[12.60296249269699,46.144469051340316],[12.602316178234746,46.144455488974536]]]},"properties":{"ndvi_class":"moderate","color":"#74c476","area_m2":2502}},{"type":"Feature","geometry":{"type":"Polygon","coordinates":[[[12.62170581359075,46.144860771665],[12.621725214745842,46.14441049289911],[12.62237153782417,46.14442394551689],[12.62235214192945,46.14487422449297],[12.62170581359075,46.144860771665]]]},"properties":{"ndvi_class":"moderate","color":"#74c476","area_m2":2502}},{"type":"Feature","geometry":{"type":"Polygon","coordinates":[[[12.636571481696217,46.14516926290095],[12.636590761859352,46.14471897931498],[12.638529764154464,46.144759074268514],[12.638510499773414,46.14520935848096],[12.636571481696217,46.14516926290095]]]},"properties":{"ndvi_class":"moderate","color":"#74c476","area_m2":7505}},{"type":"Feature","geometry":{"type":"Polygon","coordinates":[[[12.649498346553825,46.14543594600168],[12.64951752150074,46.14498565824882],[12.65016386427247,46.14499895385426],[12.650144694586505,46.145449241814866],[12.649498346553825,46.14543594600168]]]},"properties":{"ndvi_class":"moderate","color":"#74c476","area_m2":2502}},{"type":"Feature","geometry":{"type":"Polygon","coordinates":[[[12.655315495226741,46.14555547686021],[12.6553346228246,46.14510518723969],[12.655980969689038,46.14511844998052],[12.65596184735225,46.14556873980827],[12.655315495226741,46.14555547686021]]]},"properties":{"ndvi_class":"sparse","color":"#c7e9c0","area_m2":2502}},{"type":"Feature","geometry":{"type":"Polygon","coordinates":[[[12.658547260394394,46.145621755083276],[12.658566361686752,46.145171464427165],[12.659859060407848,46.1451979497404],[12.659839969637785,46.14564824081037],[12.658547260394394,46.145621755083276]]]},"properties":{"ndvi_class":"dense","color":"#238b45","area_m2":5003}},{"type":"Feature","geometry":{"type":"Polygon","coordinates":[[[12.660486324939624,46.14566147819629],[12.66050541044852,46.1452111869195],[12.661798111889485,46.145237650322535],[12.661779036902967,46.14568794201282],[12.660486324939624,46.14566147819629]]]},"properties":{"ndvi_class":"sparse","color":"#c7e9c0","area_m2":5003}},{"type":"Feature","geometry":{"type":"Polygon","coordinates":[[[12.665657183661327,46.14576724581967],[12.6656762270804,46.14531695289023],[12.666968935763386,46.14534335786549],[12.666949902866902,46.14579365120751],[12.665657183661327,46.14576724581967]]]},"properties":{"ndvi_class":"sparse","color":"#c7e9c0","area_m2":5003}},{"type":"Feature","geometry":{"type":"Polygon","coordinates":[[[12.678584456960293,46.14603064236281],[12.678603395151068,46.14558034531776],[12.679249758285358,46.14559347659473],[12.67923082535614,46.14604377384498],[12.678584456960293,46.14603064236281]]]},"properties":{"ndvi_class":"sparse","color":"#c7e9c0","area_m2":2502}},{"type":"Feature","geometry":{"type":"Polygon","coordinates":[[[12.602982046396875,46.14401877869487],[12.603001599630288,46.14356850600737],[12.603647904037063,46.14358206429829],[12.6036283560635,46.14403233719765],[12.602982046396875,46.14401877869487]]]},"properties":{"ndvi_class":"moderate","color":"#74c476","area_m2":2502}},{"type":"Feature","geometry":{"type":"Polygon","coordinates":[[[12.607506223807448,46.14411361154071],[12.607525740221632,46.1436633373715],[12.608172047875216,46.143676870104905],[12.608152536720976,46.14412714448556],[12.607506223807448,46.14411361154071]]]},"properties":{"ndvi_class":"moderate","color":"#74c476","area_m2":2502}},{"type":"Feature","geometry":{"type":"Polygon","coordinates":[[[12.659859060407848,46.1451979497404],[12.659878150722456,46.14474765862868],[12.660524495502086,46.14476089560093],[12.66050541044852,46.1452111869195],[12.659859060407848,46.1451979497404]]]},"properties":{"ndvi_class":"dense","color":"#238b45","area_m2":2502}},{"type":"Feature","geometry":{"type":"Polygon","coordinates":[[[12.661779036902967,46.14568794201282],[12.661798111889485,46.145237650322535],[12.66050541044852,46.1452111869195],[12.660524495502086,46.14476089560093],[12.662463532559892,46.14480058460776],[12.66242539356422,46.14570116844344],[12.661779036902967,46.14568794201282]]]},"properties":{"ndvi_class":"moderate","color":"#74c476","area_m2":10006}},{"type":"Feature","geometry":{"type":"Polygon","coordinates":[[[12.676626400044317,46.14644152239217],[12.676645354471887,46.14599122600468],[12.67535262173014,46.14596493017295],[12.675409513867852,46.14461404199306],[12.676055864229502,46.14462719111848],[12.676036905897277,46.14507748742558],[12.677975975466904,46.14511691350741],[12.677938089014221,46.146017507228706],[12.676626400044317,46.14644152239217]]]},"properties":{"ndvi_class":"sparse","color":"#c7e9c0","area_m2":25016}},{"type":"Feature","geometry":{"type":"Polygon","coordinates":[[[12.61657408948959,46.143852463386374],[12.616593531799477,46.143402186220136],[12.617239840668349,46.14341566762685],[12.617220403618472,46.143865945003725],[12.61657408948959,46.143852463386374]]]},"properties":{"ndvi_class":"moderate","color":"#74c476","area_m2":2502}},{"type":"Feature","geometry":{"type":"Polygon","coordinates":[[[12.672805132287774,46.145011704253186],[12.672824116926055,46.14456140897397],[12.673470465485536,46.14457457270633],[12.673451486108437,46.145024868191236],[12.672805132287774,46.145011704253186]]]},"properties":{"ndvi_class":"moderate","color":"#74c476","area_m2":2502}},{"type":"Feature","geometry":{"type":"Polygon","coordinates":[[[12.601669864236984,46.14444192295759],[12.601728555496202,46.143091106166665],[12.603021152397238,46.14311823327782],[12.603040704697747,46.14266796050623],[12.6036869985852,46.142681518373486],[12.603647904037063,46.14358206429829],[12.602335737194592,46.144005216541],[12.602316178234746,46.144455488974536],[12.601669864236984,46.14444192295759]]]},"properties":{"ndvi_class":"sparse","color":"#c7e9c0","area_m2":17511}},{"type":"Feature","geometry":{"type":"Polygon","coordinates":[[[12.609464664572254,46.1437039246184],[12.609503664445265,46.14280337488562],[12.610149962968874,46.14281689624315],[12.610110973615457,46.143717446398476],[12.609464664572254,46.1437039246184]]]},"properties":{"ndvi_class":"dense","color":"#238b45","area_m2":5003}},{"type":"Feature","geometry":{"type":"Polygon","coordinates":[[[12.639195357828838,46.14432214748704],[12.639233873772232,46.14342157843541],[12.639880193461648,46.143434931839536],[12.640488018706588,46.14434885147847],[12.639195357828838,46.14432214748704]]]},"properties":{"ndvi_class":"dense","color":"#238b45","area_m2":7505}},{"type":"Feature","geometry":{"type":"Polygon","coordinates":[[[12.67862233289002,46.14513004823104],[12.678660207012507,46.144229453932645],[12.679306554362885,46.14424258459409],[12.679268690762882,46.14514317930284],[12.67862233289002,46.14513004823104]]]},"properties":{"ndvi_class":"sparse","color":"#c7e9c0","area_m2":5003}},{"type":"Feature","geometry":{"type":"Polygon","coordinates":[[[12.601728555496202,46.143091106166665],[12.601748118315863,46.14264083381892],[12.603040704697747,46.14266796050623],[12.603021152397238,46.14311823327782],[12.601728555496202,46.143091106166665]]]},"properties":{"ndvi_class":"moderate","color":"#74c476","area_m2":5003}},{"type":"Feature","geometry":{"type":"Polygon","coordinates":[[[12.634044032906601,46.14376490263119],[12.634063332730982,46.14331461975568],[12.63470964875833,46.14332800237012],[12.634690354194202,46.14377828545474],[12.634044032906601,46.14376490263119]]]},"properties":{"ndvi_class":"dense","color":"#238b45","area_m2":2502}},{"type":"Feature","geometry":{"type":"Polygon","coordinates":[[[12.588802688854265,46.14281903184914],[12.589488302786338,46.141932133586586],[12.590780860956704,46.141959398580674],[12.590095267127907,46.14284630499692],[12.588802688854265,46.14281903184914]]]},"properties":{"ndvi_class":"moderate","color":"#74c476","area_m2":10006}},{"type":"Feature","geometry":{"type":"Polygon","coordinates":[[[12.676055864229502,46.14462719111848],[12.676093779537077,46.143726598379295],[12.67674011982683,46.14373974344217],[12.676702215041383,46.144640336592175],[12.676055864229502,46.14462719111848]]]},"properties":{"ndvi_class":"sparse","color":"#c7e9c0","area_m2":5003}},{"type":"Feature","geometry":{"type":"Polygon","coordinates":[[[12.596538581121127,46.14343272229154],[12.596577791380287,46.14253218103343],[12.595285214299366,46.142504981328266],[12.595304829246047,46.14205471106104],[12.597889964232758,46.14210909501819],[12.597831181102352,46.14345990824276],[12.596538581121127,46.14343272229154]]]},"properties":{"ndvi_class":"dense","color":"#238b45","area_m2":20013}},{"type":"Feature","geometry":{"type":"Polygon","coordinates":[[[12.630812433346085,46.14369793374386],[12.630831759471526,46.14324765191471],[12.629539133379469,46.143220839219715],[12.629558469563941,46.14277055776759],[12.631497393610365,46.14281077070494],[12.631458752340775,46.14371133482391],[12.630812433346085,46.14369793374386]]]},"properties":{"ndvi_class":"sparse","color":"#c7e9c0","area_m2":10006}},{"type":"Feature","geometry":{"type":"Polygon","coordinates":[[[12.654745672252487,46.14374105235683],[12.654764803285662,46.14329076277648],[12.655411128652863,46.14330402833981],[12.655392002880248,46.14375431812745],[12.654745672252487,46.14374105235683]]]},"properties":{"ndvi_class":"sparse","color":"#c7e9c0","area_m2":2502}},{"type":"Feature","geometry":{"type":"Polygon","coordinates":[[[12.658604562904365,46.14427088298962],[12.658623662829648,46.14382059220822],[12.657977329932104,46.14380734469506],[12.658015538936812,46.14290676342095],[12.658661861313231,46.14292001052012],[12.658642762299264,46.143370301385055],[12.660581747930939,46.14341002139477],[12.660562664243283,46.14386031283858],[12.659269996180775,46.14383383606986],[12.659250901516259,46.1442841270582],[12.658604562904365,46.14427088298962]]]},"properties":{"ndvi_class":"dense","color":"#238b45","area_m2":15010}},{"type":"Feature","geometry":{"type":"Polygon","coordinates":[[[12.614693522750661,46.14246116689936],[12.614712979447964,46.142010890239426],[12.61535927115221,46.1420243819671],[12.615339819714503,46.14247465883783],[12.614693522750661,46.14246116689936]]]},"properties":{"ndvi_class":"dense","color":"#238b45","area_m2":2502}},{"type":"Feature","geometry":{"type":"Polygon","coordinates":[[[12.619217611193493,46.14255553379727],[12.619237031073347,46.14210525566291],[12.619883326008319,46.14211872183379],[12.619863911388151,46.14256900017856],[12.619217611193493,46.14255553379727]]]},"properties":{"ndvi_class":"moderate","color":"#74c476","area_m2":2502}},{"type":"Feature","geometry":{"type":"Polygon","coordinates":[[[12.652730091268554,46.14550238855099],[12.652122048764689,46.14458853013566],[12.651475709888471,46.14457524569261],[12.65151402593115,46.14367466873177],[12.652160354286007,46.143687952759684],[12.652179506361284,46.14323766400901],[12.650886860627494,46.14321109271691],[12.650906022766588,46.142760804339616],[12.653491295011941,46.14281393148812],[12.653414727881568,46.144615088067084],[12.654726540762898,46.1441913418954],[12.654688276414413,46.14509192084722],[12.653395584957275,46.14506537710734],[12.653376441576274,46.14551566610583],[12.652730091268554,46.14550238855099]]]},"properties":{"ndvi_class":"dense","color":"#238b45","area_m2":45029}},{"type":"Feature","geometry":{"type":"Polygon","coordinates":[[[12.65411847837278,46.14327749356171],[12.654137614209972,46.14282720414691],[12.654783933862436,46.14284047315434],[12.654764803285662,46.14329076277648],[12.65411847837278,46.14327749356171]]]},"properties":{"ndvi_class":"sparse","color":"#c7e9c0","area_m2":2502}},{"type":"Feature","geometry":{"type":"Polygon","coordinates":[[[12.654764803285662,46.14329076277648],[12.654783933862436,46.14284047315434],[12.655430253969202,46.14285373851041],[12.655411128652863,46.14330402833981],[12.654764803285662,46.14329076277648]]]},"properties":{"ndvi_class":"bare","color":"#d9d9d9","area_m2":2502}},{"type":"Feature","geometry":{"type":"Polygon","coordinates":[[[12.655411128652863,46.14330402833981],[12.655430253969202,46.14285373851041],[12.656076574530147,46.142867000215105],[12.656057454474256,46.14331729025172],[12.655411128652863,46.14330402833981]]]},"properties":{"ndvi_class":"sparse","color":"#c7e9c0","area_m2":2502}},{"type":"Feature","geometry":{"type":"Polygon","coordinates":[[[12.66122807738139,46.14342325409507],[12.661247155353216,46.14297296240275],[12.661893479996168,46.14298619124487],[12.661874407284909,46.14343648314389],[12.66122807738139,46.14342325409507]]]},"properties":{"ndvi_class":"sparse","color":"#c7e9c0","area_m2":2502}},{"type":"Feature","geometry":{"type":"Polygon","coordinates":[[[12.661874407284909,46.14343648314389],[12.661893479996168,46.14298619124487],[12.663186130640748,46.143012637974785],[12.663167068450665,46.14346293028704],[12.661874407284909,46.14343648314389]]]},"properties":{"ndvi_class":"moderate","color":"#74c476","area_m2":5003}},{"type":"Feature","geometry":{"type":"Polygon","coordinates":[[[12.679325485485396,46.14379228717723],[12.67934441615626,46.14334198971872],[12.679990753434224,46.14335511631823],[12.6799718280243,46.143805413981845],[12.679325485485396,46.14379228717723]]]},"properties":{"ndvi_class":"sparse","color":"#c7e9c0","area_m2":2502}},{"type":"Feature","geometry":{"type":"Polygon","coordinates":[[[12.588743682014464,46.14416983588676],[12.588802688854265,46.14281903184914],[12.590095267127907,46.14284630499692],[12.590114924617486,46.14239603647403],[12.590761209195257,46.14240966735867],[12.590780860956704,46.141959398580674],[12.59142714074193,46.14197302560159],[12.592112702074086,46.1410861104379],[12.594051514072893,46.14112695736737],[12.594012264546885,46.14202749717767],[12.592073420993685,46.14198664897175],[12.592053779750676,46.142436918175534],[12.591407494239695,46.14242329459251],[12.591348551920822,46.14377410131259],[12.589409650852607,46.14373320674185],[12.589389986696455,46.14418347492536],[12.588743682014464,46.14416983588676]]]},"properties":{"ndvi_class":"sparse","color":"#c7e9c0","area_m2":50032}},{"type":"Feature","geometry":{"type":"Polygon","coordinates":[[[12.611403593090612,46.143744479005264],[12.611442561404756,46.142843928005206],[12.612088861316781,46.14285743840969],[12.61210833951699,46.14240716263556],[12.612754634631905,46.14242066917799],[12.612793579119383,46.14152011708166],[12.613439864177735,46.14153361955117],[12.613381462528373,46.142884448265576],[12.612735161691361,46.142870945163146],[12.612696214416601,46.14377149700748],[12.611403593090612,46.143744479005264]]]},"properties":{"ndvi_class":"dense","color":"#238b45","area_m2":20013}},{"type":"Feature","geometry":{"type":"Polygon","coordinates":[[[12.636648599589043,46.14336812830582],[12.636706433179432,46.14201727691981],[12.63735273525864,46.142030644302544],[12.63729491744842,46.14338149631516],[12.636648599589043,46.14336812830582]]]},"properties":{"ndvi_class":"moderate","color":"#74c476","area_m2":7505}},{"type":"Feature","geometry":{"type":"Polygon","coordinates":[[[12.669953594337569,46.15126312998729],[12.670010629073449,46.14991224824594],[12.670657038970605,46.14992542905635],[12.670676044379535,46.149475134853205],[12.670029639744888,46.14946195424875],[12.670752061480922,46.14767395762366],[12.670105677895059,46.14766077784298],[12.670124686298772,46.14721048363729],[12.666227385864612,46.14758162246531],[12.666170263214756,46.14893250112162],[12.664858418932178,46.149356377930275],[12.664820312935534,46.15025696258357],[12.663508426999575,46.15068082300625],[12.66356561825148,46.1493299473279],[12.664877471248635,46.14890608554105],[12.665600050678009,46.14711812435762],[12.666246425839342,46.14713132949644],[12.666265465359814,46.14668103648584],[12.668204577771327,46.14672062937166],[12.66824262388054,46.14582004198803],[12.666949902866902,46.14579365120751],[12.666968935763386,46.14534335786549],[12.6656762270804,46.14531695289023],[12.665657183661327,46.14576724581967],[12.665010824736877,46.14575403764802],[12.665048921643118,46.144853452160184],[12.666341618899411,46.144879864026265],[12.66637969294402,46.14397927754616],[12.667026031728424,46.14399247758912],[12.667007000194133,46.14444277105629],[12.667653344691436,46.14445596765386],[12.667615290782944,46.14535655487547],[12.670847072656416,46.14542248514855],[12.670828071328023,46.14587277972696],[12.668888985065072,46.145833231900546],[12.668869967498859,46.14628352581931],[12.671417443398042,46.14723683913473],[12.672101806501193,46.14634942163365],[12.673375564071799,46.14682604971404],[12.673413525995796,46.145925459036015],[12.674059890789973,46.145938619733556],[12.674116814495745,46.14458773278697],[12.674763163956559,46.14460088921588],[12.674782132358697,46.1441505932781],[12.67413578815897,46.14413743705476],[12.674192706432748,46.142786549608026],[12.674839034849969,46.14279970521466],[12.674801100308306,46.14370029729862],[12.676093779537077,46.143726598379295],[12.676055864229502,46.14462719111848],[12.675409513867852,46.14461404199306],[12.67535262173014,46.14596493017295],[12.676645354471887,46.14599122600468],[12.676626400044317,46.14644152239217],[12.677938089014221,46.146017507228706],[12.67790020075369,46.14691810078335],[12.677253822734082,46.14690496158671],[12.677215922141666,46.14780555456411],[12.676569534048198,46.14779241130467],[12.67660744516452,46.146891818738005],[12.67533365677933,46.14641522614955],[12.67531469137604,46.146865522084504],[12.674668315157371,46.1468523682797],[12.673983986177568,46.14773980174547],[12.672691214945942,46.14771347505308],[12.672634250159476,46.14906435989026],[12.671322449465555,46.14948831180535],[12.671284448719407,46.15038890058172],[12.670638033108215,46.15037572321779],[12.670600020023004,46.15127631141558],[12.669953594337569,46.15126312998729]],[[12.672044830006488,46.14770030622871],[12.672691214945942,46.14771347505308],[12.672710202302046,46.147263180023984],[12.672063822624514,46.14725001140539],[12.672044830006488,46.14770030622871]]]},"properties":{"ndvi_class":"moderate","color":"#74c476","area_m2":240156}},{"type":"Feature","geometry":{"type":"Polygon","coordinates":[[[12.639253131054792,46.142971293846784],[12.639291644241702,46.142070724543984],[12.640584252517025,46.14209742644925],[12.639899445483973,46.142984647042276],[12.639253131054792,46.142971293846784]]]},"properties":{"ndvi_class":"sparse","color":"#c7e9c0","area_m2":7505}},{"type":"Feature","geometry":{"type":"Polygon","coordinates":[[[12.674801100308306,46.14370029729862],[12.674839034849969,46.14279970521466],[12.67613169303557,46.14282600547342],[12.676093779537077,46.143726598379295],[12.674801100308306,46.14370029729862]]]},"properties":{"ndvi_class":"dense","color":"#238b45","area_m2":10006}},{"type":"Feature","geometry":{"type":"Polygon","coordinates":[[[12.619883326008319,46.14211872183379],[12.619902740165335,46.141668443447074],[12.62054903030176,46.141681905756606],[12.620529621404323,46.14213218435366],[12.619883326008319,46.14211872183379]]]},"properties":{"ndvi_class":"moderate","color":"#74c476","area_m2":2502}},{"type":"Feature","geometry":{"type":"Polygon","coordinates":[[[12.63216301722709,46.14237388538339],[12.632182331449794,46.14192360300983],[12.632828630321924,46.14193699595023],[12.632809321359057,46.14238727853305],[12.63216301722709,46.14237388538339]]]},"properties":{"ndvi_class":"dense","color":"#238b45","area_m2":2502}},{"type":"Feature","geometry":{"type":"Polygon","coordinates":[[[12.643150249747421,46.14260107236917],[12.643169474551064,46.14215078644588],[12.643815781201221,46.14216411731709],[12.643796561657645,46.142614403448675],[12.643150249747421,46.14260107236917]]]},"properties":{"ndvi_class":"moderate","color":"#74c476","area_m2":2502}},{"type":"Feature","geometry":{"type":"Polygon","coordinates":[[[12.654137614209972,46.14282720414691],[12.654156749590651,46.14237691469034],[12.656095694129899,46.142416710136715],[12.656076574530147,46.142867000215105],[12.654137614209972,46.14282720414691]]]},"properties":{"ndvi_class":"moderate","color":"#74c476","area_m2":7505}},{"type":"Feature","geometry":{"type":"Polygon","coordinates":[[[12.657369217014077,46.14289351267038],[12.657388326093145,46.14244322217773],[12.658680959871557,46.14246971961345],[12.658661861313231,46.14292001052012],[12.657369217014077,46.14289351267038]]]},"properties":{"ndvi_class":"sparse","color":"#c7e9c0","area_m2":5003}},{"type":"Feature","geometry":{"type":"Polygon","coordinates":[[[12.659308184143203,46.14293325396789],[12.659327277441143,46.14248296285429],[12.661266232869906,46.142522670668704],[12.661247155353216,46.14297296240275],[12.659308184143203,46.14293325396789]]]},"properties":{"ndvi_class":"sparse","color":"#c7e9c0","area_m2":7505}},{"type":"Feature","geometry":{"type":"Polygon","coordinates":[[[12.663186130640748,46.143012637974785],[12.663205192376068,46.1425623456208],[12.664497834310403,46.14258877733194],[12.664478783096063,46.14303907009892],[12.663186130640748,46.143012637974785]]]},"properties":{"ndvi_class":"sparse","color":"#c7e9c0","area_m2":5003}},{"type":"Feature","geometry":{"type":"Polygon","coordinates":[[[12.665106063594218,46.14350257361549],[12.664497834310403,46.14258877733194],[12.665809518293482,46.14216490121597],[12.665771437361114,46.14306548761722],[12.666417765171982,46.143078690899166],[12.666398729285076,46.143528984243524],[12.665106063594218,46.14350257361549]]]},"properties":{"ndvi_class":"moderate","color":"#74c476","area_m2":12508}},{"type":"Feature","geometry":{"type":"Polygon","coordinates":[[[12.640584252517025,46.14209742644925],[12.640603497901667,46.14164714131785],[12.641249797465054,46.141660486585224],[12.641230557340299,46.142110771925154],[12.640584252517025,46.14209742644925]]]},"properties":{"ndvi_class":"sparse","color":"#c7e9c0","area_m2":2502}},{"type":"Feature","geometry":{"type":"Polygon","coordinates":[[[12.661266232869906,46.142522670668704],[12.661285309931472,46.1420723788929],[12.661931624053663,46.14208560732162],[12.661912552252414,46.142535899304114],[12.661266232869906,46.142522670668704]]]},"properties":{"ndvi_class":"sparse","color":"#c7e9c0","area_m2":2502}},{"type":"Feature","geometry":{"type":"Polygon","coordinates":[[[12.664497834310403,46.14258877733194],[12.664516885070245,46.14213848452321],[12.665163201455723,46.14215169469527],[12.665144155956265,46.1426019877104],[12.664497834310403,46.14258877733194]]]},"properties":{"ndvi_class":"sparse","color":"#c7e9c0","area_m2":2502}},{"type":"Feature","geometry":{"type":"Polygon","coordinates":[[[12.661247155353216,46.14297296240275],[12.661931624053663,46.14208560732162],[12.662577938628763,46.142098832099],[12.662597004714819,46.14164853986813],[12.663243314482479,46.141661760787606],[12.663186130640748,46.143012637974785],[12.661247155353216,46.14297296240275]]]},"properties":{"ndvi_class":"bare","color":"#d9d9d9","area_m2":15010}},{"type":"Feature","geometry":{"type":"Polygon","coordinates":[[[12.595324443724806,46.141604440751735],[12.595344057735657,46.141154170400355],[12.594051514072893,46.14112695736737],[12.594071138133677,46.14067668739906],[12.596009938549761,46.140717500834846],[12.596029546366037,46.140267230186765],[12.597322071787392,46.14029442046596],[12.597282876722652,46.14119496256971],[12.595990330265733,46.14116777144083],[12.59597072151394,46.14161804200472],[12.595324443724806,46.141604440751735]]]},"properties":{"ndvi_class":"sparse","color":"#c7e9c0","area_m2":20013}},{"type":"Feature","geometry":{"type":"Polygon","coordinates":[[[12.613439864177735,46.14153361955117],[12.613478796288685,46.1406330668649],[12.614125071290795,46.140646565261704],[12.614086149698355,46.14154711836979],[12.613439864177735,46.14153361955117]]]},"properties":{"ndvi_class":"dense","color":"#238b45","area_m2":5003}},{"type":"Feature","geometry":{"type":"Polygon","coordinates":[[[12.663205192376068,46.1425623456208],[12.663243314482479,46.141661760787606],[12.663889624702783,46.141674978055825],[12.663851513116962,46.14257556330206],[12.663205192376068,46.1425623456208]]]},"properties":{"ndvi_class":"water","color":"#2166ac","area_m2":5003}},{"type":"Feature","geometry":{"type":"Polygon","coordinates":[[[12.663851513116962,46.14257556330206],[12.663889624702783,46.141674978055825],[12.664535935375605,46.14168819167276],[12.664497834310403,46.14258877733194],[12.663851513116962,46.14257556330206]]]},"properties":{"ndvi_class":"bare","color":"#d9d9d9","area_m2":5003}},{"type":"Feature","geometry":{"type":"Polygon","coordinates":[[[12.67031474539536,46.142707539286874],[12.670352751773802,46.1418069499164],[12.671645382607267,46.14183330047254],[12.671607397270622,46.14273389066651],[12.67031474539536,46.142707539286874]]]},"properties":{"ndvi_class":"moderate","color":"#74c476","area_m2":10006}},{"type":"Feature","geometry":{"type":"Polygon","coordinates":[[[12.660638996262312,46.14205914681288],[12.660658078128947,46.14160885520209],[12.661304386537928,46.141622087075355],[12.661285309931472,46.1420723788929],[12.660638996262312,46.14205914681288]]]},"properties":{"ndvi_class":"dense","color":"#238b45","area_m2":2502}},{"type":"Feature","geometry":{"type":"Polygon","coordinates":[[[12.661931624053663,46.14208560732162],[12.661950695399927,46.14163531529737],[12.662597004714819,46.14164853986813],[12.662577938628763,46.142098832099],[12.661931624053663,46.14208560732162]]]},"properties":{"ndvi_class":"sparse","color":"#c7e9c0","area_m2":2502}},{"type":"Feature","geometry":{"type":"Polygon","coordinates":[[[12.672272711519234,46.14229676559719],[12.672291698700597,46.141846470273585],[12.67423064968548,46.141885957768466],[12.674211678285417,46.14233625370908],[12.672272711519234,46.14229676559719]]]},"properties":{"ndvi_class":"very_dense","color":"#00441b","area_m2":7505}},{"type":"Feature","geometry":{"type":"Polygon","coordinates":[[[12.67744329857149,46.14240199419993],[12.67746224366912,46.1419516972321],[12.678108563816052,46.1419648341706],[12.678089623978947,46.14241513134369],[12.67744329857149,46.14240199419993]]]},"properties":{"ndvi_class":"sparse","color":"#c7e9c0","area_m2":2502}},{"type":"Feature","geometry":{"type":"Polygon","coordinates":[[[12.630224107583683,46.142333684027676],[12.630301424825468,46.14053255679454],[12.631593988718658,46.14055935967424],[12.631555352057962,46.14145992421223],[12.632201645211742,46.141473320594365],[12.632182331449794,46.14192360300983],[12.631536033036316,46.141910206418366],[12.631516713553788,46.1423604885826],[12.630224107583683,46.142333684027676]]]},"properties":{"ndvi_class":"dense","color":"#238b45","area_m2":22515}},{"type":"Feature","geometry":{"type":"Polygon","coordinates":[[[12.635925143252734,46.145155890404574],[12.63594442867654,46.14470560702755],[12.635298095951713,46.14469223108867],[12.635317386175961,46.14424194787876],[12.635963713640258,46.14425532360865],[12.636021565771019,46.14290447310065],[12.63470964875833,46.14332800237012],[12.634767529688986,46.141977152864946],[12.634121229441645,46.14196377087779],[12.634140527424417,46.14151348783473],[12.636725710123116,46.14156699304072],[12.637410548931058,46.1406797919131],[12.638703122904108,46.14070651447255],[12.638664601954124,46.14160708360913],[12.637372006942517,46.14158036021459],[12.63735273525864,46.142030644302544],[12.63862607916617,46.14250765257827],[12.63858755454014,46.14340822137996],[12.637941235765494,46.14339486067321],[12.637921967502834,46.14384514480249],[12.638568291537814,46.14385850571799],[12.638549028075925,46.14430879001419],[12.6398416880391,46.14433550130847],[12.639822434638848,46.144785785980154],[12.639176099167974,46.14477243195008],[12.639156840047649,46.145222716371244],[12.638510499773414,46.14520935848096],[12.638529764154464,46.144759074268514],[12.636590761859352,46.14471897931498],[12.636571481696217,46.14516926290095],[12.635925143252734,46.145155890404574]],[[12.636648599589043,46.14336812830582],[12.63729491744842,46.14338149631516],[12.63735273525864,46.142030644302544],[12.636706433179432,46.14201727691981],[12.636648599589043,46.14336812830582]]]},"properties":{"ndvi_class":"sparse","color":"#c7e9c0","area_m2":97563}},{"type":"Feature","geometry":{"type":"Polygon","coordinates":[[[12.633494232895094,46.14150010240562],[12.633532837998649,46.14059953661212],[12.63417912200887,46.140612921622925],[12.634140527424417,46.14151348783473],[12.633494232895094,46.14150010240562]]]},"properties":{"ndvi_class":"sparse","color":"#c7e9c0","area_m2":5003}},{"type":"Feature","geometry":{"type":"Polygon","coordinates":[[[12.59796833519616,46.14030801012969],[12.59798792676857,46.13985773880237],[12.59863418538383,46.13987132460323],[12.59861459907016,46.14032159614282],[12.59796833519616,46.14030801012969]]]},"properties":{"ndvi_class":"sparse","color":"#c7e9c0","area_m2":2502}},{"type":"Feature","geometry":{"type":"Polygon","coordinates":[[[12.639976448980578,46.14118350743469],[12.639995698706624,46.140733222428146],[12.640641987293618,46.140746570929494],[12.640622742827194,46.141196856144596],[12.639976448980578,46.14118350743469]]]},"properties":{"ndvi_class":"dense","color":"#238b45","area_m2":2502}},{"type":"Feature","geometry":{"type":"Polygon","coordinates":[[[12.662597004714819,46.14164853986813],[12.66261607034603,46.14119824759552],[12.663262374853597,46.14121146830843],[12.663243314482479,46.141661760787606],[12.662597004714819,46.14164853986813]]]},"properties":{"ndvi_class":"sparse","color":"#c7e9c0","area_m2":2502}},{"type":"Feature","geometry":{"type":"Polygon","coordinates":[[[12.663243314482479,46.141661760787606],[12.663262374853597,46.14121146830843],[12.663908679813792,46.14122468537012],[12.663889624702783,46.141674978055825],[12.663243314482479,46.141661760787606]]]},"properties":{"ndvi_class":"bare","color":"#d9d9d9","area_m2":2502}},{"type":"Feature","geometry":{"type":"Polygon","coordinates":[[[12.663889624702783,46.141674978055825],[12.663908679813792,46.14122468537012],[12.664554985226493,46.14123789878059],[12.664535935375605,46.14168819167276],[12.663889624702783,46.141674978055825]]]},"properties":{"ndvi_class":"sparse","color":"#c7e9c0","area_m2":2502}},{"type":"Feature","geometry":{"type":"Polygon","coordinates":[[[12.612205723548321,46.14015578313487],[12.612225198960742,46.13970550710874],[12.6128714625203,46.13971901238501],[12.612851992366792,46.140169288622175],[12.612205723548321,46.14015578313487]]]},"properties":{"ndvi_class":"dense","color":"#238b45","area_m2":2502}},{"type":"Feature","geometry":{"type":"Polygon","coordinates":[[[12.651628963090607,46.140972936846154],[12.651648117684406,46.140522648052276],[12.652294409218449,46.140535930627316],[12.65227525988439,46.14098621962875],[12.651628963090607,46.140972936846154]]]},"properties":{"ndvi_class":"moderate","color":"#74c476","area_m2":2502}},{"type":"Feature","geometry":{"type":"Polygon","coordinates":[[[12.653567854836078,46.14101277424062],[12.653586993650615,46.14056248482428],[12.65423328654849,46.14057575644617],[12.654214152993735,46.14102604606988],[12.653567854836078,46.14101277424062]]]},"properties":{"ndvi_class":"very_dense","color":"#00441b","area_m2":2502}},{"type":"Feature","geometry":{"type":"Polygon","coordinates":[[[12.660030856844562,46.14114532823183],[12.660049943060681,46.14069503674433],[12.660696240496566,46.14070827185525],[12.66067715954036,46.141158563549546],[12.660030856844562,46.14114532823183]]]},"properties":{"ndvi_class":"sparse","color":"#c7e9c0","area_m2":2502}},{"type":"Feature","geometry":{"type":"Polygon","coordinates":[[[12.663262374853597,46.14121146830843],[12.663281434770004,46.140761175787496],[12.663927734470219,46.14077439264268],[12.663908679813792,46.14122468537012],[12.663262374853597,46.14121146830843]]]},"properties":{"ndvi_class":"sparse","color":"#c7e9c0","area_m2":2502}},{"type":"Feature","geometry":{"type":"Polygon","coordinates":[[[12.665847597408916,46.14126431464782],[12.666531970957045,46.14037692995698],[12.66782456481191,46.14040332309192],[12.667786519073225,46.14130391106433],[12.665847597408916,46.14126431464782]]]},"properties":{"ndvi_class":"very_dense","color":"#00441b","area_m2":12508}},{"type":"Feature","geometry":{"type":"Polygon","coordinates":[[[12.601238789306391,46.139475358870975],[12.60125835365154,46.13902508639874],[12.60255085496044,46.13905221699648],[12.602531301132416,46.13950248989261],[12.601238789306391,46.139475358870975]]]},"properties":{"ndvi_class":"dense","color":"#238b45","area_m2":5003}},{"type":"Feature","geometry":{"type":"Polygon","coordinates":[[[12.660696240496566,46.14070827185525],[12.660715320997575,46.14025798011921],[12.662007906708942,46.140284438974206],[12.661988836727552,46.14073473112367],[12.660696240496566,46.14070827185525]]]},"properties":{"ndvi_class":"sparse","color":"#c7e9c0","area_m2":5003}},{"type":"Feature","geometry":{"type":"Polygon","coordinates":[[[12.680731685136028,46.14111674929809],[12.680750602576913,46.140666451179555],[12.681396909190456,46.14067956924592],[12.681377997009786,46.141129867569425],[12.680731685136028,46.14111674929809]]]},"properties":{"ndvi_class":"sparse","color":"#c7e9c0","area_m2":2502}},{"type":"Feature","geometry":{"type":"Polygon","coordinates":[[[12.644416582223016,46.15840105748085],[12.644435807293839,46.15795077239697],[12.643142824269317,46.15792410702937],[12.642534813793445,46.157010199822636],[12.641888333951949,46.15699685842282],[12.641907578702952,46.156546574046935],[12.641261104582608,46.15653322920257],[12.64131885187193,46.15518237644934],[12.641965310200884,46.15519572066816],[12.642650243829417,46.15430849168885],[12.641376595027792,46.15383152331945],[12.641434334050562,46.152480669812896],[12.640122225515348,46.152904257046664],[12.639514317755786,46.15199033503442],[12.64016073787093,46.152003688751044],[12.640179993359572,46.15155340454042],[12.642119240660515,46.15159344315016],[12.642727188006637,46.15250735209611],[12.644020043790094,46.152534019769355],[12.643450531453631,46.15071954666329],[12.646036162470374,46.15077284945816],[12.646055369219923,46.15032256324679],[12.64670177285245,46.1503358796067],[12.64668257136529,46.150786166026144],[12.64797539052312,46.150812788205215],[12.64736737270777,46.149898905645095],[12.64995297257055,46.14995211912169],[12.64997214683059,46.14950183157914],[12.65126493897038,46.14952841598873],[12.651284102248752,46.149078127988986],[12.651930493739284,46.14909141450791],[12.651968808400566,46.148190837967825],[12.652615189822196,46.14820412041952],[12.652691792613963,46.14640296600766],[12.651399072318172,46.146376399112725],[12.651418232396397,46.14592611082039],[12.650771878192222,46.14591282210288],[12.650810207499442,46.145012245808104],[12.65016386427247,46.14499895385426],[12.650240538443134,46.1431978015938],[12.64894789544011,46.143171208393476],[12.648986250822741,46.142270632843456],[12.6483399405248,46.14225733118193],[12.648455027251485,46.13955560477543],[12.649101305991008,46.13956890518998],[12.649082131273264,46.14001919323674],[12.649728415727555,46.14003249020816],[12.649690075438995,46.1409330665918],[12.650336370867784,46.14094636032768],[12.650317205297332,46.1413966486645],[12.649670904608717,46.141383354720915],[12.649632561576095,46.142283930853736],[12.65092518444854,46.142310515920535],[12.651609808039845,46.141423225598245],[12.653548715564956,46.14146306361518],[12.653491295011941,46.14281393148812],[12.654764803285662,46.14329076277648],[12.654745672252487,46.14374105235683],[12.655392002880248,46.14375431812745],[12.655411128652863,46.14330402833981],[12.656057454474256,46.14331729025172],[12.656742009884564,46.14242996798289],[12.658015538936812,46.14290676342095],[12.657977329932104,46.14380734469506],[12.658623662829648,46.14382059220822],[12.658604562904365,46.14427088298962],[12.659250901516259,46.1442841270582],[12.659269996180775,46.14383383606986],[12.660562664243283,46.14386031283858],[12.660524495502086,46.14476089560093],[12.659878150722456,46.14474765862868],[12.659859060407848,46.1451979497404],[12.661132680694726,46.14567471193044],[12.661113599991795,46.14612500337227],[12.660467238975388,46.146111769431336],[12.661075437220223,46.147025586130695],[12.659763602002716,46.1474494046727],[12.659725415452103,46.14834998635335],[12.661018189648395,46.14837645995525],[12.660999106213874,46.14882675114659],[12.662938286693393,46.14886643477866],[12.66291921859019,46.14931672654833],[12.660980022324038,46.1492770422962],[12.66096093797888,46.14972733340405],[12.660314534867513,46.14971409780875],[12.66092276792253,46.15062791549451],[12.660276354286172,46.15061467948558],[12.65959174817445,46.15150202092033],[12.662158369632154,46.15200525061819],[12.662120216074513,46.15290583311816],[12.661473775216901,46.15289260338046],[12.661454692491976,46.1533428943611],[12.660161801609924,46.15331642351406],[12.660123613740076,46.15421700452285],[12.658830703618076,46.154190518237186],[12.658811598472427,46.15464080826509],[12.656225762620124,46.15458779103143],[12.656187508850712,46.15548836930512],[12.655541040495462,46.15547510545005],[12.655579304792436,46.154574527590846],[12.65363993403629,46.154534715352014],[12.653659081290733,46.154084426981825],[12.653012630544946,46.154071149137344],[12.65303178260595,46.15362086093284],[12.654324674025444,46.15364741255414],[12.653716520312999,46.15273356162054],[12.653070085357076,46.152720284398455],[12.653089236047228,46.15226999606858],[12.653735665740111,46.152283273083206],[12.654420374845829,46.151395968830485],[12.655066794922258,46.151409238125325],[12.655085928453657,46.1509589490479],[12.65379309928072,46.15093240722049],[12.653812242880724,46.15048211851602],[12.655124194146943,46.15005837076774],[12.65514332630886,46.149608081564985],[12.654496927282432,46.149594813099455],[12.65453520076113,46.14869423498326],[12.653242425120336,46.14866768792518],[12.653223278085195,46.149117976589366],[12.653869670940324,46.14913125215188],[12.653850528710512,46.149581540981714],[12.653204130593222,46.14956826521176],[12.653146685376198,46.150919130828214],[12.65250027192647,46.15090585078357],[12.652519426051532,46.15045556249404],[12.651226611041965,46.15042899186283],[12.65124577523479,46.14997870394669],[12.648621800785788,46.15082609381627],[12.648602614628112,46.151276380817784],[12.649876270955428,46.15175326887388],[12.649818739940004,46.15310413074908],[12.652385337578455,46.1536075796431],[12.65236618025405,46.154057867640084],[12.651073281037428,46.154031293687304],[12.651034943963031,46.1549318687254],[12.649761204806389,46.15445499224801],[12.64972284576258,46.15535556637159],[12.647783455713762,46.15531565425953],[12.647802651255567,46.15486536784227],[12.647156194081317,46.154852056707135],[12.64719459431788,46.15395148416314],[12.645901702391463,46.153924851766675],[12.64594012184844,46.15302427988766],[12.64529368709594,46.15301095862669],[12.645216825295305,46.15481210138477],[12.64457036994596,46.154798775638376],[12.644608812290093,46.15389820475942],[12.643296692545324,46.15432182818523],[12.643904687929547,46.155235731407636],[12.644551148085952,46.155249061015105],[12.643866232305998,46.15613630161904],[12.645159174130542,46.15616295801414],[12.645767219853127,46.15707685202567],[12.64641370243463,46.15709017150701],[12.646375285255056,46.157990743049375],[12.645101518838842,46.15751381426701],[12.645063079684782,46.1584143848931],[12.644416582223016,46.15840105748085]],[[12.644455031905933,46.15750048727125],[12.645101518838842,46.15751381426701],[12.645120737727979,46.15706352889123],[12.644474256059311,46.1570502021037],[12.644455031905933,46.15750048727125]],[[12.642669480562182,46.15385820685344],[12.643315924014766,46.153871543141435],[12.643354385577092,46.152970972928316],[12.642061520181322,46.15294429753328],[12.642669480562182,46.15385820685344]],[[12.65691046231896,46.153700471963994],[12.658849808307874,46.15374022816751],[12.658868912541838,46.15328993805608],[12.659515356849074,46.153303182611424],[12.659572651026606,46.15195231140573],[12.658926222508844,46.15193906747121],[12.658945324919596,46.15148877719276],[12.658298902118428,46.15147552981271],[12.65827979444478,46.15192581988416],[12.656986939678259,46.15189931375245],[12.656948701910979,46.15279989294176],[12.656302264682683,46.152786633982764],[12.65691046231896,46.153700471963994]],[[12.647879428842849,46.153064221755095],[12.64852586541954,46.15307752840569],[12.648545053408391,46.15262724157144],[12.647898622094754,46.15261393512874],[12.647879428842849,46.153064221755095]],[[12.65565582790861,46.152773371371154],[12.656302264682683,46.152786633982764],[12.656321389057512,46.15233634461618],[12.65567495754653,46.15232308221179],[12.65565582790861,46.152773371371154]],[[12.654382095887707,46.1522965464453],[12.65502852648989,46.15230981615482],[12.655047660934342,46.15185952716095],[12.654401235595099,46.15184625765877],[12.654382095887707,46.1522965464453]],[[12.655694086728031,46.151872793010625],[12.656340512976046,46.1518860552078],[12.656359636438294,46.15143576575767],[12.65571321545312,46.151422503767726],[12.655694086728031,46.151872793010625]],[[12.657671592251582,46.151011988873975],[12.658318009336183,46.151025239699464],[12.658337116098053,46.15057494954448],[12.657690704276085,46.150561698926026],[12.657671592251582,46.151011988873975]],[[12.651892177249684,46.14999199088083],[12.6525385797196,46.15000527416272],[12.652557732930687,46.149554985789614],[12.65191133572303,46.14954170271527],[12.651892177249684,46.14999199088083]],[[12.657063409739028,46.15009815487261],[12.65835622240406,46.15012465934772],[12.658375328254213,46.1496743691092],[12.657082526113927,46.14964786504823],[12.657063409739028,46.15009815487261]],[[12.65514332630886,46.149608081564985],[12.655789725789667,46.1496213463783],[12.655808852232916,46.1491710569265],[12.65516245801431,46.14915779232046],[12.65514332630886,46.149608081564985]],[[12.655181589263307,46.14870750303415],[12.655827978219838,46.14872076743293],[12.655847103750446,46.14827047789758],[12.655200720055864,46.14825721370607],[12.655181589263307,46.14870750303415]],[[12.656474367630599,46.14873402817961],[12.657120757495465,46.148747285274155],[12.65713987250213,46.14829699532447],[12.657786257558985,46.14831024855981],[12.657805366847738,46.147859958361266],[12.658451747096555,46.147873207737504],[12.659136323962068,46.14698587211139],[12.657197214785885,46.1469461252248],[12.657178101147327,46.14739641529978],[12.65653172706802,46.147383158826656],[12.656474367630599,46.14873402817961]],[[12.658432643069682,46.14832349814308],[12.659079029034096,46.148336744074264],[12.659098127799078,46.14788645346171],[12.658451747096555,46.147873207737504],[12.658432643069682,46.14832349814308]],[[12.653299863484932,46.1473168216819],[12.653946235292672,46.147330096414706],[12.653965375239101,46.14687980737595],[12.653319008692895,46.14686653285056],[12.653299863484932,46.1473168216819]],[[12.655904477604519,46.1469196090409],[12.656550845968175,46.14693286895879],[12.6565699644122,46.14648257904916],[12.655923601310006,46.14646931933848],[12.655904477604519,46.1469196090409]],[[12.652730091268554,46.14550238855099],[12.653376441576274,46.14551566610583],[12.653395584957275,46.14506537710734],[12.654688276414413,46.14509192084722],[12.654726540762898,46.1441913418954],[12.653414727881568,46.144615088067084],[12.653491295011941,46.14281393148812],[12.650906022766588,46.142760804339616],[12.650886860627494,46.14321109271691],[12.652179506361284,46.14323766400901],[12.652160354286007,46.143687952759684],[12.65151402593115,46.14367466873177],[12.651475709888471,46.14457524569261],[12.652122048764689,46.14458853013566],[12.652730091268554,46.14550238855099]],[[12.655315495226741,46.14555547686021],[12.65596184735225,46.14556873980827],[12.655980969689038,46.14511844998052],[12.6553346228246,46.14510518723969],[12.655315495226741,46.14555547686021]],[[12.658547260394394,46.145621755083276],[12.659839969637785,46.14564824081037],[12.659859060407848,46.1451979497404],[12.658566361686752,46.145171464427165],[12.658547260394394,46.145621755083276]]]},"properties":{"ndvi_class":"moderate","color":"#74c476","area_m2":1098213}},{"type":"Feature","geometry":{"type":"Polygon","coordinates":[[[12.679363346375494,46.142891692218576],[12.67938227614311,46.14244139467676],[12.678735949836195,46.14242826483597],[12.678773818537609,46.14152767003771],[12.678127503201315,46.141514536955846],[12.678184318646192,46.14016364506164],[12.679457990697667,46.14064020409301],[12.679439062736385,46.14109050180142],[12.680731685136028,46.14111674929809],[12.680712767243827,46.14156704737499],[12.680066450558991,46.14155392524728],[12.68000967839264,46.14290481861296],[12.679363346375494,46.142891692218576]]]},"properties":{"ndvi_class":"sparse","color":"#c7e9c0","area_m2":30019}},{"type":"Feature","geometry":{"type":"Polygon","coordinates":[[[12.65811105347297,46.140655309504865],[12.65814925609747,46.13975472764607],[12.660088114126976,46.13979445364409],[12.660049943060681,46.14069503674433],[12.65940364607804,46.140681797982296],[12.659422737098616,46.14023150665991],[12.65811105347297,46.140655309504865]]]},"properties":{"ndvi_class":"sparse","color":"#c7e9c0","area_m2":12508}},{"type":"Feature","geometry":{"type":"Polygon","coordinates":[[[12.608367133819716,46.139174123987154],[12.608386639854679,46.13872384914425],[12.609679140849009,46.13875089900828],[12.609659645331222,46.139201174273836],[12.608367133819716,46.139174123987154]]]},"properties":{"ndvi_class":"moderate","color":"#74c476","area_m2":5003}},{"type":"Feature","geometry":{"type":"Polygon","coordinates":[[[12.662007906708942,46.140284438974206],[12.662026976235401,46.13983414678299],[12.662673264510723,46.13984737052723],[12.662654200243967,46.140297662925065],[12.662007906708942,46.140284438974206]]]},"properties":{"ndvi_class":"sparse","color":"#c7e9c0","area_m2":2502}},{"type":"Feature","geometry":{"type":"Polygon","coordinates":[[[12.679457990697667,46.14064020409301],[12.679476918207396,46.14018990634293],[12.680123218662272,46.14020303150675],[12.680104296412608,46.14065332946192],[12.679457990697667,46.14064020409301]]]},"properties":{"ndvi_class":"dense","color":"#238b45","area_m2":2502}},{"type":"Feature","geometry":{"type":"Polygon","coordinates":[[[12.608347627319434,46.13962439878803],[12.608367133819716,46.139174123987154],[12.609659645331222,46.139201174273836],[12.609679140849009,46.13875089900828],[12.610991128230815,46.13832765854042],[12.610952158694511,46.13922820995833],[12.610305901781455,46.13921469394137],[12.610286411057334,46.13966496937612],[12.608347627319434,46.13962439878803]]]},"properties":{"ndvi_class":"sparse","color":"#c7e9c0","area_m2":15010}},{"type":"Feature","geometry":{"type":"Polygon","coordinates":[[[12.611578935863648,46.13969199818182],[12.611637375089417,46.13834117048457],[12.612283622410565,46.1383546787783],[12.612225198960742,46.13970550710874],[12.611578935863648,46.13969199818182]]]},"properties":{"ndvi_class":"dense","color":"#238b45","area_m2":7505}},{"type":"Feature","geometry":{"type":"Polygon","coordinates":[[[12.603216654414545,46.13861550366959],[12.603236202051356,46.13816523047752],[12.604528685112113,46.13819233832529],[12.604509147992008,46.13864261194092],[12.603216654414545,46.13861550366959]]]},"properties":{"ndvi_class":"dense","color":"#238b45","area_m2":5003}},{"type":"Feature","geometry":{"type":"Polygon","coordinates":[[[12.609679140849009,46.13875089900828],[12.609698635901738,46.138300623700744],[12.61034488183488,46.13831414294579],[12.610325392040636,46.13876441846457],[12.609679140849009,46.13875089900828]]]},"properties":{"ndvi_class":"moderate","color":"#74c476","area_m2":2502}},{"type":"Feature","geometry":{"type":"Polygon","coordinates":[[[12.652332706516114,46.139635352499084],[12.652351854479745,46.139185063372295],[12.652998130690012,46.13919834167386],[12.652978987985756,46.13964863100812],[12.652332706516114,46.139635352499084]]]},"properties":{"ndvi_class":"moderate","color":"#74c476","area_m2":2502}},{"type":"Feature","geometry":{"type":"Polygon","coordinates":[[[12.660088114126976,46.13979445364409],[12.660107198977176,46.139344162031364],[12.661399762744027,46.13937062736145],[12.66138068841292,46.13982091938771],[12.660088114126976,46.13979445364409]]]},"properties":{"ndvi_class":"sparse","color":"#c7e9c0","area_m2":5003}},{"type":"Feature","geometry":{"type":"Polygon","coordinates":[[[12.663319553238756,46.139860590620415],[12.66333861179112,46.1394102979743],[12.663984895712138,46.139423514209945],[12.66396584241938,46.13987380706258],[12.663319553238756,46.139860590620415]]]},"properties":{"ndvi_class":"sparse","color":"#c7e9c0","area_m2":2502}},{"type":"Feature","geometry":{"type":"Polygon","coordinates":[[[12.671075053241559,46.14001894695526],[12.67109404867776,46.139568651834814],[12.673032918057162,46.139608158151326],[12.6730139384003,46.14005845388906],[12.671075053241559,46.14001894695526]]]},"properties":{"ndvi_class":"very_dense","color":"#00441b","area_m2":7505}},{"type":"Feature","geometry":{"type":"Polygon","coordinates":[[[12.631651940253422,46.139208512553026],[12.632336828645304,46.138321342513066],[12.633629342699614,46.13834812139527],[12.633590742200518,46.13924868760767],[12.631651940253422,46.139208512553026]]]},"properties":{"ndvi_class":"dense","color":"#238b45","area_m2":12508}},{"type":"Feature","geometry":{"type":"Polygon","coordinates":[[[12.641365228575246,46.138958773666864],[12.641384465487349,46.138508488034],[12.642030728691827,46.138521828191124],[12.642011497038752,46.138972114032434],[12.641365228575246,46.138958773666864]]]},"properties":{"ndvi_class":"dense","color":"#238b45","area_m2":2502}},{"type":"Feature","geometry":{"type":"Polygon","coordinates":[[[12.615067450856197,46.14877853061946],[12.614498930246318,46.14696393118916],[12.61320623249965,46.146936932141045],[12.613225704360868,46.14648665632288],[12.611286676991776,46.146446130997255],[12.611247701239664,46.147346681325224],[12.611894053755083,46.147360193840825],[12.61187457044265,46.14781046915291],[12.610581855352587,46.14778344004779],[12.610562361053029,46.14823371489555],[12.607996430728925,46.14772933801789],[12.608074487449162,46.14592824158791],[12.607428153494604,46.14591470779725],[12.607486706927666,46.144563885667885],[12.60877934373822,46.14459094832927],[12.608837861421081,46.14324012455314],[12.608191558563998,46.14322659568223],[12.608211068787337,46.14277632121754],[12.609503664445265,46.14280337488562],[12.60956216076597,46.14145254997131],[12.608915878483831,46.141439025596725],[12.608954884223568,46.14053847586639],[12.607662342085376,46.14051141701032],[12.60762331530909,46.141411965895074],[12.606977034416735,46.14139843056804],[12.606918474982626,46.14274925294551],[12.606272178775535,46.14273571333303],[12.60629170431211,46.14228543946078],[12.604999123808131,46.14225834970618],[12.6049405142431,46.143609169927],[12.603647904037063,46.14358206429829],[12.6036869985852,46.142681518373486],[12.603040704697747,46.14266796050623],[12.603060256531823,46.14221768769257],[12.604352834251948,46.14224479935253],[12.604372375100898,46.14179452607323],[12.605018659397704,46.141808076215156],[12.60505772917878,46.14090752910702],[12.606350278127135,46.140934617591846],[12.606369801800623,46.140484343551464],[12.607016071711257,46.14049788210624],[12.607055107143333,46.13959733347634],[12.607701366999716,46.13961086795748],[12.607720878758693,46.13916059336801],[12.608367133819716,46.139174123987154],[12.608347627319434,46.13962439878803],[12.610286411057334,46.13966496937612],[12.610305901781455,46.13921469394137],[12.610952158694511,46.13922820995833],[12.610991128230815,46.13832765854042],[12.61034488183488,46.13831414294579],[12.610364371164211,46.13786386738499],[12.611656853901989,46.13789089450149],[12.611676332249909,46.13744061847639],[12.612322569054381,46.137454126348],[12.612303095964737,46.137904402584155],[12.614241824926914,46.13794490492967],[12.61355665493837,46.13883196098843],[12.614849163333622,46.13885895244431],[12.6148686163181,46.13840867544849],[12.617453617616375,46.13846261371089],[12.61743418566635,46.13891289154949],[12.620665473963648,46.13898023329305],[12.620626661261545,46.13988079094874],[12.61931470596016,46.14030414270582],[12.619295287933323,46.14075442100805],[12.62058784670762,46.14078134843658],[12.62056843873619,46.14123162711758],[12.61927586944325,46.14120469926831],[12.619256450489928,46.141654977486596],[12.61731758423108,46.141614557699604],[12.617278713377042,46.142515112747176],[12.616632415027818,46.14250163176173],[12.616612973645548,46.14295190901193],[12.615300915446955,46.14337521245332],[12.615281462617087,46.14382548919809],[12.613988837592423,46.143798500405126],[12.61394990949983,46.14469905292531],[12.614596232301407,46.144712549569135],[12.614537852461162,46.146063378667115],[12.615184191506264,46.14607687229215],[12.615164735891705,46.146527148785],[12.61775011773417,46.14658108761321],[12.617730682698971,46.14703136490686],[12.62096244669056,46.147098707334486],[12.620981855421052,46.14664842898863],[12.62162820434169,46.14666188630901],[12.621589396939747,46.147562443379314],[12.620943037497021,46.147548985638394],[12.620923627840416,46.14799926390033],[12.618984536494802,46.14795886813627],[12.619003961935023,46.14750859050552],[12.615772178559798,46.14744119225066],[12.615713821929614,46.14879202185775],[12.615067450856197,46.14877853061946]],[[12.609464664572254,46.1437039246184],[12.610110973615457,46.143717446398476],[12.610149962968874,46.14281689624315],[12.609503664445265,46.14280337488562],[12.609464664572254,46.1437039246184]],[[12.611403593090612,46.143744479005264],[12.612696214416601,46.14377149700748],[12.612735161691361,46.142870945163146],[12.613381462528373,46.142884448265576],[12.613439864177735,46.14153361955117],[12.612793579119383,46.14152011708166],[12.612754634631905,46.14242066917799],[12.61210833951699,46.14240716263556],[12.612088861316781,46.14285743840969],[12.611442561404756,46.142843928005206],[12.611403593090612,46.143744479005264]],[[12.614693522750661,46.14246116689936],[12.615339819714503,46.14247465883783],[12.61535927115221,46.1420243819671],[12.614712979447964,46.142010890239426],[12.614693522750661,46.14246116689936]],[[12.613439864177735,46.14153361955117],[12.614086149698355,46.14154711836979],[12.614125071290795,46.140646565261704],[12.613478796288685,46.1406330668649],[12.613439864177735,46.14153361955117]],[[12.612205723548321,46.14015578313487],[12.612851992366792,46.140169288622175],[12.6128714625203,46.13971901238501],[12.612225198960742,46.13970550710874],[12.612205723548321,46.14015578313487]],[[12.611578935863648,46.13969199818182],[12.612225198960742,46.13970550710874],[12.612283622410565,46.1383546787783],[12.611637375089417,46.13834117048457],[12.611578935863648,46.13969199818182]]]},"properties":{"ndvi_class":"moderate","color":"#74c476","area_m2":712963}},{"type":"Feature","geometry":{"type":"Polygon","coordinates":[[[12.627813043905897,46.13822750143145],[12.627832390792866,46.13777722014705],[12.628478639119772,46.13779063675798],[12.628459297491418,46.138240918252],[12.627813043905897,46.13822750143145]]]},"properties":{"ndvi_class":"moderate","color":"#74c476","area_m2":2502}},{"type":"Feature","geometry":{"type":"Polygon","coordinates":[[[12.66204604530694,46.139383854550054],[12.661437910041167,46.13847004318367],[12.66273045458228,46.138496493083316],[12.66269232832268,46.13939707808766],[12.66204604530694,46.139383854550054]]]},"properties":{"ndvi_class":"water","color":"#2166ac","area_m2":7505}},{"type":"Feature","geometry":{"type":"Polygon","coordinates":[[[12.657502970994644,46.13974147834474],[12.657579391812918,46.13794031495412],[12.658225655878551,46.13795356342741],[12.658833731936834,46.13886739085668],[12.658187456899293,46.138854145620265],[12.65814925609747,46.13975472764607],[12.657502970994644,46.13974147834474]]]},"properties":{"ndvi_class":"sparse","color":"#c7e9c0","area_m2":12508}},{"type":"Feature","geometry":{"type":"Polygon","coordinates":[[[12.665296507230634,46.138999642421034],[12.66533459050631,46.138099055681444],[12.66598086000612,46.138112260345096],[12.665942787249113,46.13901284749733],[12.665296507230634,46.138999642421034]]]},"properties":{"ndvi_class":"moderate","color":"#74c476","area_m2":5003}},{"type":"Feature","geometry":{"type":"Polygon","coordinates":[[[12.604567757954209,46.13729179096787],[12.604587293676223,46.13684151722611],[12.605233520128165,46.1368550650394],[12.605213989664147,46.13730533899283],[12.604567757954209,46.13729179096787]]]},"properties":{"ndvi_class":"dense","color":"#238b45","area_m2":2502}},{"type":"Feature","geometry":{"type":"Polygon","coordinates":[[[12.651743883799462,46.13827120345591],[12.65176303565178,46.13782091441125],[12.652409295630004,46.13783419574113],[12.652390149036679,46.13828448499331],[12.651743883799462,46.13827120345591]]]},"properties":{"ndvi_class":"very_dense","color":"#00441b","area_m2":2502}},{"type":"Feature","geometry":{"type":"Polygon","coordinates":[[[12.584629415389909,46.14949112198392],[12.584649122004283,46.149040855799086],[12.58335640392586,46.14901351825899],[12.583376120591977,46.148563252459134],[12.582729767515996,46.14854957842536],[12.58276920995857,46.14764904712648],[12.58212286787239,46.14763536986858],[12.582201768153297,46.145834307619666],[12.581555447576898,46.14582062756537],[12.581614633626456,46.14446983107718],[12.583553549421552,46.14451085836344],[12.583514124084905,46.1454113906798],[12.584160440806064,46.145425059566996],[12.584081605530251,46.14722612454813],[12.585374282458629,46.14725345307703],[12.585433378058772,46.14590265312345],[12.584787055141629,46.14588899132507],[12.584806757995235,46.14543872480306],[12.586099393777106,46.14546604432175],[12.586178158413079,46.143664976104844],[12.587490433452663,46.14324201172631],[12.587510112448845,46.142791744097984],[12.588802688854265,46.14281903184914],[12.588743682014464,46.14416983588676],[12.589389986696455,46.14418347492536],[12.589409650852607,46.14373320674185],[12.591348551920822,46.14377410131259],[12.591407494239695,46.14242329459251],[12.592053779750676,46.142436918175534],[12.592073420993685,46.14198664897175],[12.594012264546885,46.14202749717767],[12.594051514072893,46.14112695736737],[12.595344057735657,46.141154170400355],[12.595324443724806,46.141604440751735],[12.59597072151394,46.14161804200472],[12.595990330265733,46.14116777144083],[12.597282876722652,46.14119496256971],[12.597322071787392,46.14029442046596],[12.59861459907016,46.14032159614282],[12.598653771230273,46.13942105302158],[12.599300025051999,46.139434634959656],[12.599985428596167,46.138547669109],[12.601297480941762,46.13812454132811],[12.60131704388686,46.13767426872971],[12.60260951364589,46.137701398055775],[12.603294842164088,46.13681441064893],[12.604587293676223,46.13684151722611],[12.604567757954209,46.13729179096787],[12.605213989664147,46.13730533899283],[12.605899271784107,46.13641833499536],[12.607191716490417,46.13644541194776],[12.607172202265978,46.13689568657794],[12.607818430572166,46.136909219790304],[12.607837939538676,46.1364589449487],[12.610422836362833,46.136513040450524],[12.610383860028637,46.137413591782185],[12.60909138965843,46.13738655048666],[12.608406145424336,46.13827357425934],[12.606467413182292,46.138232972719116],[12.60578211635603,46.13911997960745],[12.60513586314903,46.13910643438624],[12.605116330355422,46.1395567081295],[12.60447007235361,46.1395431590461],[12.604450533835292,46.1399934325356],[12.602511746837932,46.139952762746695],[12.602472636849528,46.14085330832869],[12.599867975220056,46.141249301018995],[12.59980924222747,46.142600116406086],[12.598516660492955,46.14257295320968],[12.598457891739049,46.14392376694489],[12.597811585790648,46.143910179233465],[12.597772393764803,46.144810721088625],[12.597126077761917,46.14479712930143],[12.597086873345738,46.14569767056353],[12.598379526857558,46.14572485133613],[12.598399118779001,46.145274580301425],[12.599711344565163,46.144851474543195],[12.599770084563817,46.14350065978713],[12.601062689196425,46.14352780922831],[12.601082257742464,46.14307753713463],[12.601728555496202,46.143091106166665],[12.602257498555488,46.14580630602283],[12.60355015950563,46.14583342837452],[12.603569709344667,46.14538315564337],[12.60488190048332,46.14495998976943],[12.604803742277797,46.14676108230411],[12.604157400120979,46.146747529833114],[12.60417694563222,46.14629725697427],[12.60353060920019,46.146283701063616],[12.603511058428333,46.146733973710674],[12.60221837643607,46.14670685051141],[12.602159689756803,46.14805766692888],[12.597635206947306,46.1479626162562],[12.597674405518662,46.14706207499015],[12.595735380001546,46.14702128548864],[12.595774608265767,46.14612074532888],[12.595128277879173,46.146107141950615],[12.595147896569706,46.14565687202014],[12.592562600724738,46.14560242284479],[12.592542960993105,46.146052691924524],[12.591250305347998,46.14602544500377],[12.591211003437397,46.14692598218546],[12.591857341547515,46.146939607897245],[12.591171699651504,46.14782651919868],[12.590525351486766,46.14781288940959],[12.590584322244132,46.14646208446543],[12.589291658878686,46.14643481521104],[12.589271991907633,46.14688508314181],[12.588625655664988,46.14687144282453],[12.587939963497396,46.147758333738444],[12.587293617668074,46.14774468569198],[12.587313301359513,46.147294418485025],[12.58600092741192,46.147717378644714],[12.585961537576976,46.14861791207891],[12.585315182628815,46.14860425265128],[12.585275780392266,46.14950478549006],[12.584629415389909,46.14949112198392]],[[12.598947502993733,46.14753952081259],[12.59959385195507,46.14755310291949],[12.599613435224697,46.14710283162862],[12.598967091524125,46.147089249733924],[12.598947502993733,46.14753952081259]],[[12.586040315367455,46.14681684504197],[12.587332984581364,46.14684415123593],[12.588058027040498,46.14505672858524],[12.586765398973203,46.14502943140001],[12.58670633775329,46.146380232886656],[12.586060008640478,46.14636657817736],[12.586040315367455,46.14681684504197]],[[12.598320748288739,46.14707566418777],[12.598967091524125,46.147089249733924],[12.599006267182961,46.14618870745037],[12.598359934468707,46.14617512232874],[12.598320748288739,46.14707566418777]],[[12.600925696302001,46.14667971270639],[12.601572036136698,46.14669328343461],[12.601611168777136,46.14579273936998],[12.60096483946343,46.145779169065825],[12.600925696302001,46.14667971270639]],[[12.599006267182961,46.14618870745037],[12.599652600362374,46.14620228892065],[12.599672182230453,46.145752017503575],[12.599025854311433,46.145738436245495],[12.599006267182961,46.14618870745037]],[[12.596538581121127,46.14343272229154],[12.597831181102352,46.14345990824276],[12.597889964232758,46.14210909501819],[12.595304829246047,46.14205471106104],[12.595285214299366,46.142504981328266],[12.596577791380287,46.14253218103343],[12.596538581121127,46.14343272229154]],[[12.601238789306391,46.139475358870975],[12.602531301132416,46.13950248989261],[12.60255085496044,46.13905221699648],[12.60125835365154,46.13902508639874],[12.601238789306391,46.139475358870975]],[[12.603216654414545,46.13861550366959],[12.604509147992008,46.13864261194092],[12.604528685112113,46.13819233832529],[12.603236202051356,46.13816523047752],[12.603216654414545,46.13861550366959]]]},"properties":{"ndvi_class":"moderate","color":"#74c476","area_m2":895581}},{"type":"Feature","geometry":{"type":"Polygon","coordinates":[[[12.640922652910316,46.14931533167228],[12.640941900380778,46.14886504700196],[12.641588284574498,46.148878391954064],[12.641607526323972,46.148428107033375],[12.640314768917191,46.14840141389426],[12.64099964003697,46.147514192739905],[12.639706904590792,46.14748749313126],[12.639726160747266,46.14703720871072],[12.639079798971459,46.147023853637315],[12.639137580467848,46.145673000750556],[12.638491234932767,46.14565964265155],[12.639176099167974,46.14477243195008],[12.639822434638848,46.144785785980154],[12.6398416880391,46.14433550130847],[12.640488018706588,46.14434885147847],[12.640507266387017,46.143898566556324],[12.639233873772232,46.14342157843541],[12.639195357828838,46.14432214748704],[12.638549028075925,46.14430879001419],[12.638568291537814,46.14385850571799],[12.637921967502834,46.14384514480249],[12.637941235765494,46.14339486067321],[12.63858755454014,46.14340822137996],[12.63862607916617,46.14250765257827],[12.63735273525864,46.142030644302544],[12.637372006942517,46.14158036021459],[12.638664601954124,46.14160708360913],[12.638703122904108,46.14070651447255],[12.637410548931058,46.1406797919131],[12.636725710123116,46.14156699304072],[12.634140527424417,46.14151348783473],[12.634121229441645,46.14196377087779],[12.634767529688986,46.141977152864946],[12.63470964875833,46.14332800237012],[12.636021565771019,46.14290447310065],[12.635963713640258,46.14425532360865],[12.635317386175961,46.14424194787876],[12.635298095951713,46.14469223108867],[12.63594442867654,46.14470560702755],[12.635925143252734,46.145155890404574],[12.637198545235268,46.14563291549878],[12.63715999313105,46.14653348287916],[12.636513638446894,46.14652011340761],[12.636494356443771,46.14697039682608],[12.635201637927004,46.14694364650999],[12.635240222517636,46.1460430804671],[12.634593874468617,46.146029700249606],[12.634613171334438,46.145579417374385],[12.6333204871331,46.14555264640287],[12.633339794060047,46.14510236390407],[12.633986130670785,46.14511575100643],[12.634005431876515,46.144665468256576],[12.633359100526393,46.14465208136339],[12.633397712077334,46.14375151615633],[12.632105071794294,46.143724732252686],[12.632085755728426,46.14417501445866],[12.6295197967337,46.143671120629904],[12.629500459626614,46.144121401998206],[12.628854136748897,46.14410798975476],[12.628912162466657,46.142757146152825],[12.628265855828674,46.1427437308869],[12.628304547853073,46.14184316869526],[12.62895084397142,46.141856583541966],[12.629008862768226,46.140505739311315],[12.63032075298315,46.140082274881486],[12.630436712247073,46.137380582523136],[12.632375448337424,46.13742077696994],[12.632394757492545,46.13697049413552],[12.633040998514737,46.13698388477423],[12.633021694618074,46.13743416781788],[12.63496043620988,46.13747431845866],[12.634979724331082,46.137024034787665],[12.635625967186039,46.13703741082456],[12.635606684323351,46.137487694704525],[12.63687990911849,46.13796472050062],[12.637449089080736,46.139779223444116],[12.638741642016235,46.13980594516851],[12.638722382689899,46.14025622984146],[12.640014947973457,46.14028293737976],[12.640053445129533,46.139382367157395],[12.639407172777734,46.13936901563095],[12.640091940448913,46.13848179676762],[12.638799417238676,46.13845509089849],[12.639484182615595,46.137567875518414],[12.640776685704845,46.13759457325188],[12.64073820273967,46.138495144226155],[12.641384465487349,46.138508488034],[12.642069190621681,46.13762125638299],[12.643361697365114,46.137647924911704],[12.643323256470687,46.138548497553245],[12.642676992352982,46.13853516469755],[12.642600084024814,46.14033630864524],[12.643911872041809,46.13991268603156],[12.643873437080977,46.14081325867127],[12.644519728408055,46.1408265852666],[12.644500515499654,46.14127687173193],[12.643207922782475,46.141250214473736],[12.643169474551064,46.14215078644588],[12.641857627296742,46.142574399256425],[12.641799918572126,46.14392525552497],[12.64244624535,46.143938594532194],[12.641761443794401,46.144825826161444],[12.64240778109348,46.14483916558553],[12.642388548276974,46.14528945104941],[12.643662012013364,46.145766405198444],[12.643585116413169,46.14756754813504],[12.64485864281769,46.14804448996745],[12.644800996496548,46.14939534785461],[12.643508213474304,46.14936869040222],[12.643527439897067,46.148918404898176],[12.640922652910316,46.14931533167228]],[[12.642253905712883,46.148441448125006],[12.64290028555864,46.14845478556463],[12.642919516325698,46.14800450018527],[12.64227314174162,46.147991162954014],[12.642253905712883,46.148441448125006]],[[12.641626767614376,46.14797782207086],[12.64227314174162,46.147991162954014],[12.642292377311428,46.147540877741186],[12.641646008445724,46.14752753706647],[12.641626767614376,46.14797782207086]],[[12.642919516325698,46.14800450018527],[12.643565891366485,46.14801783376459],[12.643585116413169,46.14756754813504],[12.64293874663395,46.147554214764035],[12.642919516325698,46.14800450018527]],[[12.641665248818033,46.14707725202025],[12.642957976483409,46.14710392930098],[12.642977205874088,46.14665364379608],[12.64168448873131,46.14662696693219],[12.641665248818033,46.14707725202025]],[[12.640411023392756,46.14614999074847],[12.64170372818557,46.14617668180227],[12.641742205717104,46.1452761114169],[12.64043027291006,46.14569970599375],[12.640411023392756,46.14614999074847]],[[12.630812433346085,46.14369793374386],[12.631458752340775,46.14371133482391],[12.631497393610365,46.14281077070494],[12.629558469563941,46.14277055776759],[12.629539133379469,46.143220839219715],[12.630831759471526,46.14324765191471],[12.630812433346085,46.14369793374386]],[[12.634044032906601,46.14376490263119],[12.634690354194202,46.14377828545474],[12.63470964875833,46.14332800237012],[12.634063332730982,46.14331461975568],[12.634044032906601,46.14376490263119]],[[12.639253131054792,46.142971293846784],[12.639899445483973,46.142984647042276],[12.640584252517025,46.14209742644925],[12.639291644241702,46.142070724543984],[12.639253131054792,46.142971293846784]],[[12.630224107583683,46.142333684027676],[12.631516713553788,46.1423604885826],[12.631536033036316,46.141910206418366],[12.632182331449794,46.14192360300983],[12.632201645211742,46.141473320594365],[12.631555352057962,46.14145992421223],[12.631593988718658,46.14055935967424],[12.630301424825468,46.14053255679454],[12.630224107583683,46.142333684027676]],[[12.63216301722709,46.14237388538339],[12.632809321359057,46.14238727853305],[12.632828630321924,46.14193699595023],[12.632182331449794,46.14192360300983],[12.63216301722709,46.14237388538339]],[[12.640584252517025,46.14209742644925],[12.641230557340299,46.142110771925154],[12.641249797465054,46.141660486585224],[12.640603497901667,46.14164714131785],[12.640584252517025,46.14209742644925]],[[12.633494232895094,46.14150010240562],[12.634140527424417,46.14151348783473],[12.63417912200887,46.140612921622925],[12.633532837998649,46.14059953661212],[12.633494232895094,46.14150010240562]],[[12.639976448980578,46.14118350743469],[12.640622742827194,46.141196856144596],[12.640641987293618,46.140746570929494],[12.639995698706624,46.140733222428146],[12.639976448980578,46.14118350743469]],[[12.631651940253422,46.139208512553026],[12.633590742200518,46.13924868760767],[12.633629342699614,46.13834812139527],[12.632336828645304,46.138321342513066],[12.631651940253422,46.139208512553026]],[[12.641365228575246,46.138958773666864],[12.642011497038752,46.138972114032434],[12.642030728691827,46.138521828191124],[12.641384465487349,46.138508488034],[12.641365228575246,46.138958773666864]]]},"properties":{"ndvi_class":"moderate","color":"#74c476","area_m2":737979}},{"type":"Feature","geometry":{"type":"Polygon","coordinates":[[[12.625893648569061,46.13773694841127],[12.62593237250888,46.13683638697517],[12.626578608940429,46.136849814118],[12.626539895517386,46.137750375973695],[12.625893648569061,46.13773694841127]]]},"properties":{"ndvi_class":"moderate","color":"#74c476","area_m2":5003}},{"type":"Feature","geometry":{"type":"Polygon","coordinates":[[[12.658206556616737,46.13840385454471],[12.658244754684748,46.13750327226833],[12.658891013944917,46.1375165168839],[12.658852826395027,46.13841709957418],[12.658206556616737,46.13840385454471]]]},"properties":{"ndvi_class":"bare","color":"#d9d9d9","area_m2":5003}},{"type":"Feature","geometry":{"type":"Polygon","coordinates":[[[12.658852826395027,46.13841709957418],[12.658891013944917,46.1375165168839],[12.660829794445295,46.13755622882626],[12.66014536731175,46.138443578680615],[12.658852826395027,46.13841709957418]]]},"properties":{"ndvi_class":"sparse","color":"#c7e9c0","area_m2":12508}},{"type":"Feature","geometry":{"type":"Polygon","coordinates":[[[12.604587293676223,46.13684151722611],[12.604606828932239,46.13639124344231],[12.605253050126306,46.136404791043915],[12.605233520128165,46.1368550650394],[12.604587293676223,46.13684151722611]]]},"properties":{"ndvi_class":"moderate","color":"#74c476","area_m2":2502}},{"type":"Feature","geometry":{"type":"Polygon","coordinates":[[[12.651116776128331,46.13780762943069],[12.651135932782633,46.13735734055182],[12.65178218704723,46.13737062532482],[12.65176303565178,46.13782091441125],[12.651116776128331,46.13780762943069]]]},"properties":{"ndvi_class":"moderate","color":"#74c476","area_m2":2502}},{"type":"Feature","geometry":{"type":"Polygon","coordinates":[[[12.652409295630004,46.13783419574113],[12.65242844176659,46.13738390644716],[12.653720952569111,46.13741045773991],[12.653701816950296,46.13786074744875],[12.652409295630004,46.13783419574113]]]},"properties":{"ndvi_class":"very_dense","color":"#00441b","area_m2":5003}},{"type":"Feature","geometry":{"type":"Polygon","coordinates":[[[12.678260066247727,46.13836245528617],[12.67827900201874,46.13791215773816],[12.678925275276228,46.137925289178455],[12.678906344764625,46.138375586931645],[12.678260066247727,46.13836245528617]]]},"properties":{"ndvi_class":"very_dense","color":"#00441b","area_m2":2502}},{"type":"Feature","geometry":{"type":"Polygon","coordinates":[[[12.664003948550372,46.138973221315574],[12.664023000934087,46.138522928379466],[12.664669274788691,46.13853614055123],[12.664726413435526,46.13718526087323],[12.665372671965034,46.137198468774955],[12.665296507230634,46.138999642421034],[12.664003948550372,46.138973221315574]]]},"properties":{"ndvi_class":"sparse","color":"#c7e9c0","area_m2":12508}},{"type":"Feature","geometry":{"type":"Polygon","coordinates":[[[12.631748516928857,46.136957099846356],[12.631767830881694,46.136506817179324],[12.63241406618706,46.1365202112592],[12.632394757492545,46.13697049413552],[12.631748516928857,46.136957099846356]]]},"properties":{"ndvi_class":"very_dense","color":"#00441b","area_m2":2502}},{"type":"Feature","geometry":{"type":"Polygon","coordinates":[[[12.658244754684748,46.13750327226833],[12.658263853035347,46.137052981067505],[12.658910107036641,46.137066225476126],[12.658891013944917,46.1375165168839],[12.658244754684748,46.13750327226833]]]},"properties":{"ndvi_class":"sparse","color":"#c7e9c0","area_m2":2502}},{"type":"Feature","geometry":{"type":"Polygon","coordinates":[[[12.671797305831182,46.138230938029075],[12.67183528210703,46.137330347001296],[12.673146786490504,46.13690638284941],[12.673089854311145,46.138257270687944],[12.671797305831182,46.138230938029075]]]},"properties":{"ndvi_class":"very_dense","color":"#00441b","area_m2":12508}},{"type":"Feature","geometry":{"type":"Polygon","coordinates":[[[12.620762497617893,46.13672883841963],[12.620781900960106,46.13627855931907],[12.622093748768101,46.13585518837663],[12.622054963578657,46.13675574746057],[12.620762497617893,46.13672883841963]]]},"properties":{"ndvi_class":"dense","color":"#238b45","area_m2":7505}},{"type":"Feature","geometry":{"type":"Polygon","coordinates":[[[12.636272210498877,46.13705078321096],[12.636310764327641,46.136150214907495],[12.63760323129302,46.136176947893446],[12.637583965125156,46.136627232483825],[12.638230204552444,46.13664059371],[12.638210943183429,46.137090878467276],[12.636272210498877,46.13705078321096]]]},"properties":{"ndvi_class":"moderate","color":"#74c476","area_m2":12508}},{"type":"Feature","geometry":{"type":"Polygon","coordinates":[[[12.64014967998442,46.137130940869056],[12.64018817071254,46.13623037006074],[12.641480643164686,46.13625705924197],[12.640795926498935,46.13714428770196],[12.64014967998442,46.137130940869056]]]},"properties":{"ndvi_class":"moderate","color":"#74c476","area_m2":7505}},{"type":"Feature","geometry":{"type":"Polygon","coordinates":[[[12.662768579022867,46.13759590791201],[12.662806701644554,46.136695322573765],[12.66409920592407,46.13672175621776],[12.663414841454186,46.13760912697243],[12.662768579022867,46.13759590791201]]]},"properties":{"ndvi_class":"sparse","color":"#c7e9c0","area_m2":7505}},{"type":"Feature","geometry":{"type":"Polygon","coordinates":[[[12.676340184944726,46.13787274151183],[12.676378086686794,46.13697214752258],[12.677024348076564,46.1369852895049],[12.677632729210913,46.137899022646955],[12.676340184944726,46.13787274151183]]]},"properties":{"ndvi_class":"very_dense","color":"#00441b","area_m2":7505}},{"type":"Feature","geometry":{"type":"Polygon","coordinates":[[[12.622720584817747,46.136318916774414],[12.622739971923181,46.13586863700133],[12.623386195538606,46.135882081975815],[12.62336681369118,46.136332361958964],[12.622720584817747,46.136318916774414]]]},"properties":{"ndvi_class":"dense","color":"#238b45","area_m2":2502}},{"type":"Feature","geometry":{"type":"Polygon","coordinates":[[[12.629182894247618,46.136453204356094],[12.629202228772382,46.136002922484856],[12.629848456984401,46.1360163309567],[12.629829127717779,46.13646661303744],[12.629182894247618,46.136453204356094]]]},"properties":{"ndvi_class":"moderate","color":"#74c476","area_m2":2502}},{"type":"Feature","geometry":{"type":"Polygon","coordinates":[[[12.64727760450152,46.13682726757668],[12.6472967917932,46.13637697986082],[12.64794303280942,46.1363902861217],[12.647923850776259,46.13684057404547],[12.64727760450152,46.13682726757668]]]},"properties":{"ndvi_class":"moderate","color":"#74c476","area_m2":2502}},{"type":"Feature","geometry":{"type":"Polygon","coordinates":[[[12.659556361491317,46.137079466234084],[12.659575448868816,46.136629174577656],[12.660867948620252,46.13665564472798],[12.660848871760319,46.13710593679799],[12.659556361491317,46.137079466234084]]]},"properties":{"ndvi_class":"sparse","color":"#c7e9c0","area_m2":5003}},{"type":"Feature","geometry":{"type":"Polygon","coordinates":[[[12.664726413435526,46.13718526087323],[12.664745458742447,46.136734967563775],[12.666037965735818,46.13676137930383],[12.666018930946677,46.137211673025966],[12.664726413435526,46.13718526087323]]]},"properties":{"ndvi_class":"moderate","color":"#74c476","area_m2":5003}},{"type":"Feature","geometry":{"type":"Polygon","coordinates":[[[12.660562664243283,46.14386031283858],[12.660581747930939,46.14341002139477],[12.658642762299264,46.143370301385055],[12.658680959871557,46.14246971961345],[12.657388326093145,46.14244322217773],[12.657407434716335,46.14199293164332],[12.659992683046307,46.142045911081546],[12.659384554602017,46.141132089262925],[12.656780237195408,46.14152938728646],[12.656172167967785,46.14061554940541],[12.655525873707202,46.140602288736744],[12.655564118408929,46.13970170853484],[12.656210402150249,46.13971496878912],[12.656229518557407,46.13926467841833],[12.654936962047733,46.139238154673244],[12.654956088517489,46.1387878646751],[12.65689490818502,46.13882764419479],[12.656933128200942,46.137927062830094],[12.655640602338464,46.13790054762977],[12.655621482040287,46.13835083791869],[12.654975214530976,46.13833757463519],[12.655032589833967,46.13698670426477],[12.656971346393403,46.137026481298314],[12.65700956276251,46.136125899599485],[12.65830204836979,46.13615239854057],[12.658225655878551,46.13795356342741],[12.657579391812918,46.13794031495412],[12.657502970994644,46.13974147834474],[12.65814925609747,46.13975472764607],[12.65811105347297,46.140655309504865],[12.659422737098616,46.14023150665991],[12.660030856844562,46.14114532823183],[12.66067715954036,46.141158563549546],[12.660696240496566,46.14070827185525],[12.661988836727552,46.14073473112367],[12.662673264510723,46.13984737052723],[12.66396584241938,46.13987380706258],[12.664003948550372,46.138973221315574],[12.665296507230634,46.138999642421034],[12.665277464911407,46.139449935728244],[12.66463118008561,46.13943672679459],[12.665163201455723,46.14215169469527],[12.664516885070245,46.14213848452321],[12.664554985226493,46.14123789878059],[12.663281434770004,46.140761175787496],[12.663262374853597,46.14121146830843],[12.661950695399927,46.14163531529737],[12.661266232869906,46.142522670668704],[12.659327277441143,46.14248296285429],[12.659308184143203,46.14293325396789],[12.661247155353216,46.14297296240275],[12.66122807738139,46.14342325409507],[12.661874407284909,46.14343648314389],[12.661855334118625,46.143886775001164],[12.660562664243283,46.14386031283858]],[[12.660638996262312,46.14205914681288],[12.661285309931472,46.1420723788929],[12.661304386537928,46.141622087075355],[12.660658078128947,46.14160885520209],[12.660638996262312,46.14205914681288]]]},"properties":{"ndvi_class":"moderate","color":"#74c476","area_m2":195127}},{"type":"Feature","geometry":{"type":"Polygon","coordinates":[[[12.629848456984401,46.1360163309567],[12.629867785789942,46.13556604883403],[12.630514009202907,46.13557945344614],[12.630494685655394,46.13602973577823],[12.629848456984401,46.1360163309567]]]},"properties":{"ndvi_class":"moderate","color":"#74c476","area_m2":2502}},{"type":"Feature","geometry":{"type":"Polygon","coordinates":[[[12.638249465461993,46.13619030891086],[12.638268725912086,46.135740024069875],[12.638914955280207,46.1357533812282],[12.63889570008832,46.136203666277886],[12.638249465461993,46.13619030891086]]]},"properties":{"ndvi_class":"moderate","color":"#74c476","area_m2":2502}},{"type":"Feature","geometry":{"type":"Polygon","coordinates":[[[12.66409920592407,46.13672175621776],[12.664118256035412,46.136271463073015],[12.664764503595043,46.13628467421261],[12.664745458742447,46.136734967563775],[12.66409920592407,46.13672175621776]]]},"properties":{"ndvi_class":"sparse","color":"#c7e9c0","area_m2":2502}},{"type":"Feature","geometry":{"type":"Polygon","coordinates":[[[12.669915497559902,46.136840526907555],[12.669934500342068,46.13639023190703],[12.670580751967321,46.13640341019094],[12.670561754444021,46.136853705397385],[12.669915497559902,46.136840526907555]]]},"properties":{"ndvi_class":"very_dense","color":"#00441b","area_m2":2502}},{"type":"Feature","geometry":{"type":"Polygon","coordinates":[[[12.658910107036641,46.137066225476126],[12.658967383579089,46.13571535100225],[12.659613622257854,46.135728591139554],[12.659556361491317,46.137079466234084],[12.658910107036641,46.137066225476126]]]},"properties":{"ndvi_class":"moderate","color":"#74c476","area_m2":7505}},{"type":"Feature","geometry":{"type":"Polygon","coordinates":[[[12.660049943060681,46.14069503674433],[12.660088114126976,46.13979445364409],[12.65814925609747,46.13975472764607],[12.658187456899293,46.138854145620265],[12.658833731936834,46.13886739085668],[12.658852826395027,46.13841709957418],[12.66014536731175,46.138443578680615],[12.660829794445295,46.13755622882626],[12.658891013944917,46.1375165168839],[12.658910107036641,46.137066225476126],[12.660848871760319,46.13710593679799],[12.660867948620252,46.13665564472798],[12.659575448868816,46.136629174577656],[12.65959453579099,46.13617888287949],[12.661533270321707,46.13621858200874],[12.661552341012957,46.135768289648496],[12.662198581503842,46.1357815151838],[12.662179516071157,46.136231807750676],[12.662825762273343,46.136245029842044],[12.662768579022867,46.13759590791201],[12.663414841454186,46.13760912697243],[12.66409920592407,46.13672175621776],[12.664745458742447,46.136734967563775],[12.664669274788691,46.13853614055123],[12.664023000934087,46.138522928379466],[12.663984895712138,46.139423514209945],[12.66333861179112,46.1394102979743],[12.663319553238756,46.139860590620415],[12.662026976235401,46.13983414678299],[12.662007906708942,46.140284438974206],[12.660715320997575,46.14025798011921],[12.660696240496566,46.14070827185525],[12.660049943060681,46.14069503674433]],[[12.660088114126976,46.13979445364409],[12.66138068841292,46.13982091938771],[12.661399762744027,46.13937062736145],[12.660107198977176,46.139344162031364],[12.660088114126976,46.13979445364409]],[[12.66204604530694,46.139383854550054],[12.66269232832268,46.13939707808766],[12.66273045458228,46.138496493083316],[12.661437910041167,46.13847004318367],[12.66204604530694,46.139383854550054]]]},"properties":{"ndvi_class":"bare","color":"#d9d9d9","area_m2":137589}},{"type":"Feature","geometry":{"type":"Polygon","coordinates":[[[12.617589628288181,46.1353106676655],[12.617609056530267,46.1348603894911],[12.618255265944029,46.13487386324616],[12.618235842959592,46.135324141631074],[12.617589628288181,46.1353106676655]]]},"properties":{"ndvi_class":"dense","color":"#238b45","area_m2":2502}},{"type":"Feature","geometry":{"type":"Polygon","coordinates":[[[12.640207415387973,46.13578008459382],[12.640226659604345,46.13532979908501],[12.64087288508562,46.13534314508376],[12.640853646127372,46.135793430801094],[12.640207415387973,46.13578008459382]]]},"properties":{"ndvi_class":"moderate","color":"#74c476","area_m2":2502}},{"type":"Feature","geometry":{"type":"Polygon","coordinates":[[[12.65959453579099,46.13617888287949],[12.659613622257854,46.135728591139554],[12.660259861389838,46.13574182762638],[12.660240780181498,46.13619211957314],[12.65959453579099,46.13617888287949]]]},"properties":{"ndvi_class":"sparse","color":"#c7e9c0","area_m2":2502}},{"type":"Feature","geometry":{"type":"Polygon","coordinates":[[[12.660240780181498,46.13619211957314],[12.660259861389838,46.13574182762638],[12.661552341012957,46.135768289648496],[12.661533270321707,46.13621858200874],[12.660240780181498,46.13619211957314]]]},"properties":{"ndvi_class":"water","color":"#2166ac","area_m2":5003}},{"type":"Feature","geometry":{"type":"Polygon","coordinates":[[[12.662806701644554,46.136695322573765],[12.662825762273343,46.136245029842044],[12.662179516071157,46.136231807750676],[12.662198581503842,46.1357815151838],[12.663491063843647,46.13580795530282],[12.663472008928135,46.13625824828282],[12.664118256035412,46.136271463073015],[12.66409920592407,46.13672175621776],[12.662806701644554,46.136695322573765]]]},"properties":{"ndvi_class":"moderate","color":"#74c476","area_m2":10006}},{"type":"Feature","geometry":{"type":"Polygon","coordinates":[[[12.672519509549259,46.13644292313867],[12.672538490843081,46.13599262727311],[12.673184739013244,46.13600579074864],[12.673165762978217,46.136456086819884],[12.672519509549259,46.13644292313867]]]},"properties":{"ndvi_class":"moderate","color":"#74c476","area_m2":2502}},{"type":"Feature","geometry":{"type":"Polygon","coordinates":[[[12.680769519566498,46.14021615301936],[12.680864097745383,46.13796466159378],[12.681510372800252,46.137977778430354],[12.681586006184704,46.1361765837205],[12.682232260651944,46.13618969608656],[12.682251162611566,46.13573939710012],[12.683543662374738,46.13576561047046],[12.683505879040322,46.13666620922091],[12.682213358241405,46.13663999503137],[12.682821822760971,46.137553702125906],[12.682175552067525,46.13754059279607],[12.682137744089818,46.13844119039423],[12.681491463326434,46.13842807700372],[12.681415820919948,46.140229270880745],[12.680769519566498,46.14021615301936]]]},"properties":{"ndvi_class":"sparse","color":"#c7e9c0","area_m2":37524}},{"type":"Feature","geometry":{"type":"Polygon","coordinates":[[[12.618255265944029,46.13487386324616],[12.618274688465162,46.1344235848193],[12.618920893082576,46.13443705471383],[12.618901475818982,46.13488733335115],[12.618255265944029,46.13487386324616]]]},"properties":{"ndvi_class":"dense","color":"#238b45","area_m2":2502}},{"type":"Feature","geometry":{"type":"Polygon","coordinates":[[[12.6253635999065,46.135021833645986],[12.625382964593998,46.13457155290716],[12.626029174276125,46.134584982651155],[12.626009814846313,46.13503526359982],[12.6253635999065,46.135021833645986]]]},"properties":{"ndvi_class":"moderate","color":"#74c476","area_m2":2502}},{"type":"Feature","geometry":{"type":"Polygon","coordinates":[[[12.635703094037106,46.135236274885855],[12.63572237460002,46.13478599079649],[12.637661027039195,46.13482609387114],[12.637641762250027,46.13527637858711],[12.635703094037106,46.135236274885855]]]},"properties":{"ndvi_class":"very_dense","color":"#00441b","area_m2":7505}},{"type":"Feature","geometry":{"type":"Polygon","coordinates":[[[12.646669743324956,46.13591338239975],[12.646688934959503,46.1354630948082],[12.646042705371242,46.13544978166241],[12.646061901806107,46.134999494237064],[12.647354350922086,46.13502611646235],[12.647315978627182,46.13592669210315],[12.646669743324956,46.13591338239975]]]},"properties":{"ndvi_class":"moderate","color":"#74c476","area_m2":7505}},{"type":"Feature","geometry":{"type":"Polygon","coordinates":[[[12.654443725528278,46.135622567827774],[12.654462853606562,46.135172277702694],[12.655109083851025,46.13518554318601],[12.655089961031035,46.135635833518364],[12.654443725528278,46.135622567827774]]]},"properties":{"ndvi_class":"very_dense","color":"#00441b","area_m2":2502}},{"type":"Feature","geometry":{"type":"Polygon","coordinates":[[[12.655736196987881,46.1356490955585],[12.655755314549566,46.13519880501893],[12.656401545702057,46.135212063201465],[12.656382433398692,46.135662353948184],[12.655736196987881,46.1356490955585]]]},"properties":{"ndvi_class":"moderate","color":"#74c476","area_m2":2502}},{"type":"Feature","geometry":{"type":"Polygon","coordinates":[[[12.660259861389838,46.13574182762638],[12.660278942143005,46.13529153563789],[12.660925176469666,46.13530476826743],[12.660906100974913,46.13575506046269],[12.660259861389838,46.13574182762638]]]},"properties":{"ndvi_class":"bare","color":"#d9d9d9","area_m2":2502}},{"type":"Feature","geometry":{"type":"Polygon","coordinates":[[[12.660906100974913,46.13575506046269],[12.660925176469666,46.13530476826743],[12.662217646481729,46.13533122257519],[12.662198581503842,46.1357815151838],[12.660906100974913,46.13575506046269]]]},"properties":{"ndvi_class":"sparse","color":"#c7e9c0","area_m2":5003}},{"type":"Feature","geometry":{"type":"Polygon","coordinates":[[[12.67443930521801,46.13693269967097],[12.674515166382815,46.13513151365793],[12.676453884746204,46.1351709590441],[12.676434935909409,46.135621256226216],[12.67514244603312,46.13559496254181],[12.675085565257392,46.13694585260561],[12.67443930521801,46.13693269967097]]]},"properties":{"ndvi_class":"very_dense","color":"#00441b","area_m2":15010}},{"type":"Feature","geometry":{"type":"Polygon","coordinates":[[[12.62728289672894,46.13551239388326],[12.627340943472161,46.13416154977878],[12.62798714927536,46.13417496836282],[12.62794846242342,46.13507553156038],[12.628594679201264,46.13508894691358],[12.62857534034102,46.135539228659106],[12.62728289672894,46.13551239388326]]]},"properties":{"ndvi_class":"moderate","color":"#74c476","area_m2":10006}},{"type":"Feature","geometry":{"type":"Polygon","coordinates":[[[12.647981395503024,46.13548971014872],[12.64801975636643,46.13458913400849],[12.64931219769938,46.13461573391626],[12.649273857868383,46.13551631088775],[12.647981395503024,46.13548971014872]]]},"properties":{"ndvi_class":"moderate","color":"#74c476","area_m2":10006}},{"type":"Feature","geometry":{"type":"Polygon","coordinates":[[[12.678354740585723,46.13611096712954],[12.678373674098264,46.135660669373245],[12.679685091015882,46.135236628343236],[12.679647245477375,46.13613722471803],[12.678354740585723,46.13611096712954]]]},"properties":{"ndvi_class":"moderate","color":"#74c476","area_m2":7505}},{"type":"Feature","geometry":{"type":"Polygon","coordinates":[[[12.618920893082576,46.13443705471383],[12.618940309883007,46.13398677603454],[12.619586509704051,46.134000242068645],[12.619567098161045,46.13445052095834],[12.618920893082576,46.13443705471383]]]},"properties":{"ndvi_class":"dense","color":"#238b45","area_m2":2502}},{"type":"Feature","geometry":{"type":"Polygon","coordinates":[[[12.656401545702057,46.135212063201465],[12.656420657549512,46.13476177241295],[12.65771311069942,46.134788277412646],[12.657694009368395,46.135238568615286],[12.656401545702057,46.135212063201465]]]},"properties":{"ndvi_class":"moderate","color":"#74c476","area_m2":5003}},{"type":"Feature","geometry":{"type":"Polygon","coordinates":[[[12.658340241881993,46.13525181584658],[12.658359337954785,46.13480152443695],[12.659005565663588,46.13481476781089],[12.658986474849044,46.135265059427454],[12.658340241881993,46.13525181584658]]]},"properties":{"ndvi_class":"very_dense","color":"#00441b","area_m2":2502}},{"type":"Feature","geometry":{"type":"Polygon","coordinates":[[[12.678373674098264,46.135660669373245],[12.678392607159154,46.1352103715753],[12.67903884886279,46.13522350178456],[12.679019921060563,46.13567379978767],[12.678373674098264,46.135660669373245]]]},"properties":{"ndvi_class":"sparse","color":"#c7e9c0","area_m2":2502}},{"type":"Feature","geometry":{"type":"Polygon","coordinates":[[[12.683543662374738,46.13576561047046],[12.683562553365961,46.13531531103279],[12.684208798661736,46.13532841203723],[12.68418991292928,46.1357787116796],[12.683543662374738,46.13576561047046]]]},"properties":{"ndvi_class":"sparse","color":"#c7e9c0","area_m2":2502}},{"type":"Feature","geometry":{"type":"Polygon","coordinates":[[[12.616336077380463,46.13438315323569],[12.616374952576786,46.13348259751946],[12.617021145295688,46.133496077942745],[12.616982280613978,46.13439663408022],[12.616336077380463,46.13438315323569]]]},"properties":{"ndvi_class":"dense","color":"#238b45","area_m2":5003}},{"type":"Feature","geometry":{"type":"Polygon","coordinates":[[[12.637014809101865,46.13481272982979],[12.637053347817083,46.13391216068987],[12.637699555238928,46.13392552431359],[12.637661027039195,46.13482609387114],[12.637014809101865,46.13481272982979]]]},"properties":{"ndvi_class":"moderate","color":"#74c476","area_m2":5003}},{"type":"Feature","geometry":{"type":"Polygon","coordinates":[[[12.660278942143005,46.13529153563789],[12.660317102283875,46.13439095153564],[12.660963326094087,46.134404183751684],[12.660925176469666,46.13530476826743],[12.660278942143005,46.13529153563789]]]},"properties":{"ndvi_class":"sparse","color":"#c7e9c0","area_m2":5003}},{"type":"Feature","geometry":{"type":"Polygon","coordinates":[[[12.663510118304615,46.13535766228108],[12.66354822586296,46.13445707611242],[12.664194451936567,46.134470290076706],[12.664156354894804,46.13537087665831],[12.663510118304615,46.13535766228108]]]},"properties":{"ndvi_class":"very_dense","color":"#00441b","area_m2":5003}},{"type":"Feature","geometry":{"type":"Polygon","coordinates":[[[12.677727427585555,46.135647535308195],[12.677765303772864,46.13474694008108],[12.679057776213503,46.13477320373978],[12.67903884886279,46.13522350178456],[12.677727427585555,46.135647535308195]]]},"properties":{"ndvi_class":"moderate","color":"#74c476","area_m2":7505}},{"type":"Feature","geometry":{"type":"Polygon","coordinates":[[[12.63574165470302,46.13433570666524],[12.63576093434612,46.13388542249211],[12.63640714085277,46.13389879341604],[12.636387866467322,46.13434907779807],[12.63574165470302,46.13433570666524]]]},"properties":{"ndvi_class":"very_dense","color":"#00441b","area_m2":2502}},{"type":"Feature","geometry":{"type":"Polygon","coordinates":[[[12.658359337954785,46.13480152443695],[12.658378433572055,46.134351232985566],[12.659024656022735,46.13436447615258],[12.659005565663588,46.13481476781089],[12.658359337954785,46.13480152443695]]]},"properties":{"ndvi_class":"sparse","color":"#c7e9c0","area_m2":2502}},{"type":"Feature","geometry":{"type":"Polygon","coordinates":[[[12.659613622257854,46.135728591139554],[12.659651793825704,46.13482800753445],[12.659005565663588,46.13481476781089],[12.659024656022735,46.13436447615258],[12.660317102283875,46.13439095153564],[12.660259861389838,46.13574182762638],[12.659613622257854,46.135728591139554]]]},"properties":{"ndvi_class":"moderate","color":"#74c476","area_m2":10006}},{"type":"Feature","geometry":{"type":"Polygon","coordinates":[[[12.67903884886279,46.13522350178456],[12.679057776213503,46.13477320373978],[12.679704013108042,46.13478633009336],[12.679685091015882,46.135236628343236],[12.67903884886279,46.13522350178456]]]},"properties":{"ndvi_class":"sparse","color":"#c7e9c0","area_m2":2502}},{"type":"Feature","geometry":{"type":"Polygon","coordinates":[[[12.684208798661736,46.13532841203723],[12.684227683943675,46.134878112353235],[12.684873924429247,46.13489120950239],[12.684855044405964,46.13534150939104],[12.684208798661736,46.13532841203723]]]},"properties":{"ndvi_class":"sparse","color":"#c7e9c0","area_m2":2502}},{"type":"Feature","geometry":{"type":"Polygon","coordinates":[[[12.664802591937324,46.13538408738506],[12.664840678462475,46.134483500390616],[12.66615216493562,46.134059616094866],[12.666114100351797,46.13496020399806],[12.664802591937324,46.13538408738506]]]},"properties":{"ndvi_class":"moderate","color":"#74c476","area_m2":10006}},{"type":"Feature","geometry":{"type":"Polygon","coordinates":[[[12.653816623816297,46.13515900856899],[12.653208670300424,46.13424515623884],[12.653854889120206,46.13425842860815],[12.65387402108758,46.13380813856505],[12.655166449574093,46.13383467193829],[12.655128206214856,46.13473525281188],[12.653816623816297,46.13515900856899]]]},"properties":{"ndvi_class":"moderate","color":"#74c476","area_m2":15010}},{"type":"Feature","geometry":{"type":"Polygon","coordinates":[[[12.641576809371312,46.13400562940375],[12.641596041236301,46.13355534331056],[12.64224224659977,46.13356868117508],[12.642223019992429,46.134018967476656],[12.641576809371312,46.13400562940375]]]},"properties":{"ndvi_class":"very_dense","color":"#00441b","area_m2":2502}},{"type":"Feature","geometry":{"type":"Polygon","coordinates":[[[12.673887897247468,46.13466806149292],[12.673906866213596,46.13421776504935],[12.674553094250813,46.134230920401365],[12.674534130543003,46.134681217050485],[12.673887897247468,46.13466806149292]]]},"properties":{"ndvi_class":"moderate","color":"#74c476","area_m2":2502}},{"type":"Feature","geometry":{"type":"Polygon","coordinates":[[[12.637641762250027,46.13527637858711],[12.637661027039195,46.13482609387114],[12.638972718100032,46.134402525827916],[12.638991971454738,46.13395224061077],[12.640284389499197,46.13397894230751],[12.64032287380069,46.133078370913246],[12.640969072993235,46.133091715869405],[12.64093059920686,46.13399228768069],[12.641576809371312,46.13400562940375],[12.641557577047562,46.13445591545509],[12.640245903361663,46.13487951353435],[12.640226659604345,46.13532979908501],[12.639580434580022,46.135316449435955],[12.639599683595323,46.1348661640939],[12.638953464286049,46.13485281100319],[12.638934210012778,46.135303096136624],[12.637641762250027,46.13527637858711]]]},"properties":{"ndvi_class":"moderate","color":"#74c476","area_m2":32521}},{"type":"Feature","geometry":{"type":"Polygon","coordinates":[[[12.645434879166716,46.13453589038989],[12.645492480123426,46.13318502836166],[12.646784886265506,46.13321165622326],[12.64672731685521,46.13456251949969],[12.645434879166716,46.13453589038989]]]},"properties":{"ndvi_class":"moderate","color":"#74c476","area_m2":15010}},{"type":"Feature","geometry":{"type":"Polygon","coordinates":[[[12.637699555238928,46.13392552431359],[12.637738081600618,46.13302495458859],[12.63838427896487,46.13303831414474],[12.63834576311819,46.13393888428723],[12.637699555238928,46.13392552431359]]]},"properties":{"ndvi_class":"moderate","color":"#74c476","area_m2":5003}},{"type":"Feature","geometry":{"type":"Polygon","coordinates":[[[12.655793548304846,46.134298223814476],[12.655831780236092,46.13339764244293],[12.657770411958682,46.13343740355415],[12.6570859900311,46.134324735700616],[12.655793548304846,46.134298223814476]]]},"properties":{"ndvi_class":"very_dense","color":"#00441b","area_m2":12508}},{"type":"Feature","geometry":{"type":"Polygon","coordinates":[[[12.6803502504519,46.134799452796415],[12.680388082765353,46.13389885576164],[12.68103431004162,46.13391197440419],[12.680996488244945,46.134812571848926],[12.6803502504519,46.134799452796415]]]},"properties":{"ndvi_class":"dense","color":"#238b45","area_m2":5003}},{"type":"Feature","geometry":{"type":"Polygon","coordinates":[[[12.660982400223778,46.13395389143119],[12.66100147389848,46.13350359906895],[12.66164768764564,46.13351682722127],[12.661628619228868,46.1339671197902],[12.660982400223778,46.13395389143119]]]},"properties":{"ndvi_class":"sparse","color":"#c7e9c0","area_m2":2502}},{"type":"Feature","geometry":{"type":"Polygon","coordinates":[[[12.672614411490557,46.13419144339408],[12.672633390520541,46.133741147320116],[12.67327961239862,46.13375430976728],[12.673260638626802,46.134204606046914],[12.672614411490557,46.13419144339408]]]},"properties":{"ndvi_class":"moderate","color":"#74c476","area_m2":2502}},{"type":"Feature","geometry":{"type":"Polygon","coordinates":[[[12.637661027039195,46.13482609387114],[12.63838427896487,46.13303831414474],[12.639695921784652,46.13261473675573],[12.63967667506503,46.13306502230708],[12.64032287380069,46.133078370913246],[12.640284389499197,46.13397894230751],[12.638991971454738,46.13395224061077],[12.638972718100032,46.134402525827916],[12.637661027039195,46.13482609387114]]]},"properties":{"ndvi_class":"sparse","color":"#c7e9c0","area_m2":25016}},{"type":"Feature","geometry":{"type":"Polygon","coordinates":[[[12.6836003339965,46.134414712032566],[12.684284337086542,46.13352721305146],[12.685576786955531,46.133553402471534],[12.685539039677504,46.1344540028661],[12.6836003339965,46.134414712032566]]]},"properties":{"ndvi_class":"dense","color":"#238b45","area_m2":12508}},{"type":"Feature","geometry":{"type":"Polygon","coordinates":[[[12.685539039677504,46.1344540028661],[12.685576786955531,46.133553402471534],[12.686869238617138,46.13357957728992],[12.686831512372615,46.1344801785025],[12.685539039677504,46.1344540028661]]]},"properties":{"ndvi_class":"moderate","color":"#74c476","area_m2":10006}},{"type":"Feature","geometry":{"type":"Polygon","coordinates":[[[12.634507101642628,46.13295810205822],[12.63452639042062,46.13250781817744],[12.635172580239452,46.13252119577441],[12.635153296718707,46.13297147986421],[12.634507101642628,46.13295810205822]]]},"properties":{"ndvi_class":"dense","color":"#238b45","area_m2":2502}},{"type":"Feature","geometry":{"type":"Polygon","coordinates":[[[12.637738081600618,46.13302495458859],[12.63775734409223,46.13257466966328],[12.638403536199165,46.1325880290107],[12.63838427896487,46.13303831414474],[12.637738081600618,46.13302495458859]]]},"properties":{"ndvi_class":"dense","color":"#238b45","area_m2":2502}},{"type":"Feature","geometry":{"type":"Polygon","coordinates":[[[12.63838427896487,46.13303831414474],[12.638403536199165,46.1325880290107],[12.639049728763347,46.13260138470818],[12.639030476786383,46.133051670050904],[12.63838427896487,46.13303831414474]]]},"properties":{"ndvi_class":"moderate","color":"#74c476","area_m2":2502}},{"type":"Feature","geometry":{"type":"Polygon","coordinates":[[[12.63967667506503,46.13306502230708],[12.639695921784652,46.13261473675573],[12.640342115262953,46.13262808515332],[12.64032287380069,46.133078370913246],[12.63967667506503,46.13306502230708]]]},"properties":{"ndvi_class":"moderate","color":"#74c476","area_m2":2502}},{"type":"Feature","geometry":{"type":"Polygon","coordinates":[[[12.654539361356981,46.13337111678459],[12.654558487153974,46.13292082645061],[12.656497100380511,46.13296060884126],[12.656477990356558,46.13341089979684],[12.654539361356981,46.13337111678459]]]},"properties":{"ndvi_class":"moderate","color":"#74c476","area_m2":7505}},{"type":"Feature","geometry":{"type":"Polygon","coordinates":[[[12.66035526060422,46.13349036726641],[12.660374339081727,46.13304007506917],[12.6610205471182,46.13305330666496],[12.66100147389848,46.13350359906895],[12.66035526060422,46.13349036726641]]]},"properties":{"ndvi_class":"sparse","color":"#c7e9c0","area_m2":2502}},{"type":"Feature","geometry":{"type":"Polygon","coordinates":[[[12.65839752873382,46.13390094149241],[12.658454811486205,46.13255006676243],[12.659101012905646,46.13256330910176],[12.6590628353749,46.13346389271069],[12.659709047762984,46.13347713181365],[12.659689963572474,46.13392742376234],[12.65839752873382,46.13390094149241]]]},"properties":{"ndvi_class":"sparse","color":"#c7e9c0","area_m2":10006}},{"type":"Feature","geometry":{"type":"Polygon","coordinates":[[[12.660925176469666,46.13530476826743],[12.660982400223778,46.13395389143119],[12.661628619228868,46.1339671197902],[12.6610205471182,46.13305330666496],[12.66360538379172,46.13310619654643],[12.66362443552569,46.1326559032743],[12.666209258406445,46.13270873392719],[12.666190227703472,46.1331590280248],[12.66683643981145,46.13317222676885],[12.66681741391242,46.13362252103099],[12.664232547160804,46.133569703328185],[12.664213499775869,46.13401999672331],[12.66356727896037,46.13400678296547],[12.66354822586296,46.13445707611242],[12.662902000241786,46.13444385849776],[12.662217646481729,46.13533122257519],[12.660925176469666,46.13530476826743]]]},"properties":{"ndvi_class":"moderate","color":"#74c476","area_m2":65042}},{"type":"Feature","geometry":{"type":"Polygon","coordinates":[[[12.67198716909312,46.133727981222606],[12.67202513631085,46.13282738936104],[12.672671347222341,46.13284055504711],[12.672633390520541,46.133741147320116],[12.67198716909312,46.133727981222606]]]},"properties":{"ndvi_class":"very_dense","color":"#00441b","area_m2":5003}},{"type":"Feature","geometry":{"type":"Polygon","coordinates":[[[12.6364649612506,46.13254794001868],[12.636484233797082,46.132097655469146],[12.63777660612437,46.13212438469612],[12.63775734409223,46.13257466966328],[12.6364649612506,46.13254794001868]]]},"properties":{"ndvi_class":"sparse","color":"#c7e9c0","area_m2":5003}},{"type":"Feature","geometry":{"type":"Polygon","coordinates":[[[12.660374339081727,46.13304007506917],[12.660393417104144,46.13258978283017],[12.661039619882954,46.13260301421923],[12.6610205471182,46.13305330666496],[12.660374339081727,46.13304007506917]]]},"properties":{"ndvi_class":"moderate","color":"#74c476","area_m2":2502}},{"type":"Feature","geometry":{"type":"Polygon","coordinates":[[[12.666190227703472,46.1331590280248],[12.666209258406445,46.13270873392719],[12.668147880312164,46.132748318590174],[12.668128865382581,46.13319861330629],[12.666190227703472,46.1331590280248]]]},"properties":{"ndvi_class":"dense","color":"#238b45","area_m2":7505}},{"type":"Feature","geometry":{"type":"Polygon","coordinates":[[[12.684284337086542,46.13352721305146],[12.684303220566557,46.13307691320095],[12.684949440018757,46.133090009531564],[12.684930561796897,46.13354030958671],[12.684284337086542,46.13352721305146]]]},"properties":{"ndvi_class":"moderate","color":"#74c476","area_m2":2502}},{"type":"Feature","geometry":{"type":"Polygon","coordinates":[[[12.684930561796897,46.13354030958671],[12.684949440018757,46.133090009531564],[12.685595659919223,46.13310310221182],[12.685576786955531,46.133553402471534],[12.684930561796897,46.13354030958671]]]},"properties":{"ndvi_class":"sparse","color":"#c7e9c0","area_m2":2502}},{"type":"Feature","geometry":{"type":"Polygon","coordinates":[[[12.633880201059783,46.13249443693057],[12.633918787749588,46.13159386946153],[12.63456496659633,46.13160725029026],[12.63452639042062,46.13250781817744],[12.633880201059783,46.13249443693057]]]},"properties":{"ndvi_class":"dense","color":"#238b45","area_m2":5003}},{"type":"Feature","geometry":{"type":"Polygon","coordinates":[[[12.647450273650513,46.13277467662856],[12.647488639538633,46.13187410040233],[12.648781016869783,46.131900705116344],[12.648761844669064,46.132350993666066],[12.647450273650513,46.13277467662856]]]},"properties":{"ndvi_class":"moderate","color":"#74c476","area_m2":7505}},{"type":"Feature","geometry":{"type":"Polygon","coordinates":[[[12.635191863300225,46.132070911642764],[12.635211145901039,46.131620627469204],[12.63585732566359,46.13163400099836],[12.635838048319787,46.13208428538088],[12.635191863300225,46.132070911642764]]]},"properties":{"ndvi_class":"sparse","color":"#c7e9c0","area_m2":2502}},{"type":"Feature","geometry":{"type":"Polygon","coordinates":[[[12.63775734409223,46.13257466966328],[12.637149686561724,46.1316607371073],[12.63908823133963,46.131700813897154],[12.639068980281092,46.1321510993236],[12.63775734409223,46.13257466966328]]]},"properties":{"ndvi_class":"moderate","color":"#74c476","area_m2":10006}},{"type":"Feature","geometry":{"type":"Polygon","coordinates":[[[12.653285216462562,46.13244399664525],[12.653304351861928,46.13199370664238],[12.65395054439351,46.132006977974825],[12.653931414251534,46.13245726818507],[12.653285216462562,46.13244399664525]]]},"properties":{"ndvi_class":"moderate","color":"#74c476","area_m2":2502}},{"type":"Feature","geometry":{"type":"Polygon","coordinates":[[[12.659747214778335,46.13257654779102],[12.659766297603198,46.13212625571706],[12.660412494671483,46.13213949054943],[12.660393417104144,46.13258978283017],[12.659747214778335,46.13257654779102]]]},"properties":{"ndvi_class":"sparse","color":"#c7e9c0","area_m2":2502}},{"type":"Feature","geometry":{"type":"Polygon","coordinates":[[[12.683657001562747,46.13306381322001],[12.683675889850331,46.132613513532554],[12.684322103596124,46.132626613308815],[12.684303220566557,46.13307691320095],[12.683657001562747,46.13306381322001]]]},"properties":{"ndvi_class":"sparse","color":"#c7e9c0","area_m2":2502}},{"type":"Feature","geometry":{"type":"Polygon","coordinates":[[[12.686850375719862,46.13402987791702],[12.686888101064453,46.133129276621226],[12.687534322308966,46.133142358350376],[12.687572035337725,46.132241756479324],[12.688218246513937,46.1322548341494],[12.688161692070363,46.133605737506606],[12.686850375719862,46.13402987791702]]]},"properties":{"ndvi_class":"sparse","color":"#c7e9c0","area_m2":12508}},{"type":"Feature","geometry":{"type":"Polygon","coordinates":[[[12.670713721942056,46.133251342578255],[12.670770702277476,46.131900455833105],[12.67141690177195,46.131913628407965],[12.671359937209782,46.1332645157706],[12.670713721942056,46.133251342578255]]]},"properties":{"ndvi_class":"very_dense","color":"#00441b","area_m2":7505}},{"type":"Feature","geometry":{"type":"Polygon","coordinates":[[[12.658378433572055,46.134351232985566],[12.65839752873382,46.13390094149241],[12.659689963572474,46.13392742376234],[12.659709047762984,46.13347713181365],[12.6590628353749,46.13346389271069],[12.659101012905646,46.13256330910176],[12.658454811486205,46.13255006676243],[12.658492997710507,46.131649483400295],[12.659139188615077,46.131662725325825],[12.659747214778335,46.13257654779102],[12.660393417104144,46.13258978283017],[12.660963326094087,46.134404183751684],[12.658378433572055,46.134351232985566]]]},"properties":{"ndvi_class":"bare","color":"#d9d9d9","area_m2":32521}},{"type":"Feature","geometry":{"type":"Polygon","coordinates":[[[12.672671347222341,46.13284055504711],[12.672709302113338,46.131939962607376],[12.673355502960005,46.13195312423191],[12.673317558584463,46.13285371708296],[12.672671347222341,46.13284055504711]]]},"properties":{"ndvi_class":"very_dense","color":"#00441b","area_m2":5003}},{"type":"Feature","geometry":{"type":"Polygon","coordinates":[[[12.640380596810585,46.131727513507926],[12.640399836895979,46.13127722762247],[12.641046015059791,46.131290571744614],[12.641026780231392,46.13174085783857],[12.640380596810585,46.131727513507926]]]},"properties":{"ndvi_class":"moderate","color":"#74c476","area_m2":2502}},{"type":"Feature","geometry":{"type":"Polygon","coordinates":[[[12.65912010098802,46.132113017234666],[12.659139188615077,46.131662725325825],[12.65978537997287,46.131675963601374],[12.659766297603198,46.13212625571706],[12.65912010098802,46.132113017234666]]]},"properties":{"ndvi_class":"sparse","color":"#c7e9c0","area_m2":2502}},{"type":"Feature","geometry":{"type":"Polygon","coordinates":[[[12.659766297603198,46.13212625571706],[12.65978537997287,46.131675963601374],[12.660431571783757,46.131689198226944],[12.660412494671483,46.13213949054943],[12.659766297603198,46.13212625571706]]]},"properties":{"ndvi_class":"moderate","color":"#74c476","area_m2":2502}},{"type":"Feature","geometry":{"type":"Polygon","coordinates":[[[12.649977583020341,46.13417873963858],[12.650015909592248,46.13327816200081],[12.648723498895624,46.13325157064008],[12.648761844669064,46.132350993666066],[12.649408039274839,46.13236429075596],[12.649427206218261,46.13191400199847],[12.65007339602184,46.131927295230646],[12.650757897767171,46.13104000634185],[12.651404077966287,46.131053291858976],[12.651384927708452,46.13150358132299],[12.65203111361937,46.13151686339781],[12.65199282224785,46.132417442615534],[12.651346625822358,46.132404160125645],[12.651327474194074,46.132854449464276],[12.651973675877041,46.132867732161706],[12.651935381765254,46.13376831112866],[12.651289169566963,46.133755028016154],[12.651270016568109,46.1342053172294],[12.649977583020341,46.13417873963858]]]},"properties":{"ndvi_class":"moderate","color":"#74c476","area_m2":55036}},{"type":"Feature","geometry":{"type":"Polygon","coordinates":[[[12.68103431004162,46.13391197440419],[12.681091039353417,46.13256107792474],[12.681737251304456,46.132574192302094],[12.681775058074777,46.13167359403112],[12.682421259959114,46.13168670434851],[12.682364564900793,46.1330376023071],[12.684303220566557,46.13307691320095],[12.684284337086542,46.13352721305146],[12.682991889011165,46.13350100902978],[12.682972994564166,46.13395130842922],[12.681699442730395,46.13347479040654],[12.681680537766928,46.1339250893963],[12.68103431004162,46.13391197440419]]]},"properties":{"ndvi_class":"dense","color":"#238b45","area_m2":27518}},{"type":"Feature","geometry":{"type":"Polygon","coordinates":[[[12.633822317573381,46.133845287819966],[12.633860907024554,46.13294472060226],[12.632568519162929,46.132917946740534],[12.632626431430502,46.13156709685478],[12.633272609360937,46.13158048498303],[12.633957372598617,46.13069330182497],[12.634603540931764,46.130706682235555],[12.63456496659633,46.13160725029026],[12.635211145901039,46.131620627469204],[12.635191863300225,46.132070911642764],[12.63650350588386,46.13164737087773],[12.6364649612506,46.13254794001868],[12.63775734409223,46.13257466966328],[12.637738081600618,46.13302495458859],[12.637091884693753,46.13301159138245],[12.637072616485229,46.13346187605708],[12.635780213529333,46.13343513827712],[12.63576093434612,46.13388542249211],[12.633822317573381,46.133845287819966]],[[12.634507101642628,46.13295810205822],[12.635153296718707,46.13297147986421],[12.635172580239452,46.13252119577441],[12.63452639042062,46.13250781817744],[12.634507101642628,46.13295810205822]],[[12.633880201059783,46.13249443693057],[12.63452639042062,46.13250781817744],[12.63456496659633,46.13160725029026],[12.633918787749588,46.13159386946153],[12.633880201059783,46.13249443693057]]]},"properties":{"ndvi_class":"moderate","color":"#74c476","area_m2":67544}},{"type":"Feature","geometry":{"type":"Polygon","coordinates":[[[12.63456496659633,46.13160725029026],[12.634603540931764,46.130706682235555],[12.63524970972285,46.13072005899648],[12.635211145901039,46.131620627469204],[12.63456496659633,46.13160725029026]]]},"properties":{"ndvi_class":"sparse","color":"#c7e9c0","area_m2":5003}},{"type":"Feature","geometry":{"type":"Polygon","coordinates":[[[12.635211145901039,46.131620627469204],[12.63524970972285,46.13072005899648],[12.635895878971752,46.13073343210773],[12.63585732566359,46.13163400099836],[12.635211145901039,46.131620627469204]]]},"properties":{"ndvi_class":"moderate","color":"#74c476","area_m2":5003}},{"type":"Feature","geometry":{"type":"Polygon","coordinates":[[[12.640399836895979,46.13127722762247],[12.640419076522441,46.130826941695155],[12.641065249429385,46.13084028560879],[12.641046015059791,46.131290571744614],[12.640399836895979,46.13127722762247]]]},"properties":{"ndvi_class":"sparse","color":"#c7e9c0","area_m2":2502}},{"type":"Feature","geometry":{"type":"Polygon","coordinates":[[[12.645569274987343,46.13138387840511],[12.645588472558467,46.13093359081142],[12.646234649115483,46.13094690552701],[12.646215456801336,46.13139719332875],[12.645569274987343,46.13138387840511]]]},"properties":{"ndvi_class":"dense","color":"#238b45","area_m2":2502}},{"type":"Feature","geometry":{"type":"Polygon","coordinates":[[[12.67141690177195,46.131913628407965],[12.671435889053473,46.13146333253704],[12.672082083741289,46.13147650125604],[12.67206310171728,46.13192679733272],[12.67141690177195,46.131913628407965]]]},"properties":{"ndvi_class":"very_dense","color":"#00441b","area_m2":2502}},{"type":"Feature","geometry":{"type":"Polygon","coordinates":[[[12.658492997710507,46.131649483400295],[12.658531182113103,46.13074889987114],[12.659177362503305,46.13076214138287],[12.659139188615077,46.131662725325825],[12.658492997710507,46.131649483400295]]]},"properties":{"ndvi_class":"sparse","color":"#c7e9c0","area_m2":5003}},{"type":"Feature","geometry":{"type":"Polygon","coordinates":[[[12.618449470308843,46.13037107708892],[12.618468888197672,46.12992079824237],[12.619115040246617,46.12993426603246],[12.619095627614076,46.130384545089434],[12.618449470308843,46.13037107708892]]]},"properties":{"ndvi_class":"sparse","color":"#c7e9c0","area_m2":2502}},{"type":"Feature","geometry":{"type":"Polygon","coordinates":[[[12.634603540931764,46.130706682235555],[12.63462282740941,46.13025639814538],[12.635268990943874,46.1302697746973],[12.63524970972285,46.13072005899648],[12.634603540931764,46.130706682235555]]]},"properties":{"ndvi_class":"moderate","color":"#74c476","area_m2":2502}},{"type":"Feature","geometry":{"type":"Polygon","coordinates":[[[12.654634985779909,46.13111966469692],[12.654654109295949,46.13066937415405],[12.655300286964371,46.1306826375648],[12.655281168705372,46.131132928314926],[12.654634985779909,46.13111966469692]]]},"properties":{"ndvi_class":"dense","color":"#238b45","area_m2":2502}},{"type":"Feature","geometry":{"type":"Polygon","coordinates":[[[12.683713665073833,46.131712914032796],[12.68373255200978,46.13126261422047],[12.684378749982274,46.13127571338268],[12.68435986830397,46.13172601339969],[12.683713665073833,46.131712914032796]]]},"properties":{"ndvi_class":"sparse","color":"#c7e9c0","area_m2":2502}},{"type":"Feature","geometry":{"type":"Polygon","coordinates":[[[12.639772904072318,46.13081359413177],[12.63981139246185,46.12991302256869],[12.640457554398637,46.12992636971495],[12.640419076522441,46.130826941695155],[12.639772904072318,46.13081359413177]]]},"properties":{"ndvi_class":"sparse","color":"#c7e9c0","area_m2":5003}},{"type":"Feature","geometry":{"type":"Polygon","coordinates":[[[12.640419076522441,46.130826941695155],[12.640457554398637,46.12992636971495],[12.641103716792214,46.129939713211606],[12.641065249429385,46.13084028560879],[12.640419076522441,46.130826941695155]]]},"properties":{"ndvi_class":"moderate","color":"#74c476","area_m2":5003}},{"type":"Feature","geometry":{"type":"Polygon","coordinates":[[[12.64281156426993,46.13538316117819],[12.642888452419767,46.1335820153895],[12.644200075804909,46.133158385899804],[12.644257704183774,46.131807524743934],[12.644903890343045,46.131820847175405],[12.644961498827326,46.1304699850186],[12.644315328438907,46.1304566632116],[12.64433453560763,46.13000637595051],[12.645626866326985,46.13003301549855],[12.645607669671676,46.130483303175886],[12.646900012727686,46.13050992854128],[12.647507821796335,46.131423812226494],[12.646861639071043,46.131410504602556],[12.646823263583686,46.13231108049654],[12.64617707079962,46.132297768806765],[12.645492480123426,46.13318502836166],[12.644846277736159,46.13317170895576],[12.644807867041052,46.13407228326683],[12.644161654594521,46.13405895979454],[12.644104019341958,46.135409820322884],[12.64281156426993,46.13538316117819]],[[12.645569274987343,46.13138387840511],[12.646215456801336,46.13139719332875],[12.646234649115483,46.13094690552701],[12.645588472558467,46.13093359081142],[12.645569274987343,46.13138387840511]]]},"properties":{"ndvi_class":"moderate","color":"#74c476","area_m2":77550}},{"type":"Feature","geometry":{"type":"Polygon","coordinates":[[[12.645607669671676,46.130483303175886],[12.645626866326985,46.13003301549855],[12.646919198869524,46.13005964044793],[12.646900012727686,46.13050992854128],[12.645607669671676,46.130483303175886]]]},"properties":{"ndvi_class":"sparse","color":"#c7e9c0","area_m2":5003}},{"type":"Feature","geometry":{"type":"Polygon","coordinates":[[[12.656592643662911,46.13070915343684],[12.656611750952012,46.13025886223067],[12.657904098951397,46.1302853630893],[12.657885002176222,46.13073565470955],[12.656592643662911,46.13070915343684]]]},"properties":{"ndvi_class":"dense","color":"#238b45","area_m2":5003}},{"type":"Feature","geometry":{"type":"Polygon","coordinates":[[[12.677938089014221,46.146017507228706],[12.677975975466904,46.14511691350741],[12.676036905897277,46.14507748742558],[12.676055864229502,46.14462719111848],[12.676702215041383,46.144640336592175],[12.67674011982683,46.14373974344217],[12.676093779537077,46.143726598379295],[12.67613169303557,46.14282600547342],[12.674839034849969,46.14279970521466],[12.674858001442052,46.14234940911017],[12.675504325049104,46.142362560859794],[12.675523285928234,46.14191226450813],[12.676169604725088,46.14192541240086],[12.676853823332118,46.141037962992215],[12.677500132508497,46.14105110317148],[12.677556962378045,46.13970021176807],[12.678203256224224,46.139713347680264],[12.678241130024979,46.138812752792525],[12.679533698027411,46.13883901284282],[12.679628322031,46.136587522842966],[12.680274580409861,46.13660064636622],[12.680958664643763,46.135713169127094],[12.679685091015882,46.135236628343236],[12.679704013108042,46.13478633009336],[12.679057776213503,46.13477320373978],[12.679095629560429,46.13387260752529],[12.679741855938246,46.13388573346868],[12.679798616798458,46.132534838219264],[12.680444827851375,46.132547959897124],[12.681166672121027,46.13075988203586],[12.682477950960385,46.130335806015204],[12.682421259959114,46.13168670434851],[12.681775058074777,46.13167359403112],[12.681737251304456,46.132574192302094],[12.681091039353417,46.13256107792474],[12.68103431004162,46.13391197440419],[12.681680537766928,46.1339250893963],[12.681699442730395,46.13347479040654],[12.682345665646391,46.133487901543354],[12.682326765941152,46.13393820073798],[12.682972994564166,46.13395130842922],[12.682991889011165,46.13350100902978],[12.684284337086542,46.13352721305146],[12.6836003339965,46.134414712032566],[12.685539039677504,46.1344540028661],[12.685520165363139,46.13490430300097],[12.684227683943675,46.134878112353235],[12.683543662374738,46.13576561047046],[12.682251162611566,46.13573939710012],[12.682232260651944,46.13618969608656],[12.681586006184704,46.1361765837205],[12.681510372800252,46.137977778430354],[12.680864097745383,46.13796466159378],[12.680769519566498,46.14021615301936],[12.681415820919948,46.140229270880745],[12.681396909190456,46.14067956924592],[12.680750602576913,46.140666451179555],[12.680731685136028,46.14111674929809],[12.679439062736385,46.14109050180142],[12.679457990697667,46.14064020409301],[12.678184318646192,46.14016364506164],[12.678127503201315,46.141514536955846],[12.678773818537609,46.14152767003771],[12.678735949836195,46.14242826483597],[12.67938227614311,46.14244139467676],[12.679363346375494,46.142891692218576],[12.68000967839264,46.14290481861296],[12.679990753434224,46.14335511631823],[12.67934441615626,46.14334198971872],[12.679306554362885,46.14424258459409],[12.678660207012507,46.144229453932645],[12.67862233289002,46.14513004823104],[12.679268690762882,46.14514317930284],[12.679249758285358,46.14559347659473],[12.677938089014221,46.146017507228706]],[[12.67744329857149,46.14240199419993],[12.678089623978947,46.14241513134369],[12.678108563816052,46.1419648341706],[12.67746224366912,46.1419516972321],[12.67744329857149,46.14240199419993]],[[12.679457990697667,46.14064020409301],[12.680104296412608,46.14065332946192],[12.680123218662272,46.14020303150675],[12.679476918207396,46.14018990634293],[12.679457990697667,46.14064020409301]],[[12.6803502504519,46.134799452796415],[12.680996488244945,46.134812571848926],[12.68103431004162,46.13391197440419],[12.680388082765353,46.13389885576164],[12.6803502504519,46.134799452796415]]]},"properties":{"ndvi_class":"moderate","color":"#74c476","area_m2":310201}},{"type":"Feature","geometry":{"type":"Polygon","coordinates":[[[12.641711422793023,46.130853625872696],[12.64174987964246,46.129953053058664],[12.643061423936153,46.12952943491737],[12.643022989030372,46.13043000864848],[12.643669158506547,46.130443337754905],[12.64364994562286,46.13089362476597],[12.641711422793023,46.130853625872696]]]},"properties":{"ndvi_class":"moderate","color":"#74c476","area_m2":15010}},{"type":"Feature","geometry":{"type":"Polygon","coordinates":[[[12.682421259959114,46.13168670434851],[12.682477950960385,46.130335806015204],[12.683124137520975,46.130348912068065],[12.683067462292174,46.131699811015736],[12.682421259959114,46.13168670434851]]]},"properties":{"ndvi_class":"dense","color":"#238b45","area_m2":7505}},{"type":"Feature","geometry":{"type":"Polygon","coordinates":[[[12.686944685706763,46.131778374365446],[12.686963546354368,46.13132807353029],[12.685024948403102,46.13128880889478],[12.685043824373482,46.130838508631534],[12.687628601507429,46.13089085336069],[12.687647455997801,46.13044055223792],[12.68829364614338,46.130453629090674],[12.68823709709577,46.13180453294713],[12.686944685706763,46.131778374365446]]]},"properties":{"ndvi_class":"sparse","color":"#c7e9c0","area_m2":20013}},{"type":"Feature","geometry":{"type":"Polygon","coordinates":[[[12.639107481938973,46.131250528428865],[12.639165230981982,46.12989967177281],[12.638519069959155,46.12988631732734],[12.638538323978315,46.12943603190026],[12.640476792648395,46.12947608366207],[12.640457554398637,46.12992636971495],[12.63981139246185,46.12991302256869],[12.639772904072318,46.13081359413177],[12.640419076522441,46.130826941695155],[12.640399836895979,46.13127722762247],[12.639107481938973,46.131250528428865]]]},"properties":{"ndvi_class":"moderate","color":"#74c476","area_m2":17511}},{"type":"Feature","geometry":{"type":"Polygon","coordinates":[[[12.654027060398391,46.13020581671613],[12.654046188258922,46.129755526297],[12.654692354959595,46.129768792942976],[12.654673232355842,46.13021908356941],[12.654027060398391,46.13020581671613]]]},"properties":{"ndvi_class":"dense","color":"#238b45","area_m2":2502}},{"type":"Feature","geometry":{"type":"Polygon","coordinates":[[[12.67858191292999,46.130707391304725],[12.678600841023565,46.13025709304856],[12.679247024890183,46.13027022100123],[12.679228102053894,46.13072051946253],[12.67858191292999,46.130707391304725]]]},"properties":{"ndvi_class":"moderate","color":"#74c476","area_m2":2502}},{"type":"Feature","geometry":{"type":"Polygon","coordinates":[[[12.672082083741289,46.13147650125604],[12.672158007309609,46.12967531653239],[12.67280418141928,46.12968848077854],[12.672728278879822,46.131489666324974],[12.672082083741289,46.13147650125604]]]},"properties":{"ndvi_class":"moderate","color":"#74c476","area_m2":10006}},{"type":"Feature","geometry":{"type":"Polygon","coordinates":[[[12.633349798244964,46.129779350378854],[12.633388389925333,46.12887878282541],[12.63403453677478,46.12889216604921],[12.633995955606977,46.12979273402086],[12.633349798244964,46.129779350378854]]]},"properties":{"ndvi_class":"sparse","color":"#c7e9c0","area_m2":5003}},{"type":"Feature","geometry":{"type":"Polygon","coordinates":[[[12.66681741391242,46.13362252103099],[12.66683643981145,46.13317222676885],[12.668128865382581,46.13319861330629],[12.668147880312164,46.132748318590174],[12.666209258406445,46.13270873392719],[12.66624731845055,46.1318081456068],[12.666893514785553,46.13182134373219],[12.666912538869303,46.1313710493032],[12.66822393549487,46.13094713930856],[12.668261960365033,46.13004654941752],[12.668908137025804,46.13005973576855],[12.669592316166488,46.12917232758782],[12.671530818667705,46.12921185255703],[12.671492848180637,46.130112444674104],[12.670846669715415,46.13009927292251],[12.670124503233982,46.13188727960815],[12.66947830464159,46.1318740997331],[12.669440297173706,46.132774690114594],[12.668794088517243,46.13276150617748],[12.668756068720258,46.133662095980156],[12.66681741391242,46.13362252103099]]]},"properties":{"ndvi_class":"very_dense","color":"#00441b","area_m2":95062}},{"type":"Feature","geometry":{"type":"Polygon","coordinates":[[[12.647584546251746,46.12962265910501],[12.647622905734405,46.12872208229338],[12.648269057374923,46.1287353850203],[12.648876871013895,46.12964926174064],[12.647584546251746,46.12962265910501]]]},"properties":{"ndvi_class":"sparse","color":"#c7e9c0","area_m2":7505}},{"type":"Feature","geometry":{"type":"Polygon","coordinates":[[[12.683124137520975,46.130348912068065],[12.68316191875373,46.12944831256146],[12.6838080952485,46.12946141455488],[12.683770324530126,46.13036201447093],[12.683124137520975,46.130348912068065]]]},"properties":{"ndvi_class":"dense","color":"#238b45","area_m2":5003}},{"type":"Feature","geometry":{"type":"Polygon","coordinates":[[[12.64114218231999,46.12903914064702],[12.641161414395764,46.12858885430197],[12.641807561476861,46.12860219352374],[12.641788334657344,46.12905248007722],[12.64114218231999,46.12903914064702]]]},"properties":{"ndvi_class":"moderate","color":"#74c476","area_m2":2502}},{"type":"Feature","geometry":{"type":"Polygon","coordinates":[[[12.648249883118732,46.12918567365488],[12.648269057374923,46.1287353850203],[12.648915209470703,46.12874868409771],[12.648896040470914,46.129198972940074],[12.648249883118732,46.12918567365488]]]},"properties":{"ndvi_class":"bare","color":"#d9d9d9","area_m2":2502}},{"type":"Feature","geometry":{"type":"Polygon","coordinates":[[[12.688312494926665,46.13000332772198],[12.688331343260346,46.12955302631167],[12.688977523338895,46.12956609910582],[12.688958680262449,46.1300164007204],[12.688312494926665,46.13000332772198]]]},"properties":{"ndvi_class":"sparse","color":"#c7e9c0","area_m2":2502}},{"type":"Feature","geometry":{"type":"Polygon","coordinates":[[[12.623030723017434,46.129114435371896],[12.623050102725188,46.12866415492771],[12.622403963680966,46.12865070966465],[12.62244273222138,46.1277501490706],[12.623715616219174,46.128227315845336],[12.623676867777787,46.12912787719567],[12.623030723017434,46.129114435371896]]]},"properties":{"ndvi_class":"sparse","color":"#c7e9c0","area_m2":10006}},{"type":"Feature","geometry":{"type":"Polygon","coordinates":[[[12.644372948570677,46.129105801302785],[12.644411359701277,46.12820522648775],[12.645703648369471,46.1282318643709],[12.645019103189368,46.129119122485356],[12.644372948570677,46.129105801302785]]]},"properties":{"ndvi_class":"very_dense","color":"#00441b","area_m2":7505}},{"type":"Feature","geometry":{"type":"Polygon","coordinates":[[[12.646900012727686,46.13050992854128],[12.646919198869524,46.13005964044793],[12.646273032370418,46.13004632979807],[12.646292223311235,46.12959604187086],[12.646938384553724,46.12960935231275],[12.6469575697803,46.129159064135756],[12.646311413794304,46.12914575390184],[12.646349793387243,46.12824517783834],[12.647622905734405,46.12872208229338],[12.647584546251746,46.12962265910501],[12.648876871013895,46.12964926174064],[12.648192357605936,46.13053653930774],[12.646900012727686,46.13050992854128]]]},"properties":{"ndvi_class":"moderate","color":"#74c476","area_m2":25016}},{"type":"Feature","geometry":{"type":"Polygon","coordinates":[[[12.648896040470914,46.129198972940074],[12.648934378013266,46.12829839521353],[12.649580525307881,46.12831169043366],[12.649542198278246,46.12921226857569],[12.648896040470914,46.129198972940074]]]},"properties":{"ndvi_class":"sparse","color":"#c7e9c0","area_m2":5003}},{"type":"Feature","geometry":{"type":"Polygon","coordinates":[[[12.6501883565406,46.12922556056172],[12.650226673057492,46.12832498200433],[12.650872821261974,46.12833826992551],[12.650834515257849,46.12923884889815],[12.6501883565406,46.12922556056172]]]},"properties":{"ndvi_class":"dense","color":"#238b45","area_m2":5003}},{"type":"Feature","geometry":{"type":"Polygon","coordinates":[[[12.652772994137742,46.12927869200977],[12.652811268603397,46.12837811179208],[12.654103569103084,46.128404654788916],[12.653419154673335,46.129291965747754],[12.652772994137742,46.12927869200977]]]},"properties":{"ndvi_class":"sparse","color":"#c7e9c0","area_m2":7505}},{"type":"Feature","geometry":{"type":"Polygon","coordinates":[[[12.648269057374923,46.1287353850203],[12.648288231173769,46.128285096343916],[12.648934378013266,46.12829839521353],[12.648915209470703,46.12874868409771],[12.648269057374923,46.1287353850203]]]},"properties":{"ndvi_class":"moderate","color":"#74c476","area_m2":2502}},{"type":"Feature","geometry":{"type":"Polygon","coordinates":[[[12.688977523338895,46.12956609910582],[12.689015208143406,46.12866549575189],[12.689661378155249,46.12867856448769],[12.689623703864855,46.12957916825004],[12.688977523338895,46.12956609910582]]]},"properties":{"ndvi_class":"sparse","color":"#c7e9c0","area_m2":5003}},{"type":"Feature","geometry":{"type":"Polygon","coordinates":[[[12.645703648369471,46.1282318643709],[12.645722842735475,46.12778157648442],[12.646368982497144,46.127794889743825],[12.646349793387243,46.12824517783834],[12.645703648369471,46.1282318643709]]]},"properties":{"ndvi_class":"very_dense","color":"#00441b","area_m2":2502}},{"type":"Feature","geometry":{"type":"Polygon","coordinates":[[[12.630215625460377,46.12746096346],[12.630234945507969,46.12701068054112],[12.630881069042132,46.127024081174426],[12.630861754250194,46.12747436430269],[12.630215625460377,46.12746096346]]]},"properties":{"ndvi_class":"moderate","color":"#74c476","area_m2":2502}},{"type":"Feature","geometry":{"type":"Polygon","coordinates":[[[12.643138288247327,46.12772828695306],[12.643157503179285,46.127277999857405],[12.643803635861369,46.12729132750605],[12.643784426185334,46.12774161480995],[12.643138288247327,46.12772828695306]]]},"properties":{"ndvi_class":"very_dense","color":"#00441b","area_m2":2502}},{"type":"Feature","geometry":{"type":"Polygon","coordinates":[[[12.670922629905427,46.12829808934481],[12.67094161882054,46.12784779334615],[12.671587771002013,46.127860964068745],[12.671568787343398,46.1283112602732],[12.670922629905427,46.12829808934481]]]},"properties":{"ndvi_class":"moderate","color":"#74c476","area_m2":2502}},{"type":"Feature","geometry":{"type":"Polygon","coordinates":[[[12.660603245318546,46.12763656544592],[12.660622317880916,46.12718627270597],[12.661268457577535,46.127199501614385],[12.661249390271328,46.12764979456104],[12.660603245318546,46.12763656544592]]]},"properties":{"ndvi_class":"dense","color":"#238b45","area_m2":2502}},{"type":"Feature","geometry":{"type":"Polygon","coordinates":[[[12.637930685842186,46.12852210345158],[12.637969201177885,46.1276215327218],[12.639280716671617,46.12719795733052],[12.639319208228889,46.12629738551491],[12.641903688695752,46.126350760128666],[12.641884464169088,46.12680104689137],[12.642530590682847,46.12681438163025],[12.642472930119233,46.12816524229236],[12.640534504644469,46.12812522525233],[12.640515267771297,46.12857551143076],[12.637930685842186,46.12852210345158]]]},"properties":{"ndvi_class":"moderate","color":"#74c476","area_m2":65042}},{"type":"Feature","geometry":{"type":"Polygon","coordinates":[[[12.642530590682847,46.12681438163025],[12.642549809953866,46.12636409465919],[12.643195931668291,46.12637742554056],[12.643176717652935,46.1268277127199],[12.642530590682847,46.12681438163025]]]},"properties":{"ndvi_class":"very_dense","color":"#00441b","area_m2":2502}},{"type":"Feature","geometry":{"type":"Polygon","coordinates":[[[12.652222543078471,46.12701396480178],[12.652241683513175,46.12656367471233],[12.653533941055791,46.12659022334887],[12.653514811132823,46.12704051385315],[12.652222543078471,46.12701396480178]]]},"properties":{"ndvi_class":"dense","color":"#238b45","area_m2":5003}},{"type":"Feature","geometry":{"type":"Polygon","coordinates":[[[12.657942291135228,46.12938477972349],[12.658075949431593,46.12623273662771],[12.66001433290906,46.126272454956485],[12.659880784993865,46.12942450239664],[12.657942291135228,46.12938477972349]]]},"properties":{"ndvi_class":"sparse","color":"#c7e9c0","area_m2":52534}},{"type":"Feature","geometry":{"type":"Polygon","coordinates":[[[12.644488176465579,46.12640407635571],[12.644507379511547,46.12595378871813],[12.645153497338582,46.125967108443795],[12.64513429954819,46.1264173962895],[12.644488176465579,46.12640407635571]]]},"properties":{"ndvi_class":"dense","color":"#238b45","area_m2":2502}},{"type":"Feature","geometry":{"type":"Polygon","coordinates":[[[12.651595555423468,46.12655039492012],[12.651614700657365,46.12610010499638],[12.65226082349135,46.12611338458108],[12.652241683513175,46.12656367471233],[12.651595555423468,46.12655039492012]]]},"properties":{"ndvi_class":"dense","color":"#238b45","area_m2":2502}},{"type":"Feature","geometry":{"type":"Polygon","coordinates":[[[12.653533941055791,46.12659022334887],[12.653553070522477,46.126139932802815],[12.654199194719377,46.126153201439834],[12.654180070508453,46.12660349219321],[12.653533941055791,46.12659022334887]]]},"properties":{"ndvi_class":"sparse","color":"#c7e9c0","area_m2":2502}},{"type":"Feature","geometry":{"type":"Polygon","coordinates":[[[12.671625736960845,46.12696037153478],[12.672309832715973,46.12607294508414],[12.673602097282327,46.12609926663621],[12.672918021650537,46.12698670120838],[12.671625736960845,46.12696037153478]]]},"properties":{"ndvi_class":"moderate","color":"#74c476","area_m2":10006}},{"type":"Feature","geometry":{"type":"Polygon","coordinates":[[[12.621996782324882,46.13810658577186],[12.622016176538772,46.13765630637671],[12.618784962510123,46.137589004293865],[12.61880438255301,46.13713872590833],[12.617511910685263,46.13711177994327],[12.617570199582653,46.13576094579789],[12.614985324480589,46.135707012591816],[12.61496587428015,46.13615728983956],[12.614319651401095,46.13614379720184],[12.61435856185354,46.135243243085995],[12.613066138512465,46.13521624770358],[12.613027207029035,46.136116800975834],[12.611754240995324,46.135639513955994],[12.61171528755184,46.136540066300206],[12.611069061726031,46.13652655520048],[12.611146987785453,46.13472545118844],[12.611793192580473,46.13473896144377],[12.611812667676201,46.134288685124645],[12.610520269063477,46.13426166138622],[12.610500783452991,46.1347119372831],[12.609854579583214,46.13469841972778],[12.60916938253068,46.13558544934529],[12.607230743542845,46.13554486256135],[12.607269768733433,46.134644313006824],[12.607915970751229,46.134657845162],[12.608601175532074,46.133770823099006],[12.609893560853983,46.13379786831441],[12.610578723106233,46.13291083344352],[12.611224906409959,46.13292434650429],[12.611910036186984,46.13203730289904],[12.612556209901925,46.13205080823825],[12.612575676953954,46.1316005314561],[12.613868015257058,46.13162753076367],[12.613887471331665,46.13117725351766],[12.615199246067135,46.13075396009556],[12.615238134871014,46.12985340455044],[12.61588428461352,46.129866890587664],[12.61590372306369,46.12941661254142],[12.617196013420966,46.129443573246384],[12.617215440895524,46.12899329473691],[12.61786158151013,46.129006769404796],[12.618546555121563,46.128119682436505],[12.619838817632546,46.12814661268413],[12.620523748728836,46.12725951291725],[12.621815992981283,46.12728642042865],[12.621835381351131,46.12683614023688],[12.622481498912446,46.12684958830877],[12.622539645481762,46.125498746851456],[12.623831850453374,46.125525630787806],[12.623870591501818,46.12462506876647],[12.62516277729321,46.1246519372675],[12.625770161359785,46.1255659293254],[12.627708476401999,46.12560619502248],[12.627727815626915,46.12515591277402],[12.629000688726151,46.12563302057573],[12.629020017440856,46.12518273790813],[12.63031222109039,46.12520954844656],[12.630273584220742,46.12611011457765],[12.627043025987206,46.1260430587693],[12.627004334720183,46.12694362263731],[12.625712093619478,46.12691677393185],[12.62510469655767,46.12600278149605],[12.624458587667002,46.125989348440314],[12.62377373541554,46.1268764735053],[12.623127616933955,46.126863032731585],[12.623108239075075,46.12731331334352],[12.62375436281216,46.12732675432725],[12.623715616219174,46.128227315845336],[12.624361750927633,46.12824075359982],[12.624323012998156,46.12914131537008],[12.624969158678415,46.129154749895086],[12.624911064087994,46.13050559286569],[12.624264902638888,46.13049215771094],[12.623657492863908,46.129578157807934],[12.622345807402585,46.13000155024111],[12.622326421051667,46.13045183034937],[12.622972581120601,46.13046527645277],[12.622953199563755,46.13091555672918],[12.622307034238332,46.13090211041569],[12.62217131359611,46.13405406970537],[12.622817515720472,46.13406751748959],[12.622836900513754,46.133617237506805],[12.624129295628453,46.13364412170518],[12.624090546609285,46.134544682468935],[12.622798130464787,46.13451779743044],[12.622778744746686,46.134968077329354],[12.624071171406456,46.134994962787914],[12.623386195538606,46.135882081975815],[12.625324869145702,46.135922394997834],[12.625286136537076,46.136822956181966],[12.624639901025146,46.13680952173839],[12.624601156051865,46.137710082334955],[12.62266242072657,46.13766975584196],[12.622643031771174,46.138120035447244],[12.621996782324882,46.13810658577186]],[[12.620762497617893,46.13672883841963],[12.622054963578657,46.13675574746057],[12.622093748768101,46.13585518837663],[12.62144752607349,46.1358417361017],[12.620762497617893,46.13672883841963]],[[12.622720584817747,46.136318916774414],[12.62336681369118,46.136332361958964],[12.623386195538606,46.135882081975815],[12.622739971923181,46.13586863700133],[12.622720584817747,46.136318916774414]],[[12.617589628288181,46.1353106676655],[12.618235842959592,46.135324141631074],[12.618255265944029,46.13487386324616],[12.617609056530267,46.1348603894911],[12.617589628288181,46.1353106676655]],[[12.618255265944029,46.13487386324616],[12.618901475818982,46.13488733335115],[12.618920893082576,46.13443705471383],[12.618274688465162,46.1344235848193],[12.618255265944029,46.13487386324616]],[[12.616336077380463,46.13438315323569],[12.616982280613978,46.13439663408022],[12.617021145295688,46.133496077942745],[12.616374952576786,46.13348259751946],[12.616336077380463,46.13438315323569]],[[12.618920893082576,46.13443705471383],[12.619567098161045,46.13445052095834],[12.619586509704051,46.134000242068645],[12.618940309883007,46.13398677603454],[12.618920893082576,46.13443705471383]],[[12.618449470308843,46.13037107708892],[12.619095627614076,46.130384545089434],[12.619115040246617,46.12993426603246],[12.618468888197672,46.12992079824237],[12.618449470308843,46.13037107708892]],[[12.623030723017434,46.129114435371896],[12.623676867777787,46.12912787719567],[12.623715616219174,46.128227315845336],[12.62244273222138,46.1277501490706],[12.622403963680966,46.12865070966465],[12.623050102725188,46.12866415492771],[12.623030723017434,46.129114435371896]]]},"properties":{"ndvi_class":"moderate","color":"#74c476","area_m2":868064}},{"type":"Feature","geometry":{"type":"Polygon","coordinates":[[[12.621893543686127,46.12548529940992],[12.621932316264138,46.12458473864885],[12.622578407549943,46.12459818567019],[12.622539645481762,46.125498746851456],[12.621893543686127,46.12548529940992]]]},"properties":{"ndvi_class":"moderate","color":"#74c476","area_m2":5003}},{"type":"Feature","geometry":{"type":"Polygon","coordinates":[[[12.63935769795004,46.12539681353187],[12.639376942122103,46.12494652747756],[12.640669149910071,46.12497322083151],[12.640649916248456,46.125423507302884],[12.63935769795004,46.12539681353187]]]},"properties":{"ndvi_class":"moderate","color":"#74c476","area_m2":5003}},{"type":"Feature","geometry":{"type":"Polygon","coordinates":[[[12.633330501714386,46.130229634092714],[12.633349798244964,46.129779350378854],[12.633995955606977,46.12979273402086],[12.63403453677478,46.12889216604921],[12.633388389925333,46.12887878282541],[12.633465567763333,46.12707764721588],[12.634777102670716,46.12665412391624],[12.6347963850086,46.12620383944912],[12.636088617927241,46.12623058514206],[12.636127160202037,46.12533001524645],[12.634188843042583,46.1252898924872],[12.634227415009224,46.12438932367785],[12.634873509761213,46.12440270116188],[12.63485422926287,46.12485298579651],[12.636792532029876,46.12489309698208],[12.636811796763185,46.124442811720726],[12.637457893345427,46.12445617460924],[12.637419373929523,46.125356745507645],[12.636773266837077,46.12534338220156],[12.636715468501608,46.12669423760875],[12.636069346100367,46.12668087002707],[12.635384668612527,46.127568068022754],[12.63473853661518,46.1275546927248],[12.634719252897495,46.128004977066276],[12.634073116102133,46.127991597910004],[12.634053826668506,46.128441882000544],[12.634699968719854,46.12845526136586],[12.63462282740941,46.13025639814538],[12.633330501714386,46.130229634092714]]]},"properties":{"ndvi_class":"moderate","color":"#74c476","area_m2":67544}},{"type":"Feature","geometry":{"type":"Polygon","coordinates":[[[12.63226983198281,46.124799453130855],[12.632289133501006,46.12434916933264],[12.63358132071511,46.12437594254497],[12.633562029706814,46.124826226761506],[12.63226983198281,46.124799453130855]]]},"properties":{"ndvi_class":"moderate","color":"#74c476","area_m2":5003}},{"type":"Feature","geometry":{"type":"Polygon","coordinates":[[[12.63485422926287,46.12485298579651],[12.634873509761213,46.12440270116188],[12.636811796763185,46.124442811720726],[12.636792532029876,46.12489309698208],[12.63485422926287,46.12485298579651]]]},"properties":{"ndvi_class":"sparse","color":"#c7e9c0","area_m2":7505}},{"type":"Feature","geometry":{"type":"Polygon","coordinates":[[[12.638730838913396,46.12493317532713],[12.638750087881549,46.12448288943959],[12.63939618583518,46.1244962413814],[12.639376942122103,46.12494652747756],[12.638730838913396,46.12493317532713]]]},"properties":{"ndvi_class":"very_dense","color":"#00441b","area_m2":2502}},{"type":"Feature","geometry":{"type":"Polygon","coordinates":[[[12.648422434961104,46.12513307443853],[12.648441605101661,46.12468278542765],[12.649087709895408,46.12469608263504],[12.649068545010133,46.125146371853674],[12.648422434961104,46.12513307443853]]]},"properties":{"ndvi_class":"moderate","color":"#74c476","area_m2":2502}},{"type":"Feature","geometry":{"type":"Polygon","coordinates":[[[12.690345210593843,46.12779102523667],[12.690420529162989,46.12598981606351],[12.691066668529716,46.126002876275194],[12.691104314607411,46.125102271030904],[12.691750443908878,46.12511532718507],[12.691675170982444,46.12691653832329],[12.691029020656085,46.12690348135309],[12.690991370986414,46.12780408626463],[12.690345210593843,46.12779102523667]]]},"properties":{"ndvi_class":"sparse","color":"#c7e9c0","area_m2":20013}},{"type":"Feature","geometry":{"type":"Polygon","coordinates":[[[12.690420529162989,46.12598981606351],[12.690458185752854,46.125089211227355],[12.691104314607411,46.125102271030904],[12.691066668529716,46.126002876275194],[12.690420529162989,46.12598981606351]]]},"properties":{"ndvi_class":"moderate","color":"#74c476","area_m2":5003}},{"type":"Feature","geometry":{"type":"Polygon","coordinates":[[[12.628412582860639,46.12426876212367],[12.628431915447113,46.12381847953985],[12.629078000819007,46.12383188965387],[12.62905867348727,46.1242821724472],[12.628412582860639,46.12426876212367]]]},"properties":{"ndvi_class":"moderate","color":"#74c476","area_m2":2502}},{"type":"Feature","geometry":{"type":"Polygon","coordinates":[[[12.621305616288744,46.12412100774542],[12.621344396601652,46.123220447152974],[12.622636547185444,46.1232473435837],[12.621951701859587,46.12413445820539],[12.621305616288744,46.12412100774542]]]},"properties":{"ndvi_class":"moderate","color":"#74c476","area_m2":7505}},{"type":"Feature","geometry":{"type":"Polygon","coordinates":[[[12.626474313735212,46.124228509260284],[12.626513009974952,46.1233279453086],[12.627805167914179,46.12335478336099],[12.627120402984483,46.124241930530204],[12.626474313735212,46.124228509260284]]]},"properties":{"ndvi_class":"moderate","color":"#74c476","area_m2":7505}},{"type":"Feature","geometry":{"type":"Polygon","coordinates":[[[12.65425656461536,46.12480232892904],[12.65429480893216,46.123901747046276],[12.654940907306106,46.1239150109978],[12.654902673499732,46.12481559329505],[12.65425656461536,46.12480232892904]]]},"properties":{"ndvi_class":"very_dense","color":"#00441b","area_m2":5003}},{"type":"Feature","geometry":{"type":"Polygon","coordinates":[[[12.664613399463036,46.124563826662815],[12.66463243730936,46.124113532391426],[12.665924649002921,46.124139939877026],[12.665905621667346,46.12459023456103],[12.664613399463036,46.124563826662815]]]},"properties":{"ndvi_class":"dense","color":"#238b45","area_m2":5003}},{"type":"Feature","geometry":{"type":"Polygon","coordinates":[[[12.691104314607411,46.125102271030904],[12.691123136972816,46.12465196834639],[12.69176926101837,46.12466502429655],[12.691750443908878,46.12511532718507],[12.691104314607411,46.125102271030904]]]},"properties":{"ndvi_class":"moderate","color":"#74c476","area_m2":2502}},{"type":"Feature","geometry":{"type":"Polygon","coordinates":[[[12.691750443908878,46.12511532718507],[12.69176926101837,46.12466502429655],[12.692415385510694,46.12467807659738],[12.692396573657124,46.125128379689826],[12.691750443908878,46.12511532718507]]]},"properties":{"ndvi_class":"sparse","color":"#c7e9c0","area_m2":2502}},{"type":"Feature","geometry":{"type":"Polygon","coordinates":[[[12.63358132071511,46.12437594254497],[12.633639190979446,46.12302508964404],[12.634931348497185,46.123051847006714],[12.634873509761213,46.12440270116188],[12.63358132071511,46.12437594254497]]]},"properties":{"ndvi_class":"sparse","color":"#c7e9c0","area_m2":15010}},{"type":"Feature","geometry":{"type":"Polygon","coordinates":[[[12.632973818024839,46.123461989622754],[12.632993112907453,46.12301170548967],[12.633639190979446,46.12302508964404],[12.633619901351413,46.12347537398624],[12.632973818024839,46.123461989622754]]]},"properties":{"ndvi_class":"moderate","color":"#74c476","area_m2":2502}},{"type":"Feature","geometry":{"type":"Polygon","coordinates":[[[12.669801294921593,46.12421907475586],[12.669820290271543,46.123768778793654],[12.670466394248539,46.123781954962396],[12.670447404153936,46.124232251130465],[12.669801294921593,46.12421907475586]]]},"properties":{"ndvi_class":"dense","color":"#238b45","area_m2":2502}},{"type":"Feature","geometry":{"type":"Polygon","coordinates":[[[12.655567894713876,46.124378562677045],[12.654960023525364,46.1234647197865],[12.655606117098133,46.12347797988186],[12.65562522760654,46.12302768842161],[12.656917405603268,46.1230541972514],[12.656879205150634,46.123954780958535],[12.657525305339291,46.123968030314174],[12.657506209684826,46.124418322312096],[12.655567894713876,46.124378562677045]]]},"properties":{"ndvi_class":"moderate","color":"#74c476","area_m2":20013}},{"type":"Feature","geometry":{"type":"Polygon","coordinates":[[[12.62330199686725,46.122810505336695],[12.623321370104906,46.12236022430534],[12.62396743603833,46.12237366297917],[12.623948068054926,46.12282394422051],[12.62330199686725,46.122810505336695]]]},"properties":{"ndvi_class":"moderate","color":"#74c476","area_m2":2502}},{"type":"Feature","geometry":{"type":"Polygon","coordinates":[[[12.69176926101837,46.12466502429655],[12.691825709653994,46.123314115381476],[12.692471818379296,46.12332716707047],[12.692415385510694,46.12467807659738],[12.69176926101837,46.12466502429655]]]},"properties":{"ndvi_class":"moderate","color":"#74c476","area_m2":7505}},{"type":"Feature","geometry":{"type":"Polygon","coordinates":[[[12.635577427942682,46.123065220215004],[12.63561597429205,46.122164650150935],[12.636262043686235,46.122178019292754],[12.636223507845763,46.12307858977461],[12.635577427942682,46.123065220215004]]]},"properties":{"ndvi_class":"sparse","color":"#c7e9c0","area_m2":5003}},{"type":"Feature","geometry":{"type":"Polygon","coordinates":[[[12.640061522244817,46.124059303327705],[12.640099996866581,46.12315873050899],[12.6394539142206,46.12314538284176],[12.63949239751618,46.12224481027273],[12.64076531133733,46.122721787846835],[12.6407076158571,46.12407264776317],[12.640061522244817,46.124059303327705]]]},"properties":{"ndvi_class":"moderate","color":"#74c476","area_m2":12508}},{"type":"Feature","geometry":{"type":"Polygon","coordinates":[[[12.67428615053099,46.12521182742562],[12.674305109997633,46.12476153010683],[12.670447404153936,46.124232251130465],[12.669839285168432,46.12331848278977],[12.673715884259344,46.12339748383168],[12.673734847172405,46.12294718655173],[12.676319234551777,46.12299978011052],[12.676300292659505,46.12345007821226],[12.676946395884181,46.12346321768475],[12.67690852125508,46.124363814173854],[12.680139096674637,46.124429458851466],[12.680120184960776,46.12487975805923],[12.67688958326299,46.1248141123559],[12.676870644819193,46.12526441049631],[12.67428615053099,46.12521182742562]]]},"properties":{"ndvi_class":"moderate","color":"#74c476","area_m2":102567}},{"type":"Feature","geometry":{"type":"Polygon","coordinates":[[[12.680785213106075,46.12444257683936],[12.680804119113306,46.12399227738498],[12.677573567725123,46.1239266519788],[12.677592499558463,46.123476353508174],[12.678238603682228,46.12348948568251],[12.678257529808766,46.123039186965045],[12.678903629126618,46.12305231528517],[12.678884708255348,46.12350261420777],[12.681469131038904,46.123555091817806],[12.6814313299864,46.12445569117802],[12.680785213106075,46.12444257683936]]]},"properties":{"ndvi_class":"moderate","color":"#74c476","area_m2":20013}},{"type":"Feature","geometry":{"type":"Polygon","coordinates":[[[12.62590563659697,46.12241395710952],[12.625924988355983,46.1219636751967],[12.627217113850765,46.121990519288126],[12.627197772600132,46.12244080162037],[12.62590563659697,46.12241395710952]]]},"properties":{"ndvi_class":"moderate","color":"#74c476","area_m2":5003}},{"type":"Feature","geometry":{"type":"Polygon","coordinates":[[[12.641392163528561,46.1231854148972],[12.640784542246713,46.12227150112437],[12.642076688803495,46.12229817738142],[12.642095908745468,46.121847890200286],[12.642741977453994,46.12186122264752],[12.64270354762056,46.12276179738455],[12.641392163528561,46.1231854148972]]]},"properties":{"ndvi_class":"very_dense","color":"#00441b","area_m2":12508}},{"type":"Feature","geometry":{"type":"Polygon","coordinates":[[[12.64853744894633,46.1224313397462],[12.648575783283995,46.12153076118094],[12.650513988679469,46.12157063749444],[12.650494837502466,46.12202092742103],[12.64920268960842,46.12199434644535],[12.649183527465546,46.122444635914796],[12.64853744894633,46.1224313397462]]]},"properties":{"ndvi_class":"dense","color":"#238b45","area_m2":10006}},{"type":"Feature","geometry":{"type":"Polygon","coordinates":[[[12.691179601375419,46.12330106004331],[12.691217242065946,46.12240045429997],[12.691863339833825,46.12241350923017],[12.691825709653994,46.123314115381476],[12.691179601375419,46.12330106004331]]]},"properties":{"ndvi_class":"moderate","color":"#74c476","area_m2":5003}},{"type":"Feature","geometry":{"type":"Polygon","coordinates":[[[12.640803772697437,46.12182121436003],[12.640823002689515,46.12137092755386],[12.642115128229046,46.12139760297732],[12.642095908745468,46.121847890200286],[12.640803772697437,46.12182121436003]]]},"properties":{"ndvi_class":"moderate","color":"#74c476","area_m2":5003}},{"type":"Feature","geometry":{"type":"Polygon","coordinates":[[[12.685062699893605,46.13038820832667],[12.685119323752573,46.12903730716233],[12.685765496335152,46.129050398001525],[12.685157070740848,46.128136706178],[12.686468257632098,46.127712582424884],[12.686505980893411,46.12681198037281],[12.68715212808844,46.12682506289018],[12.687189839037696,46.12592446026284],[12.687835976167893,46.12593753872193],[12.687892523450934,46.12458663385579],[12.688538645260778,46.12459970805254],[12.688576330690287,46.12369910419184],[12.68988738615896,46.12327493841951],[12.689925047870798,46.122374333492466],[12.690571144744895,46.122387395720736],[12.690589969671983,46.12193709299073],[12.691882154250603,46.12196320609213],[12.691863339833825,46.12241350923017],[12.691217242065946,46.12240045429997],[12.691179601375419,46.12330106004331],[12.691825709653994,46.123314115381476],[12.69176926101837,46.12466502429655],[12.690458185752854,46.125089211227355],[12.689736721344373,46.12687735646385],[12.687798275731174,46.12683814175798],[12.687741721703796,46.12818904600001],[12.687095558291313,46.128175966519116],[12.687057842844247,46.129076568730376],[12.68641166936575,46.129063485190876],[12.686373941605112,46.1299640868268],[12.685727758060276,46.12995099922846],[12.685708888247689,46.13040129977952],[12.685062699893605,46.13038820832667]]]},"properties":{"ndvi_class":"dense","color":"#238b45","area_m2":145094}},{"type":"Feature","geometry":{"type":"Polygon","coordinates":[[[12.66638051430698,46.12865608517135],[12.666399540471039,46.12820579065656],[12.661876473172121,46.12811331313824],[12.661895535676836,46.12766302002667],[12.660622317880916,46.12718627270597],[12.660717673869286,46.12493480837998],[12.661363787286975,46.12494803625494],[12.66134472225459,46.12539832941031],[12.662656015480168,46.124974481057436],[12.662694123159307,46.12407389379508],[12.660755813080595,46.124034222357366],[12.66083208604545,46.12223304981119],[12.661478167932552,46.12224627644611],[12.661516291177119,46.12134568950923],[12.664746654852244,46.121411765886826],[12.66470858415406,46.12231235488859],[12.666646839311289,46.12235195816814],[12.666627819045813,46.12280225322523],[12.669212186596564,46.12285500733825],[12.669193186897633,46.12330530317791],[12.669839285168432,46.12331848278977],[12.669801294921593,46.12421907475586],[12.670447404153936,46.124232251130465],[12.67042841360639,46.12468254725684],[12.666551733447205,46.12460343303645],[12.666513687925692,46.12550402269177],[12.668452057508238,46.12554359745987],[12.668433049834267,46.12599389284331],[12.67101756995185,46.1260466089346],[12.67094161882054,46.12784779334615],[12.67029546708993,46.12783461897398],[12.669611316500962,46.12872203208433],[12.66638051430698,46.12865608517135]],[[12.664613399463036,46.124563826662815],[12.665905621667346,46.12459023456103],[12.665924649002921,46.124139939877026],[12.66463243730936,46.124113532391426],[12.664613399463036,46.124563826662815]]]},"properties":{"ndvi_class":"very_dense","color":"#00441b","area_m2":442787}},{"type":"Feature","geometry":{"type":"Polygon","coordinates":[[[12.654979139288686,46.12301442853342],[12.655701665082349,46.1212265221629],[12.656347732835455,46.121239777573756],[12.656271316378112,46.123040944660936],[12.654979139288686,46.12301442853342]]]},"properties":{"ndvi_class":"very_dense","color":"#00441b","area_m2":15010}},{"type":"Feature","geometry":{"type":"Polygon","coordinates":[[[12.63303170129214,46.122111137097846],[12.633070287836192,46.12121056853847],[12.634381684477823,46.12078704676518],[12.634989183094861,46.12170099247463],[12.634343119870152,46.12168761624465],[12.634323836876481,46.12213790092156],[12.63303170129214,46.122111137097846]]]},"properties":{"ndvi_class":"sparse","color":"#c7e9c0","area_m2":15010}},{"type":"Feature","geometry":{"type":"Polygon","coordinates":[[[12.633070287836192,46.12121056853847],[12.633089580418014,46.12076028419596],[12.633735632218974,46.12077366730476],[12.633716344891107,46.121223951856386],[12.633070287836192,46.12121056853847]]]},"properties":{"ndvi_class":"moderate","color":"#74c476","area_m2":2502}},{"type":"Feature","geometry":{"type":"Polygon","coordinates":[[[12.642115128229046,46.12139760297732],[12.642134347254242,46.12094731571251],[12.643426464110613,46.120973976125235],[12.643407255593724,46.1214242638066],[12.642115128229046,46.12139760297732]]]},"properties":{"ndvi_class":"moderate","color":"#74c476","area_m2":5003}},{"type":"Feature","geometry":{"type":"Polygon","coordinates":[[[12.657620776780167,46.12171656969806],[12.657639869702148,46.12126627744955],[12.658285938815485,46.12127952191449],[12.658266851147973,46.12172981436993],[12.657620776780167,46.12171656969806]]]},"properties":{"ndvi_class":"very_dense","color":"#00441b","area_m2":2502}},{"type":"Feature","geometry":{"type":"Polygon","coordinates":[[[12.684737416310258,46.122720005151066],[12.6847562889832,46.1222697043016],[12.682818011790113,46.122230408146656],[12.68283689977793,46.12178010786956],[12.685421249244989,46.12183249462631],[12.685402382277204,46.122282795721965],[12.687340664846406,46.12232204808909],[12.687321813194156,46.12277234975643],[12.684737416310258,46.122720005151066]]]},"properties":{"ndvi_class":"dense","color":"#238b45","area_m2":20013}},{"type":"Feature","geometry":{"type":"Polygon","coordinates":[[[12.665392728943521,46.12142497021622],[12.665411758357129,46.12097467544643],[12.666057827645693,46.120987875920854],[12.66603880348659,46.12143817089688],[12.665392728943521,46.12142497021622]]]},"properties":{"ndvi_class":"moderate","color":"#74c476","area_m2":2502}},{"type":"Feature","geometry":{"type":"Polygon","coordinates":[[[12.677668222376521,46.1216751592091],[12.677687151952275,46.12122486053017],[12.678333229801005,46.121237991678605],[12.678314305480006,46.121688290562695],[12.677668222376521,46.1216751592091]]]},"properties":{"ndvi_class":"moderate","color":"#74c476","area_m2":2502}},{"type":"Feature","geometry":{"type":"Polygon","coordinates":[[[12.634873509761213,46.12440270116188],[12.634931348497185,46.123051847006714],[12.632366334970417,46.12254803372083],[12.632424231239305,46.12119718157212],[12.633070287836192,46.12121056853847],[12.63303170129214,46.122111137097846],[12.634323836876481,46.12213790092156],[12.63500846037453,46.12125070754684],[12.634362402403928,46.121237331525855],[12.633754919086845,46.120323382711256],[12.636358375245818,46.11992659235538],[12.636300577688575,46.12127744864342],[12.635654518802786,46.121264079919364],[12.63563524677724,46.121714365056086],[12.636927375514508,46.12174109927341],[12.636850324851386,46.12354224107243],[12.635558154078474,46.12351550518423],[12.63553887975457,46.12396579011157],[12.636831061037018,46.12399252641751],[12.636811796763185,46.124442811720726],[12.634873509761213,46.12440270116188]],[[12.635577427942682,46.123065220215004],[12.636223507845763,46.12307858977461],[12.636262043686235,46.122178019292754],[12.63561597429205,46.122164650150935],[12.635577427942682,46.123065220215004]]]},"properties":{"ndvi_class":"moderate","color":"#74c476","area_m2":82554}},{"type":"Feature","geometry":{"type":"Polygon","coordinates":[[[12.637611952636087,46.12085388934099],[12.637650462866054,46.119953317605294],[12.63829650736191,46.119966674757755],[12.638904063100275,46.1208806008323],[12.637611952636087,46.12085388934099]]]},"properties":{"ndvi_class":"moderate","color":"#74c476","area_m2":7505}},{"type":"Feature","geometry":{"type":"Polygon","coordinates":[[[12.653136527854414,46.120723173193184],[12.653155656644829,46.1202728823113],[12.653801712074172,46.12028615190195],[12.653782588537883,46.120736442991166],[12.653136527854414,46.120723173193184]]]},"properties":{"ndvi_class":"dense","color":"#238b45","area_m2":2502}},{"type":"Feature","geometry":{"type":"Polygon","coordinates":[[[12.673810694301972,46.121145997015105],[12.673829654953762,46.120695699526756],[12.674475724849582,46.12070885236235],[12.674456769452345,46.121159150056215],[12.673810694301972,46.121145997015105]]]},"properties":{"ndvi_class":"moderate","color":"#74c476","area_m2":2502}},{"type":"Feature","geometry":{"type":"Polygon","coordinates":[[[12.69125488096096,46.121499848390286],[12.691273699735182,46.12104954537306],[12.691919781737957,46.121062599691314],[12.691900968218643,46.12151290291252],[12.69125488096096,46.121499848390286]]]},"properties":{"ndvi_class":"dense","color":"#238b45","area_m2":2502}},{"type":"Feature","geometry":{"type":"Polygon","coordinates":[[[12.65439041174312,46.12165029160825],[12.65446688578371,46.11984912650582],[12.655112936866917,46.11986238859227],[12.655036483843185,46.12166355452358],[12.65439041174312,46.12165029160825]]]},"properties":{"ndvi_class":"sparse","color":"#c7e9c0","area_m2":10006}},{"type":"Feature","geometry":{"type":"Polygon","coordinates":[[[12.656347732835455,46.121239777573756],[12.656405040394437,46.119888901819785],[12.657051092838504,46.11990215296086],[12.656993801042095,46.12125302933597],[12.656347732835455,46.121239777573756]]]},"properties":{"ndvi_class":"moderate","color":"#74c476","area_m2":7505}},{"type":"Feature","geometry":{"type":"Polygon","coordinates":[[[12.640861461297794,46.12047035381596],[12.64154595959749,46.119583118612994],[12.642838044018104,46.11960978507272],[12.642799618767162,46.12051036022815],[12.640861461297794,46.12047035381596]]]},"properties":{"ndvi_class":"moderate","color":"#74c476","area_m2":12508}},{"type":"Feature","geometry":{"type":"Polygon","coordinates":[[[12.671245379873206,46.12064305169747],[12.671264361090357,46.12019275499004],[12.671910423930465,46.12020592221466],[12.671891447967687,46.12065621912782],[12.671245379873206,46.12064305169747]]]},"properties":{"ndvi_class":"very_dense","color":"#00441b","area_m2":2502}},{"type":"Feature","geometry":{"type":"Polygon","coordinates":[[[12.691919781737957,46.121062599691314],[12.691957407430458,46.12016199312416],[12.692603479370423,46.120175043385686],[12.692565864187392,46.12107565036068],[12.691919781737957,46.121062599691314]]]},"properties":{"ndvi_class":"dense","color":"#238b45","area_m2":5003}},{"type":"Feature","geometry":{"type":"Polygon","coordinates":[[[12.692565864187392,46.12107565036068],[12.692603479370423,46.120175043385686],[12.693249551756898,46.12018808999846],[12.693211947083366,46.12108869738116],[12.692565864187392,46.12107565036068]]]},"properties":{"ndvi_class":"moderate","color":"#74c476","area_m2":5003}},{"type":"Feature","geometry":{"type":"Polygon","coordinates":[[[12.664784723734465,46.120511176718175],[12.664803757494623,46.12006088207125],[12.661573472634377,46.119994808790864],[12.66159253221096,46.119544515134606],[12.66546884387489,46.11962379088678],[12.665449815822802,46.1200740857817],[12.668034053651802,46.120126864137916],[12.668015046162981,46.12057715981581],[12.664784723734465,46.120511176718175]]]},"properties":{"ndvi_class":"moderate","color":"#74c476","area_m2":27518}},{"type":"Feature","geometry":{"type":"Polygon","coordinates":[[[12.682364564900793,46.1330376023071],[12.682421259959114,46.13168670434851],[12.683067462292174,46.131699811015736],[12.683124137520975,46.130348912068065],[12.682477950960385,46.130335806015204],[12.682553532651735,46.12853460765457],[12.683199698184117,46.128547712888334],[12.683237475812245,46.127647113048695],[12.683883631279754,46.127660214223255],[12.683902514161502,46.12720991403628],[12.681317916008773,46.127157488259314],[12.68133681946555,46.126707188849856],[12.679398391332324,46.12666783181154],[12.679417310106771,46.1262175329754],[12.68135572247144,46.126256889398775],[12.681374625026457,46.12580658990605],[12.682666891668326,46.12583280886465],[12.682647999625498,46.12628310876706],[12.683294138875434,46.126296212976996],[12.683331911998378,46.12539561272106],[12.682039654971248,46.12536940147082],[12.682058551368721,46.124919101689954],[12.68399692181451,46.124958412477014],[12.683940278573811,46.12630931353746],[12.685878700358339,46.12634859332189],[12.685935296294781,46.12499769042024],[12.68658142201751,46.12501077576931],[12.687265255539502,46.12412325450883],[12.687911371646123,46.12413633215054],[12.687949066687848,46.123235728615214],[12.684718543187174,46.123170305958915],[12.684737416310258,46.122720005151066],[12.68344522055632,46.122693810954125],[12.683407452838717,46.12359441170961],[12.684053561002209,46.123607511041946],[12.684034681723286,46.124057811561926],[12.685973024669263,46.124097088277736],[12.685954160706993,46.124547389369795],[12.682077447315486,46.12446880186746],[12.682096342811553,46.12401850200332],[12.682742455333676,46.124031608838706],[12.682799123351792,46.12268070838213],[12.68215302659572,46.12266760216109],[12.682171920289143,46.122217302130416],[12.678941469515328,46.122151717315],[12.678960389032797,46.12170141826745],[12.682190813531934,46.12176700205811],[12.68220970632411,46.12131670194416],[12.681563625781509,46.121303592688626],[12.681582523377797,46.12085329273788],[12.679644300206549,46.12081394369315],[12.679663213115802,46.12036364431557],[12.678371077088958,46.12033739378545],[12.678390000055938,46.11988709477641],[12.680328189006564,46.119926464483385],[12.68030928180281,46.12037676410759],[12.682893561038496,46.1204292067885],[12.68287467440211,46.120879507190494],[12.684166827220043,46.120905707047946],[12.684147950642682,46.121356007817674],[12.686732282674573,46.12140836456494],[12.686713426666621,46.12185866611114],[12.688005605878997,46.12188482300017],[12.687434916363504,46.12007053912823],[12.688727054432675,46.12009668708505],[12.688689376193214,46.12099729161137],[12.691273699735182,46.12104954537306],[12.69125488096096,46.121499848390286],[12.692565864187392,46.12107565036068],[12.692509438048404,46.12242656051131],[12.691863339833825,46.12241350923017],[12.691882154250603,46.12196320609213],[12.690589969671983,46.12193709299073],[12.690571144744895,46.122387395720736],[12.689925047870798,46.122374333492466],[12.68988738615896,46.12327493841951],[12.688576330690287,46.12369910419184],[12.688538645260778,46.12459970805254],[12.687892523450934,46.12458663385579],[12.687835976167893,46.12593753872193],[12.687189839037696,46.12592446026284],[12.68715212808844,46.12682506289018],[12.686505980893411,46.12681198037281],[12.686468257632098,46.127712582424884],[12.685157070740848,46.128136706178],[12.685138197471806,46.12858700669097],[12.685784364797467,46.12860009732562],[12.685765496335152,46.129050398001525],[12.685119323752573,46.12903730716233],[12.685062699893605,46.13038820832667],[12.685708888247689,46.13040129977952],[12.685727758060276,46.12995099922846],[12.686373941605112,46.1299640868268],[12.68641166936575,46.129063485190876],[12.687057842844247,46.129076568730376],[12.687095558291313,46.128175966519116],[12.687741721703796,46.12818904600001],[12.687798275731174,46.12683814175798],[12.689736721344373,46.12687735646385],[12.689774390243318,46.12597675220234],[12.690420529162989,46.12598981606351],[12.690307548614353,46.12869162957367],[12.689015208143406,46.12866549575189],[12.688977523338895,46.12956609910582],[12.688331343260346,46.12955302631167],[12.68829364614338,46.130453629090674],[12.687647455997801,46.13044055223792],[12.687628601507429,46.13089085336069],[12.684397631210183,46.13082541332406],[12.684378749982274,46.13127571338268],[12.68373255200978,46.13126261422047],[12.683657001562747,46.13306381322001],[12.682364564900793,46.1330376023071]],[[12.683124137520975,46.130348912068065],[12.683770324530126,46.13036201447093],[12.6838080952485,46.12946141455488],[12.68316191875373,46.12944831256146],[12.683124137520975,46.130348912068065]],[[12.684737416310258,46.122720005151066],[12.687321813194156,46.12277234975643],[12.687340664846406,46.12232204808909],[12.685402382277204,46.122282795721965],[12.685421249244989,46.12183249462631],[12.68283689977793,46.12178010786956],[12.682818011790113,46.122230408146656],[12.6847562889832,46.1222697043016],[12.684737416310258,46.122720005151066]]]},"properties":{"ndvi_class":"moderate","color":"#74c476","area_m2":485315}},{"type":"Feature","geometry":{"type":"Polygon","coordinates":[[[12.651901824376518,46.119345751125095],[12.651920962305786,46.11889546053267],[12.652567001065202,46.11890873679797],[12.652547868389657,46.119359027597824],[12.651901824376518,46.119345751125095]]]},"properties":{"ndvi_class":"moderate","color":"#74c476","area_m2":2502}},{"type":"Feature","geometry":{"type":"Polygon","coordinates":[[[12.692603479370423,46.120175043385686],[12.692641092759208,46.11927443624438],[12.693287154636685,46.11928748244944],[12.693249551756898,46.12018808999846],[12.692603479370423,46.120175043385686]]]},"properties":{"ndvi_class":"dense","color":"#238b45","area_m2":5003}},{"type":"Feature","geometry":{"type":"Polygon","coordinates":[[[12.64287646743624,46.118709209749944],[12.642914889021675,46.11780863425983],[12.644206933238896,46.117835284460625],[12.644168532666873,46.11873586078355],[12.64287646743624,46.118709209749944]]]},"properties":{"ndvi_class":"moderate","color":"#74c476","area_m2":10006}},{"type":"Feature","geometry":{"type":"Polygon","coordinates":[[[12.659673457369587,46.11905453492632],[12.659711605772248,46.11815394864525],[12.660357639466639,46.1181671807169],[12.660319501571372,46.119067767411465],[12.659673457369587,46.11905453492632]]]},"properties":{"ndvi_class":"sparse","color":"#c7e9c0","area_m2":5003}},{"type":"Feature","geometry":{"type":"Polygon","coordinates":[[[12.660319501571372,46.119067767411465],[12.660357639466639,46.1181671807169],[12.661003673613724,46.11818040914027],[12.660965546225876,46.11908099624822],[12.660319501571372,46.119067767411465]]]},"properties":{"ndvi_class":"moderate","color":"#74c476","area_m2":5003}},{"type":"Feature","geometry":{"type":"Polygon","coordinates":[[[12.69133015336488,46.11969863607185],[12.691367786873998,46.118798029663125],[12.692013842604096,46.11881108296153],[12.691976219603673,46.119711689778185],[12.69133015336488,46.11969863607185]]]},"properties":{"ndvi_class":"dense","color":"#238b45","area_m2":5003}},{"type":"Feature","geometry":{"type":"Polygon","coordinates":[[[12.644187733181841,46.118285572642996],[12.644206933238896,46.117835284460625],[12.646145002982957,46.117875232401],[12.646125818685876,46.118325521207545],[12.644187733181841,46.118285572642996]]]},"properties":{"ndvi_class":"sparse","color":"#c7e9c0","area_m2":7505}},{"type":"Feature","geometry":{"type":"Polygon","coordinates":[[[12.664822790800827,46.119610587382624],[12.664841823653093,46.11916029265225],[12.660965546225876,46.11908099624822],[12.661003673613724,46.11818040914027],[12.66164970821338,46.11819363391537],[12.661668765971793,46.11774334009213],[12.666837017017892,46.11784900530293],[12.666818001288243,46.11829930077718],[12.664233851135226,46.118246496532784],[12.664214813937068,46.11869679114023],[12.667445029026046,46.118762788356065],[12.667426017643246,46.11921308395299],[12.672594427280519,46.119318491427904],[12.672575457477018,46.119768788630125],[12.664822790800827,46.119610587382624]]]},"properties":{"ndvi_class":"very_dense","color":"#00441b","area_m2":87557}},{"type":"Feature","geometry":{"type":"Polygon","coordinates":[[[12.63839274863366,46.11771524364239],[12.638411995510888,46.117264957293735],[12.64035003717888,46.117305003106786],[12.640330806060886,46.117755290081135],[12.63839274863366,46.11771524364239]]]},"properties":{"ndvi_class":"very_dense","color":"#00441b","area_m2":7505}},{"type":"Feature","geometry":{"type":"Polygon","coordinates":[[[12.646791027142008,46.11788854108488],[12.646810205728341,46.11743825202856],[12.64745622508946,46.117451556856416],[12.64743705175637,46.117901846120624],[12.646791027142008,46.11788854108488]]]},"properties":{"ndvi_class":"dense","color":"#238b45","area_m2":2502}},{"type":"Feature","geometry":{"type":"Polygon","coordinates":[[[12.64743705175637,46.117901846120624],[12.64745622508946,46.117451556856416],[12.64810224490575,46.11746485803619],[12.648083076825912,46.117915147508214],[12.64743705175637,46.117901846120624]]]},"properties":{"ndvi_class":"moderate","color":"#74c476","area_m2":2502}},{"type":"Feature","geometry":{"type":"Polygon","coordinates":[[[12.635162662061784,46.11764842661694],[12.635201207886851,46.1167478559657],[12.635847213780758,46.11676122624903],[12.635808678461563,46.1176617973181],[12.635162662061784,46.11764842661694]]]},"properties":{"ndvi_class":"moderate","color":"#74c476","area_m2":5003}},{"type":"Feature","geometry":{"type":"Polygon","coordinates":[[[12.645383835111634,46.12056365103295],[12.64547978972892,46.11831220866753],[12.646125818685876,46.118325521207545],[12.646145002982957,46.117875232401],[12.644206933238896,46.117835284460625],[12.64489134426546,46.116948027182396],[12.645537357007248,46.11696134274643],[12.64551816837211,46.11741163142862],[12.646810205728341,46.11743825202856],[12.646791027142008,46.11788854108488],[12.648063908288925,46.118365436938426],[12.64804473929478,46.11881572632683],[12.651274924000711,46.118882180619075],[12.651255780817735,46.119332471004],[12.64996369506372,46.11930589981679],[12.649944540916554,46.119756189744734],[12.648006399934948,46.11971630497819],[12.647987229569237,46.120166594241184],[12.645383835111634,46.12056365103295]]]},"properties":{"ndvi_class":"moderate","color":"#74c476","area_m2":82554}},{"type":"Feature","geometry":{"type":"Polygon","coordinates":[[[12.659711605772248,46.11815394864525],[12.659749752355316,46.11725336219717],[12.660395775542817,46.117266593855334],[12.660357639466639,46.1181671807169],[12.659711605772248,46.11815394864525]]]},"properties":{"ndvi_class":"moderate","color":"#74c476","area_m2":5003}},{"type":"Feature","geometry":{"type":"Polygon","coordinates":[[[12.64035003717888,46.117305003106786],[12.640369267838238,46.116854716090586],[12.641015277387833,46.11686805719048],[12.640996051981455,46.11731834441512],[12.64035003717888,46.117305003106786]]]},"properties":{"ndvi_class":"very_dense","color":"#00441b","area_m2":2502}},{"type":"Feature","geometry":{"type":"Polygon","coordinates":[[[12.64810224490575,46.11746485803619],[12.648121412528452,46.117014568522364],[12.648767427546648,46.117027865846275],[12.648748265177085,46.11747815556788],[12.64810224490575,46.11746485803619]]]},"properties":{"ndvi_class":"moderate","color":"#74c476","area_m2":2502}},{"type":"Feature","geometry":{"type":"Polygon","coordinates":[[[12.646164186822515,46.11742494355263],[12.646202553129118,46.11652436573041],[12.646848561528865,46.116537673790475],[12.646810205728341,46.11743825202856],[12.646164186822515,46.11742494355263]]]},"properties":{"ndvi_class":"bare","color":"#d9d9d9","area_m2":5003}},{"type":"Feature","geometry":{"type":"Polygon","coordinates":[[[12.657146570056998,46.11765069150043],[12.657165664134492,46.11720039908305],[12.65847679045452,46.116776595063364],[12.658438623768003,46.11767718076765],[12.657146570056998,46.11765069150043]]]},"properties":{"ndvi_class":"very_dense","color":"#00441b","area_m2":7505}},{"type":"Feature","geometry":{"type":"Polygon","coordinates":[[[12.641015277387833,46.11686805719048],[12.641034502335716,46.11641776992396],[12.642326512298231,46.11644444076313],[12.6423072978561,46.116894728446375],[12.641015277387833,46.11686805719048]]]},"properties":{"ndvi_class":"very_dense","color":"#00441b","area_m2":5003}},{"type":"Feature","geometry":{"type":"Polygon","coordinates":[[[12.667502060454035,46.11741190131502],[12.667521070023275,46.11696160555124],[12.668813117190211,46.11698797725053],[12.668794118127824,46.117438273426366],[12.667502060454035,46.11741190131502]]]},"properties":{"ndvi_class":"moderate","color":"#74c476","area_m2":5003}},{"type":"Feature","geometry":{"type":"Polygon","coordinates":[[[12.64551816837211,46.11741163142862],[12.645537357007248,46.11696134274643],[12.64489134426546,46.116948027182396],[12.645575732904673,46.116060765256556],[12.647513742345232,46.11610068881296],[12.647494570383879,46.116550978202575],[12.648786589459213,46.11657757608287],[12.64810224490575,46.11746485803619],[12.646810205728341,46.11743825202856],[12.646848561528865,46.116537673790475],[12.646202553129118,46.11652436573041],[12.646164186822515,46.11742494355263],[12.64551816837211,46.11741163142862]]]},"properties":{"ndvi_class":"sparse","color":"#c7e9c0","area_m2":27518}},{"type":"Feature","geometry":{"type":"Polygon","coordinates":[[[12.661687823275694,46.11729304622716],[12.661725936520025,46.116392458372005],[12.662371950558683,46.116405678672535],[12.662352899416934,46.11685597282754],[12.666229024661485,46.11693521925925],[12.666210004585448,46.117385514610746],[12.661687823275694,46.11729304622716]]]},"properties":{"ndvi_class":"moderate","color":"#74c476","area_m2":20013}},{"type":"Feature","geometry":{"type":"Polygon","coordinates":[[[12.634574479926295,46.11628419685497],[12.634593756942392,46.11583391163362],[12.635239751873435,46.115847285146934],[12.635220480109947,46.11629757057725],[12.634574479926295,46.11628419685497]]]},"properties":{"ndvi_class":"moderate","color":"#74c476","area_m2":2502}},{"type":"Feature","geometry":{"type":"Polygon","coordinates":[[[12.65847679045452,46.116776595063364],[12.65849587311511,46.116326302148615],[12.65914188489056,46.11633954068937],[12.659122807483078,46.11678983381098],[12.65847679045452,46.116776595063364]]]},"properties":{"ndvi_class":"very_dense","color":"#00441b","area_m2":2502}},{"type":"Feature","geometry":{"type":"Polygon","coordinates":[[[12.694008396322745,46.11749930859374],[12.694027190042686,46.1170490043868],[12.694673226542324,46.11706204227589],[12.694654438076222,46.117512346686546],[12.694008396322745,46.11749930859374]]]},"properties":{"ndvi_class":"dense","color":"#238b45","area_m2":2502}},{"type":"Feature","geometry":{"type":"Polygon","coordinates":[[[12.67398132388949,46.11709331811958],[12.674019236602083,46.11619272235102],[12.674665253959258,46.11620587313166],[12.674627351753395,46.11710646931118],[12.67398132388949,46.11709331811958]]]},"properties":{"ndvi_class":"very_dense","color":"#00441b","area_m2":5003}},{"type":"Feature","geometry":{"type":"Polygon","coordinates":[[[12.644283728888274,46.11603413131281],[12.644302926655977,46.11558384292126],[12.644948923183676,46.11559716150899],[12.64492973066866,46.11604745010862],[12.644283728888274,46.11603413131281]]]},"properties":{"ndvi_class":"dense","color":"#238b45","area_m2":2502}},{"type":"Feature","geometry":{"type":"Polygon","coordinates":[[[12.653308670545526,46.11667055375202],[12.653327795230487,46.1162202624941],[12.651389773511498,46.116180437431915],[12.651408913498912,46.11573014675442],[12.654638925703177,46.11579650258143],[12.654600697801122,46.11669708596817],[12.653308670545526,46.11667055375202]]]},"properties":{"ndvi_class":"very_dense","color":"#00441b","area_m2":17511}},{"type":"Feature","geometry":{"type":"Polygon","coordinates":[[[12.692415385510694,46.12467807659738],[12.692471818379296,46.12332716707047],[12.691825709653994,46.123314115381476],[12.691863339833825,46.12241350923017],[12.692509438048404,46.12242656051131],[12.692565864187392,46.12107565036068],[12.693211947083366,46.12108869738116],[12.693249551756898,46.12018808999846],[12.693895624589763,46.12020113296244],[12.693970807538152,46.118399916882936],[12.694616859799678,46.11841295538319],[12.694654438076222,46.117512346686546],[12.695300480275758,46.11752538113091],[12.695338046252298,46.11662477186067],[12.695984078390167,46.116637802249365],[12.696002855452882,46.11618749734829],[12.69729491055858,46.11621354677359],[12.697257377000101,46.117114157348226],[12.696611338717023,46.11710113405276],[12.695890186358866,46.11888932613126],[12.695244127951053,46.11887629472454],[12.695187771594155,46.120227207944026],[12.694541697868889,46.120214172277635],[12.693820434468392,46.122002348376746],[12.69317434061598,46.12198930459755],[12.693061510449661,46.124691125248845],[12.692415385510694,46.12467807659738]]]},"properties":{"ndvi_class":"sparse","color":"#c7e9c0","area_m2":92560}},{"type":"Feature","geometry":{"type":"Polygon","coordinates":[[[12.641699726325497,46.115980819650794],[12.641738163423794,46.11508024449179],[12.642384152875284,46.115093577462446],[12.642345726282128,46.115994153038095],[12.641699726325497,46.115980819650794]]]},"properties":{"ndvi_class":"moderate","color":"#74c476","area_m2":5003}},{"type":"Feature","geometry":{"type":"Polygon","coordinates":[[[12.65914188489056,46.11633954068937],[12.659826040063113,46.11545218880002],[12.661118044866159,46.11547864681454],[12.661079922933757,46.11637923442342],[12.65914188489056,46.11633954068937]]]},"properties":{"ndvi_class":"very_dense","color":"#00441b","area_m2":12508}},{"type":"Feature","geometry":{"type":"Polygon","coordinates":[[[12.689504947044961,46.116957637008596],[12.689542606690564,46.11605703132515],[12.69018862955728,46.1160700943446],[12.690150980418792,46.11697070043629],[12.689504947044961,46.116957637008596]]]},"properties":{"ndvi_class":"moderate","color":"#74c476","area_m2":5003}},{"type":"Feature","geometry":{"type":"Polygon","coordinates":[[[12.649470911627795,46.11569028948341],[12.6494900669168,46.1152399993869],[12.650136061833258,46.11525328858415],[12.650116911796923,46.115703578888315],[12.649470911627795,46.11569028948341]]]},"properties":{"ndvi_class":"very_dense","color":"#00441b","area_m2":2502}},{"type":"Feature","geometry":{"type":"Polygon","coordinates":[[[12.682417497301262,46.116363397942905],[12.682436384687094,46.11591309732937],[12.683082402629795,46.11592620047899],[12.683063520497312,46.11637650129727],[12.682417497301262,46.116363397942905]]]},"properties":{"ndvi_class":"sparse","color":"#c7e9c0","area_m2":2502}},{"type":"Feature","geometry":{"type":"Polygon","coordinates":[[[12.694692014560337,46.116611737823625],[12.694710802130269,46.11616143332981],[12.695356828568627,46.1161744671632],[12.695338046252298,46.11662477186067],[12.694692014560337,46.116611737823625]]]},"properties":{"ndvi_class":"dense","color":"#238b45","area_m2":2502}},{"type":"Feature","geometry":{"type":"Polygon","coordinates":[[[12.695338046252298,46.11662477186067],[12.695356828568627,46.1161744671632],[12.696002855452882,46.11618749734829],[12.695984078390167,46.116637802249365],[12.695338046252298,46.11662477186067]]]},"properties":{"ndvi_class":"moderate","color":"#74c476","area_m2":2502}},{"type":"Feature","geometry":{"type":"Polygon","coordinates":[[[12.675254433539886,46.11756991508723],[12.67534916165811,46.115318423507134],[12.676641177608827,46.11534470600638],[12.676603308729634,46.116245303584755],[12.67595729002316,46.116232163748535],[12.675900467557076,46.1175830591877],[12.675254433539886,46.11756991508723]]]},"properties":{"ndvi_class":"very_dense","color":"#00441b","area_m2":17511}},{"type":"Feature","geometry":{"type":"Polygon","coordinates":[[[12.67971994913716,46.119012745932984],[12.679738860242193,46.11856244638885],[12.67844676624906,46.118536197499324],[12.678465687410872,46.11808589832365],[12.677192536940387,46.11760933644368],[12.677287186258484,46.11535784178395],[12.678579204905773,46.115384102394934],[12.678560286451315,46.115834401820514],[12.680498333549796,46.11587376599156],[12.680460526807362,46.11677436594792],[12.681106553911281,46.11678748045182],[12.681012055434246,46.11903898063854],[12.67971994913716,46.119012745932984]]]},"properties":{"ndvi_class":"very_dense","color":"#00441b","area_m2":87557}},{"type":"Feature","geometry":{"type":"Polygon","coordinates":[[[12.646240917605793,46.11562378774093],[12.646279280252644,46.11472320958416],[12.646925267641734,46.11473651681254],[12.64688691549996,46.115637095385146],[12.646240917605793,46.11562378774093]]]},"properties":{"ndvi_class":"very_dense","color":"#00441b","area_m2":5003}},{"type":"Feature","geometry":{"type":"Polygon","coordinates":[[[12.681790367192777,46.11589999053158],[12.68180925938138,46.11544969008119],[12.683101284311961,46.11547589961908],[12.683082402629795,46.11592620047899],[12.681790367192777,46.11589999053158]]]},"properties":{"ndvi_class":"bare","color":"#d9d9d9","area_m2":5003}},{"type":"Feature","geometry":{"type":"Polygon","coordinates":[[[12.696002855452882,46.11618749734829],[12.696021632067783,46.11573719240566],[12.697959699634131,46.11577626046069],[12.697940938779777,46.116226566013765],[12.696002855452882,46.11618749734829]]]},"properties":{"ndvi_class":"moderate","color":"#74c476","area_m2":7505}},{"type":"Feature","geometry":{"type":"Polygon","coordinates":[[[12.697940938779777,46.116226566013765],[12.697959699634131,46.11577626046069],[12.698605723047182,46.1157892758492],[12.698586967446369,46.11623958160564],[12.697940938779777,46.116226566013765]]]},"properties":{"ndvi_class":"sparse","color":"#c7e9c0","area_m2":2502}},{"type":"Feature","geometry":{"type":"Polygon","coordinates":[[[12.657203850923377,46.116299814123],[12.657222943634798,46.11584952158033],[12.655284929505772,46.11580976280307],[12.655323145079077,46.11490917883487],[12.65726112769166,46.11494893636972],[12.657280219037132,46.11449864370177],[12.657926208895358,46.11451188871076],[12.65849587311511,46.116326302148615],[12.657203850923377,46.116299814123]]]},"properties":{"ndvi_class":"very_dense","color":"#00441b","area_m2":30019}},{"type":"Feature","geometry":{"type":"Polygon","coordinates":[[[12.681125452254479,46.11633718028955],[12.681182144579891,46.11498627955292],[12.683120165543823,46.11502559871754],[12.683101284311961,46.11547589961908],[12.68180925938138,46.11544969008119],[12.682417497301262,46.116363397942905],[12.681125452254479,46.11633718028955]]]},"properties":{"ndvi_class":"moderate","color":"#74c476","area_m2":15010}},{"type":"Feature","geometry":{"type":"Polygon","coordinates":[[[12.683082402629795,46.11592620047899],[12.683120165543823,46.11502559871754],[12.684431052036736,46.11460149190125],[12.684374439859853,46.115952395833745],[12.683082402629795,46.11592620047899]]]},"properties":{"ndvi_class":"sparse","color":"#c7e9c0","area_m2":12508}},{"type":"Feature","geometry":{"type":"Polygon","coordinates":[[[12.659845110852986,46.11500189534635],[12.659864181188054,46.114551601850955],[12.661175224355537,46.114127765088156],[12.6611371051505,46.11502835294748],[12.659845110852986,46.11500189534635]]]},"properties":{"ndvi_class":"moderate","color":"#74c476","area_m2":7505}},{"type":"Feature","geometry":{"type":"Polygon","coordinates":[[[12.641130620198169,46.1141663329638],[12.641149842395361,46.11371604544621],[12.641795815633897,46.113729381439505],[12.641776598688823,46.114179669165445],[12.641130620198169,46.1141663329638]]]},"properties":{"ndvi_class":"moderate","color":"#74c476","area_m2":2502}},{"type":"Feature","geometry":{"type":"Polygon","coordinates":[[[12.653404289409535,46.114419097044546],[12.653423411814162,46.1139688055777],[12.654069393698888,46.11398207226601],[12.654050276546634,46.11443236394015],[12.653404289409535,46.114419097044546]]]},"properties":{"ndvi_class":"very_dense","color":"#00441b","area_m2":2502}},{"type":"Feature","geometry":{"type":"Polygon","coordinates":[[[12.699270496805575,46.115351981588134],[12.699289246258488,46.114901675545276],[12.699935260055174,46.11491468323075],[12.699916515855579,46.11536498947685],[12.699270496805575,46.115351981588134]]]},"properties":{"ndvi_class":"sparse","color":"#c7e9c0","area_m2":2502}},{"type":"Feature","geometry":{"type":"Polygon","coordinates":[[[12.651485468884141,46.11392898362663],[12.65150460658941,46.113478692740195],[12.652150581859726,46.11349197016412],[12.652131449406664,46.11394226125799],[12.651485468884141,46.11392898362663]]]},"properties":{"ndvi_class":"very_dense","color":"#00441b","area_m2":2502}},{"type":"Feature","geometry":{"type":"Polygon","coordinates":[[[12.66440516548925,46.114193843187984],[12.664424198147785,46.113743548163264],[12.665070182478031,46.11375675263354],[12.665051155071973,46.11420704786456],[12.66440516548925,46.114193843187984]]]},"properties":{"ndvi_class":"sparse","color":"#c7e9c0","area_m2":2502}},{"type":"Feature","geometry":{"type":"Polygon","coordinates":[[[12.67280306526198,46.1143652194526],[12.672822029637274,46.11391492175021],[12.674114010472387,46.11394123220032],[12.674095056602408,46.11439153031381],[12.67280306526198,46.1143652194526]]]},"properties":{"ndvi_class":"moderate","color":"#74c476","area_m2":5003}},{"type":"Feature","geometry":{"type":"Polygon","coordinates":[[[12.68055504028235,46.11452286574471],[12.680573941624962,46.114072565579164],[12.681219937210148,46.11408567885364],[12.681201041120346,46.114535979224094],[12.68055504028235,46.11452286574471]]]},"properties":{"ndvi_class":"moderate","color":"#74c476","area_m2":2502}},{"type":"Feature","geometry":{"type":"Polygon","coordinates":[[[12.690245099897977,46.114719184895144],[12.690263922447054,46.11426888166214],[12.690909924747876,46.11428194021718],[12.690891107451808,46.11473224365423],[12.690245099897977,46.114719184895144]]]},"properties":{"ndvi_class":"moderate","color":"#74c476","area_m2":2502}},{"type":"Feature","geometry":{"type":"Polygon","coordinates":[[[12.652720046043903,46.11530640889483],[12.652739174613236,46.1148561177189],[12.654677151781913,46.11489591902759],[12.654107626635705,46.11308148879244],[12.65798346444309,46.113161009835515],[12.657945294533082,46.1140615957941],[12.656653325774736,46.11403510254228],[12.656634229632113,46.114485395044994],[12.655988240680431,46.11447214274043],[12.65530403752027,46.115359470839856],[12.652720046043903,46.11530640889483]]]},"properties":{"ndvi_class":"moderate","color":"#74c476","area_m2":52534}},{"type":"Feature","geometry":{"type":"Polygon","coordinates":[[[12.658591279591926,46.11407483694841],[12.658629438997371,46.11317425057606],[12.659275414004576,46.11318748766897],[12.659237265103718,46.114088074454976],[12.658591279591926,46.11407483694841]]]},"properties":{"ndvi_class":"very_dense","color":"#00441b","area_m2":5003}},{"type":"Feature","geometry":{"type":"Polygon","coordinates":[[[12.674741052947624,46.114404680272564],[12.67477894973034,46.113504083593],[12.675424936020141,46.113517229493034],[12.67538704974268,46.114417826583406],[12.674741052947624,46.114404680272564]]]},"properties":{"ndvi_class":"moderate","color":"#74c476","area_m2":5003}},{"type":"Feature","geometry":{"type":"Polygon","coordinates":[[[12.65771311069942,46.134788277412646],[12.657789511467206,46.132987112184445],[12.65714330569704,46.13297386233793],[12.657181513862396,46.13207327988728],[12.657827709117493,46.132086529319764],[12.657846807259283,46.1316362378248],[12.65396967407917,46.131556687722835],[12.652753856220192,46.12972898205594],[12.651461525999112,46.129702423216166],[12.651442377111604,46.13015271280556],[12.649503869420169,46.13011284655051],[12.64952303407777,46.129662557584],[12.648876871013895,46.12964926174064],[12.648896040470914,46.129198972940074],[12.649542198278246,46.12921226857569],[12.649618850509183,46.12741111212441],[12.650264987746553,46.12742440327973],[12.65032245635319,46.12607353487935],[12.649676334883244,46.12606024434704],[12.649695495427217,46.1256099550043],[12.650341611641604,46.12562324532896],[12.65036076647314,46.12517295573677],[12.652299102078166,46.12521280419324],[12.652337378839027,46.12431222363821],[12.649106874323582,46.1242457933746],[12.649126038294671,46.12379550407237],[12.647833850182659,46.12376890683975],[12.647814675701524,46.12421919572641],[12.645876381183102,46.12417927188703],[12.645837999317738,46.12507984828733],[12.646484107545419,46.125093160298704],[12.646464921181488,46.1255434486441],[12.647737973203476,46.12602035085496],[12.64771879643552,46.12647063953256],[12.645780423086615,46.126430712574084],[12.645761230094031,46.12688100058603],[12.645115101299893,46.12686768409337],[12.645076703429533,46.127768259575646],[12.643784426185334,46.12774161480995],[12.643822845079221,46.12684104016031],[12.644468972961581,46.126854363951466],[12.644488176465579,46.12640407635571],[12.643195931668291,46.12637742554056],[12.64270354762056,46.12276179738455],[12.643349627294208,46.12277512659969],[12.643368837185534,46.12232483904384],[12.644014912060712,46.12233816440206],[12.643995707423935,46.12278845216613],[12.645287869051128,46.12281509235274],[12.645307063178766,46.122364804172435],[12.647245293273224,46.12240473646282],[12.647264471179652,46.12195444761676],[12.645326256848625,46.12191451595031],[12.645345450060713,46.12146422768634],[12.647283648628683,46.12150415872889],[12.64796805874631,46.12061688346233],[12.650552289663226,46.120670057515895],[12.650571439470003,46.120219767463915],[12.653155656644829,46.1202728823113],[12.653193912857024,46.11937230042218],[12.653839957778494,46.119385569598165],[12.653859079946553,46.11893527838361],[12.655151160643769,46.11896180537597],[12.65517027184849,46.11851151370516],[12.650648034130096,46.118418606838034],[12.650078610354123,46.116604159371214],[12.648767427546648,46.117027865846275],[12.648786589459213,46.11657757608287],[12.647494570383879,46.116550978202575],[12.647513742345232,46.11610068881296],[12.645575732904673,46.116060765256556],[12.64489134426546,46.116948027182396],[12.644245331979326,46.11693470797037],[12.64426453066273,46.11648441966249],[12.643618524085298,46.116471097010624],[12.643714536897466,46.114219655884604],[12.644360517212158,46.1142329774957],[12.644398908627306,46.11333240033618],[12.643752938816837,46.11331907914135],[12.643772139089682,46.112868790707],[12.645064068662435,46.11289542903289],[12.644968115240987,46.115146872867534],[12.645614106971726,46.115160187599386],[12.645594920166989,46.115610476448865],[12.64753291384937,46.1156503993815],[12.648901551338453,46.11387583662453],[12.650193509202168,46.11390241742089],[12.650212657411814,46.11345212694954],[12.6508586317734,46.11346541166866],[12.650820345401941,46.114365992984716],[12.649509221748987,46.114789709248576],[12.649451755881962,46.11614057953813],[12.650743767180439,46.116167155115264],[12.65072462148361,46.116617445543405],[12.6526626575987,46.11665728217189],[12.652624396354092,46.11755786414769],[12.653270419807264,46.11757113614254],[12.653289545404453,46.11712084496818],[12.655227602727987,46.1171606384421],[12.655246712109642,46.11671034660419],[12.655892726871816,46.11672360359215],[12.655873622743323,46.117173895637194],[12.6565196432122,46.11718714918419],[12.657127475524122,46.11810098387605],[12.658419539742049,46.11812747355715],[12.658400455260947,46.118577766304895],[12.659046493303181,46.118591005879935],[12.65900833348307,46.119491591663895],[12.660319501571372,46.119067767411465],[12.660262291317439,46.12041864714024],[12.65767805418002,46.120365692827264],[12.65769714573594,46.119915400453465],[12.658343199086625,46.11992864429759],[12.657735327481813,46.11901481558061],[12.657089285092162,46.11900156850198],[12.657070189193053,46.11945186075231],[12.655778095266285,46.11942535523585],[12.655682556397045,46.12167681379023],[12.655036483843185,46.12166355452358],[12.655112936866917,46.11986238859227],[12.65446688578371,46.11984912650582],[12.654333051424668,46.12300116499639],[12.653040877058647,46.12297462697582],[12.652926081045807,46.1256763701361],[12.655510557718683,46.12572943655654],[12.655548782838,46.12482885401198],[12.656194892630033,46.12484211107984],[12.656137570033911,46.12619298545544],[12.656783696046288,46.12620623949547],[12.656764592858552,46.12665653107756],[12.656118461590358,46.126643276830436],[12.655434102009425,46.12753060114437],[12.652849541243222,46.12747753140723],[12.652830405151532,46.12792782162054],[12.651538116981797,46.12790126444061],[12.651518969921202,46.128351554197195],[12.652811268603397,46.12837811179208],[12.652772994137742,46.12927869200977],[12.654084442611255,46.12885494533338],[12.653476549918,46.12794109473633],[12.654768840813515,46.1279676300195],[12.654730598798748,46.12886821156481],[12.656042023258228,46.12844444191273],[12.656022912535647,46.12889473307887],[12.656669070084805,46.128907988361505],[12.656630857785352,46.12980857098272],[12.657277026301436,46.12982182302986],[12.657296127422324,46.12937153153307],[12.659880784993865,46.12942450239664],[12.66001433290906,46.126272454956485],[12.658075949431593,46.12623273662771],[12.65796138654391,46.128934487977936],[12.6573152280876,46.12892123999453],[12.657468017009501,46.1253189061827],[12.658114133417557,46.12533215251023],[12.658095041652263,46.12578244458985],[12.66067953283858,46.12583539423561],[12.660603245318546,46.12763656544592],[12.661249390271328,46.12764979456104],[12.661230322510313,46.12810008746595],[12.660584172301245,46.12808685814414],[12.660526950519634,46.12943773598829],[12.66117311649831,46.12945096593026],[12.661134976882703,46.1303515513644],[12.659842624350887,46.13032508700379],[12.65978537997287,46.131675963601374],[12.659139188615077,46.131662725325825],[12.659177362503305,46.13076214138287],[12.658531182113103,46.13074889987114],[12.658359337954785,46.13480152443695],[12.65771311069942,46.134788277412646]],[[12.654634985779909,46.13111966469692],[12.655281168705372,46.131132928314926],[12.655300286964371,46.1306826375648],[12.654654109295949,46.13066937415405],[12.654634985779909,46.13111966469692]],[[12.656592643662911,46.13070915343684],[12.657885002176222,46.13073565470955],[12.657904098951397,46.1302853630893],[12.656611750952012,46.13025886223067],[12.656592643662911,46.13070915343684]],[[12.654027060398391,46.13020581671613],[12.654673232355842,46.13021908356941],[12.654692354959595,46.129768792942976],[12.654046188258922,46.129755526297],[12.654027060398391,46.13020581671613]],[[12.6501883565406,46.12922556056172],[12.650834515257849,46.12923884889815],[12.650872821261974,46.12833826992551],[12.650226673057492,46.12832498200433],[12.6501883565406,46.12922556056172]],[[12.652222543078471,46.12701396480178],[12.653514811132823,46.12704051385315],[12.653533941055791,46.12659022334887],[12.652241683513175,46.12656367471233],[12.652222543078471,46.12701396480178]],[[12.644488176465579,46.12640407635571],[12.64513429954819,46.1264173962895],[12.645153497338582,46.125967108443795],[12.644507379511547,46.12595378871813],[12.644488176465579,46.12640407635571]],[[12.651595555423468,46.12655039492012],[12.652241683513175,46.12656367471233],[12.65226082349135,46.12611338458108],[12.651614700657365,46.12610010499638],[12.651595555423468,46.12655039492012]],[[12.653533941055791,46.12659022334887],[12.654180070508453,46.12660349219321],[12.654199194719377,46.126153201439834],[12.653553070522477,46.126139932802815],[12.653533941055791,46.12659022334887]],[[12.64853744894633,46.1224313397462],[12.649183527465546,46.122444635914796],[12.64920268960842,46.12199434644535],[12.650494837502466,46.12202092742103],[12.650513988679469,46.12157063749444],[12.648575783283995,46.12153076118094],[12.64853744894633,46.1224313397462]],[[12.653136527854414,46.120723173193184],[12.653782588537883,46.120736442991166],[12.653801712074172,46.12028615190195],[12.653155656644829,46.1202728823113],[12.653136527854414,46.120723173193184]],[[12.644283728888274,46.11603413131281],[12.64492973066866,46.11604745010862],[12.644948923183676,46.11559716150899],[12.644302926655977,46.11558384292126],[12.644283728888274,46.11603413131281]]]},"properties":{"ndvi_class":"moderate","color":"#74c476","area_m2":1000650}},{"type":"Feature","geometry":{"type":"Polygon","coordinates":[[[12.646336820792246,46.11337234203539],[12.646356000057322,46.11292205276883],[12.647001966437754,46.112935359165554],[12.646982792424655,46.113385648640026],[12.646336820792246,46.11337234203539]]]},"properties":{"ndvi_class":"moderate","color":"#74c476","area_m2":2502}},{"type":"Feature","geometry":{"type":"Polygon","coordinates":[[[12.66564007592373,46.11557113495491],[12.66571616725997,46.11376995345605],[12.665070182478031,46.11375675263354],[12.665089209430327,46.11330645736079],[12.666381168941024,46.11333285494562],[12.666286082167998,46.1155843329545],[12.66564007592373,46.11557113495491]]]},"properties":{"ndvi_class":"dense","color":"#238b45","area_m2":15010}},{"type":"Feature","geometry":{"type":"Polygon","coordinates":[[[12.695356828568627,46.1161744671632],[12.695394391857477,46.11527385764355],[12.696040408234879,46.11528688742147],[12.696096734049476,46.1139359722195],[12.697407500492837,46.113511714052336],[12.697369972304843,46.11441232512563],[12.698661987165853,46.11443835833056],[12.698605723047182,46.1157892758492],[12.696021632067783,46.11573719240566],[12.696002855452882,46.11618749734829],[12.695356828568627,46.1161744671632]]]},"properties":{"ndvi_class":"dense","color":"#238b45","area_m2":42528}},{"type":"Feature","geometry":{"type":"Polygon","coordinates":[[[12.638585196752159,46.11321237827215],[12.638623680868779,46.1123118046958],[12.6392696365259,46.11232515465352],[12.639231162912782,46.11322572864705],[12.638585196752159,46.11321237827215]]]},"properties":{"ndvi_class":"moderate","color":"#74c476","area_m2":5003}},{"type":"Feature","geometry":{"type":"Polygon","coordinates":[[[12.636666559054639,46.11272201912149],[12.636685816638503,46.112271732938474],[12.637331770924957,46.11228509383828],[12.637312518592744,46.11273538023004],[12.636666559054639,46.11272201912149]]]},"properties":{"ndvi_class":"very_dense","color":"#00441b","area_m2":2502}},{"type":"Feature","geometry":{"type":"Polygon","coordinates":[[[12.65798346444309,46.113161009835515],[12.658002548715398,46.11271071679358],[12.65864851801759,46.11272395732723],[12.658629438997371,46.11317425057606],[12.65798346444309,46.113161009835515]]]},"properties":{"ndvi_class":"very_dense","color":"#00441b","area_m2":2502}},{"type":"Feature","geometry":{"type":"Polygon","coordinates":[[[12.637977725668426,46.112298451090716],[12.637996972289992,46.11184816444839],[12.638642922238795,46.11186151784484],[12.638623680868779,46.1123118046958],[12.637977725668426,46.112298451090716]]]},"properties":{"ndvi_class":"moderate","color":"#74c476","area_m2":2502}},{"type":"Feature","geometry":{"type":"Polygon","coordinates":[[[12.646375178865023,46.11247176346045],[12.646394357215362,46.11202147411024],[12.647040313092216,46.112034780091165],[12.647021139993601,46.112485069649274],[12.646375178865023,46.11247176346045]]]},"properties":{"ndvi_class":"very_dense","color":"#00441b","area_m2":2502}},{"type":"Feature","geometry":{"type":"Polygon","coordinates":[[[12.665602027533511,46.11647172545403],[12.66564007592373,46.11557113495491],[12.666286082167998,46.1155843329545],[12.666381168941024,46.11333285494562],[12.668319111592472,46.11337242396501],[12.66837611094478,46.11202153480437],[12.66966804345476,46.112047894676394],[12.669649054627888,46.112498191516835],[12.669003082895381,46.1124850131987],[12.668889108908818,46.11518679213023],[12.668243106112248,46.115173608928636],[12.668186097243748,46.11652449721347],[12.665602027533511,46.11647172545403]]]},"properties":{"ndvi_class":"very_dense","color":"#00441b","area_m2":77550}},{"type":"Feature","geometry":{"type":"Polygon","coordinates":[[[12.676014108423889,46.11488126793439],[12.676033046987449,46.11443096924635],[12.67538704974268,46.114417826583406],[12.675424936020141,46.113517229493034],[12.676070922759626,46.11353037174528],[12.67612773303074,46.112179475181144],[12.678711621454722,46.1122320052496],[12.678692706158238,46.11268230496674],[12.679338684639376,46.112695428569765],[12.679300863198007,46.113596028289216],[12.678654874211952,46.113582904276086],[12.678598122909053,46.1149338029277],[12.676014108423889,46.11488126793439]]]},"properties":{"ndvi_class":"very_dense","color":"#00441b","area_m2":70045}},{"type":"Feature","geometry":{"type":"Polygon","coordinates":[[[12.675424936020141,46.113517229493034],[12.67548176204824,46.112166333544934],[12.67612773303074,46.112179475181144],[12.676070922759626,46.11353037174528],[12.675424936020141,46.113517229493034]]]},"properties":{"ndvi_class":"dense","color":"#238b45","area_m2":7505}},{"type":"Feature","geometry":{"type":"Polygon","coordinates":[[[12.694158733532904,46.113896873774046],[12.694215102592276,46.112545960030715],[12.694861086560413,46.1125589958828],[12.694804733259183,46.113909910237204],[12.694158733532904,46.113896873774046]]]},"properties":{"ndvi_class":"moderate","color":"#74c476","area_m2":7505}},{"type":"Feature","geometry":{"type":"Polygon","coordinates":[[[12.673505936718678,46.1130274828582],[12.673543851799113,46.11212688675052],[12.674835791515385,46.11215318826109],[12.674797897443879,46.11305378519069],[12.673505936718678,46.1130274828582]]]},"properties":{"ndvi_class":"bare","color":"#d9d9d9","area_m2":10006}},{"type":"Feature","geometry":{"type":"Polygon","coordinates":[[[12.697407500492837,46.113511714052336],[12.69744502689088,46.11261110281279],[12.698091013087351,46.11262412042567],[12.698053497194737,46.11352473207201],[12.697407500492837,46.113511714052336]]]},"properties":{"ndvi_class":"dense","color":"#238b45","area_m2":5003}},{"type":"Feature","geometry":{"type":"Polygon","coordinates":[[[12.637351022798063,46.111834807404634],[12.63737027421207,46.11138452092914],[12.638016218452586,46.111397877764205],[12.637996972289992,46.11184816444839],[12.637351022798063,46.111834807404634]]]},"properties":{"ndvi_class":"very_dense","color":"#00441b","area_m2":2502}},{"type":"Feature","geometry":{"type":"Polygon","coordinates":[[[12.650231805164825,46.113001836436396],[12.650250952461214,46.112551545881445],[12.650896916318807,46.11256483018545],[12.650916057906777,46.11211453938114],[12.652227107109473,46.11169080537069],[12.652246237281357,46.111240514067866],[12.65353813666585,46.11126705589925],[12.653519016997178,46.111717347616775],[12.652873061826327,46.11170407831743],[12.65281568432892,46.113054952597345],[12.650231805164825,46.113001836436396]]]},"properties":{"ndvi_class":"moderate","color":"#74c476","area_m2":27518}},{"type":"Feature","geometry":{"type":"Polygon","coordinates":[[[12.670238073370419,46.11386225707605],[12.670257058303415,46.11341196015484],[12.669611075615586,46.11339878507264],[12.669649054627888,46.112498191516835],[12.670295026811175,46.112511366187334],[12.67097895563791,46.111623942664345],[12.671624918218287,46.1116371096281],[12.671586972529587,46.112537704585435],[12.670940999445115,46.1125245372102],[12.670884061761399,46.11387542871631],[12.670238073370419,46.11386225707605]]]},"properties":{"ndvi_class":"moderate","color":"#74c476","area_m2":20013}},{"type":"Feature","geometry":{"type":"Polygon","coordinates":[[[12.666438215562733,46.111981967639686],[12.666457230196364,46.11153167178763],[12.667103189620597,46.11154486428394],[12.667084180238858,46.11199516034213],[12.666438215562733,46.111981967639686]]]},"properties":{"ndvi_class":"moderate","color":"#74c476","area_m2":2502}},{"type":"Feature","geometry":{"type":"Polygon","coordinates":[[[12.672251913882922,46.11210057064952],[12.672270881249043,46.11165027294434],[12.672916844730056,46.111663432613014],[12.672897882615946,46.112113730523824],[12.672251913882922,46.11210057064952]]]},"properties":{"ndvi_class":"very_dense","color":"#00441b","area_m2":2502}},{"type":"Feature","geometry":{"type":"Polygon","coordinates":[[[12.674095056602408,46.11439153031381],[12.674114010472387,46.11394123220032],[12.672822029637274,46.11391492175021],[12.672878920049627,46.11256402839293],[12.673524894484943,46.1125771848252],[12.673505936718678,46.1130274828582],[12.674797897443879,46.11305378519069],[12.674835791515385,46.11215318826109],[12.673543851799113,46.11212688675052],[12.673562808661197,46.111676588634154],[12.675500703154166,46.11171603481224],[12.675424936020141,46.113517229493034],[12.67477894973034,46.113504083593],[12.674741052947624,46.114404680272564],[12.674095056602408,46.11439153031381]]]},"properties":{"ndvi_class":"sparse","color":"#c7e9c0","area_m2":35023}},{"type":"Feature","geometry":{"type":"Polygon","coordinates":[[[12.67612773303074,46.112179475181144],[12.676146668884588,46.11172917624312],[12.67808456877241,46.11176857865027],[12.67806564867488,46.11221887820396],[12.67612773303074,46.112179475181144]]]},"properties":{"ndvi_class":"dense","color":"#238b45","area_m2":7505}},{"type":"Feature","geometry":{"type":"Polygon","coordinates":[[[12.654772709002424,46.11264445941193],[12.654791819079266,46.112194167363455],[12.654145857749024,46.112180905151725],[12.654203201000177,46.11083002937733],[12.654849146575506,46.110843290967445],[12.654830037865793,46.11129358314122],[12.65612194088019,46.11132009579376],[12.656083743100545,46.1122206808445],[12.654772709002424,46.11264445941193]]]},"properties":{"ndvi_class":"very_dense","color":"#00441b","area_m2":20013}},{"type":"Feature","geometry":{"type":"Polygon","coordinates":[[[12.650289245684167,46.11165096464616],[12.650327537080788,46.11075038324368],[12.650973479931901,46.11076366671747],[12.650935199038273,46.11166424853505],[12.650289245684167,46.11165096464616]]]},"properties":{"ndvi_class":"moderate","color":"#74c476","area_m2":5003}},{"type":"Feature","geometry":{"type":"Polygon","coordinates":[[[12.650935199038273,46.11166424853505],[12.650973479931901,46.11076366671747],[12.653557255878574,46.11081676413993],[12.65353813666585,46.11126705589925],[12.650935199038273,46.11166424853505]]]},"properties":{"ndvi_class":"sparse","color":"#c7e9c0","area_m2":15010}},{"type":"Feature","geometry":{"type":"Polygon","coordinates":[[[12.699382986816042,46.11265014470785],[12.699420479909369,46.11174953208205],[12.70006645693633,46.111762538344884],[12.700028974348015,46.112663151377134],[12.699382986816042,46.11265014470785]]]},"properties":{"ndvi_class":"sparse","color":"#c7e9c0","area_m2":5003}},{"type":"Feature","geometry":{"type":"Polygon","coordinates":[[[12.665165312702145,46.11150527585257],[12.665184337385824,46.11105498037121],[12.665830290655443,46.11106817995624],[12.665811271223504,46.11151847564385],[12.665165312702145,46.11150527585257]]]},"properties":{"ndvi_class":"moderate","color":"#74c476","area_m2":2502}},{"type":"Feature","geometry":{"type":"Polygon","coordinates":[[[12.698109770362645,46.11217381454017],[12.698128527190619,46.11172350861312],[12.698774503327423,46.11173652217146],[12.698755751751865,46.11218682830186],[12.698109770362645,46.11217381454017]]]},"properties":{"ndvi_class":"dense","color":"#238b45","area_m2":2502}},{"type":"Feature","geometry":{"type":"Polygon","coordinates":[[[12.70006645693633,46.111762538344884],[12.700103937736907,46.11086192514648],[12.700749904704226,46.11087492735521],[12.700712434408187,46.11177554095995],[12.70006645693633,46.111762538344884]]]},"properties":{"ndvi_class":"sparse","color":"#c7e9c0","area_m2":5003}},{"type":"Feature","geometry":{"type":"Polygon","coordinates":[[[12.638719883130522,46.1100603700224],[12.63873912220644,46.109610082962135],[12.63938504635604,46.10962343166841],[12.639365812531063,46.110073718937244],[12.638719883130522,46.1100603700224]]]},"properties":{"ndvi_class":"moderate","color":"#74c476","area_m2":2502}},{"type":"Feature","geometry":{"type":"Polygon","coordinates":[[[12.655514195607061,46.11040625648755],[12.655533298154147,46.109955964023065],[12.656179234133845,46.109969217904386],[12.656160136838048,46.110419510575944],[12.655514195607061,46.11040625648755]]]},"properties":{"ndvi_class":"very_dense","color":"#00441b","area_m2":2502}},{"type":"Feature","geometry":{"type":"Polygon","coordinates":[[[12.648428032332475,46.109809930615064],[12.648447192185964,46.10935964039049],[12.649093117919861,46.1093729341829],[12.649073963317392,46.109823224615184],[12.648428032332475,46.109809930615064]]]},"properties":{"ndvi_class":"moderate","color":"#74c476","area_m2":2502}},{"type":"Feature","geometry":{"type":"Polygon","coordinates":[[[12.688476608517893,46.11062726164704],[12.688495442783019,46.110176958652076],[12.689141396471863,46.11019002631337],[12.689122567458583,46.1106403295125],[12.688476608517893,46.11062726164704]]]},"properties":{"ndvi_class":"moderate","color":"#74c476","area_m2":2502}},{"type":"Feature","geometry":{"type":"Polygon","coordinates":[[[12.700749904704226,46.11087492735521],[12.700768639182066,46.11042462049054],[12.701414601342034,46.11043761884852],[12.701395872116288,46.110887925916295],[12.700749904704226,46.11087492735521]]]},"properties":{"ndvi_class":"sparse","color":"#c7e9c0","area_m2":2502}},{"type":"Feature","geometry":{"type":"Polygon","coordinates":[[[12.684831775173816,46.120468500487505],[12.68485064559625,46.12001819942994],[12.682266381997085,46.11996580135251],[12.682304163526235,46.119065200749915],[12.682950218245008,46.11907830533277],[12.683044637914499,46.116826802073945],[12.682398609464974,46.11681369851483],[12.682417497301262,46.116363397942905],[12.683063520497312,46.11637650129727],[12.683082402629795,46.11592620047899],[12.684374439859853,46.115952395833745],[12.684431052036736,46.11460149190125],[12.683785048957017,46.11458839666181],[12.683766173428433,46.11503869780966],[12.682493044141992,46.114562195238925],[12.682587467558953,46.11231069092223],[12.681941492086827,46.112297585762676],[12.681979268805465,46.11139698415411],[12.682625233773296,46.11141008890414],[12.682700760798376,46.10960888436838],[12.685284541122053,46.10966126361878],[12.685265681047678,46.110111565633595],[12.68655758439954,46.11013773378337],[12.686538734378965,46.11058803616544],[12.685892777227448,46.11057495370986],[12.685873921505424,46.11102525584591],[12.686519883908858,46.111038338505885],[12.686425624814861,46.11328984958399],[12.685779636149972,46.1132767659019],[12.68547784744846,46.12048159108968],[12.684831775173816,46.120468500487505]]]},"properties":{"ndvi_class":"moderate","color":"#74c476","area_m2":272677}},{"type":"Feature","geometry":{"type":"Polygon","coordinates":[[[12.654222314505596,46.11037973736899],[12.654260540149066,46.10947915322695],[12.655571501881738,46.10905537896881],[12.655533298154147,46.109955964023065],[12.654222314505596,46.11037973736899]]]},"properties":{"ndvi_class":"very_dense","color":"#00441b","area_m2":10006}},{"type":"Feature","geometry":{"type":"Polygon","coordinates":[[[12.643279802698157,46.109253158757355],[12.643299004101411,46.10880287015467],[12.643944920942612,46.10881619291526],[12.643925724790144,46.10926648172611],[12.643279802698157,46.109253158757355]]]},"properties":{"ndvi_class":"very_dense","color":"#00441b","area_m2":2502}},{"type":"Feature","geometry":{"type":"Polygon","coordinates":[[[12.64973904410844,46.10938622432823],[12.649758193003239,46.1089359336465],[12.650404114395451,46.10894921993716],[12.650384970751574,46.109399510826485],[12.64973904410844,46.10938622432823]]]},"properties":{"ndvi_class":"moderate","color":"#74c476","area_m2":2502}},{"type":"Feature","geometry":{"type":"Polygon","coordinates":[[[12.65749019379111,46.10954542159808],[12.657509279673986,46.10909512842899],[12.658155206511001,46.10910837095486],[12.658136125879205,46.10955866433084],[12.65749019379111,46.10954542159808]]]},"properties":{"ndvi_class":"very_dense","color":"#00441b","area_m2":2502}},{"type":"Feature","geometry":{"type":"Polygon","coordinates":[[[12.658136125879205,46.10955866433084],[12.658155206511001,46.10910837095486],[12.65880113380094,46.10912160983359],[12.658782058420238,46.109571903416445],[12.658136125879205,46.10955866433084]]]},"properties":{"ndvi_class":"dense","color":"#238b45","area_m2":2502}},{"type":"Feature","geometry":{"type":"Polygon","coordinates":[[[12.701414601342034,46.11043761884852],[12.701433330121132,46.109987311739204],[12.702079287473723,46.11000030624653],[12.702060563946604,46.11045061355889],[12.701414601342034,46.11043761884852]]]},"properties":{"ndvi_class":"sparse","color":"#c7e9c0","area_m2":2502}},{"type":"Feature","geometry":{"type":"Polygon","coordinates":[[[12.68908490808491,46.111540935785975],[12.689141396471863,46.11019002631337],[12.689787350607672,46.11020309032719],[12.689824996783848,46.10930248339588],[12.690470940863136,46.10931554335408],[12.690433305190329,46.1102161506935],[12.691079260219702,46.11022920741232],[12.691022819100706,46.111580118721555],[12.68908490808491,46.111540935785975]]]},"properties":{"ndvi_class":"sparse","color":"#c7e9c0","area_m2":27518}},{"type":"Feature","geometry":{"type":"Polygon","coordinates":[[[12.655571501881738,46.10905537896881],[12.655590603062272,46.10860508637904],[12.65623652328885,46.10861833963911],[12.656217427359232,46.109068632435964],[12.655571501881738,46.10905537896881]]]},"properties":{"ndvi_class":"very_dense","color":"#00441b","area_m2":2502}},{"type":"Feature","geometry":{"type":"Polygon","coordinates":[[[12.69497378106829,46.109857166051654],[12.694992561918607,46.10940686093432],[12.696284457663007,46.10943291884476],[12.696265687316156,46.10988322436926],[12.69497378106829,46.109857166051654]]]},"properties":{"ndvi_class":"moderate","color":"#74c476","area_m2":5003}},{"type":"Feature","geometry":{"type":"Polygon","coordinates":[[[12.638112442381464,46.109146443715346],[12.638170171232003,46.1077955827837],[12.638816073922461,46.107808934302554],[12.638758360823578,46.10915979586003],[12.638112442381464,46.109146443715346]]]},"properties":{"ndvi_class":"very_dense","color":"#00441b","area_m2":7505}},{"type":"Feature","geometry":{"type":"Polygon","coordinates":[[[12.641188285414557,46.112815470285554],[12.641245946505586,46.11146460723067],[12.641891893485402,46.11147794218216],[12.641930321418451,46.11057736618634],[12.641284384941251,46.110564031651535],[12.641342039157488,46.10921316796902],[12.64069611888944,46.10919983041225],[12.640734563243587,46.10829925483145],[12.641380473010296,46.10831259197146],[12.641399689249335,46.107862303909904],[12.642691499650057,46.10788896683267],[12.642672293912021,46.10833925531081],[12.642026383233148,46.10832592546458],[12.641968747518778,46.10967679002315],[12.64326060083701,46.10970344731821],[12.643279802698157,46.109253158757355],[12.645217570341014,46.10929311672257],[12.645179197666735,46.110193695051095],[12.647762936240854,46.110246922942814],[12.647782101802377,46.109796632967814],[12.648428032332475,46.109809930615064],[12.648408872022081,46.110260220797834],[12.649700744948907,46.110286805566304],[12.649643292784562,46.11163767710989],[12.650289245684167,46.11165096464616],[12.65027009930099,46.11210125528469],[12.648978183453075,46.11207467614952],[12.648293900563973,46.112961961016474],[12.647647933273346,46.11294866191477],[12.647705436813977,46.111597792616934],[12.647059485733607,46.11158449049125],[12.647078657917788,46.11113420084953],[12.644494879154575,46.11108095670539],[12.644437298211406,46.11243182300935],[12.643791338904657,46.11241850223079],[12.643772139089682,46.112868790707],[12.643126174986918,46.11285546607283],[12.64316458466245,46.11195488949495],[12.642518631519009,46.11194156162981],[12.64183424814923,46.1128288058621],[12.641188285414557,46.112815470285554]]]},"properties":{"ndvi_class":"moderate","color":"#74c476","area_m2":170110}},{"type":"Feature","geometry":{"type":"Polygon","coordinates":[[[12.691273699735182,46.12104954537306],[12.69133015336488,46.11969863607185],[12.690684087572837,46.119685578716805],[12.690721731590623,46.118784972716114],[12.69007567675409,46.118771912120515],[12.690113329484433,46.117871306361586],[12.692051463809934,46.11791047597854],[12.692070273739915,46.11746017242464],[12.692716314154469,46.11747322146279],[12.692753922161154,46.116572613822505],[12.69148067663126,46.1160962094388],[12.691593550235604,46.11339438771739],[12.690947557993734,46.11338133321832],[12.690966373943551,46.11293102965652],[12.68967440130525,46.1129049101228],[12.68971205286848,46.112004303690654],[12.688420103027521,46.11197817038227],[12.688457773803613,46.111077564600386],[12.68910373799627,46.11109063267004],[12.68908490808491,46.111540935785975],[12.691022819100706,46.111580118721555],[12.691079260219702,46.11022920741232],[12.690433305190329,46.1102161506935],[12.690470940863136,46.10931554335408],[12.689824996783848,46.10930248339588],[12.689787350607672,46.11020309032719],[12.689141396471863,46.11019002631337],[12.689197880817638,46.108839116466385],[12.691135697300895,46.10887829572878],[12.691116885389121,46.10932859966488],[12.693681876603767,46.10983109314411],[12.693663084801907,46.1102813978125],[12.693017127986899,46.11026835568373],[12.692979532534736,46.11116896448821],[12.69362549985374,46.11118200702455],[12.693606706707406,46.11163231156821],[12.692960734136216,46.11161926882807],[12.692866735418708,46.11387078990378],[12.694158733532904,46.113896873774046],[12.694102360440404,46.11524778714324],[12.695413172830019,46.114823552821385],[12.695450733431414,46.11392294305236],[12.696096734049476,46.1139359722195],[12.696040408234879,46.11528688742147],[12.695394391857477,46.11527385764355],[12.695356828568627,46.1161744671632],[12.694710802130269,46.11616143332981],[12.694692014560337,46.116611737823625],[12.695338046252298,46.11662477186067],[12.695300480275758,46.11752538113091],[12.694654438076222,46.117512346686546],[12.694616859799678,46.11841295538319],[12.693970807538152,46.118399916882936],[12.693895624589763,46.12020113296244],[12.693249551756898,46.12018808999846],[12.693287154636685,46.11928748244944],[12.692641092759208,46.11927443624438],[12.692603479370423,46.120175043385686],[12.691957407430458,46.12016199312416],[12.691919781737957,46.121062599691314],[12.691273699735182,46.12104954537306]],[[12.69133015336488,46.11969863607185],[12.691976219603673,46.119711689778185],[12.692013842604096,46.11881108296153],[12.691367786873998,46.118798029663125],[12.69133015336488,46.11969863607185]],[[12.694008396322745,46.11749930859374],[12.694654438076222,46.117512346686546],[12.694673226542324,46.11706204227589],[12.694027190042686,46.1170490043868],[12.694008396322745,46.11749930859374]]]},"properties":{"ndvi_class":"moderate","color":"#74c476","area_m2":285185}},{"type":"Feature","geometry":{"type":"Polygon","coordinates":[[[12.650384970751574,46.109399510826485],[12.649777341441407,46.10848564292297],[12.651088311658851,46.1080619202617],[12.651030897849138,46.10941279367766],[12.650384970751574,46.109399510826485]]]},"properties":{"ndvi_class":"sparse","color":"#c7e9c0","area_m2":10006}},{"type":"Feature","geometry":{"type":"Polygon","coordinates":[[[12.702079287473723,46.11000030624653],[12.702116733188447,46.10909969149724],[12.70276268048189,46.10911268195106],[12.702725245270779,46.11001329710631],[12.702079287473723,46.11000030624653]]]},"properties":{"ndvi_class":"sparse","color":"#c7e9c0","area_m2":5003}},{"type":"Feature","geometry":{"type":"Polygon","coordinates":[[[12.64331820504679,46.108352581510154],[12.643337405534304,46.107902292823795],[12.64398331187431,46.10791561516808],[12.643964116637331,46.108365904062595],[12.64331820504679,46.108352581510154]]]},"properties":{"ndvi_class":"moderate","color":"#74c476","area_m2":2502}},{"type":"Feature","geometry":{"type":"Polygon","coordinates":[[[12.691116885389121,46.10932859966488],[12.691135697300895,46.10887829572878],[12.692427577189388,46.108904397000394],[12.692408775780669,46.10935470134432],[12.691116885389121,46.10932859966488]]]},"properties":{"ndvi_class":"dense","color":"#238b45","area_m2":5003}},{"type":"Feature","geometry":{"type":"Polygon","coordinates":[[[12.638816073922461,46.107808934302554],[12.638835310704621,46.10735864703301],[12.639481208601392,46.10737199469651],[12.639461977069548,46.10782228217459],[12.638816073922461,46.107808934302554]]]},"properties":{"ndvi_class":"moderate","color":"#74c476","area_m2":2502}},{"type":"Feature","geometry":{"type":"Polygon","coordinates":[[[12.658193366409595,46.1082077840776],[12.658212445676421,46.10775749057633],[12.658858357213827,46.10777072883456],[12.658839283197722,46.10822102254266],[12.658193366409595,46.1082077840776]]]},"properties":{"ndvi_class":"dense","color":"#238b45","area_m2":2502}},{"type":"Feature","geometry":{"type":"Polygon","coordinates":[[[12.669819937768793,46.10844551845174],[12.66983892252063,46.10799522123602],[12.6704848421887,46.10800839384819],[12.670465862687823,46.10845869126973],[12.669819937768793,46.10844551845174]]]},"properties":{"ndvi_class":"dense","color":"#238b45","area_m2":2502}},{"type":"Feature","geometry":{"type":"Polygon","coordinates":[[[12.671757713877362,46.10848502596433],[12.671776682876281,46.108034728131315],[12.672422603895544,46.10804788980227],[12.672403640147625,46.10849818784092],[12.671757713877362,46.10848502596433]]]},"properties":{"ndvi_class":"moderate","color":"#74c476","area_m2":2502}},{"type":"Feature","geometry":{"type":"Polygon","coordinates":[[[12.701470786339447,46.10908669739599],[12.701489513778691,46.108636390162076],[12.702135455376084,46.10864938406029],[12.702116733188447,46.10909969149724],[12.701470786339447,46.10908669739599]]]},"properties":{"ndvi_class":"sparse","color":"#c7e9c0","area_m2":2502}},{"type":"Feature","geometry":{"type":"Polygon","coordinates":[[[12.659504269203994,46.10778396344583],[12.659523337514653,46.1073336694892],[12.660815152351518,46.10736012735747],[12.660796094542114,46.107810421727486],[12.659504269203994,46.10778396344583]]]},"properties":{"ndvi_class":"dense","color":"#238b45","area_m2":5003}},{"type":"Feature","geometry":{"type":"Polygon","coordinates":[[[12.66499407013108,46.11555793330733],[12.66438613237681,46.11464413817098],[12.663094144061805,46.114617717461584],[12.66248624786843,46.113703912866015],[12.661194283276258,46.11367747109588],[12.661251457311398,46.1123265888686],[12.660605491450347,46.11231336313192],[12.660586428641102,46.11276365704277],[12.65864851801759,46.11272395732723],[12.658667596582818,46.112273664036664],[12.656729705791339,46.112233932113796],[12.656710611470242,46.11268422478357],[12.656064643527523,46.112670973307225],[12.656102842218099,46.11177038834002],[12.657413845708048,46.111346593856794],[12.657432933411574,46.11089630085475],[12.656786986022592,46.11088305385391],[12.656825170566869,46.1099824681385],[12.658117044792393,46.11000895766508],[12.658136125879205,46.10955866433084],[12.658782058420238,46.109571903416445],[12.65880113380094,46.10912160983359],[12.658155206511001,46.10910837095486],[12.658193366409595,46.1082077840776],[12.658839283197722,46.10822102254266],[12.658858357213827,46.10777072883456],[12.660796094542114,46.107810421727486],[12.661480112553004,46.10692305620287],[12.662771919602655,46.10694949177661],[12.662752877999308,46.10739978680805],[12.664044697358047,46.10742620820714],[12.664025665802015,46.107876503609646],[12.665963413980139,46.10791610897499],[12.665944397722825,46.10836640495461],[12.667217236391748,46.10884308705886],[12.667198229729737,46.10929338336731],[12.664614499771496,46.109240595621294],[12.664633527437998,46.10879030013763],[12.662695750464763,46.10875067165193],[12.662543390390567,46.11235302939934],[12.663189357608434,46.11236624419338],[12.663208398955412,46.11191594941455],[12.664500324243178,46.11194236764717],[12.664481293400117,46.11239266283878],[12.667065170403784,46.11244545635862],[12.667046160115362,46.112895752333394],[12.66769213574694,46.11290894180044],[12.667673130257434,46.11335923793959],[12.665089209430327,46.11330645736079],[12.665070182478031,46.11375675263354],[12.66571616725997,46.11376995345605],[12.66564007592373,46.11557113495491],[12.66499407013108,46.11555793330733]],[[12.66440516548925,46.114193843187984],[12.665051155071973,46.11420704786456],[12.665070182478031,46.11375675263354],[12.664424198147785,46.113743548163264],[12.66440516548925,46.114193843187984]]]},"properties":{"ndvi_class":"moderate","color":"#74c476","area_m2":355231}},{"type":"Feature","geometry":{"type":"Polygon","coordinates":[[[12.70276268048189,46.10911268195106],[12.702800113907577,46.108212066629704],[12.704110694361537,46.10778772765468],[12.704073282834333,46.10868834387063],[12.70276268048189,46.10911268195106]]]},"properties":{"ndvi_class":"sparse","color":"#c7e9c0","area_m2":10006}},{"type":"Feature","geometry":{"type":"Polygon","coordinates":[[[12.6523992622345,46.10763818214094],[12.652437513911641,46.10673759874136],[12.653083410867785,46.10675086940709],[12.653045169691467,46.107651453221386],[12.6523992622345,46.10763818214094]]]},"properties":{"ndvi_class":"dense","color":"#238b45","area_m2":5003}},{"type":"Feature","geometry":{"type":"Polygon","coordinates":[[[12.638208654838094,46.10689500861999],[12.6382278959529,46.10644472147533],[12.638873782892823,46.10645807236837],[12.638854547028071,46.10690835972162],[12.638208654838094,46.10689500861999]]]},"properties":{"ndvi_class":"moderate","color":"#74c476","area_m2":2502}},{"type":"Feature","geometry":{"type":"Polygon","coordinates":[[[12.65435609628206,46.10722769214079],[12.654375206141506,46.106777399798226],[12.655021104458836,46.10679065952362],[12.655001999849778,46.10724095207336],[12.65435609628206,46.10722769214079]]]},"properties":{"ndvi_class":"bare","color":"#d9d9d9","area_m2":2502}},{"type":"Feature","geometry":{"type":"Polygon","coordinates":[[[12.655647903870989,46.10725420835907],[12.655667003229643,46.10680391560222],[12.65631290245381,46.10681716803402],[12.65629380834557,46.10726746099795],[12.655647903870989,46.10725420835907]]]},"properties":{"ndvi_class":"moderate","color":"#74c476","area_m2":2502}},{"type":"Feature","geometry":{"type":"Polygon","coordinates":[[[12.640146332777707,46.10693505098484],[12.640184783048486,46.10603447540243],[12.644060088245112,46.10611445917176],[12.643375805135797,46.107001715325595],[12.642729909752218,46.106988389750875],[12.64274911411637,46.106538101147216],[12.640811446451629,46.1064981031677],[12.640792226337116,46.10694839114641],[12.640146332777707,46.10693505098484]]]},"properties":{"ndvi_class":"moderate","color":"#74c476","area_m2":20013}},{"type":"Feature","geometry":{"type":"Polygon","coordinates":[[[12.65623652328885,46.10861833963911],[12.656255618763105,46.10816804680049],[12.657566534591897,46.10774424867119],[12.65758561865434,46.107293955335074],[12.656939713273395,46.10728070998994],[12.656977890533831,46.10638012360633],[12.66085326660699,46.10645953849219],[12.660815152351518,46.10736012735747],[12.659523337514653,46.1073336694892],[12.659504269203994,46.10778396344583],[12.658212445676421,46.10775749057633],[12.657528365101735,46.10864483521816],[12.65623652328885,46.10861833963911]]]},"properties":{"ndvi_class":"very_dense","color":"#00441b","area_m2":47531}},{"type":"Feature","geometry":{"type":"Polygon","coordinates":[[[12.653102530772033,46.106300577437274],[12.653121650220358,46.10585028542567],[12.653767537130006,46.10586355203005],[12.653748422931793,46.10631384424894],[12.653102530772033,46.106300577437274]]]},"properties":{"ndvi_class":"moderate","color":"#74c476","area_m2":2502}},{"type":"Feature","geometry":{"type":"Polygon","coordinates":[[[12.655686102132863,46.10635362280359],[12.65570520058066,46.1059033299632],[12.65635108930437,46.105916581980885],[12.656331996106738,46.10636687502834],[12.655686102132863,46.10635362280359]]]},"properties":{"ndvi_class":"moderate","color":"#74c476","area_m2":2502}},{"type":"Feature","geometry":{"type":"Polygon","coordinates":[[[12.704129399456034,46.10733741948443],[12.704148104104478,46.10688711127265],[12.704794026473445,46.10690008977012],[12.704775327076163,46.10735039818468],[12.704129399456034,46.10733741948443]]]},"properties":{"ndvi_class":"sparse","color":"#c7e9c0","area_m2":2502}},{"type":"Feature","geometry":{"type":"Polygon","coordinates":[[[12.649815636947919,46.1075850613505],[12.649892222481999,46.10578389770398],[12.650538107121275,46.10579718254159],[12.650557247113504,46.10534689131791],[12.653121650220358,46.10585028542567],[12.653102530772033,46.106300577437274],[12.651810747814157,46.10627403287379],[12.651791617409474,46.10672432442887],[12.650499825767568,46.1066977648636],[12.650461542588122,46.10759834701841],[12.649815636947919,46.1075850613505]]]},"properties":{"ndvi_class":"dense","color":"#238b45","area_m2":30019}},{"type":"Feature","geometry":{"type":"Polygon","coordinates":[[[12.647308688470623,46.10573072188733],[12.647327854712323,46.10528043170205],[12.647973732283196,46.105293730918326],[12.647954571291363,46.10574402131141],[12.647308688470623,46.10573072188733]]]},"properties":{"ndvi_class":"sparse","color":"#c7e9c0","area_m2":2502}},{"type":"Feature","geometry":{"type":"Polygon","coordinates":[[[12.704148104104478,46.10688711127265],[12.704166808306882,46.10643680301936],[12.705458642986613,46.10646275596158],[12.705439949286292,46.106913064620386],[12.704148104104478,46.10688711127265]]]},"properties":{"ndvi_class":"moderate","color":"#74c476","area_m2":5003}},{"type":"Feature","geometry":{"type":"Polygon","coordinates":[[[12.678216996822366,46.10861648060814],[12.678254829347932,46.107715880792654],[12.678900749612081,46.107729005787384],[12.678919659947361,46.10727870561209],[12.680211491320408,46.10730494425028],[12.680230390703192,46.10685464362338],[12.679584480043076,46.10684152633275],[12.679641191239032,46.10549062481702],[12.681578877310182,46.10552996390386],[12.681503324487977,46.10733116830028],[12.680857407679937,46.107318058098805],[12.680819618064257,46.1082186596375],[12.679546670325124,46.10774212713502],[12.679508858803864,46.1086427277707],[12.678216996822366,46.10861648060814]]]},"properties":{"ndvi_class":"moderate","color":"#74c476","area_m2":47531}},{"type":"Feature","geometry":{"type":"Polygon","coordinates":[[[12.650557247113504,46.10534689131791],[12.650576386649343,46.10489660005242],[12.651222261243197,46.10490988082839],[12.651203126957169,46.10536017230138],[12.650557247113504,46.10534689131791]]]},"properties":{"ndvi_class":"very_dense","color":"#00441b","area_m2":2502}},{"type":"Feature","geometry":{"type":"Polygon","coordinates":[[[12.692408775780669,46.10935470134432],[12.692427577189388,46.108904397000394],[12.691135697300895,46.10887829572878],[12.691154508764066,46.10842799175109],[12.6918004432337,46.108441044006625],[12.691875663596258,46.10663982686428],[12.692521577507922,46.106652874657044],[12.69257797231947,46.10530196075207],[12.693223870925353,46.105315004286346],[12.693205078353651,46.10576530916671],[12.693850982656171,46.105778349257825],[12.693167491865822,46.10666591880272],[12.694440538505585,46.10714230131598],[12.69442175464339,46.10759260643752],[12.693775828891356,46.107579569178576],[12.693700667957495,46.10938078843415],[12.692408775780669,46.10935470134432]]]},"properties":{"ndvi_class":"very_dense","color":"#00441b","area_m2":57537}},{"type":"Feature","geometry":{"type":"Polygon","coordinates":[[[12.653710193167958,46.10721442856137],[12.653102530772033,46.106300577437274],[12.653748422931793,46.10631384424894],[12.653767537130006,46.10586355203005],[12.655059312310282,46.10589007429881],[12.655078415552696,46.10543978162377],[12.655724298573046,46.105453037081034],[12.655762493191647,46.104552451191395],[12.656408366165607,46.10456570258793],[12.65638927433379,46.10501599576068],[12.657035153010717,46.10502924371768],[12.65699697848128,46.105929830351876],[12.65570520058066,46.1059033299632],[12.65631290245381,46.10681716803402],[12.655667003229643,46.10680391560222],[12.655647903870989,46.10725420835907],[12.654375206141506,46.106777399798226],[12.65435609628206,46.10722769214079],[12.653710193167958,46.10721442856137]]]},"properties":{"ndvi_class":"sparse","color":"#c7e9c0","area_m2":40026}},{"type":"Feature","geometry":{"type":"Polygon","coordinates":[[[12.705439949286292,46.106913064620386],[12.705496029049938,46.1055621385194],[12.706141936553726,46.105575109114476],[12.706085872542893,46.10692603582348],[12.705439949286292,46.106913064620386]]]},"properties":{"ndvi_class":"sparse","color":"#c7e9c0","area_m2":7505}},{"type":"Feature","geometry":{"type":"Polygon","coordinates":[[[12.65638927433379,46.10501599576068],[12.656408366165607,46.10456570258793],[12.65705423959273,46.10457895033795],[12.657035153010717,46.10502924371768],[12.65638927433379,46.10501599576068]]]},"properties":{"ndvi_class":"bare","color":"#d9d9d9","area_m2":2502}},{"type":"Feature","geometry":{"type":"Polygon","coordinates":[[[12.657035153010717,46.10502924371768],[12.65705423959273,46.10457895033795],[12.657700113472895,46.10459219444144],[12.6576810321407,46.105042488028104],[12.657035153010717,46.10502924371768]]]},"properties":{"ndvi_class":"sparse","color":"#c7e9c0","area_m2":2502}},{"type":"Feature","geometry":{"type":"Polygon","coordinates":[[[12.693205078353651,46.10576530916671],[12.693223870925353,46.105315004286346],[12.693869769977312,46.1053280441737],[12.693850982656171,46.105778349257825],[12.693205078353651,46.10576530916671]]]},"properties":{"ndvi_class":"dense","color":"#238b45","area_m2":2502}},{"type":"Feature","geometry":{"type":"Polygon","coordinates":[[[12.704185512063258,46.10598649472454],[12.704204215373624,46.10553618638819],[12.705496029049938,46.1055621385194],[12.705477336241156,46.10601244726125],[12.704185512063258,46.10598649472454]]]},"properties":{"ndvi_class":"moderate","color":"#74c476","area_m2":5003}},{"type":"Feature","geometry":{"type":"Polygon","coordinates":[[[12.653121650220358,46.10585028542567],[12.653198123454708,46.104049116961455],[12.65448985572925,46.10407564486559],[12.654432532985783,46.10542652251989],[12.653121650220358,46.10585028542567]]]},"properties":{"ndvi_class":"dense","color":"#238b45","area_m2":17511}},{"type":"Feature","geometry":{"type":"Polygon","coordinates":[[[12.702210339662082,46.10684815389721],[12.702266498189182,46.105497230838836],[12.702912403473158,46.10551021966894],[12.702931116838801,46.105059911696834],[12.704204215373624,46.10553618638819],[12.704185512063258,46.10598649472454],[12.705477336241156,46.10601244726125],[12.705458642986613,46.10646275596158],[12.704166808306882,46.10643680301936],[12.704148104104478,46.10688711127265],[12.702210339662082,46.10684815389721]]]},"properties":{"ndvi_class":"dense","color":"#238b45","area_m2":30019}},{"type":"Feature","geometry":{"type":"Polygon","coordinates":[[[12.649911367724151,46.105333606687864],[12.649949656838912,46.1044330245302],[12.651260528446498,46.104009297757045],[12.651868136291226,46.104923157957835],[12.650576386649343,46.10489660005242],[12.650557247113504,46.10534689131791],[12.649911367724151,46.105333606687864]]]},"properties":{"ndvi_class":"dense","color":"#238b45","area_m2":12508}},{"type":"Feature","geometry":{"type":"Polygon","coordinates":[[[12.648657920422485,46.10440644516098],[12.648677074794168,46.10395615443477],[12.649968800711546,46.1039827333887],[12.649949656838912,46.1044330245302],[12.648657920422485,46.10440644516098]]]},"properties":{"ndvi_class":"sparse","color":"#c7e9c0","area_m2":5003}},{"type":"Feature","geometry":{"type":"Polygon","coordinates":[[[12.656408366165607,46.10456570258793],[12.65642745754218,46.104115409373435],[12.657073325719624,46.104128656916465],[12.65705423959273,46.10457895033795],[12.656408366165607,46.10456570258793]]]},"properties":{"ndvi_class":"sparse","color":"#c7e9c0","area_m2":2502}},{"type":"Feature","geometry":{"type":"Polygon","coordinates":[[[12.67061768602308,46.104856310730064],[12.670636661903613,46.10440601297501],[12.671282540018922,46.10441918029414],[12.671263569388362,46.104869478254926],[12.67061768602308,46.104856310730064]]]},"properties":{"ndvi_class":"moderate","color":"#74c476","area_m2":2502}},{"type":"Feature","geometry":{"type":"Polygon","coordinates":[[[12.671263569388362,46.104869478254926],[12.671282540018922,46.10441918029414],[12.67192841858452,46.10443234396665],[12.671909453203945,46.10488264213312],[12.671263569388362,46.104869478254926]]]},"properties":{"ndvi_class":"sparse","color":"#c7e9c0","area_m2":2502}},{"type":"Feature","geometry":{"type":"Polygon","coordinates":[[[12.673828157268881,46.10537241062909],[12.673847107351287,46.10492211188759],[12.673201222185535,46.10490895894946],[12.673220177066096,46.10445866037181],[12.674511937347344,46.104484962190405],[12.674492992966849,46.10493526117902],[12.675138879032094,46.104948406823745],[12.67511993945003,46.1053987059761],[12.673828157268881,46.10537241062909]]]},"properties":{"ndvi_class":"sparse","color":"#c7e9c0","area_m2":10006}},{"type":"Feature","geometry":{"type":"Polygon","coordinates":[[[12.674492992966849,46.10493526117902],[12.674511937347344,46.104484962190405],[12.675157818162536,46.10449810762974],[12.675138879032094,46.104948406823745],[12.674492992966849,46.10493526117902]]]},"properties":{"ndvi_class":"moderate","color":"#74c476","area_m2":2502}},{"type":"Feature","geometry":{"type":"Polygon","coordinates":[[[12.693869769977312,46.1053280441737],[12.69388855685045,46.104877739048035],[12.694534451097912,46.104890775084804],[12.694515669475221,46.10534108041418],[12.693869769977312,46.1053280441737]]]},"properties":{"ndvi_class":"sparse","color":"#c7e9c0","area_m2":2502}},{"type":"Feature","geometry":{"type":"Polygon","coordinates":[[[12.693850982656171,46.105778349257825],[12.693869769977312,46.1053280441737],[12.694515669475221,46.10534108041418],[12.69455323227274,46.10444046971384],[12.69519912171568,46.10445350190014],[12.695142792598983,46.10580441849917],[12.693850982656171,46.105778349257825]]]},"properties":{"ndvi_class":"moderate","color":"#74c476","area_m2":10006}},{"type":"Feature","geometry":{"type":"Polygon","coordinates":[[[12.704204215373624,46.10553618638819],[12.704887516771404,46.104648547074525],[12.70553341333026,46.104661520911186],[12.705496029049938,46.1055621385194],[12.704204215373624,46.10553618638819]]]},"properties":{"ndvi_class":"sparse","color":"#c7e9c0","area_m2":7505}},{"type":"Feature","geometry":{"type":"Polygon","coordinates":[[[12.655135722546868,46.104088903348],[12.655154823967282,46.10363861050584],[12.65580068598877,46.1036518651347],[12.655781589817886,46.10410215818394],[12.655135722546868,46.104088903348]]]},"properties":{"ndvi_class":"sparse","color":"#c7e9c0","area_m2":2502}},{"type":"Feature","geometry":{"type":"Polygon","coordinates":[[[12.68061174295791,46.11317196512311],[12.68000356836136,46.11225824839786],[12.67806564867488,46.11221887820396],[12.67808456877241,46.11176857865027],[12.676146668884588,46.11172917624312],[12.67612773303074,46.112179475181144],[12.67548176204824,46.112166333544934],[12.675500703154166,46.11171603481224],[12.673562808661197,46.111676588634154],[12.673524894484943,46.1125771848252],[12.672878920049627,46.11256402839293],[12.672935806391965,46.11121313466053],[12.672289848162842,46.111199975197465],[12.672365711295086,46.10939878379316],[12.671719774522451,46.10938562150527],[12.671681833358019,46.110286216879466],[12.669743994234029,46.110246706897634],[12.669687031828797,46.111597597794244],[12.669041070600306,46.11158441988792],[12.6691170405749,46.109783232765956],[12.66847110080377,46.10977005203593],[12.668452103738062,46.110220348673025],[12.66716021504594,46.11019397585909],[12.667179222614472,46.109743679634065],[12.667825161483584,46.109756867658625],[12.667863164758423,46.108856274671325],[12.669174013300422,46.10843234198663],[12.66921199285315,46.10753174792525],[12.669857906819752,46.10754492397861],[12.669895874059907,46.1066443293387],[12.670541777975847,46.10665750133343],[12.670560755666447,46.10620720374512],[12.671871521086047,46.10578323834103],[12.671909453203945,46.10488264213312],[12.672555337469712,46.104895802364645],[12.672612216505124,46.10354490712328],[12.67390395488733,46.10357121541305],[12.673866056981822,46.104471813104425],[12.673220177066096,46.10445866037181],[12.673828157268881,46.10537241062909],[12.672536376887017,46.105346100695066],[12.67314435483182,46.10625985443239],[12.671852554348693,46.10623353638246],[12.671833587159053,46.10668383438221],[12.671187682342271,46.10667066968127],[12.671111788057386,46.10847186044058],[12.671757713877362,46.10848502596433],[12.67173874442609,46.108935323755645],[12.674341421658887,46.10853765158785],[12.674322473212193,46.10898795020143],[12.679489952366957,46.10909302802608],[12.679471045479184,46.10954332823979],[12.681408873325234,46.10958267285898],[12.681465545374289,46.108231770248665],[12.682111473132728,46.10824487721264],[12.682035930505203,46.110046081429],[12.68138998174122,46.11003297364582],[12.681257728037851,46.113185077987815],[12.68061174295791,46.11317196512311]],[[12.669819937768793,46.10844551845174],[12.670465862687823,46.10845869126973],[12.6704848421887,46.10800839384819],[12.66983892252063,46.10799522123602],[12.669819937768793,46.10844551845174]]]},"properties":{"ndvi_class":"moderate","color":"#74c476","area_m2":367739}},{"type":"Feature","geometry":{"type":"Polygon","coordinates":[[[12.640204007496237,46.105584187548445],[12.640242455016535,46.10468361171495],[12.638950721765132,46.10465692253679],[12.638969955336602,46.10420663497426],[12.63832409464507,46.10419328512417],[12.638343333007224,46.103742997728375],[12.638989188449456,46.103756347369895],[12.639027653299369,46.10285577203555],[12.64161103763892,46.102909132471254],[12.641553402666702,46.104259997911164],[12.642199265639597,46.104273329529484],[12.64216085053334,46.10517390669683],[12.641514977061329,46.1051605746619],[12.641495763571434,46.10561086297451],[12.640204007496237,46.105584187548445]]]},"properties":{"ndvi_class":"moderate","color":"#74c476","area_m2":57537}},{"type":"Feature","geometry":{"type":"Polygon","coordinates":[[[12.657642868111273,46.10594307507617],[12.657661950353496,46.10549278157303],[12.65701606597357,46.105479537055665],[12.657035153010717,46.10502924371768],[12.6576810321407,46.105042488028104],[12.657073325719624,46.104128656916465],[12.657719194350094,46.10414190081302],[12.657757354739568,46.10324131343089],[12.659049072360988,46.10326778945721],[12.659030002892662,46.10371808358282],[12.659675867631858,46.10373131633316],[12.65963773783038,46.10463190487266],[12.660283613521461,46.10464513438997],[12.660226431159556,46.10599601750623],[12.657642868111273,46.10594307507617]]]},"properties":{"ndvi_class":"moderate","color":"#74c476","area_m2":55036}},{"type":"Feature","geometry":{"type":"Polygon","coordinates":[[[12.693223870925353,46.105315004286346],[12.693280245951764,46.10396408939578],[12.693926129252786,46.10397712867192],[12.693869769977312,46.1053280441737],[12.693223870925353,46.105315004286346]]]},"properties":{"ndvi_class":"moderate","color":"#74c476","area_m2":7505}},{"type":"Feature","geometry":{"type":"Polygon","coordinates":[[[12.660302673399755,46.10419483993441],[12.660340791792915,46.10329425089801],[12.661632513034355,46.10332069775326],[12.661594415639511,46.1042212876161],[12.660302673399755,46.10419483993441]]]},"properties":{"ndvi_class":"very_dense","color":"#00441b","area_m2":10006}},{"type":"Feature","geometry":{"type":"Polygon","coordinates":[[[12.670636661903613,46.10440601297501],[12.670674612307245,46.10350541733979],[12.671320479922981,46.10351858424745],[12.671282540018922,46.10441918029414],[12.670636661903613,46.10440601297501]]]},"properties":{"ndvi_class":"sparse","color":"#c7e9c0","area_m2":5003}},{"type":"Feature","geometry":{"type":"Polygon","coordinates":[[[12.671909453203945,46.10488264213312],[12.67192841858452,46.10443234396665],[12.671282540018922,46.10441918029414],[12.671320479922981,46.10351858424745],[12.672612216505124,46.10354490712328],[12.672555337469712,46.104895802364645],[12.671909453203945,46.10488264213312]]]},"properties":{"ndvi_class":"bare","color":"#d9d9d9","area_m2":12508}},{"type":"Feature","geometry":{"type":"Polygon","coordinates":[[[12.673866056981822,46.104471813104425],[12.67390395488733,46.10357121541305],[12.674549824753147,46.103584364088135],[12.674511937347344,46.104484962190405],[12.673866056981822,46.104471813104425]]]},"properties":{"ndvi_class":"dense","color":"#238b45","area_m2":5003}},{"type":"Feature","geometry":{"type":"Polygon","coordinates":[[[12.6756900893723,46.10721304519356],[12.675082058930984,46.1062993041558],[12.67637386391196,46.10632558573698],[12.676430652511133,46.10497468717304],[12.675784765546895,46.104961548821755],[12.67580369942727,46.104511249422416],[12.674511937347344,46.104484962190405],[12.674549824753147,46.103584364088135],[12.679070926396903,46.10367630271038],[12.679033112489778,46.104576903685704],[12.67838722897918,46.10456378012641],[12.678368316099203,46.10501408034653],[12.679014204859936,46.105027204110876],[12.6789385698317,46.10682840539514],[12.676354933476096,46.106775885174976],[12.676336002588807,46.10722618457131],[12.6756900893723,46.10721304519356]]]},"properties":{"ndvi_class":"very_dense","color":"#00441b","area_m2":92560}},{"type":"Feature","geometry":{"type":"Polygon","coordinates":[[[12.69388855685045,46.104877739048035],[12.693926129252786,46.10397712867192],[12.694572012999723,46.10399016430134],[12.694534451097912,46.104890775084804],[12.69388855685045,46.104877739048035]]]},"properties":{"ndvi_class":"bare","color":"#d9d9d9","area_m2":5003}},{"type":"Feature","geometry":{"type":"Polygon","coordinates":[[[12.698605723047182,46.1157892758492],[12.698661987165853,46.11443835833056],[12.697369972304843,46.11441232512563],[12.697407500492837,46.113511714052336],[12.696096734049476,46.1139359722195],[12.696171828867156,46.112134751368345],[12.696817808920168,46.11214777607342],[12.696836576252933,46.11169747055321],[12.698128527190619,46.11172350861312],[12.698166039504647,46.11082289663437],[12.697520074317541,46.11080987983506],[12.697632632035546,46.10810804412185],[12.700216369413258,46.10816008455426],[12.700253843063937,46.10725947069118],[12.700899768018107,46.10727247127476],[12.700937229379536,46.106371856839274],[12.701583144276283,46.10638485336951],[12.701639317216413,46.10503393079555],[12.70294982975821,46.10460960368316],[12.702987254258366,46.10370898753126],[12.703633138984769,46.10372197190284],[12.703595724985254,46.1046225884605],[12.704887516771404,46.104648547074525],[12.704868819603561,46.10509885569669],[12.704222918237985,46.10508587801034],[12.704204215373624,46.10553618638819],[12.703558309201348,46.105523204852076],[12.703577017316357,46.105072896677065],[12.702266498189182,46.105497230838836],[12.702210339662082,46.10684815389721],[12.704148104104478,46.10688711127265],[12.704110694361537,46.10778772765468],[12.702800113907577,46.108212066629704],[12.702079287473723,46.11000030624653],[12.701433330121132,46.109987311739204],[12.701414601342034,46.11043761884852],[12.700103937736907,46.11086192514648],[12.70006645693633,46.111762538344884],[12.699420479909369,46.11174953208205],[12.699251746905494,46.11580228758943],[12.698605723047182,46.1157892758492]],[[12.697407500492837,46.113511714052336],[12.698053497194737,46.11352473207201],[12.698091013087351,46.11262412042567],[12.69744502689088,46.11261110281279],[12.697407500492837,46.113511714052336]],[[12.698109770362645,46.11217381454017],[12.698755751751865,46.11218682830186],[12.698774503327423,46.11173652217146],[12.698128527190619,46.11172350861312],[12.698109770362645,46.11217381454017]],[[12.701470786339447,46.10908669739599],[12.702116733188447,46.10909969149724],[12.702135455376084,46.10864938406029],[12.701489513778691,46.108636390162076],[12.701470786339447,46.10908669739599]]]},"properties":{"ndvi_class":"moderate","color":"#74c476","area_m2":252664}},{"type":"Feature","geometry":{"type":"Polygon","coordinates":[[[12.704887516771404,46.104648547074525],[12.70492490976955,46.103747929705676],[12.705570795827684,46.103760903136916],[12.70553341333026,46.104661520911186],[12.704887516771404,46.104648547074525]]]},"properties":{"ndvi_class":"moderate","color":"#74c476","area_m2":5003}},{"type":"Feature","geometry":{"type":"Polygon","coordinates":[[[12.659049072360988,46.10326778945721],[12.659068141374608,46.10281749528984],[12.66165156105046,46.10287040275924],[12.661632513034355,46.10332069775326],[12.659049072360988,46.10326778945721]]]},"properties":{"ndvi_class":"moderate","color":"#74c476","area_m2":10006}},{"type":"Feature","geometry":{"type":"Polygon","coordinates":[[[12.670674612307245,46.10350541733979],[12.670693586830371,46.10305511945965],[12.671339449196509,46.103068286161594],[12.671320479922981,46.10351858424745],[12.670674612307245,46.10350541733979]]]},"properties":{"ndvi_class":"moderate","color":"#74c476","area_m2":2502}},{"type":"Feature","geometry":{"type":"Polygon","coordinates":[[[12.679070926396903,46.10367630271038],[12.67908983267421,46.10322600216025],[12.679735700883919,46.10323912145788],[12.679716799856385,46.103689422212994],[12.679070926396903,46.10367630271038]]]},"properties":{"ndvi_class":"moderate","color":"#74c476","area_m2":2502}},{"type":"Feature","geometry":{"type":"Polygon","coordinates":[[[12.681008548121163,46.103715650278446],[12.681027438649116,46.103265349113535],[12.681673308204358,46.10327845747155],[12.681654422926217,46.10372875884128],[12.681008548121163,46.103715650278446]]]},"properties":{"ndvi_class":"moderate","color":"#74c476","area_m2":2502}},{"type":"Feature","geometry":{"type":"Polygon","coordinates":[[[12.69455323227274,46.10444046971384],[12.694572012999723,46.10399016430134],[12.693926129252786,46.10397712867192],[12.693944914782007,46.103526823421525],[12.695236672221505,46.103552890626304],[12.69519912171568,46.10445350190014],[12.69455323227274,46.10444046971384]]]},"properties":{"ndvi_class":"sparse","color":"#c7e9c0","area_m2":7505}},{"type":"Feature","geometry":{"type":"Polygon","coordinates":[[[12.705552104801827,46.1042112120448],[12.705570795827684,46.103760903136916],[12.70621668232948,46.103773872921366],[12.706197996553934,46.1042241820319],[12.705552104801827,46.1042112120448]]]},"properties":{"ndvi_class":"sparse","color":"#c7e9c0","area_m2":2502}},{"type":"Feature","geometry":{"type":"Polygon","coordinates":[[[12.68672721435794,46.10608501047234],[12.686802593765588,46.10428379903005],[12.688740247362302,46.104323015932124],[12.68875907534061,46.10387271235479],[12.689404955516759,46.103885777157885],[12.69008846974979,46.10299823021841],[12.690734340319516,46.10301128732008],[12.690677904981303,46.10436220001358],[12.689367309611486,46.10478638467925],[12.689310837387092,46.10613729564933],[12.68672721435794,46.10608501047234]]]},"properties":{"ndvi_class":"moderate","color":"#74c476","area_m2":57537}},{"type":"Feature","geometry":{"type":"Polygon","coordinates":[[[12.670028745141899,46.10349224678562],[12.670066704234753,46.10259165139521],[12.67200427558462,46.10263115088388],[12.671966347988983,46.10353174750863],[12.671320479922981,46.10351858424745],[12.671339449196509,46.103068286161594],[12.670028745141899,46.10349224678562]]]},"properties":{"ndvi_class":"sparse","color":"#c7e9c0","area_m2":12508}},{"type":"Feature","geometry":{"type":"Polygon","coordinates":[[[12.655838876964527,46.10275127891093],[12.655857971769425,46.102300985736385],[12.656503818496303,46.10231423609773],[12.65648472894057,46.10276452947931],[12.655838876964527,46.10275127891093]]]},"properties":{"ndvi_class":"moderate","color":"#74c476","area_m2":2502}},{"type":"Feature","geometry":{"type":"Polygon","coordinates":[[[12.671966347988983,46.10353174750863],[12.672023238704163,46.102180852508965],[12.672669091471802,46.1021940115068],[12.672612216505124,46.10354490712328],[12.671966347988983,46.10353174750863]]]},"properties":{"ndvi_class":"moderate","color":"#74c476","area_m2":7505}},{"type":"Feature","geometry":{"type":"Polygon","coordinates":[[[12.657130581369724,46.1027777764014],[12.657168749527777,46.10187718918255],[12.65846043474837,46.101903671260274],[12.658422287586868,46.10280425930667],[12.657130581369724,46.1027777764014]]]},"properties":{"ndvi_class":"moderate","color":"#74c476","area_m2":10006}},{"type":"Feature","geometry":{"type":"Polygon","coordinates":[[[12.67390395488733,46.10357121541305],[12.67392290316233,46.10312091650485],[12.673277038995932,46.103107764388724],[12.673314944689418,46.10220716685829],[12.674606652474083,46.10223346662221],[12.674549824753147,46.103584364088135],[12.67390395488733,46.10357121541305]]]},"properties":{"ndvi_class":"moderate","color":"#74c476","area_m2":12508}},{"type":"Feature","geometry":{"type":"Polygon","coordinates":[[[12.675860498359548,46.10316035097435],[12.67589836205716,46.10225975180066],[12.677190073437655,46.10228602239359],[12.677152230738141,46.103186622388236],[12.675860498359548,46.10316035097435]]]},"properties":{"ndvi_class":"sparse","color":"#c7e9c0","area_m2":10006}},{"type":"Feature","geometry":{"type":"Polygon","coordinates":[[[12.646816165237972,46.10211509782627],[12.64683533307275,46.1016648075143],[12.647481168194359,46.10167810871445],[12.647462005608435,46.10212839923423],[12.646816165237972,46.10211509782627]]]},"properties":{"ndvi_class":"sparse","color":"#c7e9c0","area_m2":2502}},{"type":"Feature","geometry":{"type":"Polygon","coordinates":[[[12.654566279675462,46.102274474074996],[12.654585384523102,46.1018241812729],[12.655231225094397,46.10183743871958],[12.655212125495769,46.102287731728794],[12.654566279675462,46.102274474074996]]]},"properties":{"ndvi_class":"dense","color":"#238b45","area_m2":2502}},{"type":"Feature","geometry":{"type":"Polygon","coordinates":[[[12.668129136939266,46.102552119089154],[12.668148131554782,46.10210182194906],[12.668793981619954,46.10211500282484],[12.668774992253734,46.10256530017087],[12.668129136939266,46.102552119089154]]]},"properties":{"ndvi_class":"dense","color":"#238b45","area_m2":2502}},{"type":"Feature","geometry":{"type":"Polygon","coordinates":[[[12.669325920643928,46.10482996474033],[12.669420848018937,46.10257847760622],[12.668774992253734,46.10256530017087],[12.668793981619954,46.10211500282484],[12.671377386386622,46.1021676898648],[12.671358418017718,46.10261798803404],[12.670066704234753,46.10259165139521],[12.670636661903613,46.10440601297501],[12.669325920643928,46.10482996474033]]]},"properties":{"ndvi_class":"moderate","color":"#74c476","area_m2":27518}},{"type":"Feature","geometry":{"type":"Polygon","coordinates":[[[12.655857971769425,46.102300985736385],[12.655896160013333,46.10140039926201],[12.656541996242249,46.10141364920931],[12.657149665676277,46.10232748281285],[12.655857971769425,46.102300985736385]]]},"properties":{"ndvi_class":"sparse","color":"#c7e9c0","area_m2":7505}},{"type":"Feature","geometry":{"type":"Polygon","coordinates":[[[12.706235367659453,46.10332356376931],[12.706272736982733,46.10242294534066],[12.706918608177839,46.10243591087053],[12.706881249354584,46.10333652970435],[12.706235367659453,46.10332356376931]]]},"properties":{"ndvi_class":"sparse","color":"#c7e9c0","area_m2":5003}},{"type":"Feature","geometry":{"type":"Polygon","coordinates":[[[12.652002026773737,46.1017711150247],[12.652021152161266,46.101320823009964],[12.65266698566915,46.10133409483387],[12.652647865530456,46.101784387055964],[12.652002026773737,46.1017711150247]]]},"properties":{"ndvi_class":"very_dense","color":"#00441b","area_m2":2502}},{"type":"Feature","geometry":{"type":"Polygon","coordinates":[[[12.662867120808722,46.10469801599353],[12.662886159687895,46.10424772071171],[12.663532032390009,46.10426093178974],[12.663570098287176,46.103360340688084],[12.662297417100026,46.10288362051075],[12.662316459412656,46.102433325268464],[12.662962310664911,46.102446539167154],[12.663019419131382,46.10109565257056],[12.664311091496907,46.101122068190804],[12.664292066293214,46.10157236417746],[12.664937908402354,46.10158556672464],[12.664804756019771,46.10473763890704],[12.662867120808722,46.10469801599353]]]},"properties":{"ndvi_class":"moderate","color":"#74c476","area_m2":55036}},{"type":"Feature","geometry":{"type":"Polygon","coordinates":[[[12.646796996946145,46.10256538809642],[12.646816165237972,46.10211509782627],[12.64617032532247,46.10210179277215],[12.646208671032545,46.10120121252217],[12.64750033032337,46.10122781815284],[12.647519491995482,46.10077752754944],[12.648165317074554,46.100790824688],[12.64814616065106,46.10124111549916],[12.648791991433436,46.10125440919943],[12.648772839801925,46.10170470017648],[12.64812700377079,46.101691406268515],[12.648088688639882,46.10259198768182],[12.646796996946145,46.10256538809642]],[[12.646816165237972,46.10211509782627],[12.647462005608435,46.10212839923423],[12.647481168194359,46.10167810871445],[12.64683533307275,46.1016648075143],[12.646816165237972,46.10211509782627]]]},"properties":{"ndvi_class":"moderate","color":"#74c476","area_m2":22515}},{"type":"Feature","geometry":{"type":"Polygon","coordinates":[[[12.649418676287633,46.10171799043835],[12.649437822670375,46.10126769925364],[12.651375319107322,46.101307547539975],[12.651394449287526,46.10085725569087],[12.652040277092773,46.10087053095344],[12.652002026773737,46.1017711150247],[12.649418676287633,46.10171799043835]]]},"properties":{"ndvi_class":"moderate","color":"#74c476","area_m2":12508}},{"type":"Feature","geometry":{"type":"Polygon","coordinates":[[[12.648772839801925,46.10170470017648],[12.648165317074554,46.100790824688],[12.651394449287526,46.10085725569087],[12.651375319107322,46.101307547539975],[12.649437822670375,46.10126769925364],[12.649418676287633,46.10171799043835],[12.648772839801925,46.10170470017648]]]},"properties":{"ndvi_class":"sparse","color":"#c7e9c0","area_m2":15010}},{"type":"Feature","geometry":{"type":"Polygon","coordinates":[[[12.664292066293214,46.10157236417746],[12.664311091496907,46.101122068190804],[12.66495692835708,46.1011352705317],[12.664937908402354,46.10158556672464],[12.664292066293214,46.10157236417746]]]},"properties":{"ndvi_class":"dense","color":"#238b45","area_m2":2502}},{"type":"Feature","geometry":{"type":"Polygon","coordinates":[[[12.664937908402354,46.10158556672464],[12.66495692835708,46.1011352705317],[12.66689444164575,46.10117485567747],[12.666875437438003,46.10162515248891],[12.664937908402354,46.10158556672464]]]},"properties":{"ndvi_class":"moderate","color":"#74c476","area_m2":7505}},{"type":"Feature","geometry":{"type":"Polygon","coordinates":[[[12.677854845225268,46.10184885195552],[12.67787376019788,46.10139855164893],[12.678519606512216,46.10141167741924],[12.678500696788847,46.10186197793093],[12.677854845225268,46.10184885195552]]]},"properties":{"ndvi_class":"sparse","color":"#c7e9c0","area_m2":2502}},{"type":"Feature","geometry":{"type":"Polygon","coordinates":[[[12.699814049444564,46.10229308947837],[12.699832785935426,46.10184278223075],[12.700478647440265,46.10185578402348],[12.700459916199097,46.10230609147425],[12.699814049444564,46.10229308947837]]]},"properties":{"ndvi_class":"sparse","color":"#c7e9c0","area_m2":2502}},{"type":"Feature","geometry":{"type":"Polygon","coordinates":[[[12.702397519129898,46.10234507558242],[12.702416234621907,46.10189476752254],[12.703062097904414,46.101907754729176],[12.703043387662152,46.10235806299198],[12.702397519129898,46.10234507558242]]]},"properties":{"ndvi_class":"moderate","color":"#74c476","area_m2":2502}},{"type":"Feature","geometry":{"type":"Polygon","coordinates":[[[12.652265366997042,46.110790222723246],[12.651657691802743,46.10987636414428],[12.65036582665118,46.10984980167401],[12.650384970751574,46.109399510826485],[12.651030897849138,46.10941279367766],[12.651088311658851,46.1080619202617],[12.650442400313713,46.108048638033125],[12.650423257582826,46.108498929006046],[12.649112272065565,46.10892264370881],[12.64918888408099,46.10712148139445],[12.648542984600306,46.10710818864054],[12.64793540984262,46.1061943116627],[12.64728952177189,46.10618101203084],[12.647308688470623,46.10573072188733],[12.647954571291363,46.10574402131141],[12.647973732283196,46.105293730918326],[12.647327854712323,46.10528043170205],[12.647385350695362,46.10392956089529],[12.648031212517381,46.103942859488214],[12.648050371681718,46.10349256892788],[12.651279661363798,46.103559006158655],[12.651337057378452,46.102208131112825],[12.653274589395378,46.102247947828744],[12.653331934064921,46.1008970705405],[12.65464269633285,46.10047330261602],[12.654604488915204,46.10137388842905],[12.655896160013333,46.10140039926201],[12.655173924932226,46.10318831762193],[12.656465638929648,46.10321482281912],[12.656408366165607,46.10456570258793],[12.655762493191647,46.104552451191395],[12.655724298573046,46.105453037081034],[12.655078415552696,46.10543978162377],[12.655059312310282,46.10589007429881],[12.653767537130006,46.10586355203005],[12.653786650872435,46.1054132597694],[12.654432532985783,46.10542652251989],[12.65448985572925,46.10407564486559],[12.653198123454708,46.104049116961455],[12.653121650220358,46.10585028542567],[12.651829877762665,46.10582374127691],[12.651849007255018,46.10537344963828],[12.651203126957169,46.10536017230138],[12.651222261243197,46.10490988082839],[12.651868136291226,46.104923157957835],[12.651260528446498,46.104009297757045],[12.649949656838912,46.1044330245302],[12.649911367724151,46.105333606687864],[12.650557247113504,46.10534689131791],[12.650538107121275,46.10579718254159],[12.649892222481999,46.10578389770398],[12.649815636947919,46.1075850613505],[12.650461542588122,46.10759834701841],[12.650499825767568,46.1066977648636],[12.651791617409474,46.10672432442887],[12.651810747814157,46.10627403287379],[12.653102530772033,46.106300577437274],[12.653710193167958,46.10721442856137],[12.655001999849778,46.10724095207336],[12.654982894785146,46.10769124458132],[12.654336985966914,46.107677984441565],[12.654279652287146,46.10902886109327],[12.653633728170293,46.109015596684884],[12.653557255878574,46.11081676413993],[12.652265366997042,46.110790222723246]],[[12.6523992622345,46.10763818214094],[12.653045169691467,46.107651453221386],[12.653083410867785,46.10675086940709],[12.652437513911641,46.10673759874136],[12.6523992622345,46.10763818214094]],[[12.648657920422485,46.10440644516098],[12.649949656838912,46.1044330245302],[12.649968800711546,46.1039827333887],[12.648677074794168,46.10395615443477],[12.648657920422485,46.10440644516098]],[[12.655135722546868,46.104088903348],[12.655781589817886,46.10410215818394],[12.65580068598877,46.1036518651347],[12.655154823967282,46.10363861050584],[12.655135722546868,46.104088903348]],[[12.654566279675462,46.102274474074996],[12.655212125495769,46.102287731728794],[12.655231225094397,46.10183743871958],[12.654585384523102,46.1018241812729],[12.654566279675462,46.102274474074996]]]},"properties":{"ndvi_class":"moderate","color":"#74c476","area_m2":332716}},{"type":"Feature","geometry":{"type":"Polygon","coordinates":[[[12.697820192447319,46.103604981275545],[12.697913955882498,46.10135344829418],[12.698559810803253,46.10136646082309],[12.698466073616967,46.103617994821086],[12.697820192447319,46.103604981275545]]]},"properties":{"ndvi_class":"sparse","color":"#c7e9c0","area_m2":12508}},{"type":"Feature","geometry":{"type":"Polygon","coordinates":[[[12.63906611631498,46.10195519653379],[12.639143036843734,46.10015404502803],[12.639788850752431,46.1001673893552],[12.639750401901859,46.101067965608785],[12.640396226763619,46.101081306707016],[12.640377006899325,46.10153159497948],[12.63906611631498,46.10195519653379]]]},"properties":{"ndvi_class":"moderate","color":"#74c476","area_m2":12508}},{"type":"Feature","geometry":{"type":"Polygon","coordinates":[[[12.657168749527777,46.10187718918255],[12.657206915865675,46.10097660179668],[12.658517652079738,46.10055278887755],[12.65846043474837,46.101903671260274],[12.657168749527777,46.10187718918255]]]},"properties":{"ndvi_class":"dense","color":"#238b45","area_m2":12508}},{"type":"Feature","geometry":{"type":"Polygon","coordinates":[[[12.654604488915204,46.10137388842905],[12.65464269633285,46.10047330261602],[12.655288521157848,46.10048655944128],[12.655896160013333,46.10140039926201],[12.654604488915204,46.10137388842905]]]},"properties":{"ndvi_class":"sparse","color":"#c7e9c0","area_m2":7505}},{"type":"Feature","geometry":{"type":"Polygon","coordinates":[[[12.649456968596596,46.100817408027126],[12.649476114066303,46.100367116758804],[12.651413579011594,46.10040696379997],[12.651394449287526,46.10085725569087],[12.649456968596596,46.100817408027126]]]},"properties":{"ndvi_class":"moderate","color":"#74c476","area_m2":7505}},{"type":"Feature","geometry":{"type":"Polygon","coordinates":[[[12.664311091496907,46.101122068190804],[12.664330116246962,46.10067177216241],[12.664975947858295,46.10068497429703],[12.66495692835708,46.1011352705317],[12.664311091496907,46.101122068190804]]]},"properties":{"ndvi_class":"moderate","color":"#74c476","area_m2":2502}},{"type":"Feature","geometry":{"type":"Polygon","coordinates":[[[12.706291420976067,46.10197263606408],[12.70631010452388,46.101522326745986],[12.70695596521946,46.10153529187069],[12.706937286921347,46.10198560139136],[12.706291420976067,46.10197263606408]]]},"properties":{"ndvi_class":"sparse","color":"#c7e9c0","area_m2":2502}},{"type":"Feature","geometry":{"type":"Polygon","coordinates":[[[12.656561084432491,46.100963355702454],[12.65659925944758,46.10006276856343],[12.657245080383525,46.10007601424374],[12.657206915865675,46.10097660179668],[12.656561084432491,46.100963355702454]]]},"properties":{"ndvi_class":"sparse","color":"#c7e9c0","area_m2":5003}},{"type":"Feature","geometry":{"type":"Polygon","coordinates":[[[12.657206915865675,46.10097660179668],[12.657245080383525,46.10007601424374],[12.65789090177238,46.10008925627808],[12.65785274775179,46.10098984424482],[12.657206915865675,46.10097660179668]]]},"properties":{"ndvi_class":"moderate","color":"#74c476","area_m2":5003}},{"type":"Feature","geometry":{"type":"Polygon","coordinates":[[[12.67787376019788,46.10139855164893],[12.677911588790076,46.10049795091075],[12.678557424606296,46.1005110762709],[12.678519606512216,46.10141167741924],[12.67787376019788,46.10139855164893]]]},"properties":{"ndvi_class":"bare","color":"#d9d9d9","area_m2":5003}},{"type":"Feature","geometry":{"type":"Polygon","coordinates":[[[12.70499969041608,46.10194669446978],[12.705037078064672,46.10104607660274],[12.705682932623636,46.10105904881779],[12.705645555474268,46.10195966709022],[12.70499969041608,46.10194669446978]]]},"properties":{"ndvi_class":"dense","color":"#238b45","area_m2":5003}},{"type":"Feature","geometry":{"type":"Polygon","coordinates":[[[12.656522907596859,46.101863942674406],[12.656541996242249,46.10141364920931],[12.655269422925421,46.10093685257582],[12.65466179935842,46.10002300964684],[12.65659925944758,46.10006276856343],[12.656561084432491,46.100963355702454],[12.657206915865675,46.10097660179668],[12.657168749527777,46.10187718918255],[12.656522907596859,46.101863942674406]]]},"properties":{"ndvi_class":"moderate","color":"#74c476","area_m2":20013}},{"type":"Feature","geometry":{"type":"Polygon","coordinates":[[[12.658517652079738,46.10055278887755],[12.658536723614013,46.10010249466645],[12.659828368655129,46.10012896050529],[12.65980930761806,46.100579255129894],[12.658517652079738,46.10055278887755]]]},"properties":{"ndvi_class":"dense","color":"#238b45","area_m2":5003}},{"type":"Feature","geometry":{"type":"Polygon","coordinates":[[[12.662392624122777,46.10063214388202],[12.662411664165276,46.10018184843108],[12.663057489172903,46.100195061297505],[12.66303845437908,46.10064535695489],[12.662392624122777,46.10063214388202]]]},"properties":{"ndvi_class":"moderate","color":"#74c476","area_m2":2502}},{"type":"Feature","geometry":{"type":"Polygon","coordinates":[[[12.693355406380524,46.102162868959645],[12.693430559640783,46.100361647858314],[12.694076400944807,46.100374685504676],[12.69400126868205,46.10217590742087],[12.693355406380524,46.102162868959645]]]},"properties":{"ndvi_class":"dense","color":"#238b45","area_m2":10006}},{"type":"Feature","geometry":{"type":"Polygon","coordinates":[[[12.665621779921056,46.10069817278557],[12.665659807065664,46.09979757977867],[12.666305629082366,46.09981077420877],[12.666267612435119,46.100711367628],[12.665621779921056,46.10069817278557]]]},"properties":{"ndvi_class":"bare","color":"#d9d9d9","area_m2":5003}},{"type":"Feature","geometry":{"type":"Polygon","coordinates":[[[12.679830199261453,46.10098761705764],[12.679867995457979,46.100087015006046],[12.680513827371326,46.10010012922273],[12.680476041672746,46.101000731684145],[12.679830199261453,46.10098761705764]]]},"properties":{"ndvi_class":"dense","color":"#238b45","area_m2":5003}},{"type":"Feature","geometry":{"type":"Polygon","coordinates":[[[12.662196521369172,46.151104667951266],[12.662215596554981,46.150654376555195],[12.66092276792253,46.15062791549451],[12.660314534867513,46.14971409780875],[12.66096093797888,46.14972733340405],[12.660980022324038,46.1492770422962],[12.66291921859019,46.14931672654833],[12.662938286693393,46.14886643477866],[12.660999106213874,46.14882675114659],[12.661018189648395,46.14837645995525],[12.659725415452103,46.14834998635335],[12.659763602002716,46.1474494046727],[12.661075437220223,46.147025586130695],[12.660467238975388,46.146111769431336],[12.661113599991795,46.14612500337227],[12.661132680694726,46.14567471193044],[12.66242539356422,46.14570116844344],[12.662463532559892,46.14480058460776],[12.660524495502086,46.14476089560093],[12.660562664243283,46.14386031283858],[12.663167068450665,46.14346293028704],[12.663186130640748,46.143012637974785],[12.665125110002434,46.143052280683804],[12.665106063594218,46.14350257361549],[12.666398729285076,46.143528984243524],[12.666417765171982,46.143078690899166],[12.665771437361114,46.14306548761722],[12.665809518293482,46.14216490121597],[12.665163201455723,46.14215169469527],[12.665220335227998,46.140800815399515],[12.664574034622925,46.14078760584668],[12.66463118008561,46.13943672679459],[12.665942787249113,46.13901284749733],[12.66598086000612,46.138112260345096],[12.66533459050631,46.138099055681444],[12.665372671965034,46.137198468774955],[12.666018930946677,46.137211673025966],[12.666037965735818,46.13676137930383],[12.663472008928135,46.13625824828282],[12.663491063843647,46.13580795530282],[12.662198581503842,46.1357815151838],[12.662236711004832,46.13488092992483],[12.662882941431656,46.13489415139644],[12.662902000241786,46.13444385849776],[12.66354822586296,46.13445707611242],[12.664232547160804,46.133569703328185],[12.668756068720258,46.133662095980156],[12.668794088517243,46.13276150617748],[12.669440297173706,46.132774690114594],[12.66947830464159,46.1318740997331],[12.670124503233982,46.13188727960815],[12.670162498373845,46.13098668864799],[12.67080868690249,46.130999864461195],[12.670846669715415,46.13009927292251],[12.671492848180637,46.130112444674104],[12.671530818667705,46.12921185255703],[12.669592316166488,46.12917232758782],[12.669573315378797,46.129622623049634],[12.668261960365033,46.13004654941752],[12.66822393549487,46.13094713930856],[12.666912538869303,46.1313710493032],[12.666893514785553,46.13182134373219],[12.66624731845055,46.1318081456068],[12.666209258406445,46.13270873392719],[12.6610205471182,46.13305330666496],[12.661039619882954,46.13260301421923],[12.660393417104144,46.13258978283017],[12.660431571783757,46.131689198226944],[12.65978537997287,46.131675963601374],[12.659842624350887,46.13032508700379],[12.661134976882703,46.1303515513644],[12.66117311649831,46.12945096593026],[12.660526950519634,46.12943773598829],[12.660584172301245,46.12808685814414],[12.661895535676836,46.12766302002667],[12.661876473172121,46.12811331313824],[12.666399540471039,46.12820579065656],[12.66638051430698,46.12865608517135],[12.669611316500962,46.12872203208433],[12.67029546708993,46.12783461897398],[12.67094161882054,46.12784779334615],[12.67101756995185,46.1260466089346],[12.668433049834267,46.12599389284331],[12.668452057508238,46.12554359745987],[12.666513687925692,46.12550402269177],[12.666551733447205,46.12460343303645],[12.67042841360639,46.12468254725684],[12.670447404153936,46.124232251130465],[12.672385734555732,46.124271758359555],[12.672366759774684,46.12472205510321],[12.674305109997633,46.12476153010683],[12.67428615053099,46.12521182742562],[12.676870644819193,46.12526441049631],[12.67688958326299,46.1248141123559],[12.680120184960776,46.12487975805923],[12.680139096674637,46.124429458851466],[12.67690852125508,46.124363814173854],[12.676946395884181,46.12346321768475],[12.676300292659505,46.12345007821226],[12.676319234551777,46.12299978011052],[12.673734847172405,46.12294718655173],[12.673715884259344,46.12339748383168],[12.669193186897633,46.12330530317791],[12.669212186596564,46.12285500733825],[12.666627819045813,46.12280225322523],[12.666646839311289,46.12235195816814],[12.66470858415406,46.12231235488859],[12.664746654852244,46.121411765886826],[12.661516291177119,46.12134568950923],[12.661478167932552,46.12224627644611],[12.66083208604545,46.12223304981119],[12.660755813080595,46.124034222357366],[12.662694123159307,46.12407389379508],[12.662656015480168,46.124974481057436],[12.662009901157312,46.12496126048076],[12.661990841380472,46.12541155384277],[12.660717673869286,46.12493480837998],[12.66067953283858,46.12583539423561],[12.658095041652263,46.12578244458985],[12.658114133417557,46.12533215251023],[12.657468017009501,46.1253189061827],[12.6573152280876,46.12892123999453],[12.65796138654391,46.128934487977936],[12.657942291135228,46.12938477972349],[12.656630857785352,46.12980857098272],[12.656669070084805,46.128907988361505],[12.656022912535647,46.12889473307887],[12.656042023258228,46.12844444191273],[12.654730598798748,46.12886821156481],[12.654768840813515,46.1279676300195],[12.653476549918,46.12794109473633],[12.653457418626116,46.12839138511526],[12.651518969921202,46.128351554197195],[12.651538116981797,46.12790126444061],[12.652830405151532,46.12792782162054],[12.652849541243222,46.12747753140723],[12.655434102009425,46.12753060114437],[12.656118461590358,46.126643276830436],[12.656764592858552,46.12665653107756],[12.656783696046288,46.12620623949547],[12.656137570033911,46.12619298545544],[12.656194892630033,46.12484211107984],[12.655548782838,46.12482885401198],[12.655510557718683,46.12572943655654],[12.652926081045807,46.1256763701361],[12.653040877058647,46.12297462697582],[12.654333051424668,46.12300116499639],[12.65439041174312,46.12165029160825],[12.655682556397045,46.12167681379023],[12.655663447255984,46.122127105375796],[12.655017369447583,46.122113845901964],[12.654979139288686,46.12301442853342],[12.65562522760654,46.12302768842161],[12.655606117098133,46.12347797988186],[12.654960023525364,46.1234647197865],[12.654940907306106,46.1239150109978],[12.655587006133917,46.12392827130035],[12.655567894713876,46.124378562677045],[12.657506209684826,46.124418322312096],[12.657525305339291,46.123968030314174],[12.656879205150634,46.123954780958535],[12.656917405603268,46.1230541972514],[12.656271316378112,46.123040944660936],[12.655778095266285,46.11942535523585],[12.657070189193053,46.11945186075231],[12.657089285092162,46.11900156850198],[12.657735327481813,46.11901481558061],[12.657716236836535,46.11946510803793],[12.658362284933249,46.11947835167513],[12.65767805418002,46.120365692827264],[12.660262291317439,46.12041864714024],[12.660319501571372,46.119067767411465],[12.664841823653093,46.11916029265225],[12.664822790800827,46.119610587382624],[12.66159253221096,46.119544515134606],[12.661573472634377,46.119994808790864],[12.668015046162981,46.12057715981581],[12.668034053651802,46.120126864137916],[12.665449815822802,46.1200740857817],[12.66546884387489,46.11962379088678],[12.672575457477018,46.119768788630125],[12.672594427280519,46.119318491427904],[12.667426017643246,46.11921308395299],[12.667445029026046,46.118762788356065],[12.664214813937068,46.11869679114023],[12.664233851135226,46.118246496532784],[12.666818001288243,46.11829930077718],[12.666837017017892,46.11784900530293],[12.661668765971793,46.11774334009213],[12.66164970821338,46.11819363391537],[12.660357639466639,46.1181671807169],[12.660395775542817,46.117266593855334],[12.659749752355316,46.11725336219717],[12.65965438248588,46.11950482800424],[12.65900833348307,46.119491591663895],[12.659046493303181,46.118591005879935],[12.658400455260947,46.118577766304895],[12.658419539742049,46.11812747355715],[12.657127475524122,46.11810098387605],[12.657146570056998,46.11765069150043],[12.655873622743323,46.117173895637194],[12.655892726871816,46.11672360359215],[12.655246712109642,46.11671034660419],[12.655227602727987,46.1171606384421],[12.653289545404453,46.11712084496818],[12.653270419807264,46.11757113614254],[12.652624396354092,46.11755786414769],[12.6526626575987,46.11665728217189],[12.65072462148361,46.116617445543405],[12.650743767180439,46.116167155115264],[12.649451755881962,46.11614057953813],[12.649470911627795,46.11569028948341],[12.650116911796923,46.115703578888315],[12.649509221748987,46.114789709248576],[12.650820345401941,46.114365992984716],[12.6508586317734,46.11346541166866],[12.650212657411814,46.11345212694954],[12.650193509202168,46.11390241742089],[12.648901551338453,46.11387583662453],[12.64753291384937,46.1156503993815],[12.64688691549996,46.115637095385146],[12.646925267641734,46.11473651681254],[12.646279280252644,46.11472320958416],[12.646240917605793,46.11562378774093],[12.645594920166989,46.115610476448865],[12.645614106971726,46.115160187599386],[12.644968115240987,46.115146872867534],[12.645064068662435,46.11289542903289],[12.643772139089682,46.112868790707],[12.643791338904657,46.11241850223079],[12.644437298211406,46.11243182300935],[12.644494879154575,46.11108095670539],[12.647078657917788,46.11113420084953],[12.647059485733607,46.11158449049125],[12.647705436813977,46.111597792616934],[12.647647933273346,46.11294866191477],[12.648959026109724,46.11252496633098],[12.648978183453075,46.11207467614952],[12.65027009930099,46.11210125528469],[12.650289245684167,46.11165096464616],[12.651581152846749,46.11167752877656],[12.650896916318807,46.11256483018545],[12.650250952461214,46.112551545881445],[12.650231805164825,46.113001836436396],[12.65281568432892,46.113054952597345],[12.654336985966914,46.107677984441565],[12.654982894785146,46.10769124458132],[12.655001999849778,46.10724095207336],[12.65629380834557,46.10726746099795],[12.65635108930437,46.105916581980885],[12.65699697848128,46.105929830351876],[12.65701606597357,46.105479537055665],[12.657661950353496,46.10549278157303],[12.657642868111273,46.10594307507617],[12.660226431159556,46.10599601750623],[12.660283613521461,46.10464513438997],[12.65963773783038,46.10463190487266],[12.659675867631858,46.10373131633316],[12.659030002892662,46.10371808358282],[12.659049072360988,46.10326778945721],[12.657757354739568,46.10324131343089],[12.657719194350094,46.10414190081302],[12.65642745754218,46.104115409373435],[12.656465638929648,46.10321482281912],[12.655173924932226,46.10318831762193],[12.655212125495769,46.102287731728794],[12.655857971769425,46.102300985736385],[12.655838876964527,46.10275127891093],[12.65648472894057,46.10276452947931],[12.656503818496303,46.10231423609773],[12.657149665676277,46.10232748281285],[12.657130581369724,46.1027777764014],[12.658422287586868,46.10280425930667],[12.65846043474837,46.101903671260274],[12.659106278037795,46.10191690682985],[12.65908720993354,46.102367201080725],[12.661024758264203,46.102406886532215],[12.661043810621091,46.101956591661285],[12.660397965974278,46.10194336703036],[12.660436079823096,46.10104277757654],[12.662373583626279,46.10108243929124],[12.662392624122777,46.10063214388202],[12.66303845437908,46.10064535695489],[12.662962310664911,46.102446539167154],[12.662316459412656,46.102433325268464],[12.662297417100026,46.10288362051075],[12.663570098287176,46.103360340688084],[12.663532032390009,46.10426093178974],[12.662886159687895,46.10424772071171],[12.662867120808722,46.10469801599353],[12.664804756019771,46.10473763890704],[12.664937908402354,46.10158556672464],[12.665583750962949,46.10159876562561],[12.665469653206555,46.10430054314455],[12.66805315394778,46.104353307232444],[12.668072150375092,46.10390301025917],[12.668718021438197,46.10391619195874],[12.668774992253734,46.10256530017087],[12.669420848018937,46.10257847760622],[12.669325920643928,46.10482996474033],[12.669971803108227,46.10484313955853],[12.66999078423872,46.10439284200927],[12.670636661903613,46.10440601297501],[12.67061768602308,46.104856310730064],[12.671909453203945,46.10488264213312],[12.671871521086047,46.10578323834103],[12.671225626770111,46.105770074051485],[12.670541777975847,46.10665750133343],[12.669895874059907,46.1066443293387],[12.669857906819752,46.10754492397861],[12.66921199285315,46.10753174792525],[12.669174013300422,46.10843234198663],[12.667863164758423,46.108856274671325],[12.667825161483584,46.109756867658625],[12.667179222614472,46.109743679634065],[12.66716021504594,46.11019397585909],[12.668452103738062,46.110220348673025],[12.66847110080377,46.10977005203593],[12.6691170405749,46.109783232765956],[12.669041070600306,46.11158441988792],[12.669687031828797,46.111597597794244],[12.669743994234029,46.110246706897634],[12.671681833358019,46.110286216879466],[12.671719774522451,46.10938562150527],[12.672365711295086,46.10939878379316],[12.672289848162842,46.111199975197465],[12.672935806391965,46.11121313466053],[12.672916844730056,46.111663432613014],[12.672270881249043,46.11165027294434],[12.672251913882922,46.11210057064952],[12.672897882615946,46.112113730523824],[12.67280306526198,46.1143652194526],[12.676033046987449,46.11443096924635],[12.676014108423889,46.11488126793439],[12.678598122909053,46.1149338029277],[12.678654874211952,46.113582904276086],[12.679300863198007,46.113596028289216],[12.679338684639376,46.112695428569765],[12.678692706158238,46.11268230496674],[12.678711621454722,46.1122320052496],[12.68000356836136,46.11225824839786],[12.68061174295791,46.11317196512311],[12.681257728037851,46.113185077987815],[12.68138998174122,46.11003297364582],[12.682035930505203,46.110046081429],[12.682111473132728,46.10824487721264],[12.681465545374289,46.108231770248665],[12.681408873325234,46.10958267285898],[12.679471045479184,46.10954332823979],[12.679489952366957,46.10909302802608],[12.674322473212193,46.10898795020143],[12.674341421658887,46.10853765158785],[12.67173874442609,46.108935323755645],[12.671757713877362,46.10848502596433],[12.671111788057386,46.10847186044058],[12.671187682342271,46.10667066968127],[12.671833587159053,46.10668383438221],[12.671852554348693,46.10623353638246],[12.67314435483182,46.10625985443239],[12.672536376887017,46.105346100695066],[12.67511993945003,46.1053987059761],[12.675157818162536,46.10449810762974],[12.676430652511133,46.10497468717304],[12.67637386391196,46.10632558573698],[12.675082058930984,46.1062993041558],[12.6756900893723,46.10721304519356],[12.676336002588807,46.10722618457131],[12.676354933476096,46.106775885174976],[12.6789385698317,46.10682840539514],[12.679014204859936,46.105027204110876],[12.678368316099203,46.10501408034653],[12.67838722897918,46.10456378012641],[12.679033112489778,46.104576903685704],[12.679070926396903,46.10367630271038],[12.677779180824388,46.10365005276541],[12.677835929801622,46.10229915222049],[12.680438254172154,46.101901333979],[12.680476041672746,46.101000731684145],[12.681767727840544,46.10102694999839],[12.681748844813866,46.10147725157629],[12.682394693819322,46.10149035546875],[12.682356936913928,46.10239095890914],[12.683002796866269,46.102404059564655],[12.6829650486595,46.103304663247926],[12.68231917820786,46.103291562183024],[12.682281417701017,46.10419216529036],[12.681635537197739,46.10417906016938],[12.681616651018919,46.10462936145585],[12.682262536772269,46.10464246678159],[12.682130357663723,46.10779457605449],[12.68277628061936,46.10780767916655],[12.682795159449068,46.10735737776201],[12.683441077601875,46.107370477022265],[12.683497695637739,46.1060195719449],[12.682851793237104,46.10600647329864],[12.682870670266134,46.10555617172759],[12.68351656741629,46.105569270169184],[12.683535438744833,46.10511896835184],[12.68482722388815,46.10514515388531],[12.684921521281202,46.10289364212865],[12.685567388274386,46.102906728402786],[12.684959237090558,46.10199303713465],[12.68625095052609,46.102019205218646],[12.686859123603137,46.10293289001145],[12.688150860720906,46.10295903703392],[12.688169692602083,46.102508733535956],[12.688815556581831,46.102521801373186],[12.688834382764384,46.102071497629446],[12.686896807914946,46.102032283791004],[12.686934490429632,46.101131677404126],[12.685642797096666,46.10110551743049],[12.68568049881073,46.10020491169465],[12.686972171147303,46.10023107085083],[12.686953331013088,46.10068137414828],[12.687599173101257,46.10069444846134],[12.687561501983577,46.101595055340006],[12.68820735501732,46.10160812641526],[12.688245015636486,46.100707519128136],[12.688890858618658,46.100720586148654],[12.690107285881808,46.102547926108066],[12.693963699863284,46.10307651812954],[12.693926129252786,46.10397712867192],[12.693280245951764,46.10396408939578],[12.693223870925353,46.105315004286346],[12.69257797231947,46.10530196075207],[12.692521577507922,46.106652874657044],[12.691875663596258,46.10663982686428],[12.6918004432337,46.108441044006625],[12.691154508764066,46.10842799175109],[12.691135697300895,46.10887829572878],[12.689197880817638,46.108839116466385],[12.689141396471863,46.11019002631337],[12.688495442783019,46.110176958652076],[12.688476608517893,46.11062726164704],[12.689122567458583,46.1106403295125],[12.68910373799627,46.11109063267004],[12.688457773803613,46.111077564600386],[12.688420103027521,46.11197817038227],[12.68971205286848,46.112004303690654],[12.68967440130525,46.1129049101228],[12.690966373943551,46.11293102965652],[12.690947557993734,46.11338133321832],[12.691593550235604,46.11339438771739],[12.69148067663126,46.1160962094388],[12.692753922161154,46.116572613822505],[12.692716314154469,46.11747322146279],[12.692070273739915,46.11746017242464],[12.692051463809934,46.11791047597854],[12.690113329484433,46.117871306361586],[12.69007567675409,46.118771912120515],[12.690721731590623,46.118784972716114],[12.690684087572837,46.119685578716805],[12.69133015336488,46.11969863607185],[12.691273699735182,46.12104954537306],[12.688689376193214,46.12099729161137],[12.688727054432675,46.12009668708505],[12.687434916363504,46.12007053912823],[12.688005605878997,46.12188482300017],[12.686713426666621,46.12185866611114],[12.686732282674573,46.12140836456494],[12.684147950642682,46.121356007817674],[12.684166827220043,46.120905707047946],[12.68287467440211,46.120879507190494],[12.682893561038496,46.1204292067885],[12.68030928180281,46.12037676410759],[12.680328189006564,46.119926464483385],[12.678390000055938,46.11988709477641],[12.678371077088958,46.12033739378545],[12.679663213115802,46.12036364431557],[12.679644300206549,46.12081394369315],[12.681582523377797,46.12085329273788],[12.681563625781509,46.121303592688626],[12.68220970632411,46.12131670194416],[12.682190813531934,46.12176700205811],[12.678960389032797,46.12170141826745],[12.678941469515328,46.122151717315],[12.682171920289143,46.122217302130416],[12.68215302659572,46.12266760216109],[12.682799123351792,46.12268070838213],[12.682742455333676,46.124031608838706],[12.682096342811553,46.12401850200332],[12.682077447315486,46.12446880186746],[12.685954160706993,46.124547389369795],[12.685973024669263,46.124097088277736],[12.684034681723286,46.124057811561926],[12.684053561002209,46.123607511041946],[12.683407452838717,46.12359441170961],[12.68344522055632,46.122693810954125],[12.684737416310258,46.122720005151066],[12.684718543187174,46.123170305958915],[12.687949066687848,46.123235728615214],[12.687911371646123,46.12413633215054],[12.687265255539502,46.12412325450883],[12.687246402088604,46.12457355600974],[12.685935296294781,46.12499769042024],[12.685878700358339,46.12634859332189],[12.683940278573811,46.12630931353746],[12.68399692181451,46.124958412477014],[12.682058551368721,46.124919101689954],[12.682039654971248,46.12536940147082],[12.683331911998378,46.12539561272106],[12.683294138875434,46.126296212976996],[12.682647999625498,46.12628310876706],[12.682666891668326,46.12583280886465],[12.681374625026457,46.12580658990605],[12.68135572247144,46.126256889398775],[12.679417310106771,46.1262175329754],[12.679398391332324,46.12666783181154],[12.68133681946555,46.126707188849856],[12.681317916008773,46.127157488259314],[12.683902514161502,46.12720991403628],[12.683883631279754,46.127660214223255],[12.683237475812245,46.127647113048695],[12.683199698184117,46.128547712888334],[12.682553532651735,46.12853460765457],[12.682477950960385,46.130335806015204],[12.681166672121027,46.13075988203586],[12.680444827851375,46.132547959897124],[12.679798616798458,46.132534838219264],[12.679741855938246,46.13388573346868],[12.679095629560429,46.13387260752529],[12.679057776213503,46.13477320373978],[12.677765303772864,46.13474694008108],[12.677727427585555,46.135647535308195],[12.678373674098264,46.135660669373245],[12.678354740585723,46.13611096712954],[12.679647245477375,46.13613722471803],[12.679685091015882,46.135236628343236],[12.680958664643763,46.135713169127094],[12.680939752166447,46.13616346770371],[12.679628322031,46.136587522842966],[12.679533698027411,46.13883901284282],[12.678241130024979,46.138812752792525],[12.678203256224224,46.139713347680264],[12.677556962378045,46.13970021176807],[12.677500132508497,46.14105110317148],[12.676853823332118,46.141037962992215],[12.676834873878143,46.141488259838034],[12.676188559891512,46.14147511580209],[12.675504325049104,46.142362560859794],[12.674858001442052,46.14234940911017],[12.674839034849969,46.14279970521466],[12.674192706432748,46.142786549608026],[12.67413578815897,46.14413743705476],[12.674782132358697,46.1441505932781],[12.674763163956559,46.14460088921588],[12.674116814495745,46.14458773278697],[12.674059890789973,46.145938619733556],[12.673413525995796,46.145925459036015],[12.673375564071799,46.14682604971404],[12.672729189205144,46.1468128849532],[12.672748175655256,46.14636258984072],[12.672101806501193,46.14634942163365],[12.671417443398042,46.14723683913473],[12.670771064622754,46.14722366321203],[12.670790067311206,46.1467733687587],[12.669497321638177,46.14674700636912],[12.668888985065072,46.145833231900546],[12.670828071328023,46.14587277972696],[12.670847072656416,46.14542248514855],[12.667615290782944,46.14535655487547],[12.667653344691436,46.14445596765386],[12.66637969294402,46.14397927754616],[12.666341618899411,46.144879864026265],[12.665048921643118,46.144853452160184],[12.665010824736877,46.14575403764802],[12.66824262388054,46.14582004198803],[12.668204577771327,46.14672062937166],[12.666265465359814,46.14668103648584],[12.666246425839342,46.14713132949644],[12.665600050678009,46.14711812435762],[12.664877471248635,46.14890608554105],[12.66356561825148,46.1493299473279],[12.663508426999575,46.15068082300625],[12.662196521369172,46.151104667951266]],[[12.661588262005454,46.15019085661993],[12.662234671285674,46.15020408511737],[12.662253745561264,46.14975379363782],[12.661607341543506,46.149740565347074],[12.661588262005454,46.15019085661993]],[[12.662938286693393,46.14886643477866],[12.663584681092448,46.14887965535165],[12.663603743478605,46.14842936333367],[12.66295735434166,46.14841614296725],[12.662938286693393,46.14886643477866]],[[12.660390890564734,46.14791293395403],[12.66103727262762,46.14792616872213],[12.661056355151556,46.14747587744729],[12.66040997835048,46.14746264288599],[12.660390890564734,46.14791293395403]],[[12.664307301712387,46.14709170312404],[12.664953675968984,46.14710491556682],[12.664991775602065,46.14620433032935],[12.664345411868617,46.146191118299456],[12.664307301712387,46.14709170312404]],[[12.672805132287774,46.145011704253186],[12.673451486108437,46.145024868191236],[12.673470465485536,46.14457457270633],[12.672824116926055,46.14456140897397],[12.672805132287774,46.145011704253186]],[[12.67031474539536,46.142707539286874],[12.671607397270622,46.14273389066651],[12.671645382607267,46.14183330047254],[12.670352751773802,46.1418069499164],[12.67031474539536,46.142707539286874]],[[12.672272711519234,46.14229676559719],[12.674211678285417,46.14233625370908],[12.67423064968548,46.141885957768466],[12.672291698700597,46.141846470273585],[12.672272711519234,46.14229676559719]],[[12.665847597408916,46.14126431464782],[12.667786519073225,46.14130391106433],[12.66782456481191,46.14040332309192],[12.666531970957045,46.14037692995698],[12.665847597408916,46.14126431464782]],[[12.671075053241559,46.14001894695526],[12.6730139384003,46.14005845388906],[12.673032918057162,46.139608158151326],[12.67109404867776,46.139568651834814],[12.671075053241559,46.14001894695526]],[[12.671797305831182,46.138230938029075],[12.673089854311145,46.138257270687944],[12.673146786490504,46.13690638284941],[12.67183528210703,46.137330347001296],[12.671797305831182,46.138230938029075]],[[12.678260066247727,46.13836245528617],[12.678906344764625,46.138375586931645],[12.678925275276228,46.137925289178455],[12.67827900201874,46.13791215773816],[12.678260066247727,46.13836245528617]],[[12.676340184944726,46.13787274151183],[12.677632729210913,46.137899022646955],[12.677024348076564,46.1369852895049],[12.676378086686794,46.13697214752258],[12.676340184944726,46.13787274151183]],[[12.669915497559902,46.136840526907555],[12.670561754444021,46.136853705397385],[12.670580751967321,46.13640341019094],[12.669934500342068,46.13639023190703],[12.669915497559902,46.136840526907555]],[[12.67443930521801,46.13693269967097],[12.675085565257392,46.13694585260561],[12.67514244603312,46.13559496254181],[12.676434935909409,46.135621256226216],[12.676453884746204,46.1351709590441],[12.674515166382815,46.13513151365793],[12.67443930521801,46.13693269967097]],[[12.672519509549259,46.13644292313867],[12.673165762978217,46.136456086819884],[12.673184739013244,46.13600579074864],[12.672538490843081,46.13599262727311],[12.672519509549259,46.13644292313867]],[[12.663510118304615,46.13535766228108],[12.664156354894804,46.13537087665831],[12.664194451936567,46.134470290076706],[12.66354822586296,46.13445707611242],[12.663510118304615,46.13535766228108]],[[12.664802591937324,46.13538408738506],[12.666114100351797,46.13496020399806],[12.66615216493562,46.134059616094866],[12.664840678462475,46.134483500390616],[12.664802591937324,46.13538408738506]],[[12.673887897247468,46.13466806149292],[12.674534130543003,46.134681217050485],[12.674553094250813,46.134230920401365],[12.673906866213596,46.13421776504935],[12.673887897247468,46.13466806149292]],[[12.672614411490557,46.13419144339408],[12.673260638626802,46.134204606046914],[12.67327961239862,46.13375430976728],[12.672633390520541,46.133741147320116],[12.672614411490557,46.13419144339408]],[[12.67198716909312,46.133727981222606],[12.672633390520541,46.133741147320116],[12.672671347222341,46.13284055504711],[12.67202513631085,46.13282738936104],[12.67198716909312,46.133727981222606]],[[12.670713721942056,46.133251342578255],[12.671359937209782,46.1332645157706],[12.67141690177195,46.131913628407965],[12.670770702277476,46.131900455833105],[12.670713721942056,46.133251342578255]],[[12.672671347222341,46.13284055504711],[12.673317558584463,46.13285371708296],[12.673355502960005,46.13195312423191],[12.672709302113338,46.131939962607376],[12.672671347222341,46.13284055504711]],[[12.67141690177195,46.131913628407965],[12.67206310171728,46.13192679733272],[12.672082083741289,46.13147650125604],[12.671435889053473,46.13146333253704],[12.67141690177195,46.131913628407965]],[[12.672082083741289,46.13147650125604],[12.672728278879822,46.131489666324974],[12.67280418141928,46.12968848077854],[12.672158007309609,46.12967531653239],[12.672082083741289,46.13147650125604]],[[12.67858191292999,46.130707391304725],[12.679228102053894,46.13072051946253],[12.679247024890183,46.13027022100123],[12.678600841023565,46.13025709304856],[12.67858191292999,46.130707391304725]],[[12.670922629905427,46.12829808934481],[12.671568787343398,46.1283112602732],[12.671587771002013,46.127860964068745],[12.67094161882054,46.12784779334615],[12.670922629905427,46.12829808934481]],[[12.671625736960845,46.12696037153478],[12.672918021650537,46.12698670120838],[12.673602097282327,46.12609926663621],[12.672309832715973,46.12607294508414],[12.671625736960845,46.12696037153478]],[[12.65425656461536,46.12480232892904],[12.654902673499732,46.12481559329505],[12.654940907306106,46.1239150109978],[12.65429480893216,46.123901747046276],[12.65425656461536,46.12480232892904]],[[12.680785213106075,46.12444257683936],[12.6814313299864,46.12445569117802],[12.681469131038904,46.123555091817806],[12.678884708255348,46.12350261420777],[12.678903629126618,46.12305231528517],[12.677592499558463,46.123476353508174],[12.677573567725123,46.1239266519788],[12.680804119113306,46.12399227738498],[12.680785213106075,46.12444257683936]],[[12.657620776780167,46.12171656969806],[12.658266851147973,46.12172981436993],[12.658285938815485,46.12127952191449],[12.657639869702148,46.12126627744955],[12.657620776780167,46.12171656969806]],[[12.656347732835455,46.121239777573756],[12.656993801042095,46.12125302933597],[12.657051092838504,46.11990215296086],[12.656405040394437,46.119888901819785],[12.656347732835455,46.121239777573756]],[[12.665392728943521,46.12142497021622],[12.66603880348659,46.12143817089688],[12.666057827645693,46.120987875920854],[12.665411758357129,46.12097467544643],[12.665392728943521,46.12142497021622]],[[12.677668222376521,46.1216751592091],[12.678314305480006,46.121688290562695],[12.678333229801005,46.121237991678605],[12.677687151952275,46.12122486053017],[12.677668222376521,46.1216751592091]],[[12.673810694301972,46.121145997015105],[12.674456769452345,46.121159150056215],[12.674475724849582,46.12070885236235],[12.673829654953762,46.120695699526756],[12.673810694301972,46.121145997015105]],[[12.671245379873206,46.12064305169747],[12.671891447967687,46.12065621912782],[12.671910423930465,46.12020592221466],[12.671264361090357,46.12019275499004],[12.671245379873206,46.12064305169747]],[[12.684831775173816,46.120468500487505],[12.68547784744846,46.12048159108968],[12.685779636149972,46.1132767659019],[12.686425624814861,46.11328984958399],[12.686519883908858,46.111038338505885],[12.685873921505424,46.11102525584591],[12.685892777227448,46.11057495370986],[12.686538734378965,46.11058803616544],[12.68655758439954,46.11013773378337],[12.685265681047678,46.110111565633595],[12.685284541122053,46.10966126361878],[12.682700760798376,46.10960888436838],[12.682625233773296,46.11141008890414],[12.681979268805465,46.11139698415411],[12.681941492086827,46.112297585762676],[12.682587467558953,46.11231069092223],[12.682493044141992,46.114562195238925],[12.683139046325396,46.114575297774365],[12.683120165543823,46.11502559871754],[12.681182144579891,46.11498627955292],[12.681125452254479,46.11633718028955],[12.682417497301262,46.116363397942905],[12.682398609464974,46.11681369851483],[12.683044637914499,46.116826802073945],[12.682950218245008,46.11907830533277],[12.682304163526235,46.119065200749915],[12.682266381997085,46.11996580135251],[12.68485064559625,46.12001819942994],[12.684831775173816,46.120468500487505]],[[12.67971994913716,46.119012745932984],[12.681012055434246,46.11903898063854],[12.681106553911281,46.11678748045182],[12.680460526807362,46.11677436594792],[12.680498333549796,46.11587376599156],[12.678560286451315,46.115834401820514],[12.678579204905773,46.115384102394934],[12.677287186258484,46.11535784178395],[12.677192536940387,46.11760933644368],[12.678465687410872,46.11808589832365],[12.67844676624906,46.118536197499324],[12.679738860242193,46.11856244638885],[12.67971994913716,46.119012745932984]],[[12.657146570056998,46.11765069150043],[12.658438623768003,46.11767718076765],[12.65847679045452,46.116776595063364],[12.65783077387899,46.116763352667675],[12.657146570056998,46.11765069150043]],[[12.661687823275694,46.11729304622716],[12.666210004585448,46.117385514610746],[12.666229024661485,46.11693521925925],[12.662352899416934,46.11685597282754],[12.662371950558683,46.116405678672535],[12.661725936520025,46.116392458372005],[12.661687823275694,46.11729304622716]],[[12.667502060454035,46.11741190131502],[12.668794118127824,46.117438273426366],[12.668813117190211,46.11698797725053],[12.667521070023275,46.11696160555124],[12.667502060454035,46.11741190131502]],[[12.675254433539886,46.11756991508723],[12.675900467557076,46.1175830591877],[12.67595729002316,46.116232163748535],[12.676603308729634,46.116245303584755],[12.676641177608827,46.11534470600638],[12.67534916165811,46.115318423507134],[12.675254433539886,46.11756991508723]],[[12.653308670545526,46.11667055375202],[12.654600697801122,46.11669708596817],[12.654638925703177,46.11579650258143],[12.651408913498912,46.11573014675442],[12.651389773511498,46.116180437431915],[12.653327795230487,46.1162202624941],[12.653308670545526,46.11667055375202]],[[12.65847679045452,46.116776595063364],[12.659122807483078,46.11678983381098],[12.65914188489056,46.11633954068937],[12.65849587311511,46.116326302148615],[12.65847679045452,46.116776595063364]],[[12.67398132388949,46.11709331811958],[12.674627351753395,46.11710646931118],[12.674665253959258,46.11620587313166],[12.674019236602083,46.11619272235102],[12.67398132388949,46.11709331811958]],[[12.657203850923377,46.116299814123],[12.65849587311511,46.116326302148615],[12.658534037071025,46.11542571619379],[12.657888036254402,46.115412474418804],[12.657926208895358,46.11451188871076],[12.657280219037132,46.11449864370177],[12.65726112769166,46.11494893636972],[12.65596913882984,46.11492243499431],[12.655988240680431,46.11447214274043],[12.656634229632113,46.114485395044994],[12.656653325774736,46.11403510254228],[12.657945294533082,46.1140615957941],[12.65798346444309,46.113161009835515],[12.654107626635705,46.11308148879244],[12.654677151781913,46.11489591902759],[12.652739174613236,46.1148561177189],[12.652720046043903,46.11530640889483],[12.65530403752027,46.115359470839856],[12.655284929505772,46.11580976280307],[12.657222943634798,46.11584952158033],[12.657203850923377,46.116299814123]],[[12.65914188489056,46.11633954068937],[12.661079922933757,46.11637923442342],[12.661118044866159,46.11547864681454],[12.659826040063113,46.11545218880002],[12.65914188489056,46.11633954068937]],[[12.665602027533511,46.11647172545403],[12.668186097243748,46.11652449721347],[12.668243106112248,46.115173608928636],[12.668889108908818,46.11518679213023],[12.669003082895381,46.1124850131987],[12.669649054627888,46.112498191516835],[12.66966804345476,46.112047894676394],[12.66837611094478,46.11202153480437],[12.668319111592472,46.11337242396501],[12.667673130257434,46.11335923793959],[12.667065170403784,46.11244545635862],[12.664481293400117,46.11239266283878],[12.664500324243178,46.11194236764717],[12.663208398955412,46.11191594941455],[12.663189357608434,46.11236624419338],[12.662543390390567,46.11235302939934],[12.662695750464763,46.10875067165193],[12.664633527437998,46.10879030013763],[12.664614499771496,46.109240595621294],[12.667198229729737,46.10929338336731],[12.667217236391748,46.10884308705886],[12.665944397722825,46.10836640495461],[12.665963413980139,46.10791610897499],[12.664025665802015,46.107876503609646],[12.664044697358047,46.10742620820714],[12.662752877999308,46.10739978680805],[12.662771919602655,46.10694949177661],[12.661480112553004,46.10692305620287],[12.661461060448572,46.10737335082125],[12.660815152351518,46.10736012735747],[12.66085326660699,46.10645953849219],[12.656977890533831,46.10638012360633],[12.656939713273395,46.10728070998994],[12.65758561865434,46.107293955335074],[12.657566534591897,46.10774424867119],[12.656255618763105,46.10816804680049],[12.65623652328885,46.10861833963911],[12.657528365101735,46.10864483521816],[12.657547450074368,46.10819454196556],[12.658193366409595,46.1082077840776],[12.658155206511001,46.10910837095486],[12.657509279673986,46.10909512842899],[12.658117044792393,46.11000895766508],[12.656825170566869,46.1099824681385],[12.656786986022592,46.11088305385391],[12.657432933411574,46.11089630085475],[12.656748799657086,46.11178363940227],[12.654203201000177,46.11083002937733],[12.654145857749024,46.112180905151725],[12.654791819079266,46.112194167363455],[12.654772709002424,46.11264445941193],[12.655418676038208,46.11265771818334],[12.655437780863148,46.11220742592773],[12.656083743100545,46.1122206808445],[12.656064643527523,46.112670973307225],[12.656710611470242,46.11268422478357],[12.656729705791339,46.112233932113796],[12.660586428641102,46.11276365704277],[12.660605491450347,46.11231336313192],[12.661251457311398,46.1123265888686],[12.661194283276258,46.11367747109588],[12.66248624786843,46.113703912866015],[12.663094144061805,46.114617717461584],[12.66438613237681,46.11464413817098],[12.664367098810455,46.11509443311223],[12.66564007592373,46.11557113495491],[12.665602027533511,46.11647172545403]],[[12.689504947044961,46.116957637008596],[12.690150980418792,46.11697070043629],[12.69018862955728,46.1160700943446],[12.689542606690564,46.11605703132515],[12.689504947044961,46.116957637008596]],[[12.659845110852986,46.11500189534635],[12.6611371051505,46.11502835294748],[12.661175224355537,46.114127765088156],[12.659864181188054,46.114551601850955],[12.659845110852986,46.11500189534635]],[[12.653404289409535,46.114419097044546],[12.654050276546634,46.11443236394015],[12.654069393698888,46.11398207226601],[12.653423411814162,46.1139688055777],[12.653404289409535,46.114419097044546]],[[12.651485468884141,46.11392898362663],[12.652131449406664,46.11394226125799],[12.652150581859726,46.11349197016412],[12.65150460658941,46.113478692740195],[12.651485468884141,46.11392898362663]],[[12.658591279591926,46.11407483694841],[12.659237265103718,46.114088074454976],[12.659275414004576,46.11318748766897],[12.658629438997371,46.11317425057606],[12.658591279591926,46.11407483694841]],[[12.68055504028235,46.11452286574471],[12.681201041120346,46.114535979224094],[12.681219937210148,46.11408567885364],[12.680573941624962,46.114072565579164],[12.68055504028235,46.11452286574471]],[[12.690245099897977,46.114719184895144],[12.690891107451808,46.11473224365423],[12.690909924747876,46.11428194021718],[12.690263922447054,46.11426888166214],[12.690245099897977,46.114719184895144]],[[12.646336820792246,46.11337234203539],[12.646982792424655,46.113385648640026],[12.647001966437754,46.112935359165554],[12.646356000057322,46.11292205276883],[12.646336820792246,46.11337234203539]],[[12.670238073370419,46.11386225707605],[12.670884061761399,46.11387542871631],[12.670940999445115,46.1125245372102],[12.671586972529587,46.112537704585435],[12.671624918218287,46.1116371096281],[12.67097895563791,46.111623942664345],[12.670959977767806,46.11207423995812],[12.669649054627888,46.112498191516835],[12.669611075615586,46.11339878507264],[12.670257058303415,46.11341196015484],[12.670238073370419,46.11386225707605]],[[12.65798346444309,46.113161009835515],[12.658629438997371,46.11317425057606],[12.65864851801759,46.11272395732723],[12.658002548715398,46.11271071679358],[12.65798346444309,46.113161009835515]],[[12.646375178865023,46.11247176346045],[12.647021139993601,46.112485069649274],[12.647040313092216,46.112034780091165],[12.646394357215362,46.11202147411024],[12.646375178865023,46.11247176346045]],[[12.666438215562733,46.111981967639686],[12.667084180238858,46.11199516034213],[12.667103189620597,46.11154486428394],[12.666457230196364,46.11153167178763],[12.666438215562733,46.111981967639686]],[[12.665165312702145,46.11150527585257],[12.665811271223504,46.11151847564385],[12.665830290655443,46.11106817995624],[12.665184337385824,46.11105498037121],[12.665165312702145,46.11150527585257]],[[12.654222314505596,46.11037973736899],[12.655533298154147,46.109955964023065],[12.655571501881738,46.10905537896881],[12.654260540149066,46.10947915322695],[12.654222314505596,46.11037973736899]],[[12.655514195607061,46.11040625648755],[12.656160136838048,46.110419510575944],[12.656179234133845,46.109969217904386],[12.655533298154147,46.109955964023065],[12.655514195607061,46.11040625648755]],[[12.655571501881738,46.10905537896881],[12.656217427359232,46.109068632435964],[12.65623652328885,46.10861833963911],[12.655590603062272,46.10860508637904],[12.655571501881738,46.10905537896881]],[[12.671757713877362,46.10848502596433],[12.672403640147625,46.10849818784092],[12.672422603895544,46.10804788980227],[12.671776682876281,46.108034728131315],[12.671757713877362,46.10848502596433]],[[12.678216996822366,46.10861648060814],[12.679508858803864,46.1086427277707],[12.679546670325124,46.10774212713502],[12.680819618064257,46.1082186596375],[12.680857407679937,46.107318058098805],[12.681503324487977,46.10733116830028],[12.681578877310182,46.10552996390386],[12.679641191239032,46.10549062481702],[12.679584480043076,46.10684152633275],[12.680230390703192,46.10685464362338],[12.680211491320408,46.10730494425028],[12.678919659947361,46.10727870561209],[12.678900749612081,46.107729005787384],[12.678254829347932,46.107715880792654],[12.678216996822366,46.10861648060814]],[[12.68672721435794,46.10608501047234],[12.689310837387092,46.10613729564933],[12.689367309611486,46.10478638467925],[12.690677904981303,46.10436220001358],[12.690734340319516,46.10301128732008],[12.69008846974979,46.10299823021841],[12.69006965316909,46.103448534287146],[12.68875907534061,46.10387271235479],[12.688740247362302,46.104323015932124],[12.686802593765588,46.10428379903005],[12.68672721435794,46.10608501047234]],[[12.660302673399755,46.10419483993441],[12.661594415639511,46.1042212876161],[12.66165156105046,46.10287040275924],[12.659068141374608,46.10281749528984],[12.659049072360988,46.10326778945721],[12.660340791792915,46.10329425089801],[12.660302673399755,46.10419483993441]],[[12.679070926396903,46.10367630271038],[12.679716799856385,46.103689422212994],[12.679735700883919,46.10323912145788],[12.67908983267421,46.10322600216025],[12.679070926396903,46.10367630271038]],[[12.681008548121163,46.103715650278446],[12.681654422926217,46.10372875884128],[12.681673308204358,46.10327845747155],[12.681027438649116,46.103265349113535],[12.681008548121163,46.103715650278446]]]},"properties":{"ndvi_class":"dense","color":"#238b45","area_m2":7057082}},{"type":"Feature","geometry":{"type":"Polygon","coordinates":[[[12.648849443588137,46.099903536017386],[12.648868593393136,46.09945324487312],[12.65016021433374,46.09947981967461],[12.650141075025292,46.09993011123411],[12.648849443588137,46.099903536017386]]]},"properties":{"ndvi_class":"moderate","color":"#74c476","area_m2":5003}},{"type":"Feature","geometry":{"type":"Polygon","coordinates":[[[12.65659925944758,46.10006276856343],[12.656618346272452,46.0996124749313],[12.657264161959969,46.099625720404646],[12.657245080383525,46.10007601424374],[12.65659925944758,46.10006276856343]]]},"properties":{"ndvi_class":"moderate","color":"#74c476","area_m2":2502}},{"type":"Feature","geometry":{"type":"Polygon","coordinates":[[[12.662411664165276,46.10018184843108],[12.662430703753788,46.0997315529384],[12.663076523512865,46.09974476559839],[12.663057489172903,46.100195061297505],[12.662411664165276,46.10018184843108]]]},"properties":{"ndvi_class":"sparse","color":"#c7e9c0","area_m2":2502}},{"type":"Feature","geometry":{"type":"Polygon","coordinates":[[[12.663057489172903,46.100195061297505],[12.663076523512865,46.09974476559839],[12.664368164386213,46.09977117998048],[12.664349140543393,46.1002214760923],[12.663057489172903,46.100195061297505]]]},"properties":{"ndvi_class":"bare","color":"#d9d9d9","area_m2":5003}},{"type":"Feature","geometry":{"type":"Polygon","coordinates":[[[12.663019419131382,46.10109565257056],[12.663057489172903,46.100195061297505],[12.664349140543393,46.1002214760923],[12.665033003640993,46.09933408534275],[12.665678819957938,46.09934728321263],[12.665621779921056,46.10069817278557],[12.666932448701848,46.10027426192945],[12.66689444164575,46.10117485567747],[12.66495692835708,46.1011352705317],[12.664975947858295,46.10068497429703],[12.664330116246962,46.10067177216241],[12.664311091496907,46.101122068190804],[12.663019419131382,46.10109565257056]]]},"properties":{"ndvi_class":"sparse","color":"#c7e9c0","area_m2":32521}},{"type":"Feature","geometry":{"type":"Polygon","coordinates":[[[12.706974643072192,46.101084982308514],[12.707011997441558,46.10018436305965],[12.707657842832099,46.10019732393029],[12.707620498961532,46.10109794358417],[12.706974643072192,46.101084982308514]]]},"properties":{"ndvi_class":"sparse","color":"#c7e9c0","area_m2":5003}},{"type":"Feature","geometry":{"type":"Polygon","coordinates":[[[12.66628662098536,46.10026107093923],[12.666305629082366,46.09981077420877],[12.665659807065664,46.09979757977867],[12.665678819957938,46.09934728321263],[12.666970453945499,46.099373668014614],[12.666932448701848,46.10027426192945],[12.66628662098536,46.10026107093923]]]},"properties":{"ndvi_class":"moderate","color":"#74c476","area_m2":7505}},{"type":"Feature","geometry":{"type":"Polygon","coordinates":[[[12.665469653206555,46.10430054314455],[12.665583750962949,46.10159876562561],[12.666875437438003,46.10162515248891],[12.66689444164575,46.10117485567747],[12.669477799011686,46.101227584825374],[12.669572708280334,46.098976096023385],[12.670218522505067,46.0989892681658],[12.670826395824601,46.09990303313132],[12.672118047519648,46.0999293600092],[12.672099086660802,46.10037965859251],[12.670807424468295,46.10035333130329],[12.67076948039858,46.10125392752217],[12.67141532176757,46.101267093401255],[12.671396354303234,46.101717391653864],[12.669458815800095,46.10167788246069],[12.669439832135849,46.10212818005431],[12.668148131554782,46.10210182194906],[12.668129136939266,46.102552119089154],[12.668774992253734,46.10256530017087],[12.668718021438197,46.10391619195874],[12.668072150375092,46.10390301025917],[12.66805315394778,46.104353307232444],[12.665469653206555,46.10430054314455]]]},"properties":{"ndvi_class":"very_dense","color":"#00441b","area_m2":117576}},{"type":"Feature","geometry":{"type":"Polygon","coordinates":[[[12.6772279143325,46.10138542223233],[12.67732250867489,46.09913392110017],[12.678614148365966,46.09916017423603],[12.678595240896918,46.099610474955966],[12.679241066664298,46.09962359625991],[12.679184357298727,46.100974498784886],[12.677911588790076,46.10049795091075],[12.67787376019788,46.10139855164893],[12.6772279143325,46.10138542223233]]]},"properties":{"ndvi_class":"sparse","color":"#c7e9c0","area_m2":27518}},{"type":"Feature","geometry":{"type":"Polygon","coordinates":[[[12.65908720993354,46.102367201080725],[12.659106278037795,46.10191690682985],[12.65846043474837,46.101903671260274],[12.658517652079738,46.10055278887755],[12.65787182498952,46.10053955028233],[12.657909978100378,46.09963896223209],[12.658555794693553,46.09965220041364],[12.658574865318371,46.09920190611905],[12.659866489365827,46.09922837113088],[12.659885549039481,46.09877807638102],[12.661822972758435,46.09881774593489],[12.661803928829565,46.099268041304555],[12.66244974288833,46.099281257403995],[12.662373583626279,46.10108243929124],[12.660436079823096,46.10104277757654],[12.660397965974278,46.10194336703036],[12.661043810621091,46.101956591661285],[12.661024758264203,46.102406886532215],[12.65908720993354,46.102367201080725]],[[12.658517652079738,46.10055278887755],[12.65980930761806,46.100579255129894],[12.659828368655129,46.10012896050529],[12.658536723614013,46.10010249466645],[12.658517652079738,46.10055278887755]]]},"properties":{"ndvi_class":"very_dense","color":"#00441b","area_m2":90058}},{"type":"Feature","geometry":{"type":"Polygon","coordinates":[[[12.664368164386213,46.09977117998048],[12.664406210711071,46.09887058763165],[12.665052021328288,46.0988837889412],[12.665013985500238,46.099784381702555],[12.664368164386213,46.09977117998048]]]},"properties":{"ndvi_class":"bare","color":"#d9d9d9","area_m2":5003}},{"type":"Feature","geometry":{"type":"Polygon","coordinates":[[[12.701161960033087,46.10096816673734],[12.701180684685031,46.10051785895887],[12.700534838483959,46.100504861421925],[12.70057229694671,46.099604246146534],[12.701863968796685,46.09963023676187],[12.702472378420367,46.10054384309371],[12.701161960033087,46.10096816673734]]]},"properties":{"ndvi_class":"very_dense","color":"#00441b","area_m2":15010}},{"type":"Feature","geometry":{"type":"Polygon","coordinates":[[[12.69409518289083,46.0999243799217],[12.694113964389013,46.09947407429715],[12.694759795640817,46.099487107889935],[12.694741019391587,46.09993741371814],[12.69409518289083,46.0999243799217]]]},"properties":{"ndvi_class":"dense","color":"#238b45","area_m2":2502}},{"type":"Feature","geometry":{"type":"Polygon","coordinates":[[[12.695386856338011,46.09995044386834],[12.695405627338278,46.09950013783656],[12.697343125103364,46.0995392057993],[12.697324369850069,46.09998951244153],[12.695386856338011,46.09995044386834]]]},"properties":{"ndvi_class":"dense","color":"#238b45","area_m2":7505}},{"type":"Feature","geometry":{"type":"Polygon","coordinates":[[[12.702491092127378,46.1000935348677],[12.70250980538817,46.099643226600165],[12.70380147990351,46.09966919533802],[12.703782777140972,46.10011950401132],[12.702491092127378,46.1000935348677]]]},"properties":{"ndvi_class":"moderate","color":"#74c476","area_m2":5003}},{"type":"Feature","geometry":{"type":"Polygon","coordinates":[[[12.663722343723713,46.09975797461242],[12.663741372361388,46.0993076786652],[12.663095557398979,46.099294469857554],[12.663133623809717,46.09839387825066],[12.665071038562136,46.098433492497946],[12.665052021328288,46.0988837889412],[12.664406210711071,46.09887058763165],[12.664368164386213,46.09977117998048],[12.663722343723713,46.09975797461242]]]},"properties":{"ndvi_class":"sparse","color":"#c7e9c0","area_m2":15010}},{"type":"Feature","geometry":{"type":"Polygon","coordinates":[[[12.665033003640993,46.09933408534275],[12.665071038562136,46.098433492497946],[12.665716844382498,46.09844668995542],[12.665678819957938,46.09934728321263],[12.665033003640993,46.09933408534275]]]},"properties":{"ndvi_class":"moderate","color":"#74c476","area_m2":5003}},{"type":"Feature","geometry":{"type":"Polygon","coordinates":[[[12.707657842832099,46.10019732393029],[12.707695184921793,46.09929670411038],[12.708341020257187,46.099309660929755],[12.70830368866582,46.10021028115456],[12.707657842832099,46.10019732393029]]]},"properties":{"ndvi_class":"sparse","color":"#c7e9c0","area_m2":5003}},{"type":"Feature","geometry":{"type":"Polygon","coordinates":[[[12.666951451550222,46.09982396499289],[12.666989455887688,46.09892337099462],[12.66634364391672,46.0989101806227],[12.666362650654097,46.098459883767084],[12.667654264550507,46.09848626045294],[12.667597274469104,46.09983715213101],[12.666951451550222,46.09982396499289]]]},"properties":{"ndvi_class":"very_dense","color":"#00441b","area_m2":10006}},{"type":"Feature","geometry":{"type":"Polygon","coordinates":[[[12.668926894506106,46.098962920235046],[12.668945880250375,46.09851262255542],[12.669591688776293,46.0985257981379],[12.669572708280334,46.098976096023385],[12.668926894506106,46.098962920235046]]]},"properties":{"ndvi_class":"very_dense","color":"#00441b","area_m2":2502}},{"type":"Feature","geometry":{"type":"Polygon","coordinates":[[[12.664425233193137,46.09842029139466],[12.664444255221644,46.09796999511594],[12.665090055342553,46.097983196012976],[12.665071038562136,46.098433492497946],[12.664425233193137,46.09842029139466]]]},"properties":{"ndvi_class":"moderate","color":"#74c476","area_m2":2502}},{"type":"Feature","geometry":{"type":"Polygon","coordinates":[[[12.673466549387774,46.09860477506949],[12.673485497941785,46.098154475908345],[12.674131304370253,46.09816762576422],[12.674112361064521,46.098617925130824],[12.673466549387774,46.09860477506949]]]},"properties":{"ndvi_class":"moderate","color":"#74c476","area_m2":2502}},{"type":"Feature","geometry":{"type":"Polygon","coordinates":[[[12.677987240562706,46.098696748934586],[12.678006152378488,46.098246448336404],[12.678651961951603,46.09825957267121],[12.67863305538419,46.098709873474455],[12.677987240562706,46.098696748934586]]]},"properties":{"ndvi_class":"very_dense","color":"#00441b","area_m2":2502}},{"type":"Feature","geometry":{"type":"Polygon","coordinates":[[[12.69607022478511,46.09906285786012],[12.696088989641508,46.098612551541684],[12.696734811732304,46.098625573788986],[12.696716052124648,46.0990758803109],[12.69607022478511,46.09906285786012]]]},"properties":{"ndvi_class":"dense","color":"#238b45","area_m2":2502}},{"type":"Feature","geometry":{"type":"Polygon","coordinates":[[[12.708341020257187,46.099309660929755],[12.708359685385265,46.098859350755106],[12.7090055159147,46.098872303725834],[12.708986856035615,46.09932261410287],[12.708341020257187,46.099309660929755]]]},"properties":{"ndvi_class":"sparse","color":"#c7e9c0","area_m2":2502}},{"type":"Feature","geometry":{"type":"Polygon","coordinates":[[[12.682394693819322,46.10149035546875],[12.68243244892415,46.10058975186184],[12.681159659733094,46.10011323979329],[12.681197433132299,46.09921263675562],[12.681843255444862,46.09922574327045],[12.681899896420955,46.097874837787366],[12.68319151089964,46.09790103865073],[12.683761859591302,46.09971534329713],[12.68247020222852,46.09968914808841],[12.682451325801384,46.100139449995936],[12.683724127282563,46.10061594788913],[12.683686393174364,46.101516552314685],[12.682394693819322,46.10149035546875]]]},"properties":{"ndvi_class":"dense","color":"#238b45","area_m2":47531}},{"type":"Feature","geometry":{"type":"Polygon","coordinates":[[[12.702547230571154,46.09874260994054],[12.702565942493376,46.098292301548426],[12.703857585515443,46.09831826906903],[12.703838884090732,46.098768577866885],[12.702547230571154,46.09874260994054]]]},"properties":{"ndvi_class":"moderate","color":"#74c476","area_m2":5003}},{"type":"Feature","geometry":{"type":"Polygon","coordinates":[[[12.7090055159147,46.098872303725834],[12.709024175348858,46.098421993307305],[12.709670001072313,46.09843494242951],[12.709651346887032,46.098885253050376],[12.7090055159147,46.098872303725834]]]},"properties":{"ndvi_class":"sparse","color":"#c7e9c0","area_m2":2502}},{"type":"Feature","geometry":{"type":"Polygon","coordinates":[[[12.641042052081556,46.101094644159275],[12.641080479938525,46.10019406707205],[12.639788850752431,46.1001673893552],[12.639827297769529,46.09926681293423],[12.640473101638213,46.09928015319871],[12.640511536326152,46.098379576193466],[12.641157330155142,46.098392912395475],[12.641234173042712,46.09659175704941],[12.641879946337488,46.09660508877259],[12.641803124440106,46.09840624495187],[12.642448919180918,46.09841957386263],[12.642410515980508,46.099320152117734],[12.643702127821001,46.09934679983502],[12.64366374378204,46.10024737875549],[12.642391313693546,46.09977044118253],[12.642352907746039,46.10067101918663],[12.641042052081556,46.101094644159275]]]},"properties":{"ndvi_class":"moderate","color":"#74c476","area_m2":60039}},{"type":"Feature","geometry":{"type":"Polygon","coordinates":[[[12.663779428275621,46.09840708664556],[12.663836508744387,46.097056198303164],[12.664482297918044,46.09706940243333],[12.665090055342553,46.097983196012976],[12.663779428275621,46.09840708664556]]]},"properties":{"ndvi_class":"dense","color":"#238b45","area_m2":10006}},{"type":"Feature","geometry":{"type":"Polygon","coordinates":[[[12.691587048632503,46.09807098878678],[12.691605849333131,46.09762068381105],[12.69225165780672,46.097633731172984],[12.69223286235449,46.09808403635258],[12.691587048632503,46.09807098878678]]]},"properties":{"ndvi_class":"sparse","color":"#c7e9c0","area_m2":2502}},{"type":"Feature","geometry":{"type":"Polygon","coordinates":[[[12.702565942493376,46.098292301548426],[12.702584653969433,46.09784199311477],[12.703876286494243,46.09786796022966],[12.703857585515443,46.09831826906903],[12.702565942493376,46.098292301548426]]]},"properties":{"ndvi_class":"bare","color":"#d9d9d9","area_m2":5003}},{"type":"Feature","geometry":{"type":"Polygon","coordinates":[[[12.703857585515443,46.09831826906903],[12.703876286494243,46.09786796022966],[12.704522103422507,46.09788093831805],[12.704503407692355,46.09833124736021],[12.703857585515443,46.09831826906903]]]},"properties":{"ndvi_class":"moderate","color":"#74c476","area_m2":2502}},{"type":"Feature","geometry":{"type":"Polygon","coordinates":[[[12.709670001072313,46.09843494242951],[12.709688654812803,46.09798463176715],[12.71033447573025,46.09799757704093],[12.710315827238526,46.09844788790557],[12.709670001072313,46.09843494242951]]]},"properties":{"ndvi_class":"sparse","color":"#c7e9c0","area_m2":2502}},{"type":"Feature","geometry":{"type":"Polygon","coordinates":[[[12.68769334303616,46.09844293053665],[12.688376813661055,46.097555392312834],[12.68968724258731,46.097131215444435],[12.689630793250062,46.09848212853581],[12.68769334303616,46.09844293053665]]]},"properties":{"ndvi_class":"very_dense","color":"#00441b","area_m2":15010}},{"type":"Feature","geometry":{"type":"Polygon","coordinates":[[[12.678689773734053,46.09735897093978],[12.678708678949114,46.096908670011615],[12.679354473226566,46.096921790085524],[12.679335573259513,46.09737209121869],[12.678689773734053,46.09735897093978]]]},"properties":{"ndvi_class":"sparse","color":"#c7e9c0","area_m2":2502}},{"type":"Feature","geometry":{"type":"Polygon","coordinates":[[[12.682564577613133,46.09743763792629],[12.682583451339937,46.096987335769],[12.683229248306967,46.09700043396844],[12.683210379828253,46.09745073633038],[12.682564577613133,46.09743763792629]]]},"properties":{"ndvi_class":"bare","color":"#d9d9d9","area_m2":2502}},{"type":"Feature","geometry":{"type":"Polygon","coordinates":[[[12.703230470009842,46.09785497849524],[12.703249175791251,46.09740466981719],[12.703894987027141,46.097417651348785],[12.703876286494243,46.09786796022966],[12.703230470009842,46.09785497849524]]]},"properties":{"ndvi_class":"sparse","color":"#c7e9c0","area_m2":2502}},{"type":"Feature","geometry":{"type":"Polygon","coordinates":[[[12.64638120410062,46.097148599327284],[12.646419539754781,46.096248018157354],[12.648356856189949,46.09628791427697],[12.648376007589832,46.095837623005934],[12.649667543658314,46.09586420177669],[12.648983482635128,46.09675149712959],[12.64704614909386,46.096711611322995],[12.64702698628574,46.097161902094925],[12.64638120410062,46.097148599327284]]]},"properties":{"ndvi_class":"dense","color":"#238b45","area_m2":17511}},{"type":"Feature","geometry":{"type":"Polygon","coordinates":[[[12.676752377850441,46.09731958822842],[12.676790219317331,46.096418987561044],[12.677436007000468,46.09643211836695],[12.677398176029394,46.09733271944464],[12.676752377850441,46.09731958822842]]]},"properties":{"ndvi_class":"dense","color":"#238b45","area_m2":5003}},{"type":"Feature","geometry":{"type":"Polygon","coordinates":[[[12.653523053340988,46.09639414353071],[12.653542162762431,46.09594385059994],[12.654833706093378,46.095970371044494],[12.65481460716668,46.096420664389626],[12.653523053340988,46.09639414353071]]]},"properties":{"ndvi_class":"moderate","color":"#74c476","area_m2":5003}},{"type":"Feature","geometry":{"type":"Polygon","coordinates":[[[12.703249175791251,46.09740466981719],[12.703267881126646,46.09695436109759],[12.703913687114149,46.09696734242636],[12.703894987027141,46.097417651348785],[12.703249175791251,46.09740466981719]]]},"properties":{"ndvi_class":"moderate","color":"#74c476","area_m2":2502}},{"type":"Feature","geometry":{"type":"Polygon","coordinates":[[[12.694102360440404,46.11524778714324],[12.694158733532904,46.113896873774046],[12.692866735418708,46.11387078990378],[12.692960734136216,46.11161926882807],[12.693606706707406,46.11163231156821],[12.69362549985374,46.11118200702455],[12.692979532534736,46.11116896448821],[12.693017127986899,46.11026835568373],[12.693663084801907,46.1102813978125],[12.693681876603767,46.10983109314411],[12.692389973923582,46.10980500564666],[12.692408775780669,46.10935470134432],[12.693700667957495,46.10938078843415],[12.693775828891356,46.107579569178576],[12.69442175464339,46.10759260643752],[12.694440538505585,46.10714230131598],[12.693794618004626,46.10712926426075],[12.693186285333812,46.10621561400551],[12.693832194887017,46.10622865430038],[12.693850982656171,46.105778349257825],[12.695142792598983,46.10580441849917],[12.695217897192446,46.10400319628401],[12.697155552444109,46.104042270351506],[12.697118032544662,46.104942882763304],[12.696472136514686,46.104929861313984],[12.69641583755839,46.10628077900959],[12.697707661567462,46.106306819481965],[12.697726417832218,46.1058565132181],[12.698372325253887,46.10586952778035],[12.698428575613043,46.10451860812943],[12.701012146742682,46.10457062746987],[12.70106833007571,46.10321970500669],[12.701714208219167,46.1032327001155],[12.701676763610712,46.10413331553859],[12.702322652698903,46.10414630740669],[12.701789092078979,46.10143146877093],[12.70049737823479,46.10140547653116],[12.700516108582685,46.10095516899731],[12.699870257576858,46.10094216761088],[12.699907727431318,46.100041552824855],[12.699261887368682,46.10002854819842],[12.699224407015736,46.100929162578055],[12.697932707228091,46.10090314157326],[12.697951458126562,46.10045283481079],[12.698597302548631,46.10046584693306],[12.698026457249547,46.09865160734537],[12.698672280675744,46.09866461865443],[12.698691024090172,46.09821431148091],[12.702565942493376,46.098292301548426],[12.702547230571154,46.09874260994054],[12.703838884090732,46.098768577866885],[12.703857585515443,46.09831826906903],[12.704503407692355,46.09833124736021],[12.704522103422507,46.09788093831805],[12.703876286494243,46.09786796022966],[12.703913687114149,46.09696734242636],[12.705205300420543,46.0969932941461],[12.705186610830344,46.09744360347403],[12.705832423397414,46.09745657406766],[12.705813738610127,46.0979068835567],[12.705167920794509,46.0978939127604],[12.705130539385866,46.098794531208654],[12.70642219645557,46.09882046996576],[12.706515594149256,46.09656892150745],[12.707807200506704,46.096594843654636],[12.707713855298847,46.098846394138185],[12.706403515580604,46.099270779532894],[12.70636615249433,46.10017139854266],[12.70572030799053,46.10015843037933],[12.705757681575054,46.099257811774805],[12.705111848013036,46.09924484037049],[12.70507446393029,46.100145458569656],[12.70442862031373,46.10013248311365],[12.704372525098462,46.10148340949278],[12.703726666177513,46.101470429782054],[12.70370796163103,46.10192073828926],[12.70499969041608,46.10194669446978],[12.705570795827684,46.103760903136916],[12.70492490976955,46.103747929705676],[12.704887516771404,46.104648547074525],[12.703595724985254,46.1046225884605],[12.703633138984769,46.10372197190284],[12.702987254258366,46.10370898753126],[12.70294982975821,46.10460960368316],[12.701639317216413,46.10503393079555],[12.701583144276283,46.10638485336951],[12.700937229379536,46.106371856839274],[12.700899768018107,46.10727247127476],[12.700253843063937,46.10725947069118],[12.700216369413258,46.10816008455426],[12.697632632035546,46.10810804412185],[12.697520074317541,46.11080987983506],[12.698166039504647,46.11082289663437],[12.698128527190619,46.11172350861312],[12.696836576252933,46.11169747055321],[12.696817808920168,46.11214777607342],[12.696171828867156,46.112134751368345],[12.696096734049476,46.1139359722195],[12.695450733431414,46.11392294305236],[12.695413172830019,46.114823552821385],[12.694102360440404,46.11524778714324]],[[12.694158733532904,46.113896873774046],[12.694804733259183,46.113909910237204],[12.694861086560413,46.1125589958828],[12.694215102592276,46.112545960030715],[12.694158733532904,46.113896873774046]],[[12.69497378106829,46.109857166051654],[12.696265687316156,46.10988322436926],[12.696284457663007,46.10943291884476],[12.694992561918607,46.10940686093432],[12.69497378106829,46.109857166051654]],[[12.702397519129898,46.10234507558242],[12.703043387662152,46.10235806299198],[12.703062097904414,46.101907754729176],[12.702416234621907,46.10189476752254],[12.702397519129898,46.10234507558242]],[[12.701161960033087,46.10096816673734],[12.702472378420367,46.10054384309371],[12.701863968796685,46.09963023676187],[12.70057229694671,46.099604246146534],[12.700534838483959,46.100504861421925],[12.701180684685031,46.10051785895887],[12.701161960033087,46.10096816673734]],[[12.702491092127378,46.1000935348677],[12.703782777140972,46.10011950401132],[12.70380147990351,46.09966919533802],[12.70250980538817,46.099643226600165],[12.702491092127378,46.1000935348677]]]},"properties":{"ndvi_class":"dense","color":"#238b45","area_m2":665432}},{"type":"Feature","geometry":{"type":"Polygon","coordinates":[[[12.71033447573025,46.09799757704093],[12.710390418537555,46.09664664419813],[12.711036224152034,46.0966595852192],[12.710980297090316,46.098010518668616],[12.71033447573025,46.09799757704093]]]},"properties":{"ndvi_class":"sparse","color":"#c7e9c0","area_m2":7505}},{"type":"Feature","geometry":{"type":"Polygon","coordinates":[[[12.691624649585483,46.09717037879376],[12.691662248745423,46.0962697686344],[12.692308041474563,46.096282815384775],[12.6922704528108,46.09718342595184],[12.691624649585483,46.09717037879376]]]},"properties":{"ndvi_class":"sparse","color":"#c7e9c0","area_m2":5003}},{"type":"Feature","geometry":{"type":"Polygon","coordinates":[[[12.66516611793016,46.09618200965588],[12.665185132443613,46.09573171296231],[12.665830906777215,46.09574490918264],[12.665811897511244,46.09619520608239],[12.66516611793016,46.09618200965588]]]},"properties":{"ndvi_class":"sparse","color":"#c7e9c0","area_m2":2502}},{"type":"Feature","geometry":{"type":"Polygon","coordinates":[[[12.674852858962764,46.096379573269516],[12.674871794762606,46.09592927348917],[12.675517575850515,46.09594241502665],[12.675498645298354,46.09639271501233],[12.674852858962764,46.096379573269516]]]},"properties":{"ndvi_class":"sparse","color":"#c7e9c0","area_m2":2502}},{"type":"Feature","geometry":{"type":"Polygon","coordinates":[[[12.675498645298354,46.09639271501233],[12.675517575850515,46.09594241502665],[12.676163357387718,46.095955552918554],[12.676144432083252,46.09640585310951],[12.675498645298354,46.09639271501233]]]},"properties":{"ndvi_class":"bare","color":"#d9d9d9","area_m2":2502}},{"type":"Feature","geometry":{"type":"Polygon","coordinates":[[[12.703913687114149,46.09696734242636],[12.703932386755284,46.09651703346242],[12.704578187938349,46.096530010942494],[12.70455949354549,46.09698032010919],[12.703913687114149,46.09696734242636]]]},"properties":{"ndvi_class":"moderate","color":"#74c476","area_m2":2502}},{"type":"Feature","geometry":{"type":"Polygon","coordinates":[[[12.682130357663723,46.10779457605449],[12.682262536772269,46.10464246678159],[12.681616651018919,46.10462936145585],[12.681635537197739,46.10417906016938],[12.682281417701017,46.10419216529036],[12.68231917820786,46.103291562183024],[12.6829650486595,46.103304663247926],[12.682394693819322,46.10149035546875],[12.683686393174364,46.101516552314685],[12.683724127282563,46.10061594788913],[12.682451325801384,46.100139449995936],[12.68247020222852,46.09968914808841],[12.683761859591302,46.09971534329713],[12.683799590100689,46.09881473853861],[12.683153771692671,46.098801643166524],[12.683172641521118,46.09835134092944],[12.68446426828794,46.09837752761844],[12.68453970111725,46.096576316617266],[12.685185494179388,46.096589403674884],[12.68520434601475,46.09613910061608],[12.686514763875762,46.09571495987614],[12.686477081645865,46.096615566852954],[12.687768670901116,46.09664171544803],[12.687749839608404,46.09709201928259],[12.685812440652125,46.09705279030843],[12.68575589684524,46.098403699723626],[12.686401711795009,46.09841678030727],[12.68636402417384,46.09931738678477],[12.687674509947332,46.098893234204795],[12.687636842422473,46.09979384141627],[12.686991010832292,46.099780767511774],[12.686972171147303,46.10023107085083],[12.68568049881073,46.10020491169465],[12.685642797096666,46.10110551743049],[12.686934490429632,46.101131677404126],[12.686896807914946,46.102032283791004],[12.688834382764384,46.102071497629446],[12.688815556581831,46.102521801373186],[12.688169692602083,46.102508733535956],[12.688150860720906,46.10295903703392],[12.686859123603137,46.10293289001145],[12.68625095052609,46.102019205218646],[12.684959237090558,46.10199303713465],[12.684940379410715,46.10244333965246],[12.685586241154258,46.10245642572213],[12.685567388274386,46.102906728402786],[12.684921521281202,46.10289364212865],[12.68482722388815,46.10514515388531],[12.683535438744833,46.10511896835184],[12.68351656741629,46.105569270169184],[12.682870670266134,46.10555617172759],[12.682851793237104,46.10600647329864],[12.683497695637739,46.1060195719449],[12.683441077601875,46.107370477022265],[12.682130357663723,46.10779457605449]]]},"properties":{"ndvi_class":"moderate","color":"#74c476","area_m2":250162}},{"type":"Feature","geometry":{"type":"Polygon","coordinates":[[[12.70455949354549,46.09698032010919],[12.704596881885474,46.09607970173428],[12.705242678264078,46.09609267536577],[12.705851107739186,46.09700626453708],[12.70455949354549,46.09698032010919]]]},"properties":{"ndvi_class":"sparse","color":"#c7e9c0","area_m2":7505}},{"type":"Feature","geometry":{"type":"Polygon","coordinates":[[[12.646457873580944,46.09534743682014],[12.646477039808559,46.094897146088826],[12.647768552161372,46.09492374590047],[12.647749396427704,46.0953740370474],[12.646457873580944,46.09534743682014]]]},"properties":{"ndvi_class":"dense","color":"#238b45","area_m2":5003}},{"type":"Feature","geometry":{"type":"Polygon","coordinates":[[[12.652269740705876,46.09546702301579],[12.652288859710298,46.095016730416056],[12.652934619747578,46.095029999337214],[12.652915505990245,46.095480292144266],[12.652269740705876,46.09546702301579]]]},"properties":{"ndvi_class":"very_dense","color":"#00441b","area_m2":2502}},{"type":"Feature","geometry":{"type":"Polygon","coordinates":[[[12.672612216505124,46.10354490712328],[12.672669091471802,46.1021940115068],[12.672023238704163,46.102180852508965],[12.67200427558462,46.10263115088388],[12.671358418017718,46.10261798803404],[12.671377386386622,46.1021676898648],[12.669439832135849,46.10212818005431],[12.669458815800095,46.10167788246069],[12.671396354303234,46.101717391653864],[12.67141532176757,46.101267093401255],[12.67076948039858,46.10125392752217],[12.670807424468295,46.10035333130329],[12.672099086660802,46.10037965859251],[12.672118047519648,46.0999293600092],[12.670826395824601,46.09990303313132],[12.670218522505067,46.0989892681658],[12.669572708280334,46.098976096023385],[12.669477799011686,46.101227584825374],[12.66689444164575,46.10117485567747],[12.667654264550507,46.09848626045294],[12.666362650654097,46.098459883767084],[12.666970453945499,46.099373668014614],[12.665678819957938,46.09934728321263],[12.665716844382498,46.09844668995542],[12.665071038562136,46.098433492497946],[12.665090055342553,46.097983196012976],[12.669610668819693,46.09807550021072],[12.669667606234675,46.096724606179],[12.66839502034604,46.096247955333034],[12.668414008621955,46.095797657609126],[12.667122456797768,46.09577129068686],[12.667141455115761,46.09532099333322],[12.671661857652737,46.095413212323834],[12.671586008596298,46.097214407251826],[12.672877598211848,46.097240724370344],[12.67291550265307,46.09634012616735],[12.674207073076603,46.09636642788107],[12.674188131577475,46.096816727414385],[12.673542340893091,46.09680357817487],[12.673504446043998,46.097704176705534],[12.674796048854226,46.09773047236056],[12.674777111248332,46.09818077197424],[12.676068726352813,46.09820705345672],[12.676087653462334,46.0977567534324],[12.679316672841816,46.09782239231023],[12.679335573259513,46.09737209121869],[12.68062717365607,46.09739832083914],[12.679943582443926,46.09828581040313],[12.679297771973458,46.09827269336012],[12.679259968884713,46.099173295334964],[12.67732250867489,46.09913392110017],[12.6772279143325,46.10138542223233],[12.676582068916199,46.101372289169454],[12.67654421752279,46.10227288892032],[12.67589836205716,46.10225975180066],[12.675841565833583,46.103610650498695],[12.674549824753147,46.103584364088135],[12.674606652474083,46.10223346662221],[12.673314944689418,46.10220716685829],[12.673277038995932,46.103107764388724],[12.67392290316233,46.10312091650485],[12.67390395488733,46.10357121541305],[12.672612216505124,46.10354490712328]],[[12.668926894506106,46.098962920235046],[12.669572708280334,46.098976096023385],[12.669591688776293,46.0985257981379],[12.668945880250375,46.09851262255542],[12.668926894506106,46.098962920235046]],[[12.673466549387774,46.09860477506949],[12.674112361064521,46.098617925130824],[12.674131304370253,46.09816762576422],[12.673485497941785,46.098154475908345],[12.673466549387774,46.09860477506949]],[[12.677987240562706,46.098696748934586],[12.67863305538419,46.098709873474455],[12.678651961951603,46.09825957267121],[12.678006152378488,46.098246448336404],[12.677987240562706,46.098696748934586]]]},"properties":{"ndvi_class":"dense","color":"#238b45","area_m2":452794}},{"type":"Feature","geometry":{"type":"Polygon","coordinates":[[[12.672934454195873,46.09588982700333],[12.672953405286822,46.095439527797645],[12.673599179778591,46.09545268006632],[12.673580233935159,46.0959029794775],[12.672934454195873,46.09588982700333]]]},"properties":{"ndvi_class":"sparse","color":"#c7e9c0","area_m2":2502}},{"type":"Feature","geometry":{"type":"Polygon","coordinates":[[[12.679392271808783,46.09602118769422],[12.679411170423975,46.0955708864361],[12.680056949406682,46.095584002249495],[12.680038056039136,46.09603430371253],[12.679392271808783,46.09602118769422]]]},"properties":{"ndvi_class":"dense","color":"#238b45","area_m2":2502}},{"type":"Feature","geometry":{"type":"Polygon","coordinates":[[[12.689724873235612,46.096230606508875],[12.689743687886843,46.09578030197873],[12.691035260617964,46.09580641330016],[12.691016456462467,46.0962567182383],[12.689724873235612,46.096230606508875]]]},"properties":{"ndvi_class":"very_dense","color":"#00441b","area_m2":5003}},{"type":"Feature","geometry":{"type":"Polygon","coordinates":[[[12.705223989565116,46.09654298477669],[12.705242678264078,46.09609267536577],[12.705888475086244,46.09610564535142],[12.70586979163546,46.09655595496501],[12.705223989565116,46.09654298477669]]]},"properties":{"ndvi_class":"bare","color":"#d9d9d9","area_m2":2502}},{"type":"Feature","geometry":{"type":"Polygon","coordinates":[[[12.646419539754781,46.096248018157354],[12.646457873580944,46.09534743682014],[12.649060066332671,46.0949503311312],[12.649079211115875,46.0945000395271],[12.651662223922305,46.094553165415476],[12.650978211498561,46.09544047382284],[12.649686684107305,46.095413910048585],[12.649667543658314,46.09586420177669],[12.648376007589832,46.095837623005934],[12.648356856189949,46.09628791427697],[12.646419539754781,46.096248018157354]]]},"properties":{"ndvi_class":"very_dense","color":"#00441b","area_m2":42528}},{"type":"Feature","geometry":{"type":"Polygon","coordinates":[[[12.683172641521118,46.09835134092944],[12.683856182491214,46.097463831088646],[12.683210379828253,46.09745073633038],[12.683229248306967,46.09700043396844],[12.682583451339937,46.096987335769],[12.682564577613133,46.09743763792629],[12.681272974526918,46.097411430180664],[12.68129185874986,46.096961128432845],[12.680646063127062,46.09694801929614],[12.68068384071791,46.09604741608521],[12.683912770833789,46.09611292326411],[12.68395049414682,46.09521231783963],[12.684596271018167,46.0952254079294],[12.684558558200491,46.096126013762934],[12.68520434601475,46.09613910061608],[12.685185494179388,46.096589403674884],[12.68453970111725,46.096576316617266],[12.68446426828794,46.09837752761844],[12.683172641521118,46.09835134092944]]]},"properties":{"ndvi_class":"sparse","color":"#c7e9c0","area_m2":55036}},{"type":"Feature","geometry":{"type":"Polygon","coordinates":[[[12.647768552161372,46.09492374590047],[12.64778770743833,46.09447345471174],[12.649079211115875,46.0945000395271],[12.649060066332671,46.0949503311312],[12.647768552161372,46.09492374590047]]]},"properties":{"ndvi_class":"dense","color":"#238b45","area_m2":5003}},{"type":"Feature","geometry":{"type":"Polygon","coordinates":[[[12.680056949406682,46.095584002249495],[12.680075842323758,46.0951337007448],[12.680721616507334,46.095146812707746],[12.680702728837794,46.09559711441731],[12.680056949406682,46.095584002249495]]]},"properties":{"ndvi_class":"dense","color":"#238b45","area_m2":2502}},{"type":"Feature","geometry":{"type":"Polygon","coordinates":[[[12.704596881885474,46.09607970173428],[12.704615575386873,46.09562939248455],[12.70526136651744,46.095642365913314],[12.705242678264078,46.09609267536577],[12.704596881885474,46.09607970173428]]]},"properties":{"ndvi_class":"moderate","color":"#74c476","area_m2":2502}},{"type":"Feature","geometry":{"type":"Polygon","coordinates":[[[12.705242678264078,46.09609267536577],[12.705925840651407,46.095205025999725],[12.706571627421011,46.095217991934376],[12.706552950109101,46.09566830183357],[12.707844535473965,46.095694223170725],[12.707825868212884,46.09614453343344],[12.705242678264078,46.09609267536577]]]},"properties":{"ndvi_class":"sparse","color":"#c7e9c0","area_m2":12508}},{"type":"Feature","geometry":{"type":"Polygon","coordinates":[[[12.661348586557077,46.09475186804995],[12.661367631192874,46.094301572469455],[12.662659143409932,46.09432800377119],[12.662640109268203,46.09477829976465],[12.661348586557077,46.09475186804995]]]},"properties":{"ndvi_class":"dense","color":"#238b45","area_m2":5003}},{"type":"Feature","geometry":{"type":"Polygon","coordinates":[[[12.668451983815613,46.09489706203619],[12.668470970733384,46.094446764187175],[12.669762492876384,46.094473115292246],[12.669743516452971,46.094923413552976],[12.668451983815613,46.09489706203619]]]},"properties":{"ndvi_class":"sparse","color":"#c7e9c0","area_m2":5003}},{"type":"Feature","geometry":{"type":"Polygon","coordinates":[[[12.706552950109101,46.09566830183357],[12.706571627421011,46.095217991934376],[12.707217414633904,46.095230954223304],[12.707198742569945,46.09568126432504],[12.706552950109101,46.09566830183357]]]},"properties":{"ndvi_class":"moderate","color":"#74c476","area_m2":2502}},{"type":"Feature","geometry":{"type":"Polygon","coordinates":[[[12.676144432083252,46.09640585310951],[12.675536505951321,46.09549211499931],[12.676182282240955,46.09550525268594],[12.676239054093418,46.09415435173812],[12.67688481509021,46.09416748516361],[12.677454921809508,46.095981817765605],[12.676144432083252,46.09640585310951]]]},"properties":{"ndvi_class":"sparse","color":"#c7e9c0","area_m2":20013}},{"type":"Feature","geometry":{"type":"Polygon","coordinates":[[[12.700057588981554,46.096439092019104],[12.70013250903759,46.09463786061929],[12.702715621810338,46.09468983291658],[12.70264078572075,46.096491067564706],[12.700057588981554,46.096439092019104]]]},"properties":{"ndvi_class":"very_dense","color":"#00441b","area_m2":40026}},{"type":"Feature","geometry":{"type":"Polygon","coordinates":[[[12.711054865616944,46.096209273986425],[12.71111078734488,46.094858340039195],[12.711756572409394,46.09487127660578],[12.711700666425587,46.096222211159414],[12.711054865616944,46.096209273986425]]]},"properties":{"ndvi_class":"sparse","color":"#c7e9c0","area_m2":7505}},{"type":"Feature","geometry":{"type":"Polygon","coordinates":[[[12.662659143409932,46.09432800377119],[12.662678177097849,46.093877707736],[12.66332392863712,46.09389091771255],[12.66330490019613,46.09434121395415],[12.662659143409932,46.09432800377119]]]},"properties":{"ndvi_class":"dense","color":"#238b45","area_m2":2502}},{"type":"Feature","geometry":{"type":"Polygon","coordinates":[[[12.664596415123244,46.094367623384215],[12.664615433070336,46.09391732672999],[12.665906939308964,46.093943721166504],[12.665887931855822,46.0943940182331],[12.664596415123244,46.094367623384215]]]},"properties":{"ndvi_class":"sparse","color":"#c7e9c0","area_m2":5003}},{"type":"Feature","geometry":{"type":"Polygon","coordinates":[[[12.667825210337753,46.09443358316664],[12.66784420204987,46.09398328548186],[12.668489957198467,46.093996466296446],[12.668470970733384,46.094446764187175],[12.667825210337753,46.09443358316664]]]},"properties":{"ndvi_class":"dense","color":"#238b45","area_m2":2502}},{"type":"Feature","geometry":{"type":"Polygon","coordinates":[[[12.689135540643043,46.09486663207256],[12.689154359196001,46.09441632762168],[12.690445899548536,46.0944424450102],[12.690427091490536,46.09489274986915],[12.689135540643043,46.09486663207256]]]},"properties":{"ndvi_class":"very_dense","color":"#00441b","area_m2":5003}},{"type":"Feature","geometry":{"type":"Polygon","coordinates":[[[12.692364421109426,46.09493189922236],[12.692383213424892,46.094481593751716],[12.693028985609194,46.09449463604119],[12.693010198541266,46.0949449417156],[12.692364421109426,46.09493189922236]]]},"properties":{"ndvi_class":"very_dense","color":"#00441b","area_m2":2502}},{"type":"Feature","geometry":{"type":"Polygon","coordinates":[[[12.694301754742519,46.094971015765374],[12.694320531315327,46.094520709683565],[12.694966304836912,46.094533741036436],[12.69494753351168,46.094984047321866],[12.694301754742519,46.094971015765374]]]},"properties":{"ndvi_class":"dense","color":"#238b45","area_m2":2502}},{"type":"Feature","geometry":{"type":"Polygon","coordinates":[[[12.681348508717194,46.09561022293955],[12.681424035703978,46.09380901503228],[12.682069795042034,46.09382211908994],[12.68203204294353,46.09472272353634],[12.682677813224098,46.094735824358025],[12.682658941747201,46.095186126723476],[12.681348508717194,46.09561022293955]]]},"properties":{"ndvi_class":"dense","color":"#238b45","area_m2":12508}},{"type":"Feature","geometry":{"type":"Polygon","coordinates":[[[12.678746488026977,46.09600806803029],[12.678784295301918,46.095107465882386],[12.678138522463904,46.09509434298293],[12.678157430672682,46.09464404205154],[12.678803198263324,46.09465716474596],[12.678841002834078,46.093756562348176],[12.679486760378955,46.093769680987194],[12.68009473479038,46.09468339919847],[12.6794489663026,46.09467028379494],[12.679392271808783,46.09602118769422],[12.678746488026977,46.09600806803029]]]},"properties":{"ndvi_class":"sparse","color":"#c7e9c0","area_m2":17511}},{"type":"Feature","geometry":{"type":"Polygon","coordinates":[[[12.676865896837791,46.09461778572643],[12.676903732891576,46.09371718455916],[12.677549489090264,46.09373031413415],[12.677511663530796,46.0946309157117],[12.676865896837791,46.09461778572643]]]},"properties":{"ndvi_class":"dense","color":"#238b45","area_m2":5003}},{"type":"Feature","geometry":{"type":"Polygon","coordinates":[[[12.674928599453303,46.094578373898116],[12.674947533447304,46.09412807395108],[12.673656014598647,46.09410178158269],[12.673674958635294,46.0936514820048],[12.67561222184126,46.093690914473285],[12.67557436479892,46.094591514819626],[12.674928599453303,46.094578373898116]]]},"properties":{"ndvi_class":"dense","color":"#238b45","area_m2":10006}},{"type":"Feature","geometry":{"type":"Polygon","coordinates":[[[12.686571283851496,46.09436404909885],[12.68659012294503,46.09391374542323],[12.687235885863481,46.09392682031785],[12.687217052017242,46.09437712419777],[12.686571283851496,46.09436404909885]]]},"properties":{"ndvi_class":"dense","color":"#238b45","area_m2":2502}},{"type":"Feature","geometry":{"type":"Polygon","coordinates":[[[12.70206984295081,46.09467684531067],[12.702088556105636,46.094226536747755],[12.702734329717556,46.09423952415074],[12.702715621810338,46.09468983291658],[12.70206984295081,46.09467684531067]]]},"properties":{"ndvi_class":"dense","color":"#238b45","area_m2":2502}},{"type":"Feature","geometry":{"type":"Polygon","coordinates":[[[12.705570795827684,46.103760903136916],[12.70499969041608,46.10194669446978],[12.70370796163103,46.10192073828926],[12.703726666177513,46.101470429782054],[12.704372525098462,46.10148340949278],[12.70442862031373,46.10013248311365],[12.70507446393029,46.100145458569656],[12.705111848013036,46.09924484037049],[12.705757681575054,46.099257811774805],[12.70572030799053,46.10015843037933],[12.70636615249433,46.10017139854266],[12.706403515580604,46.099270779532894],[12.707713855298847,46.098846394138185],[12.707807200506704,46.096594843654636],[12.706515594149256,46.09656892150745],[12.70642219645557,46.09882046996576],[12.705130539385866,46.098794531208654],[12.705167920794509,46.0978939127604],[12.705813738610127,46.0979068835567],[12.705205300420543,46.0969932941461],[12.705851107739186,46.09700626453708],[12.705888475086244,46.09610564535142],[12.707825868212884,46.09614453343344],[12.707844535473965,46.095694223170725],[12.709154778931069,46.09526981921573],[12.70921074522226,46.09391888683979],[12.709856518463798,46.093931833938875],[12.709837868725835,46.094382144974645],[12.71112942703197,46.094408028640494],[12.711148066274639,46.0939577172003],[12.711793840843688,46.09397065336262],[12.711756572409394,46.09487127660578],[12.71111078734488,46.094858340039195],[12.711036224152034,46.0966595852192],[12.710390418537555,46.09664664419813],[12.71033447573025,46.09799757704093],[12.709688654812803,46.09798463176715],[12.7090055159147,46.098872303725834],[12.707695184921793,46.09929670411038],[12.707657842832099,46.10019732393029],[12.707011997441558,46.10018436305965],[12.70695596521946,46.10153529187069],[12.70631010452388,46.101522326745986],[12.706918608177839,46.10243591087053],[12.706272736982733,46.10242294534066],[12.70621668232948,46.103773872921366],[12.705570795827684,46.103760903136916]],[[12.70499969041608,46.10194669446978],[12.705645555474268,46.10195966709022],[12.705682932623636,46.10105904881779],[12.705037078064672,46.10104607660274],[12.70499969041608,46.10194669446978]]]},"properties":{"ndvi_class":"moderate","color":"#74c476","area_m2":200130}},{"type":"Feature","geometry":{"type":"Polygon","coordinates":[[[12.702603364999337,46.097391684639625],[12.702622075583106,46.09694137612292],[12.699393054529189,46.09687639656106],[12.699486731955387,46.09462485843095],[12.70013250903759,46.09463786061929],[12.700057588981554,46.096439092019104],[12.70264078572075,46.096491067564706],[12.702715621810338,46.09468983291658],[12.704025878273292,46.09426548801998],[12.704044575239452,46.093815178806935],[12.704690344935496,46.09382815507043],[12.704671653216861,46.09427846448624],[12.705317428604063,46.094291437306914],[12.70526136651744,46.095642365913314],[12.704615575386873,46.09562939248455],[12.704578187938349,46.096530010942494],[12.703932386755284,46.09651703346242],[12.703249175791251,46.09740466981719],[12.702603364999337,46.097391684639625]]]},"properties":{"ndvi_class":"dense","color":"#238b45","area_m2":75049}},{"type":"Feature","geometry":{"type":"Polygon","coordinates":[[[12.660721875762261,46.094288351350706],[12.660779022685626,46.09293746497851],[12.661424762375947,46.092950685477575],[12.661367631192874,46.094301572469455],[12.660721875762261,46.094288351350706]]]},"properties":{"ndvi_class":"dense","color":"#238b45","area_m2":7505}},{"type":"Feature","geometry":{"type":"Polygon","coordinates":[[[12.672383452079108,46.093625175466116],[12.672402406157863,46.093174876257564],[12.673048153964215,46.093188031143995],[12.67302920513234,46.093638330558086],[12.672383452079108,46.093625175466116]]]},"properties":{"ndvi_class":"sparse","color":"#c7e9c0","area_m2":2502}},{"type":"Feature","geometry":{"type":"Polygon","coordinates":[[[12.696276613599224,46.09410948607153],[12.696314133022819,46.09320887247878],[12.698251411704932,46.09324792096036],[12.698213923765248,46.09414853577336],[12.696276613599224,46.09410948607153]]]},"properties":{"ndvi_class":"sparse","color":"#c7e9c0","area_m2":15010}},{"type":"Feature","geometry":{"type":"Polygon","coordinates":[[[12.646911999841626,46.099863645848295],[12.646969495119922,46.098512774159765],[12.643740510029591,46.09844622074723],[12.643798079910763,46.09709535180183],[12.644443860275384,46.097108669151424],[12.644520592722749,46.09530750913968],[12.6458312843144,46.09488384071515],[12.645907965641985,46.09308267820321],[12.647845170529083,46.09312258089469],[12.64786432397934,46.092672289538726],[12.649155785684368,46.09269887269267],[12.649174928185477,46.09224858087956],[12.65111210841115,46.09228842765069],[12.651131234717395,46.09183813517321],[12.652422679978601,46.091864681047916],[12.652365331169758,46.093215559599265],[12.651719592573285,46.09320228786228],[12.651738714545113,46.092751995260976],[12.650447249206621,46.09272544126678],[12.650428116741931,46.09317573345321],[12.648490906400752,46.09313587450185],[12.648471757740337,46.093586166023705],[12.647826016622172,46.093572872208846],[12.64780686225859,46.0940231634812],[12.649098355442634,46.0940497478812],[12.64911749931296,46.093599456193495],[12.651700470145547,46.0936525804218],[12.651016470039592,46.09453988941118],[12.64778770743833,46.09447345471174],[12.647768552161372,46.09492374590047],[12.646477039808559,46.094897146088826],[12.64638120410062,46.097148599327284],[12.64702698628574,46.097161902094925],[12.64704614909386,46.096711611322995],[12.648983482635128,46.09675149712959],[12.649667543658314,46.09586420177669],[12.651604851167804,46.095904042592565],[12.651585726004349,46.096354334901356],[12.652231501329476,46.096367608089935],[12.652193260129573,46.097268192996914],[12.65154747430942,46.09725491939357],[12.651470965447123,46.09905608787654],[12.650825159089422,46.09904280979783],[12.65080602548549,46.09949310160663],[12.65016021433374,46.09947981967461],[12.65017935318584,46.09902952807334],[12.648241938201073,46.09898966102525],[12.648203628551279,46.099890242940226],[12.646911999841626,46.099863645848295]]]},"properties":{"ndvi_class":"moderate","color":"#74c476","area_m2":280182}},{"type":"Feature","geometry":{"type":"Polygon","coordinates":[[[12.680797162682332,46.09334560545314],[12.680834933068114,46.092445001576024],[12.681480676217285,46.09245810866465],[12.681442916325228,46.093358712951364],[12.680797162682332,46.09334560545314]]]},"properties":{"ndvi_class":"moderate","color":"#74c476","area_m2":5003}},{"type":"Feature","geometry":{"type":"Polygon","coordinates":[[[12.681442916325228,46.093358712951364],[12.681480676217285,46.09245810866465],[12.682126419814526,46.0924712121081],[12.68210754534038,46.092921514477005],[12.682753294632391,46.09293461447995],[12.682772163859708,46.092484311906354],[12.685355144517404,46.092536674647405],[12.685317447588263,46.093437281389264],[12.681442916325228,46.093358712951364]]]},"properties":{"ndvi_class":"sparse","color":"#c7e9c0","area_m2":27518}},{"type":"Feature","geometry":{"type":"Polygon","coordinates":[[[12.687881649228922,46.09393989156705],[12.687273552208849,46.09302621243316],[12.68791930508005,46.09303928327391],[12.68793813233227,46.09258897906494],[12.689875377885533,46.09262816910303],[12.68985656637419,46.093078473924336],[12.688565058398089,46.093052350469364],[12.68852741304123,46.093952959170856],[12.687881649228922,46.09393989156705]]]},"properties":{"ndvi_class":"dense","color":"#238b45","area_m2":15010}},{"type":"Feature","geometry":{"type":"Polygon","coordinates":[[[12.669838394045776,46.09267192183233],[12.66985736820713,46.092221623363116],[12.671148839683296,46.09224795782942],[12.671129876015108,46.09269825671009],[12.669838394045776,46.09267192183233]]]},"properties":{"ndvi_class":"moderate","color":"#74c476","area_m2":5003}},{"type":"Feature","geometry":{"type":"Polygon","coordinates":[[[12.68210754534038,46.092921514477005],[12.682126419814526,46.0924712121081],[12.682772163859708,46.092484311906354],[12.682753294632391,46.09293461447995],[12.68210754534038,46.092921514477005]]]},"properties":{"ndvi_class":"bare","color":"#d9d9d9","area_m2":2502}},{"type":"Feature","geometry":{"type":"Polygon","coordinates":[[[12.698897172155506,46.09326092983007],[12.698915910207845,46.092810622158005],[12.699561665855974,46.092823627179094],[12.699542933050806,46.09327393505438],[12.698897172155506,46.09326092983007]]]},"properties":{"ndvi_class":"sparse","color":"#c7e9c0","area_m2":2502}},{"type":"Feature","geometry":{"type":"Polygon","coordinates":[[[12.70526136651744,46.095642365913314],[12.705317428604063,46.094291437306914],[12.704671653216861,46.09427846448624],[12.704690344935496,46.09382815507043],[12.704044575239452,46.093815178806935],[12.703361401113888,46.094702816876854],[12.702715621810338,46.09468983291658],[12.702734329717556,46.09423952415074],[12.701424064535425,46.09466385405914],[12.701517652084728,46.092412311844136],[12.704100663463292,46.09246425091867],[12.70408196783444,46.09291456025627],[12.705373486680774,46.09294050832688],[12.705392171815312,46.092490198583846],[12.707329437668967,46.092529092741366],[12.706571627421011,46.095217991934376],[12.70526136651744,46.095642365913314]]]},"properties":{"ndvi_class":"moderate","color":"#74c476","area_m2":97563}},{"type":"Feature","geometry":{"type":"Polygon","coordinates":[[[12.660133283447376,46.092924240834364],[12.660190442022556,46.09157335470636],[12.660836165521678,46.09158657823067],[12.660779022685626,46.09293746497851],[12.660133283447376,46.092924240834364]]]},"properties":{"ndvi_class":"dense","color":"#238b45","area_m2":7505}},{"type":"Feature","geometry":{"type":"Polygon","coordinates":[[[12.669762492876384,46.094473115292246],[12.669781468847356,46.0940228169898],[12.670427225347401,46.09403598686853],[12.670465165438308,46.09313538972705],[12.669154693563154,46.09355934532746],[12.669173673876104,46.09310904714746],[12.668527928770622,46.09309587038991],[12.668565898532185,46.09219527431656],[12.671129876015108,46.09269825671009],[12.671148839683296,46.09224795782942],[12.673086050272659,46.0922874321908],[12.673104997749252,46.0918371326517],[12.67375073026539,46.09185028327649],[12.673712845353615,46.09275088272399],[12.671775617674939,46.09271141868128],[12.671699779468359,46.09451261460972],[12.669762492876384,46.094473115292246]]]},"properties":{"ndvi_class":"dense","color":"#238b45","area_m2":50032}},{"type":"Feature","geometry":{"type":"Polygon","coordinates":[[[12.673712845353615,46.09275088272399],[12.67375073026539,46.09185028327649],[12.675042196646178,46.09187657359098],[12.675004332720803,46.092777173860014],[12.673712845353615,46.09275088272399]]]},"properties":{"ndvi_class":"very_dense","color":"#00441b","area_m2":10006}},{"type":"Feature","geometry":{"type":"Polygon","coordinates":[[[12.653068403289753,46.09187794851795],[12.653087513401776,46.091427655376656],[12.653733231920361,46.09144091899456],[12.65371412705444,46.091891212343086],[12.653068403289753,46.09187794851795]]]},"properties":{"ndvi_class":"very_dense","color":"#00441b","area_m2":2502}},{"type":"Feature","geometry":{"type":"Polygon","coordinates":[[[12.66985736820713,46.092221623363116],[12.66987634191611,46.09177132485221],[12.67116780289936,46.09179765890707],[12.671148839683296,46.09224795782942],[12.66985736820713,46.092221623363116]]]},"properties":{"ndvi_class":"sparse","color":"#c7e9c0","area_m2":5003}},{"type":"Feature","geometry":{"type":"Polygon","coordinates":[[[12.671794576096527,46.092261119594966],[12.671813534066114,46.09181082046697],[12.672459265682786,46.09182397838184],[12.672440312959688,46.09227427771543],[12.671794576096527,46.092261119594966]]]},"properties":{"ndvi_class":"sparse","color":"#c7e9c0","area_m2":2502}},{"type":"Feature","geometry":{"type":"Polygon","coordinates":[[[12.675669004020138,46.09234001364129],[12.675687930510582,46.09188971328063],[12.676333664824162,46.09190284932522],[12.676314743580287,46.092353149891125],[12.675669004020138,46.09234001364129]]]},"properties":{"ndvi_class":"moderate","color":"#74c476","area_m2":2502}},{"type":"Feature","geometry":{"type":"Polygon","coordinates":[[[12.682126419814526,46.0924712121081],[12.68214529383867,46.09202090969757],[12.68279103263715,46.09203400929115],[12.682772163859708,46.092484311906354],[12.682126419814526,46.0924712121081]]]},"properties":{"ndvi_class":"sparse","color":"#c7e9c0","area_m2":2502}},{"type":"Feature","geometry":{"type":"Polygon","coordinates":[[[12.684063653293412,46.09251050056731],[12.68408251157741,46.0920601975429],[12.684728251718937,46.092073286201064],[12.684709398681683,46.09252358942997],[12.684063653293412,46.09251050056731]]]},"properties":{"ndvi_class":"moderate","color":"#74c476","area_m2":2502}},{"type":"Feature","geometry":{"type":"Polygon","coordinates":[[[12.696332892063706,46.09275856562009],[12.696351650657341,46.09230825871982],[12.697643148345486,46.092334293872675],[12.69762440024585,46.09278460117973],[12.696332892063706,46.09275856562009]]]},"properties":{"ndvi_class":"very_dense","color":"#00441b","area_m2":5003}},{"type":"Feature","geometry":{"type":"Polygon","coordinates":[[[12.69762440024585,46.09278460117973],[12.697643148345486,46.092334293872675],[12.698288897857045,46.09234730598117],[12.698270155004428,46.09279761349154],[12.69762440024585,46.09278460117973]]]},"properties":{"ndvi_class":"dense","color":"#238b45","area_m2":2502}},{"type":"Feature","geometry":{"type":"Polygon","coordinates":[[[12.66332392863712,46.09389091771255],[12.663438089756383,46.09118913938677],[12.664083810268226,46.09120234448014],[12.66396968062799,46.09390412404389],[12.66332392863712,46.09389091771255]]]},"properties":{"ndvi_class":"dense","color":"#238b45","area_m2":15010}},{"type":"Feature","geometry":{"type":"Polygon","coordinates":[[[12.66987634191611,46.09177132485221],[12.669895315172731,46.09132102629961],[12.67054104019295,46.09133419494379],[12.670522072182651,46.09178449370214],[12.66987634191611,46.09177132485221]]]},"properties":{"ndvi_class":"dense","color":"#238b45","area_m2":2502}},{"type":"Feature","geometry":{"type":"Polygon","coordinates":[[[12.671148839683296,46.09224795782942],[12.67054104019295,46.09133419494379],[12.673769672043857,46.091399983490234],[12.673086050272659,46.0922874321908],[12.672440312959688,46.09227427771543],[12.672459265682786,46.09182397838184],[12.671148839683296,46.09224795782942]]]},"properties":{"ndvi_class":"moderate","color":"#74c476","area_m2":17511}},{"type":"Feature","geometry":{"type":"Polygon","coordinates":[[[12.693768660624421,46.09225614467087],[12.693787439758156,46.0918058385433],[12.695724665874252,46.091844928937135],[12.695705902481004,46.09229523567548],[12.693768660624421,46.09225614467087]]]},"properties":{"ndvi_class":"moderate","color":"#74c476","area_m2":7505}},{"type":"Feature","geometry":{"type":"Polygon","coordinates":[[[12.70013250903759,46.09463786061929],[12.70015123793517,46.09418755266549],[12.70079701021432,46.09420055100512],[12.700871900350288,46.09239931796217],[12.700226149060173,46.09238632043488],[12.700244875725161,46.091936012273386],[12.704765107353595,46.092026916992076],[12.70474641741751,46.09247722657394],[12.705392171815312,46.092490198583846],[12.705373486680774,46.09294050832688],[12.70408196783444,46.09291456025627],[12.704100663463292,46.09246425091867],[12.701517652084728,46.092412311844136],[12.701424064535425,46.09466385405914],[12.70013250903759,46.09463786061929]]]},"properties":{"ndvi_class":"dense","color":"#238b45","area_m2":37524}},{"type":"Feature","geometry":{"type":"Polygon","coordinates":[[[12.64661119060779,46.09174510979874],[12.646649515295588,46.090844527625244],[12.647295224027522,46.09085782748337],[12.647314380440436,46.090407536126115],[12.650542904688216,46.09047397970779],[12.6505237745041,46.09092427210317],[12.649232352950584,46.090897705189455],[12.649213211818571,46.091347997127954],[12.64661119060779,46.09174510979874]]]},"properties":{"ndvi_class":"very_dense","color":"#00441b","area_m2":27518}},{"type":"Feature","geometry":{"type":"Polygon","coordinates":[[[12.645358099196093,46.090817916974856],[12.64537727134613,46.090367626241154],[12.646668676954224,46.09039423647578],[12.646649515295588,46.090844527625244],[12.645358099196093,46.090817916974856]]]},"properties":{"ndvi_class":"moderate","color":"#74c476","area_m2":5003}},{"type":"Feature","geometry":{"type":"Polygon","coordinates":[[[12.646649515295588,46.090844527625244],[12.646668676954224,46.09039423647578],[12.647314380440436,46.090407536126115],[12.647295224027522,46.09085782748337],[12.646649515295588,46.090844527625244]]]},"properties":{"ndvi_class":"dense","color":"#238b45","area_m2":2502}},{"type":"Feature","geometry":{"type":"Polygon","coordinates":[[[12.659563776171616,46.09110983228432],[12.65960188920066,46.090209241653426],[12.660247596509661,46.09022246820267],[12.66020949397247,46.09112305924686],[12.659563776171616,46.09110983228432]]]},"properties":{"ndvi_class":"dense","color":"#238b45","area_m2":5003}},{"type":"Feature","geometry":{"type":"Polygon","coordinates":[[[12.663438089756383,46.09118913938677],[12.66347613983392,46.09028854627771],[12.664121849853748,46.09030175095844],[12.664083810268226,46.09120234448014],[12.663438089756383,46.09118913938677]]]},"properties":{"ndvi_class":"moderate","color":"#74c476","area_m2":5003}},{"type":"Feature","geometry":{"type":"Polygon","coordinates":[[[12.664083810268226,46.09120234448014],[12.664121849853748,46.09030175095844],[12.665413271247393,46.09032814938556],[12.665375252645973,46.09122874373218],[12.664083810268226,46.09120234448014]]]},"properties":{"ndvi_class":"sparse","color":"#c7e9c0","area_m2":10006}},{"type":"Feature","geometry":{"type":"Polygon","coordinates":[[[12.681480676217285,46.09245810866465],[12.68149955548812,46.092007806458845],[12.680853817585625,46.09199469957501],[12.68024585830859,46.09108098532878],[12.682847636270356,46.090683101195744],[12.683417908352713,46.09249740805943],[12.682772163859708,46.092484311906354],[12.68279103263715,46.09203400929115],[12.681480676217285,46.09245810866465]]]},"properties":{"ndvi_class":"moderate","color":"#74c476","area_m2":30019}},{"type":"Feature","geometry":{"type":"Polygon","coordinates":[[[12.646668676954224,46.09039423647578],[12.646687838156037,46.08994394528452],[12.647333536396655,46.08995724472705],[12.647314380440436,46.090407536126115],[12.646668676954224,46.09039423647578]]]},"properties":{"ndvi_class":"sparse","color":"#c7e9c0","area_m2":2502}},{"type":"Feature","geometry":{"type":"Polygon","coordinates":[[[12.647314380440436,46.090407536126115],[12.647333536396655,46.08995724472705],[12.648624934241568,46.089983832678335],[12.64860578877658,46.0904341244928],[12.647314380440436,46.090407536126115]]]},"properties":{"ndvi_class":"moderate","color":"#74c476","area_m2":5003}},{"type":"Feature","geometry":{"type":"Polygon","coordinates":[[[12.666685695863396,46.090804830839936],[12.666704694445524,46.09035453323355],[12.667996119447146,46.09038090250232],[12.667977131357052,46.09083120052071],[12.666685695863396,46.090804830839936]]]},"properties":{"ndvi_class":"dense","color":"#238b45","area_m2":5003}},{"type":"Feature","geometry":{"type":"Polygon","coordinates":[[[12.677662954947158,46.091028508401784],[12.67768186434531,46.09057820730061],[12.678327584266581,46.09059133179477],[12.678308680114663,46.09104163310101],[12.677662954947158,46.091028508401784]]]},"properties":{"ndvi_class":"very_dense","color":"#00441b","area_m2":2502}},{"type":"Feature","geometry":{"type":"Polygon","coordinates":[[[12.66793915381873,46.09173179643242],[12.669306523396834,46.089956958719945],[12.671243651242671,46.08999646280077],[12.67120572797518,46.09089706093729],[12.66926856865326,46.090857555622],[12.66923061209986,46.09175815235728],[12.66793915381873,46.09173179643242]]]},"properties":{"ndvi_class":"sparse","color":"#c7e9c0","area_m2":25016}},{"type":"Feature","geometry":{"type":"Polygon","coordinates":[[[12.603062791300527,46.18683521719005],[12.603160695600206,46.18458387012851],[12.604454265989354,46.18461099970021],[12.604473834904859,46.18416072973783],[12.603180275058063,46.18413360059003],[12.60323901062774,46.18278279172226],[12.602592247214785,46.18276922230015],[12.602631412465975,46.181868683268725],[12.60198466005945,46.18185511061477],[12.602043420241692,46.180504302388414],[12.601396684111295,46.18049072671494],[12.601435865768641,46.1795901881113],[12.598888190006384,46.17863531348449],[12.598927410078533,46.17773477624232],[12.598280707894368,46.17772118356469],[12.5983395502997,46.176370378022995],[12.597046178943684,46.176343182976524],[12.597105048748098,46.174992378330835],[12.59645837957524,46.1749787759625],[12.596497634306616,46.174078239746656],[12.595223955632404,46.17360075714968],[12.59526322862511,46.172700221531755],[12.594616587191956,46.17268660926198],[12.594655868845521,46.17178607390105],[12.594009238414243,46.171772458402096],[12.594068173181288,46.17042165568315],[12.594714787810592,46.1704352705439],[12.594734426528262,46.16998500267398],[12.594087817166033,46.169971388025964],[12.594127103729203,46.169070852585264],[12.592853560584055,46.16859334581961],[12.592912517105605,46.16724254349331],[12.592265940743232,46.167228919159655],[12.592285597245326,46.16677865184622],[12.591012123018817,46.16630112571332],[12.591071119898277,46.164950324671686],[12.589797698320643,46.16447278588539],[12.589837047350036,46.16357225241503],[12.589190515448736,46.163558611516834],[12.588583352226483,46.16264443417893],[12.587936831790179,46.16263078640028],[12.587956520456252,46.162180520157214],[12.587310005752405,46.16216686893851],[12.586702888497493,46.16125268230726],[12.585429590801754,46.16077509694124],[12.584822519509418,46.15986090101863],[12.58352954789376,46.15983356053128],[12.582922518236709,46.15891935518991],[12.58227604412781,46.158905676241304],[12.582315508220397,46.15800514688184],[12.581042324330033,46.15752751456603],[12.581062065725902,46.1570772502085],[12.5804156140772,46.157063561156995],[12.58043536026518,46.15661329697118],[12.579162225143945,46.15613564453831],[12.579181980915404,46.15568538069608],[12.578535546462966,46.155671681329004],[12.57792864365932,46.154757451354804],[12.577282220670913,46.15474374511127],[12.577341529690258,46.153392955005174],[12.576695122958304,46.153379245752],[12.576734670470179,46.152478719232064],[12.576088274731807,46.1524650067553],[12.576048716695984,46.153365532846735],[12.575402310903417,46.15335181628939],[12.574795484664367,46.1524375708459],[12.574149090335553,46.152423847413274],[12.574168884430907,46.15197358494734],[12.573522495833922,46.15195985807725],[12.57358189107101,46.15060907106964],[12.571642775454908,46.150567870479335],[12.5716625887062,46.15011760870276],[12.570369857836983,46.15009012381355],[12.569763149758842,46.149175853500175],[12.568470442758432,46.14914834756082],[12.568490280895546,46.148698086731564],[12.567843933362697,46.14868432849963],[12.567237282197643,46.14777004569099],[12.56659094612842,46.14775628058636],[12.56661079862677,46.14730602027543],[12.565964468289318,46.147292251734626],[12.565357863039791,46.146377959654586],[12.564711544165794,46.14636418424181],[12.564731411023129,46.14591392444964],[12.567316668308907,46.145969003333505],[12.567923302220215,46.14688328562005],[12.568569628711401,46.14689704299217],[12.568529955749968,46.14779756494634],[12.571761647872576,46.14786629918666],[12.571801268230686,46.14696577508469],[12.572447597546343,46.14697951054952],[12.57236837598164,46.14878055944305],[12.573014726809658,46.14879429211486],[12.573621485534066,46.149708546186844],[12.574933996585596,46.149285731197224],[12.574973567171693,46.14838520520351],[12.573700668792677,46.147907495914765],[12.573740257588456,46.147006970525474],[12.574386588314667,46.14702069503658],[12.574445952186434,46.1456699059928],[12.575738583487789,46.145697342775144],[12.57575835998118,46.14524707924746],[12.577697294675511,46.14528820639512],[12.57761824899225,46.14708926282306],[12.578891164470782,46.14756692880829],[12.578910916549342,46.14711666437863],[12.580849921402637,46.1471577393272],[12.580243067685032,46.146243521487364],[12.579596743254474,46.14622983026568],[12.579655978055932,46.14487903582868],[12.581594905413919,46.14492009661542],[12.582729767515996,46.14854957842536],[12.583376120591977,46.148563252459134],[12.58335640392586,46.14901351825899],[12.584649122004283,46.149040855799086],[12.584629415389909,46.14949112198392],[12.585275780392266,46.14950478549006],[12.585315182628815,46.14860425265128],[12.585961537576976,46.14861791207891],[12.58600092741192,46.147717378644714],[12.586647272306205,46.147731033994084],[12.586666961258276,46.14728076700041],[12.587939963497396,46.147758333738444],[12.588625655664988,46.14687144282453],[12.589271991907633,46.14688508314181],[12.589291658878686,46.14643481521104],[12.590584322244132,46.14646208446543],[12.590525351486766,46.14781288940959],[12.591171699651504,46.14782651919868],[12.59119135177887,46.14737625071313],[12.59183769514959,46.14738987663781],[12.591857341547515,46.146939607897245],[12.591211003437397,46.14692598218546],[12.591250305347998,46.14602544500377],[12.592542960993105,46.146052691924524],[12.592562600724738,46.14560242284479],[12.595147896569706,46.14565687202014],[12.595128277879173,46.146107141950615],[12.595774608265767,46.14612074532888],[12.595735380001546,46.14702128548864],[12.597674405518662,46.14706207499015],[12.597635206947306,46.1479626162562],[12.602159689756803,46.14805766692888],[12.60221837643607,46.14670685051141],[12.603511058428333,46.146733973710674],[12.60353060920019,46.146283701063616],[12.604803742277797,46.14676108230411],[12.60488190048332,46.14495998976943],[12.604235579368257,46.144946438145425],[12.60355015950563,46.14583342837452],[12.602257498555488,46.14580630602283],[12.602316178234746,46.144455488974536],[12.60296249269699,46.144469051340316],[12.603647904037063,46.14358206429829],[12.6049405142431,46.143609169927],[12.604999123808131,46.14225834970618],[12.60629170431211,46.14228543946078],[12.606272178775535,46.14273571333303],[12.606918474982626,46.14274925294551],[12.606977034416735,46.14139843056804],[12.60762331530909,46.141411965895074],[12.607662342085376,46.14051141701032],[12.608954884223568,46.14053847586639],[12.608915878483831,46.141439025596725],[12.60956216076597,46.14145254997131],[12.609503664445265,46.14280337488562],[12.608211068787337,46.14277632121754],[12.608191558563998,46.14322659568223],[12.608837861421081,46.14324012455314],[12.60877934373822,46.14459094832927],[12.607486706927666,46.144563885667885],[12.607428153494604,46.14591470779725],[12.608074487449162,46.14592824158791],[12.607996430728925,46.14772933801789],[12.609289142114344,46.14775639633609],[12.609269637292549,46.148206670761304],[12.61187457044265,46.14781046915291],[12.611894053755083,46.147360193840825],[12.611247701239664,46.147346681325224],[12.611286676991776,46.146446130997255],[12.613225704360868,46.14648665632288],[12.61320623249965,46.146936932141045],[12.614498930246318,46.14696393118916],[12.615067450856197,46.14877853061946],[12.615713821929614,46.14879202185775],[12.615772178559798,46.14744119225066],[12.619003961935023,46.14750859050552],[12.618984536494802,46.14795886813627],[12.620923627840416,46.14799926390033],[12.620943037497021,46.147548985638394],[12.621589396939747,46.147562443379314],[12.62162820434169,46.14666188630901],[12.620981855421052,46.14664842898863],[12.62096244669056,46.147098707334486],[12.617730682698971,46.14703136490686],[12.61775011773417,46.14658108761321],[12.615164735891705,46.146527148785],[12.615184191506264,46.14607687229215],[12.614537852461162,46.146063378667115],[12.614596232301407,46.144712549569135],[12.61394990949983,46.14469905292531],[12.613988837592423,46.143798500405126],[12.615281462617087,46.14382548919809],[12.615300915446955,46.14337521245332],[12.616612973645548,46.14295190901193],[12.616632415027818,46.14250163176173],[12.617278713377042,46.142515112747176],[12.61731758423108,46.141614557699604],[12.619256450489928,46.141654977486596],[12.61927586944325,46.14120469926831],[12.62056843873619,46.14123162711758],[12.62058784670762,46.14078134843658],[12.619295287933323,46.14075442100805],[12.61998039216218,46.139867329480545],[12.620626661261545,46.13988079094874],[12.620665473963648,46.13898023329305],[12.61743418566635,46.13891289154949],[12.617453617616375,46.13846261371089],[12.6148686163181,46.13840867544849],[12.614849163333622,46.13885895244431],[12.61355665493837,46.13883196098843],[12.614241824926914,46.13794490492967],[12.612303095964737,46.137904402584155],[12.612322569054381,46.137454126348],[12.611676332249909,46.13744061847639],[12.611656853901989,46.13789089450149],[12.610364371164211,46.13786386738499],[12.609679140849009,46.13875089900828],[12.608386639854679,46.13872384914425],[12.608367133819716,46.139174123987154],[12.607055107143333,46.13959733347634],[12.607016071711257,46.14049788210624],[12.606369801800623,46.140484343551464],[12.606350278127135,46.140934617591846],[12.60505772917878,46.14090752910702],[12.605018659397704,46.141808076215156],[12.604372375100898,46.14179452607323],[12.604352834251948,46.14224479935253],[12.601748118315863,46.14264083381892],[12.601062689196425,46.14352780922831],[12.599770084563817,46.14350065978713],[12.599711344565163,46.144851474543195],[12.598399118779001,46.145274580301425],[12.598379526857558,46.14572485133613],[12.597086873345738,46.14569767056353],[12.597126077761917,46.14479712930143],[12.597772393764803,46.144810721088625],[12.597811585790648,46.143910179233465],[12.598457891739049,46.14392376694489],[12.598516660492955,46.14257295320968],[12.59980924222747,46.142600116406086],[12.599867975220056,46.141249301018995],[12.602472636849528,46.14085330832869],[12.602511746837932,46.139952762746695],[12.604450533835292,46.1399934325356],[12.60447007235361,46.1395431590461],[12.605116330355422,46.1395567081295],[12.60513586314903,46.13910643438624],[12.60578211635603,46.13911997960745],[12.606467413182292,46.138232972719116],[12.608406145424336,46.13827357425934],[12.60909138965843,46.13738655048666],[12.610383860028637,46.137413591782185],[12.610422836362833,46.136513040450524],[12.607837939538676,46.1364589449487],[12.607818430572166,46.136909219790304],[12.607172202265978,46.13689568657794],[12.607191716490417,46.13644541194776],[12.605899271784107,46.13641833499536],[12.605879747043852,46.13686860920246],[12.605233520128165,46.1368550650394],[12.605272579658585,46.13595451700638],[12.605918796058624,46.13596806074622],[12.606604049558957,46.13508105178849],[12.607250256370861,46.13509458780511],[12.607230743542845,46.13554486256135],[12.60916938253068,46.13558544934529],[12.609854579583214,46.13469841972778],[12.610500783452991,46.1347119372831],[12.610520269063477,46.13426166138622],[12.611812667676201,46.134288685124645],[12.611793192580473,46.13473896144377],[12.611146987785453,46.13472545118844],[12.611069061726031,46.13652655520048],[12.61171528755184,46.136540066300206],[12.611754240995324,46.135639513955994],[12.613027207029035,46.136116800975834],[12.613066138512465,46.13521624770358],[12.61435856185354,46.135243243085995],[12.614319651401095,46.13614379720184],[12.61496587428015,46.13615728983956],[12.614985324480589,46.135707012591816],[12.617570199582653,46.13576094579789],[12.617511910685263,46.13711177994327],[12.61880438255301,46.13713872590833],[12.618784962510123,46.137589004293865],[12.622016176538772,46.13765630637671],[12.621996782324882,46.13810658577186],[12.622643031771174,46.138120035447244],[12.62266242072657,46.13766975584196],[12.624601156051865,46.137710082334955],[12.625324869145702,46.135922394997834],[12.623386195538606,46.135882081975815],[12.624071171406456,46.134994962787914],[12.622778744746686,46.134968077329354],[12.622798130464787,46.13451779743044],[12.624090546609285,46.134544682468935],[12.624129295628453,46.13364412170518],[12.622836900513754,46.133617237506805],[12.622817515720472,46.13406751748959],[12.62217131359611,46.13405406970537],[12.622307034238332,46.13090211041569],[12.622953199563755,46.13091555672918],[12.622345807402585,46.13000155024111],[12.623657492863908,46.129578157807934],[12.624264902638888,46.13049215771094],[12.624911064087994,46.13050559286569],[12.624969158678415,46.129154749895086],[12.624323012998156,46.12914131537008],[12.624361750927633,46.12824075359982],[12.623715616219174,46.128227315845336],[12.62375436281216,46.12732675432725],[12.623108239075075,46.12731331334352],[12.623127616933955,46.126863032731585],[12.624439221242996,46.12643962955609],[12.624458587667002,46.125989348440314],[12.62510469655767,46.12600278149605],[12.625712093619478,46.12691677393185],[12.627004334720183,46.12694362263731],[12.627043025987206,46.1260430587693],[12.630273584220742,46.12611011457765],[12.63031222109039,46.12520954844656],[12.629020017440856,46.12518273790813],[12.629000688726151,46.12563302057573],[12.628354582334559,46.125619609623584],[12.628373916304376,46.12516932716553],[12.627727815626915,46.12515591277402],[12.627708476401999,46.12560619502248],[12.625770161359785,46.1255659293254],[12.62516277729321,46.1246519372675],[12.623870591501818,46.12462506876647],[12.623831850453374,46.125525630787806],[12.622539645481762,46.125498746851456],[12.622578407549943,46.12459818567019],[12.621286225438585,46.12457128797872],[12.621305616288744,46.12412100774542],[12.622617167769162,46.12369762432113],[12.622655926139524,46.12279706280431],[12.623948068054926,46.12282394422051],[12.62398680355981,46.12192338169593],[12.624632864698901,46.12193681651133],[12.624613502431563,46.122387098004495],[12.627197772600132,46.12244080162037],[12.627236454640116,46.12154023691395],[12.628528571463422,46.12156706599217],[12.629213279234946,46.1206799089271],[12.629859328285944,46.120693313926175],[12.630544003608769,46.11980614814011],[12.631190043069488,46.11981954542378],[12.63120935003166,46.119369261583216],[12.631855384697204,46.119382655009375],[12.631913287061193,46.11803180260855],[12.632559306425044,46.11804519175888],[12.632636482121622,46.11624405380115],[12.633282480932008,46.11625743846692],[12.633340342115941,46.1149065839314],[12.633986325626838,46.11491996432215],[12.634024886945443,46.11401939400427],[12.635336103797252,46.1135958573672],[12.635374641350008,46.11269528596218],[12.636685816638503,46.112271732938474],[12.636724330428542,46.11137116044684],[12.638035464156223,46.11094759103815],[12.638112442381464,46.109146443715346],[12.638758360823578,46.10915979586003],[12.638816073922461,46.107808934302554],[12.637505021256572,46.10823251442848],[12.637639745810674,46.1050805058765],[12.638285616544518,46.10509385979021],[12.63832409464507,46.10419328512417],[12.638969955336602,46.10420663497426],[12.638950721765132,46.10465692253679],[12.640242455016535,46.10468361171495],[12.640204007496237,46.105584187548445],[12.641495763571434,46.10561086297451],[12.641514977061329,46.1051605746619],[12.64216085053334,46.10517390669683],[12.642199265639597,46.104273329529484],[12.641553402666702,46.104259997911164],[12.64161103763892,46.102909132471254],[12.639027653299369,46.10285577203555],[12.63906611631498,46.10195519653379],[12.640377006899325,46.10153159497948],[12.640396226763619,46.101081306707016],[12.639750401901859,46.101067965608785],[12.639788850752431,46.1001673893552],[12.641080479938525,46.10019406707205],[12.641042052081556,46.101094644159275],[12.642352907746039,46.10067101918663],[12.642391313693546,46.09977044118253],[12.64366374378204,46.10024737875549],[12.643702127821001,46.09934679983502],[12.642410515980508,46.099320152117734],[12.642448919180918,46.09841957386263],[12.641803124440106,46.09840624495187],[12.64193755795267,46.095254221198836],[12.642583315961868,46.095267548651904],[12.642640907716187,46.093916680076944],[12.643286650440729,46.093930003260276],[12.643325032162283,46.0930294235848],[12.643970764849362,46.09304274270687],[12.644693213975854,46.09125489666653],[12.64533892658897,46.091268207666744],[12.645358099196093,46.090817916974856],[12.646649515295588,46.090844527625244],[12.64661119060779,46.09174510979874],[12.64790262950994,46.09177170670137],[12.647921781590313,46.09132141521999],[12.649213211818571,46.091347997127954],[12.649232352950584,46.090897705189455],[12.6505237745041,46.09092427210317],[12.650542904688216,46.09047397970779],[12.64860578877658,46.0904341244928],[12.648624934241568,46.089983832678335],[12.652518252212026,46.089613215960036],[12.652480024685772,46.09051380212053],[12.653790543785302,46.090090038698285],[12.653733231920361,46.09144091899456],[12.653087513401776,46.091427655376656],[12.653068403289753,46.09187794851795],[12.65371412705444,46.091891212343086],[12.653675915956114,46.09279179891483],[12.654967385830842,46.092818316459024],[12.654929193896685,46.0937189036923],[12.655574940007055,46.09373215741101],[12.655517664431745,46.09508303856891],[12.656163426735924,46.095096289263566],[12.656087073918528,46.09689746438413],[12.657359563017879,46.09737425058275],[12.657340483716158,46.097824544630654],[12.65604889477904,46.097798051693836],[12.656067984576362,46.097347758059875],[12.654776407947141,46.097321250954565],[12.654757307654277,46.09777154417437],[12.652819930367459,46.09773175555284],[12.6527816969279,46.0986323406238],[12.655364909533963,46.098685386485464],[12.65538400548966,46.09823509314209],[12.656675604016549,46.09826159378427],[12.656656518556924,46.09871188754171],[12.658593935488481,46.0987516117827],[12.658613005203897,46.098301317404605],[12.659904608258689,46.098327781589454],[12.660588517043948,46.09744041809153],[12.661880101820675,46.09746685957553],[12.66244974288833,46.099281257403995],[12.661803928829565,46.099268041304555],[12.661822972758435,46.09881774593489],[12.659885549039481,46.09877807638102],[12.659866489365827,46.09922837113088],[12.658574865318371,46.09920190611905],[12.65789090177238,46.10008925627808],[12.657245080383525,46.10007601424374],[12.657264161959969,46.099625720404646],[12.656618346272452,46.0996124749313],[12.65659925944758,46.10006276856343],[12.65466179935842,46.10002300964684],[12.653977763231573,46.10091033486498],[12.653331934064921,46.1008970705405],[12.653274589395378,46.102247947828744],[12.651337057378452,46.102208131112825],[12.651279661363798,46.103559006158655],[12.648050371681718,46.10349256892788],[12.648031212517381,46.103942859488214],[12.647385350695362,46.10392956089529],[12.64728952177189,46.10618101203084],[12.64793540984262,46.1061943116627],[12.648542984600306,46.10710818864054],[12.64918888408099,46.10712148139445],[12.649112272065565,46.10892264370881],[12.649758193003239,46.1089359336465],[12.65036582665118,46.10984980167401],[12.651657691802743,46.10987636414428],[12.651638557748198,46.11032665536504],[12.652284496256545,46.11033993133686],[12.652265366997042,46.110790222723246],[12.650327537080788,46.11075038324368],[12.650289245684167,46.11165096464616],[12.649643292784562,46.11163767710989],[12.649700744948907,46.110286805566304],[12.648408872022081,46.110260220797834],[12.648428032332475,46.109809930615064],[12.647782101802377,46.109796632967814],[12.647762936240854,46.110246922942814],[12.645179197666735,46.110193695051095],[12.645217570341014,46.10929311672257],[12.643925724790144,46.10926648172611],[12.643944920942612,46.10881619291526],[12.643299004101411,46.10880287015467],[12.64326060083701,46.10970344731821],[12.641968747518778,46.10967679002315],[12.642026383233148,46.10832592546458],[12.642672293912021,46.10833925531081],[12.642691499650057,46.10788896683267],[12.641399689249335,46.107862303909904],[12.641380473010296,46.10831259197146],[12.640734563243587,46.10829925483145],[12.64069611888944,46.10919983041225],[12.641342039157488,46.10921316796902],[12.641284384941251,46.110564031651535],[12.641930321418451,46.11057736618634],[12.641891893485402,46.11147794218216],[12.641245946505586,46.11146460723067],[12.641188285414557,46.112815470285554],[12.64183424814923,46.1128288058621],[12.642518631519009,46.11194156162981],[12.64316458466245,46.11195488949495],[12.643126174986918,46.11285546607283],[12.644398908627306,46.11333240033618],[12.644360517212158,46.1142329774957],[12.643714536897466,46.114219655884604],[12.643618524085298,46.116471097010624],[12.64489134426546,46.116948027182396],[12.644872150377248,46.117398315656544],[12.644226132838053,46.11738499623641],[12.644206933238896,46.117835284460625],[12.642914889021675,46.11780863425983],[12.64287646743624,46.118709209749944],[12.64547978972892,46.11831220866753],[12.645383835111634,46.12056365103295],[12.646675946018194,46.1205902745446],[12.646695127349115,46.120139985739186],[12.647987229569237,46.120166594241184],[12.648006399934948,46.11971630497819],[12.649944540916554,46.119756189744734],[12.64996369506372,46.11930589981679],[12.651255780817735,46.119332471004],[12.651274924000711,46.118882180619075],[12.64804473929478,46.11881572632683],[12.648063908288925,46.118365436938426],[12.647417877966006,46.118352135342995],[12.64810224490575,46.11746485803619],[12.648748265177085,46.11747815556788],[12.648767427546648,46.117027865846275],[12.649413443019748,46.11704115952216],[12.649432599679283,46.11659086955104],[12.650078610354123,46.116604159371214],[12.650648034130096,46.118418606838034],[12.65517027184849,46.11851151370516],[12.655151160643769,46.11896180537597],[12.653859079946553,46.11893527838361],[12.653839957778494,46.119385569598165],[12.653193912857024,46.11937230042218],[12.653155656644829,46.1202728823113],[12.650571439470003,46.120219767463915],[12.650552289663226,46.120670057515895],[12.64796805874631,46.12061688346233],[12.647283648628683,46.12150415872889],[12.645345450060713,46.12146422768634],[12.645326256848625,46.12191451595031],[12.647264471179652,46.12195444761676],[12.647245293273224,46.12240473646282],[12.645307063178766,46.122364804172435],[12.645287869051128,46.12281509235274],[12.643995707423935,46.12278845216613],[12.644014912060712,46.12233816440206],[12.643368837185534,46.12232483904384],[12.643349627294208,46.12277512659969],[12.64270354762056,46.12276179738455],[12.643195931668291,46.12637742554056],[12.644488176465579,46.12640407635571],[12.644468972961581,46.126854363951466],[12.643157503179285,46.127277999857405],[12.643138288247327,46.12772828695306],[12.645076703429533,46.127768259575646],[12.645115101299893,46.12686768409337],[12.645761230094031,46.12688100058603],[12.645780423086615,46.126430712574084],[12.64771879643552,46.12647063953256],[12.647737973203476,46.12602035085496],[12.646464921181488,46.1255434486441],[12.646484107545419,46.125093160298704],[12.645837999317738,46.12507984828733],[12.645876381183102,46.12417927188703],[12.647814675701524,46.12421919572641],[12.647833850182659,46.12376890683975],[12.649126038294671,46.12379550407237],[12.649106874323582,46.1242457933746],[12.652337378839027,46.12431222363821],[12.652299102078166,46.12521280419324],[12.65036076647314,46.12517295573677],[12.650341611641604,46.12562324532896],[12.649695495427217,46.1256099550043],[12.649676334883244,46.12606024434704],[12.65032245635319,46.12607353487935],[12.650264987746553,46.12742440327973],[12.649618850509183,46.12741111212441],[12.649580525307881,46.12831169043366],[12.648288231173769,46.128285096343916],[12.648269057374923,46.1287353850203],[12.646976754549266,46.128708775916934],[12.646995938860634,46.12825848765632],[12.646349793387243,46.12824517783834],[12.646311413794304,46.12914575390184],[12.6469575697803,46.129159064135756],[12.646938384553724,46.12960935231275],[12.646292223311235,46.12959604187086],[12.646273032370418,46.13004632979807],[12.64433453560763,46.13000637595051],[12.644315328438907,46.1304566632116],[12.644961498827326,46.1304699850186],[12.644903890343045,46.131820847175405],[12.644257704183774,46.131807524743934],[12.644200075804909,46.133158385899804],[12.642888452419767,46.1335820153895],[12.64281156426993,46.13538316117819],[12.644104019341958,46.135409820322884],[12.644161654594521,46.13405895979454],[12.644807867041052,46.13407228326683],[12.644846277736159,46.13317170895576],[12.646157877112026,46.13274805648304],[12.64617707079962,46.132297768806765],[12.646823263583686,46.13231108049654],[12.646861639071043,46.131410504602556],[12.647507821796335,46.131423812226494],[12.646900012727686,46.13050992854128],[12.648192357605936,46.13053653930774],[12.648876871013895,46.12964926174064],[12.64952303407777,46.129662557584],[12.649503869420169,46.13011284655051],[12.651442377111604,46.13015271280556],[12.651461525999112,46.129702423216166],[12.652753856220192,46.12972898205594],[12.65396967407917,46.131556687722835],[12.657846807259283,46.1316362378248],[12.657827709117493,46.132086529319764],[12.657181513862396,46.13207327988728],[12.65714330569704,46.13297386233793],[12.657789511467206,46.132987112184445],[12.657770411958682,46.13343740355415],[12.656477990356558,46.13341089979684],[12.656497100380511,46.13296060884126],[12.654558487153974,46.13292082645061],[12.654539361356981,46.13337111678459],[12.655831780236092,46.13339764244293],[12.655793548304846,46.134298223814476],[12.6570859900311,46.134324735700616],[12.65710509570882,46.13387444462148],[12.657751311994552,46.13388769488206],[12.65771311069942,46.134788277412646],[12.658359337954785,46.13480152443695],[12.658340241881993,46.13525181584658],[12.659651793825704,46.13482800753445],[12.659613622257854,46.135728591139554],[12.658967383579089,46.13571535100225],[12.658910107036641,46.137066225476126],[12.658263853035347,46.137052981067505],[12.65830204836979,46.13615239854057],[12.65700956276251,46.136125899599485],[12.656971346393403,46.137026481298314],[12.655032589833967,46.13698670426477],[12.654975214530976,46.13833757463519],[12.655621482040287,46.13835083791869],[12.655640602338464,46.13790054762977],[12.656933128200942,46.137927062830094],[12.65689490818502,46.13882764419479],[12.654956088517489,46.1387878646751],[12.654936962047733,46.139238154673244],[12.656229518557407,46.13926467841833],[12.656210402150249,46.13971496878912],[12.655564118408929,46.13970170853484],[12.655525873707202,46.140602288736744],[12.656172167967785,46.14061554940541],[12.656780237195408,46.14152938728646],[12.659384554602017,46.141132089262925],[12.659992683046307,46.142045911081546],[12.657407434716335,46.14199293164332],[12.656722895545148,46.14288025826844],[12.656076574530147,46.142867000215105],[12.656095694129899,46.142416710136715],[12.654156749590651,46.14237691469034],[12.654137614209972,46.14282720414691],[12.653491295011941,46.14281393148812],[12.653548715564956,46.14146306361518],[12.651609808039845,46.141423225598245],[12.65092518444854,46.142310515920535],[12.649632561576095,46.142283930853736],[12.649670904608717,46.141383354720915],[12.650317205297332,46.1413966486645],[12.650336370867784,46.14094636032768],[12.649690075438995,46.1409330665918],[12.649728415727555,46.14003249020816],[12.648455027251485,46.13955560477543],[12.6483399405248,46.14225733118193],[12.648986250822741,46.142270632843456],[12.64894789544011,46.143171208393476],[12.650240538443134,46.1431978015938],[12.65016386427247,46.14499895385426],[12.650810207499442,46.145012245808104],[12.650771878192222,46.14591282210288],[12.651418232396397,46.14592611082039],[12.651399072318172,46.146376399112725],[12.652691792613963,46.14640296600766],[12.651930493739284,46.14909141450791],[12.651284102248752,46.149078127988986],[12.65126493897038,46.14952841598873],[12.64997214683059,46.14950183157914],[12.64995297257055,46.14995211912169],[12.646720973881491,46.14988559314543],[12.646740174452422,46.149435306642346],[12.646093781344296,46.149421990698556],[12.646074575511227,46.149872276993584],[12.645428177597102,46.149858957189544],[12.646036162470374,46.15077284945816],[12.643450531453631,46.15071954666329],[12.644020043790094,46.152534019769355],[12.642727188006637,46.15250735209611],[12.642119240660515,46.15159344315016],[12.640179993359572,46.15155340454042],[12.639495056544963,46.15244061899452],[12.64014148192286,46.15245397291978],[12.640122225515348,46.152904257046664],[12.641434334050562,46.152480669812896],[12.641376595027792,46.15383152331945],[12.642650243829417,46.15430849168885],[12.641965310200884,46.15519572066816],[12.64131885187193,46.15518237644934],[12.641261104582608,46.15653322920257],[12.641907578702952,46.156546574046935],[12.641888333951949,46.15699685842282],[12.642534813793445,46.157010199822636],[12.643142824269317,46.15792410702937],[12.644435807293839,46.15795077239697],[12.644416582223016,46.15840105748085],[12.645063079684782,46.1584143848931],[12.645101518838842,46.15751381426701],[12.646375285255056,46.157990743049375],[12.64641370243463,46.15709017150701],[12.645767219853127,46.15707685202567],[12.645159174130542,46.15616295801414],[12.643866232305998,46.15613630161904],[12.644551148085952,46.155249061015105],[12.643277460617012,46.154772113187185],[12.643296692545324,46.15432182818523],[12.644589591347337,46.154348490219824],[12.64457036994596,46.154798775638376],[12.645216825295305,46.15481210138477],[12.64529368709594,46.15301095862669],[12.64594012184844,46.15302427988766],[12.645901702391463,46.153924851766675],[12.64719459431788,46.15395148416314],[12.647156194081317,46.154852056707135],[12.647802651255567,46.15486536784227],[12.647783455713762,46.15531565425953],[12.64972284576258,46.15535556637159],[12.649761204806389,46.15445499224801],[12.651034943963031,46.1549318687254],[12.651073281037428,46.154031293687304],[12.65236618025405,46.154057867640084],[12.652385337578455,46.1536075796431],[12.65303178260595,46.15362086093284],[12.65363993403629,46.154534715352014],[12.655579304792436,46.154574527590846],[12.655541040495462,46.15547510545005],[12.656187508850712,46.15548836930512],[12.65679573259338,46.156402208028226],[12.657442212385233,46.15641546499163],[12.657423094431604,46.15686575439661],[12.658716065905967,46.156892257778246],[12.658582301163463,46.16004428534269],[12.65922882443499,46.16005753300268],[12.65917150564434,46.16140840195346],[12.65785931025605,46.16183219089037],[12.657840192093119,46.16228248000128],[12.656547095165209,46.16225596434197],[12.656527966014295,46.16270625299677],[12.657801954398586,46.163183058097765],[12.657782834866957,46.16363334708337],[12.659075965207606,46.16365984936959],[12.659056855752292,46.16411013872754],[12.65970342686987,46.164123384596564],[12.660843804811117,46.16775218369885],[12.661490419425038,46.1677654202601],[12.66162405409945,46.164613390422815],[12.662270632298016,46.164626621882164],[12.66230879900072,46.16372604113943],[12.662955367119741,46.16373926853124],[12.663012597960112,46.16238839648402],[12.663659150733906,46.16240161960187],[12.663830771286424,46.1583489993469],[12.665123783415666,46.15837543090354],[12.665009436991884,46.16107718059397],[12.665655975326938,46.16109039213075],[12.665617866745572,46.16199097543994],[12.664971317879047,46.161977763490285],[12.66493319694691,46.16287834621968],[12.664286638001185,46.16286513020313],[12.664267571586683,46.163315421298734],[12.663621007827707,46.16330220142166],[12.663563790055,46.16465307383832],[12.662917210949908,46.16463984968734],[12.662859973280506,46.16599072110844],[12.662213378828369,46.165977492683176],[12.662098859591614,46.168679233158116],[12.662745485647628,46.16869246282366],[12.662669151451151,46.1704936231323],[12.663315799032304,46.17050684996983],[12.663277639738034,46.171407430287076],[12.662630981620223,46.17139420303618],[12.662592809967359,46.172294782773065],[12.661946141765817,46.17228155145364],[12.66192704998737,46.172731841052716],[12.658047018694903,46.172652375136536],[12.658104387497842,46.17130150993911],[12.657457733010755,46.171288253448054],[12.657495987133991,46.170387676855206],[12.656221837508907,46.16991086579241],[12.65626010996472,46.169010289777795],[12.655613483181185,46.16899702335833],[12.655670904242381,46.167646159644974],[12.654396833619037,46.16716932951297],[12.654435132197358,46.16626875424108],[12.653788538381908,46.16625547810232],[12.653807692252437,46.16580519061114],[12.652533680467087,46.16532834066781],[12.652552843956581,46.164878053508104],[12.653845998622272,46.164904615503424],[12.653884303163904,46.164004040228555],[12.653237736136258,46.16399076147295],[12.653218578827651,46.16444104892379],[12.65192543560509,46.16441448003535],[12.651944603446275,46.16396419299966],[12.651298037784185,46.16395090328197],[12.651278864676732,46.16440119011],[12.649985724186488,46.164374599297126],[12.649966540088744,46.164824885667855],[12.648026816972408,46.1647849714195],[12.648007616617463,46.16523525712474],[12.646714459620599,46.1652086289393],[12.646733670508407,46.16475834365012],[12.638974830091577,46.164598270093215],[12.638994103715502,46.16414798726342],[12.637700980582114,46.164121257598666],[12.637681696425952,46.164571540010805],[12.635095434592703,46.164518035998206],[12.635134044572965,46.163617472804056],[12.632547832204715,46.16356391200199],[12.632567157566937,46.16311363117899],[12.630627518907557,46.16307342284062],[12.630608177748162,46.16352370303535],[12.629315077074065,46.16349687878861],[12.629334428764839,46.163046599013],[12.628687884382915,46.163033181618594],[12.62866852742647,46.163483461184555],[12.627375429510817,46.163456615015136],[12.627317324274543,46.16480745220302],[12.626670760209095,46.16479402300819],[12.62665138560648,46.16524430177712],[12.625358248324142,46.16521743200582],[12.625300090144012,46.16656826680152],[12.624653506394482,46.16655482580487],[12.62461472142793,46.167455381705615],[12.621989519951901,46.16830213354803],[12.621950689145955,46.16920268743182],[12.621304076099891,46.16918922690269],[12.621245810613647,46.17054005678273],[12.620599182226776,46.170526591968],[12.620560325716344,46.171427144590766],[12.619913687255615,46.17141367570053],[12.619894253037035,46.17186395173851],[12.619247609770117,46.17185047898304],[12.61920872940543,46.17275103051207],[12.617268770767902,46.17271058905332],[12.617249314084997,46.17316086412296],[12.615956000101145,46.173133884454614],[12.615897595655735,46.174484708146956],[12.615250923552239,46.17447121219779],[12.615114593366714,46.17762313120079],[12.609294233324265,46.177501489877294],[12.608608467914943,46.178388499581864],[12.607315039521774,46.17836141981],[12.607197781927868,46.18106304731527],[12.606551036808083,46.181049500676124],[12.606472834667265,46.18285058399224],[12.60582606892981,46.18283703285034],[12.605708720091608,46.18553865529283],[12.605061923191908,46.185525099224016],[12.605022792634426,46.1864256392782],[12.603729179143198,46.186398515323795],[12.603709602620299,46.18684878486398],[12.603062791300527,46.18683521719005]],[[12.606687872590863,46.17789760325448],[12.607334580821634,46.177911148412],[12.607354121655113,46.17746087697197],[12.6067074186937,46.17744733202609],[12.606687872590863,46.17789760325448]],[[12.606060716196648,46.177433783424824],[12.6067074186937,46.17744733202609],[12.606746509499914,46.1765467894432],[12.60545312604689,46.17651968943221],[12.606060716196648,46.177433783424824]],[[12.609960457431919,46.177064747873544],[12.610607157443958,46.17707827433111],[12.610626670998982,46.17662800174968],[12.609979976256117,46.176614475503484],[12.609960457431919,46.177064747873544]],[[12.606746509499914,46.1765467894432],[12.607393201922987,46.1765603339658],[12.607412741357411,46.17611006239968],[12.606766054203316,46.17609651808871],[12.606746509499914,46.1765467894432]],[[12.608039894810268,46.17657387483315],[12.608686588161634,46.176587412045215],[12.609372328765806,46.175700401158586],[12.608078962674925,46.175673331235714],[12.608039894810268,46.17657387483315]],[[12.603532625400135,46.17602874170592],[12.604179310231382,46.17604230429285],[12.604198875543622,46.175592033743406],[12.603552195981159,46.17557847136839],[12.603532625400135,46.17602874170592]],[[12.606119367513543,46.176082970122536],[12.606766054203316,46.17609651808871],[12.60678559844027,46.175646246692175],[12.606138917019337,46.17563269893769],[12.606119367513543,46.176082970122536]],[[12.602905516883627,46.17556490533827],[12.603552195981159,46.17557847136839],[12.60357176609512,46.17512820098883],[12.602925092266235,46.17511463517067],[12.602905516883627,46.17556490533827]],[[12.611312381380356,46.17574097862907],[12.611959066512235,46.1757544971422],[12.611978568132526,46.17530422401221],[12.611331888269474,46.17529070571033],[12.611312381380356,46.17574097862907]],[[12.599045059063156,46.17503316350593],[12.600338401602354,46.17506033534762],[12.599730932147807,46.174146212914245],[12.599084271647795,46.1741326255905],[12.599045059063156,46.17503316350593]],[[12.60227841890239,46.17510106569747],[12.602925092266235,46.17511463517067],[12.60296424162994,46.17421409470928],[12.602317578802987,46.17420052566011],[12.60227841890239,46.17510106569747]],[[12.597222775713089,46.17229076790311],[12.597869413743606,46.172304365341645],[12.597889027997937,46.17185409657726],[12.59724239523507,46.17184049935119],[12.597222775713089,46.17229076790311]],[[12.616033866190717,46.17133278561034],[12.617327138030669,46.171359763592505],[12.617366047217697,46.17045921307539],[12.616072796448194,46.17043223593628],[12.616033866190717,46.17133278561034]],[[12.599926914322964,46.169643518689725],[12.600573522612233,46.169657100236286],[12.600593112990571,46.16920683037023],[12.59994650996825,46.169193249035885],[12.599926914322964,46.169643518689725]],[[12.599299907411414,46.16917966404726],[12.59994650996825,46.169193249035885],[12.600005294098434,46.167842439821925],[12.599358707341649,46.16782885547008],[12.599299907411414,46.16917966404726]],[[12.656887606471033,46.16947384077801],[12.657534239431383,46.16948710009528],[12.657553364895422,46.16903681165266],[12.65690673720284,46.169023552542576],[12.656887606471033,46.16947384077801]],[[12.65626010996472,46.169010289777795],[12.65690673720284,46.169023552542576],[12.656925867478103,46.16857326426538],[12.656279245507614,46.16856000170784],[12.65626010996472,46.169010289777795]],[[12.592912517105605,46.16724254349331],[12.593559093934783,46.16725616417298],[12.593578739904553,46.16680589643384],[12.592932168341544,46.16679227596698],[12.592912517105605,46.16724254349331]],[[12.596831223887609,46.166423675114686],[12.597477792982609,46.16643727344544],[12.597497406418974,46.165987004346405],[12.596850842589975,46.165973406228126],[12.596831223887609,46.166423675114686]],[[12.655670904242381,46.167646159644974],[12.65631751522344,46.16765942544257],[12.656336649396401,46.16720913724728],[12.655690043682581,46.167195871656965],[12.655670904242381,46.167646159644974]],[[12.624750460712775,46.16430343531909],[12.62539701813123,46.16431687526568],[12.625416402340916,46.163866596832705],[12.624769850188299,46.163853157096106],[12.624750460712775,46.16430343531909]],[[12.655139155107818,46.16493116288214],[12.655785734032722,46.164944431090255],[12.655804870732672,46.16449414285159],[12.655158297074243,46.164480874850796],[12.655139155107818,46.16493116288214]],[[12.594382420691543,46.163217368115916],[12.595028951062691,46.1632309795734],[12.595048582283573,46.162780711029924],[12.594402057177494,46.16276709978511],[12.594382420691543,46.163217368115916]],[[12.600847745371782,46.163353318283384],[12.60214081589401,46.163380464474606],[12.602160389198223,46.16293019359547],[12.600867329206421,46.16290304782839],[12.600847745371782,46.163353318283384]],[[12.64806521630777,46.16388439988356],[12.648711779691434,46.16389770787122],[12.648730973405803,46.16344742183258],[12.648084415288217,46.16343411405287],[12.64806521630777,46.16388439988356]],[[12.649358343531032,46.1639110122049],[12.651298037784185,46.16395090328197],[12.651317210434115,46.16350061641214],[12.649377531979312,46.16346072595838],[12.649358343531032,46.1639110122049]],[[12.637092997166096,46.16320732275332],[12.637739547513931,46.16322069264876],[12.63777811260517,46.16232012753137],[12.637131572788654,46.16230675805374],[12.637092997166096,46.16320732275332]],[[12.647437857626675,46.16342080261922],[12.648084415288217,46.16343411405287],[12.648103613810523,46.16298382818035],[12.64745706141492,46.1629705169547],[12.647437857626675,46.16342080261922]],[[12.630000319569872,46.16260973272656],[12.630646859605429,46.16262314260396],[12.63066619984179,46.16217286232541],[12.630019665071679,46.16215945265753],[12.630000319569872,46.16260973272656]],[[12.58864240102129,46.161293634683624],[12.58993541170818,46.16132091800196],[12.589994424690246,46.15997011684863],[12.58934793490611,46.159956477655406],[12.58932825911725,46.16040674453552],[12.588035270422724,46.16037945476362],[12.58864240102129,46.161293634683624]],[[12.628080063518924,46.16211920173221],[12.628726596910122,46.162132622360915],[12.628745952480909,46.161682342669216],[12.62809942435499,46.16166892225021],[12.628080063518924,46.16211920173221]],[[12.641010818555493,46.16238692011395],[12.64165736111823,46.1624002676693],[12.64167661138056,46.161949983795616],[12.641030074083373,46.16193663644883],[12.641010818555493,46.16238692011395]],[[12.644243535940605,46.16245362135323],[12.645555844761637,46.16202999114877],[12.646279234284723,46.160242171173344],[12.644339677352175,46.160202197398064],[12.644320449987507,46.16065248227276],[12.643027403785574,46.16062581440514],[12.643046641680435,46.16017552994711],[12.642400124529926,46.16016219074144],[12.642380881369988,46.16061247499102],[12.641734359411492,46.1605991319234],[12.64234239367254,46.16151304336466],[12.642988926618655,46.161526383195636],[12.64296968734657,46.16197666752814],[12.644262765140594,46.16200333664588],[12.644243535940605,46.16245362135323]],[[12.630039010111865,46.1617091725466],[12.630685539616653,46.16172258200495],[12.630704878930034,46.16127230164257],[12.63005835469044,46.16125889239375],[12.630039010111865,46.1617091725466]],[[12.639109735801181,46.16144628940543],[12.639756266460475,46.1614596475045],[12.639794796279777,46.160559080799494],[12.638521031229812,46.16008207878495],[12.638482481269637,46.160982644738695],[12.639129006205943,46.160996006282595],[12.639109735801181,46.16144628940543]],[[12.634603341271013,46.16090239875139],[12.63524986345835,46.160915782216385],[12.63526916499381,46.160465500305186],[12.634622648071515,46.1604521170493],[12.634603341271013,46.16090239875139]],[[12.652059600888457,46.16126246990777],[12.652706135410792,46.16127575472589],[12.652744453702137,46.16037517961241],[12.652097929710486,46.16036189520944],[12.652117093435557,46.15991160779758],[12.650824057348254,46.159885028446304],[12.650804883092915,46.160335315442836],[12.651451406174038,46.16034860715292],[12.652059600888457,46.16126246990777]],[[12.590033764331512,46.15906958253581],[12.590680244054791,46.15908321764992],[12.590719571291203,46.158182682742506],[12.59007310209549,46.158169048054475],[12.590033764331512,46.15906958253581]],[[12.621065315728524,46.159719947402934],[12.6217118177297,46.15973340716927],[12.621731228901771,46.15928312957759],[12.6210847321651,46.159269670021565],[12.621065315728524,46.159719947402934]],[[12.635934978184533,46.160028597745466],[12.636581490758681,46.16004197348544],[12.636600780843407,46.159591691072414],[12.635954273534075,46.15957831554143],[12.635934978184533,46.160028597745466]],[[12.637874517281446,46.160068714005185],[12.638521031229812,46.16008207878495],[12.638540305520008,46.15963179574528],[12.637893796836499,46.15961843117434],[12.637874517281446,46.160068714005185]],[[12.647572274521591,46.16026880208938],[12.649511838297157,46.16030872106205],[12.649550207410481,46.15940814785824],[12.648903696226142,46.159394845603245],[12.648922885360985,46.15894455914648],[12.648276379897267,46.158931253445985],[12.648237990639917,46.15983182590188],[12.647591475102367,46.15981851613212],[12.647572274521591,46.16026880208938]],[[12.621731228901771,46.15928312957759],[12.622377726099497,46.159296585480426],[12.622397131544007,46.15884630763654],[12.621750639610672,46.158832851943956],[12.621731228901771,46.15928312957759]],[[12.626903219382587,46.1593906745104],[12.627549720264247,46.159404101187484],[12.627569083593128,46.158953821663665],[12.62692258797597,46.15894039519639],[12.626903219382587,46.1593906745104]],[[12.637247288610924,46.15960506295005],[12.637893796836499,46.15961843117434],[12.637951632741494,46.158267582430575],[12.6373051403097,46.158254214832915],[12.637343705808256,46.15735364921214],[12.637990187711493,46.157367016392065],[12.638009464506535,46.15691673331],[12.639948897170587,46.156956812305054],[12.639929636167901,46.15740709601338],[12.641241854567555,46.15698351336995],[12.641261104582608,46.15653322920257],[12.639987417797233,46.15605624476287],[12.640025936585674,46.15515567705324],[12.639379479628621,46.15514232187598],[12.639398743597056,46.15469203816705],[12.638086567087289,46.15511560056306],[12.638048016716764,46.15601616702027],[12.636755084952041,46.15598943026068],[12.636735798549227,46.15643971300871],[12.636089328090101,46.156426338940605],[12.636012156820286,46.15822746867807],[12.634719175163946,46.15820070791055],[12.634738479200513,46.15775042595714],[12.63409199432433,46.15773704030281],[12.634111303164438,46.157286758516676],[12.632818345316341,46.15725997666722],[12.632837664223736,46.15680969525766],[12.630898246685296,46.15676949571399],[12.630878911985993,46.157219776495424],[12.630232435127521,46.157206369132155],[12.630213094702803,46.157656649662194],[12.632152542448054,46.157696861421314],[12.632113891799765,46.158597423612306],[12.6334068803157,46.15862421402358],[12.63338756482884,46.15907449547483],[12.635973568423207,46.15912803329552],[12.63599286285194,46.15867775100773],[12.636639359632014,46.158691126120736],[12.637247288610924,46.15960506295005]],[[12.640479834316894,46.15967186753786],[12.641772855802202,46.15969856379935],[12.64116484991394,46.15878464962092],[12.639871850402244,46.15875794688714],[12.640479834316894,46.15967186753786]],[[12.655368828559952,46.159527703748424],[12.657954894227922,46.1595807447094],[12.657974009653833,46.15913045534792],[12.657327497820457,46.15911720079504],[12.657403976021788,46.15731604375983],[12.65675748570132,46.15730278638214],[12.656776609375504,46.15685249722607],[12.656130124773625,46.156839236402355],[12.655368828559952,46.159527703748424]],[[12.588799843810827,46.15769150084243],[12.589446306808547,46.157705142622895],[12.589465979780757,46.157254875490025],[12.58881952204648,46.15724123392271],[12.588799843810827,46.15769150084243]],[[12.648922885360985,46.15894455914648],[12.650215897655656,46.158971159587395],[12.650235075803185,46.15852087267318],[12.648942074037949,46.15849427264791],[12.648922885360985,46.15894455914648]],[[12.58235497042979,46.15710461735374],[12.583001423484726,46.157118295447454],[12.583040873284807,46.15621776532327],[12.582394430756098,46.15620408765698],[12.58235497042979,46.15710461735374]],[[12.589465979780757,46.157254875490025],[12.591405355786582,46.1572957782759],[12.591425012499371,46.15684551046183],[12.590151771992007,46.15636797858639],[12.589465979780757,46.157254875490025]],[[12.59722350900179,46.15741828938716],[12.59786997280057,46.15743188346915],[12.598555634227242,46.15654493355026],[12.597262727217815,46.15651774988854],[12.59722350900179,46.15741828938716]],[[12.650235075803185,46.15852087267318],[12.65088157736915,46.15853416720585],[12.650900749794452,46.1580838800421],[12.6502542534931,46.15807058571716],[12.650235075803185,46.15852087267318]],[[12.594010832655892,46.156899995520554],[12.594657288861237,46.156913607653586],[12.59469654824771,46.15601306977112],[12.595342994392787,46.156026677826226],[12.59538224137986,46.15512613935012],[12.594735805760786,46.155112531720256],[12.59542148649415,46.15422560070564],[12.598007191527486,46.15427999300078],[12.59747839395682,46.15156477963719],[12.59879077792539,46.15114168792724],[12.598849553331474,46.14979087557479],[12.598203178529689,46.14977728875496],[12.598183581933577,46.15022755936891],[12.596890823203339,46.150200374349126],[12.596831999039281,46.15155118466415],[12.596185604587442,46.15153758603908],[12.596205218371784,46.15108731618863],[12.594912441389333,46.15106010840762],[12.594971311504144,46.149709299879014],[12.594324939496587,46.149695691148494],[12.594285682698587,46.150596229784384],[12.593639300634225,46.15058261697675],[12.593658934528907,46.15013234789256],[12.5917198069186,46.15009148819688],[12.591680507091393,46.15099202504634],[12.592326893018118,46.15100564902242],[12.591641205388894,46.151892561727344],[12.592914357725633,46.15237007558201],[12.592894716226501,46.15282034424295],[12.594187532507954,46.15284757563741],[12.593501850254555,46.153734499387326],[12.59220901385664,46.15370725983737],[12.592228661555424,46.15325699147349],[12.591582249318733,46.15324336643302],[12.592150067947552,46.155058064676375],[12.594089370607893,46.15509892043794],[12.59405010256884,46.15599945806345],[12.593403657356307,46.15598584270324],[12.594010832655892,46.156899995520554]],[[12.634738479200513,46.15775042595714],[12.635384964535199,46.15776380795838],[12.63542356069832,46.156863243507736],[12.634777085891834,46.15684986192468],[12.634738479200513,46.15775042595714]],[[12.589505324317017,46.1563543410979],[12.590151771992007,46.15636797858639],[12.590171438293003,46.15591771111406],[12.589524995881092,46.155904073838656],[12.589505324317017,46.1563543410979]],[[12.599202088430228,46.15655851990214],[12.60051458032198,46.15613541077405],[12.601239333292659,46.154347901191365],[12.599926889707147,46.15477101970223],[12.599907303755995,46.15522129049013],[12.59926086487714,46.155207708427575],[12.599202088430228,46.15655851990214]],[[12.628939482788793,46.15717954344663],[12.629585958728413,46.15719295811589],[12.62962464872118,46.15629239734916],[12.628331718356936,46.15626556519622],[12.628370427557805,46.15536500510036],[12.627723973592335,46.155351583964006],[12.627665893307395,46.1567024234158],[12.628958833279883,46.15672926329385],[12.628939482788793,46.15717954344663]],[[12.60116103065733,46.15614898595581],[12.601807481457643,46.156162557484926],[12.601827052553881,46.155712286144855],[12.601180607016772,46.155698714827786],[12.60116103065733,46.15614898595581]],[[12.596028677464993,46.155139743327545],[12.596675114016056,46.1551533436525],[12.596694726281623,46.15470307392626],[12.5960482949934,46.1546894738138],[12.596028677464993,46.155139743327545]],[[12.619947139113263,46.15564052275463],[12.62124004698024,46.15566744946016],[12.620671260159549,46.153852877487395],[12.619378395320316,46.153825945159745],[12.619947139113263,46.15564052275463]],[[12.649684484888196,46.156256140327955],[12.650330959676893,46.156269437475046],[12.650350135078943,46.15581915030999],[12.649703665554219,46.15580585337068],[12.649684484888196,46.156256140327955]],[[12.581826924750702,46.15438934729374],[12.583119767237665,46.154416704568995],[12.583159211390669,46.153516173938904],[12.582512800437646,46.15350249755478],[12.582532527070512,46.15305223239019],[12.581886121848163,46.15303855256767],[12.581826924750702,46.15438934729374]],[[12.599280456091202,46.15475743785191],[12.599926889707147,46.15477101970223],[12.599966060207553,46.15387047800026],[12.599319637117052,46.15385689657434],[12.599280456091202,46.15475743785191]],[[12.632249160999601,46.15544545521059],[12.632895618180235,46.155458850777585],[12.632914935243885,46.15500856920043],[12.632268483326735,46.154995173842735],[12.632249160999601,46.15544545521059]],[[12.65358248953172,46.15588558021186],[12.654875434497434,46.15591212660163],[12.654267248052765,46.15499827828694],[12.653620786324984,46.1549850036804],[12.65358248953172,46.15588558021186]],[[12.579907413159297,46.15389801976405],[12.580553827499783,46.15391171097061],[12.580573570390127,46.15346144648958],[12.57992716131189,46.15344775549693],[12.579907413159297,46.15389801976405]],[[12.624511096152458,46.154834144639636],[12.625803989416479,46.15486101936691],[12.625823363915403,46.15441074005333],[12.624530481177784,46.15438386574595],[12.624511096152458,46.154834144639636]],[[12.640672394000152,46.155169028577696],[12.64131885187193,46.15518237644934],[12.641338100049808,46.15473209211455],[12.640691647441562,46.15471874445147],[12.640672394000152,46.155169028577696]],[[12.630348467985403,46.15450468507181],[12.630994913262098,46.1545180911782],[12.63101424519361,46.154067810145335],[12.630367805180105,46.15405440424842],[12.630348467985403,46.15450468507181]],[[12.632934251846633,46.15455828758138],[12.634246452145797,46.154134784840785],[12.63428506199465,46.15323422055639],[12.633638630212813,46.1532208333409],[12.63365793970922,46.152770551345064],[12.631072238220698,46.152716966795296],[12.631033576663873,46.153617529070566],[12.632326447542018,46.153644329487825],[12.632934251846633,46.15455828758138]],[[12.579946908993321,46.152997491187634],[12.581239717094427,46.15302486909307],[12.58125945378071,46.15257460431385],[12.58061305475773,46.15256091740102],[12.580672277776614,46.15121012345187],[12.579359761649236,46.151633004217814],[12.579320258118463,46.15253353261933],[12.579966656203606,46.15254722683618],[12.579946908993321,46.152997491187634]],[[12.577381066678157,46.15249242805685],[12.578027463355614,46.152506133229664],[12.57808674951518,46.151155341848366],[12.578733130876879,46.15116904272698],[12.578126271264203,46.15025481404989],[12.576813759832937,46.15067766568588],[12.577381066678157,46.15249242805685]],[[12.621337103685752,46.15341606024568],[12.622629960765682,46.15344297023789],[12.622022340910199,46.15252896066802],[12.621375923126047,46.1525155042662],[12.621337103685752,46.15341606024568]],[[12.590975152588769,46.152329201737906],[12.591621553834376,46.152342830004685],[12.591641205388894,46.151892561727344],[12.590994809405267,46.151878933673515],[12.590975152588769,46.152329201737906]],[[12.598085591939599,46.15247891180739],[12.598731998312294,46.15249249990101],[12.598751591984128,46.152042229285165],[12.598105190873563,46.15202864140386],[12.598085591939599,46.15247891180739]],[[12.634950793205602,46.152797321705236],[12.635597220641388,46.15281070140663],[12.635635806675838,46.151910136034566],[12.634989389765495,46.1518967567513],[12.634950793205602,46.152797321705236]],[[12.618163276460175,46.15199789047182],[12.61945609735285,46.15202483572526],[12.619533791970168,46.15022372561931],[12.618887402341628,46.1502102556606],[12.61890683009925,46.149759978239665],[12.6176140627501,46.14973302778731],[12.61757518572389,46.15063358174502],[12.618848545435803,46.15111081037656],[12.618163276460175,46.15199789047182]],[[12.627859478090697,46.152199623775864],[12.628505895215088,46.152213043444355],[12.628525245890659,46.15176276304011],[12.627878834028778,46.15174934358131],[12.627859478090697,46.152199623775864]],[[12.58521667351216,46.150855584432136],[12.585863054766467,46.150869244926916],[12.585882752268413,46.150418978441586],[12.585236376275587,46.150405318160246],[12.58521667351216,46.150855584432136]],[[12.629171658212114,46.15177617884664],[12.63046448423325,46.15180299950279],[12.630483818659904,46.15135271842793],[12.629837410682097,46.151339310135505],[12.629876088676006,46.15043874827909],[12.62922969168196,46.15042533675355],[12.629249035248854,46.14997505597203],[12.627309862809696,46.14993480011167],[12.62727114364196,46.1508353603748],[12.627917544519525,46.15084878306642],[12.627898189505048,46.151299063344815],[12.629191003163603,46.15132589819085],[12.629171658212114,46.15177617884664]],[[12.631757312091189,46.15182980554972],[12.633050141784931,46.15185659698736],[12.633069455161746,46.15140631507504],[12.63177663599295,46.15137952405601],[12.631757312091189,46.15182980554972]],[[12.584590000750671,46.150391654227136],[12.585236376275587,46.150405318160246],[12.58525607856895,46.149955051846234],[12.584609708305376,46.149941388126614],[12.584590000750671,46.150391654227136]],[[12.5774996663231,46.14979084619934],[12.57814603143155,46.14980455008741],[12.578205309105098,46.14845375794677],[12.576912610923175,46.148426347803834],[12.57689284164845,46.14887661146462],[12.577539195765533,46.14889031857599],[12.5774996663231,46.14979084619934]],[[12.58525607856895,46.149955051846234],[12.585902449300422,46.14996871191414],[12.58592214586251,46.14951844534453],[12.585275780392266,46.14950478549006],[12.58525607856895,46.149955051846234]],[[12.599476342525442,46.15025472978128],[12.600122723519172,46.150268309509656],[12.600161884675131,46.14936776696633],[12.59951551420434,46.14935418766228],[12.599476342525442,46.15025472978128]],[[12.63050315262526,46.15090243731119],[12.631795959433664,46.15092924252044],[12.63181528241335,46.15047896094294],[12.630522486129335,46.15045215615252],[12.63050315262526,46.15090243731119]],[[12.569763149758842,46.149175853500175],[12.570409503965426,46.14918960099262],[12.57042932632027,46.148739339518805],[12.569782977374457,46.14872559224116],[12.569763149758842,46.149175853500175]],[[12.594344567193158,46.14924542176741],[12.595637301151683,46.14927263515146],[12.59567653409558,46.14837209541261],[12.595030177405562,46.148358490971574],[12.594344567193158,46.14924542176741]],[[12.616967679767923,46.14971954708322],[12.6176140627501,46.14973302778731],[12.61763350056756,46.149282750745506],[12.616987122847034,46.14926927025205],[12.616967679767923,46.14971954708322]],[[12.625370694508463,46.149894511382904],[12.627309862809696,46.14993480011167],[12.627348580129917,46.149034239680866],[12.62799495995975,46.149047661533594],[12.628014312665455,46.14859738104559],[12.626721563988754,46.14857053410767],[12.626702200759825,46.14902081417618],[12.626055821849597,46.149007385019594],[12.625370694508463,46.149894511382904]],[[12.616340745588257,46.14925578610669],[12.616987122847034,46.14926927025205],[12.617006565462278,46.14881899337889],[12.616360193465013,46.14880550944423],[12.616340745588257,46.14925578610669]],[[12.624743685933227,46.149430795147595],[12.625390069185034,46.149444231817945],[12.625409443399365,46.148993952211086],[12.624763065409248,46.14898051575065],[12.624743685933227,46.149430795147595]],[[12.635732263706844,46.14965872187155],[12.637025046278973,46.149685467391436],[12.637709986271343,46.14879826746138],[12.637063604822156,46.148784900597285],[12.637121439187265,46.147434050092016],[12.63518234494127,46.147393929468606],[12.635201637927004,46.14694364650999],[12.634555279355824,46.146930265874346],[12.634516682401406,46.14783083133157],[12.633204635897993,46.14825434051593],[12.633166015134186,46.149154904885144],[12.635751553732279,46.149208438913305],[12.635732263706844,46.14965872187155]],[[12.644781780139242,46.14984563373334],[12.645428177597102,46.149858957189544],[12.645447388692295,46.149408671102655],[12.644800996496548,46.14939534785461],[12.644781780139242,46.14984563373334]],[[12.62411668787937,46.14896707563832],[12.624763065409248,46.14898051575065],[12.624782444422914,46.14853023631179],[12.624136072154588,46.14851679640945],[12.62411668787937,46.14896707563832]],[[12.640922652910316,46.14931533167228],[12.642215432278562,46.149342018341414],[12.6422346692252,46.14889173325413],[12.644800996496548,46.14939534785461],[12.64485864281769,46.14804448996745],[12.643585116413169,46.14756754813504],[12.643662012013364,46.145766405198444],[12.643015663279169,46.14575307266076],[12.64240778109348,46.14483916558553],[12.641761443794401,46.144825826161444],[12.641780681412737,46.14437554086413],[12.642427013451151,46.144388880079774],[12.64244624535,46.143938594532194],[12.641799918572126,46.14392525552497],[12.641857627296742,46.142574399256425],[12.643169474551064,46.14215078644588],[12.643207922782475,46.141250214473736],[12.644500515499654,46.14127687173193],[12.644519728408055,46.1408265852666],[12.643873437080977,46.14081325867127],[12.643911872041809,46.13991268603156],[12.642600084024814,46.14033630864524],[12.642676992352982,46.13853516469755],[12.643323256470687,46.138548497553245],[12.643361697365114,46.137647924911704],[12.642069190621681,46.13762125638299],[12.641384465487349,46.138508488034],[12.64073820273967,46.138495144226155],[12.640776685704845,46.13759457325188],[12.639484182615595,46.137567875518414],[12.63946493084503,46.13801816060935],[12.638818674727345,46.13800480605809],[12.638799417238676,46.13845509089849],[12.640091940448913,46.13848179676762],[12.640072693018803,46.13893208198345],[12.639426425926114,46.1389187306656],[12.639407172777734,46.13936901563095],[12.640053445129533,46.139382367157395],[12.640014947973457,46.14028293737976],[12.637449089080736,46.139779223444116],[12.63687990911849,46.13796472050062],[12.635606684323351,46.137487694704525],[12.635625967186039,46.13703741082456],[12.634979724331082,46.137024034787665],[12.63496043620988,46.13747431845866],[12.633021694618074,46.13743416781788],[12.633040998514737,46.13698388477423],[12.632394757492545,46.13697049413552],[12.632375448337424,46.13742077696994],[12.630436712247073,46.137380582523136],[12.63032075298315,46.140082274881486],[12.629008862768226,46.140505739311315],[12.62895084397142,46.141856583541966],[12.628304547853073,46.14184316869526],[12.628265855828674,46.1427437308869],[12.628912162466657,46.142757146152825],[12.628854136748897,46.14410798975476],[12.629500459626614,46.144121401998206],[12.6295197967337,46.143671120629904],[12.630812433346085,46.14369793374386],[12.630793106759581,46.14414821553111],[12.633397712077334,46.14375151615633],[12.633359100526393,46.14465208136339],[12.634005431876515,46.144665468256576],[12.6333204871331,46.14555264640287],[12.634613171334438,46.145579417374385],[12.634593874468617,46.146029700249606],[12.635240222517636,46.1460430804671],[12.635201637927004,46.14694364650999],[12.636494356443771,46.14697039682608],[12.636513638446894,46.14652011340761],[12.63715999313105,46.14653348287916],[12.637198545235268,46.14563291549878],[12.636552201073105,46.14561954644504],[12.636571481696217,46.14516926290095],[12.638510499773414,46.14520935848096],[12.638491234932767,46.14565964265155],[12.639137580467848,46.145673000750556],[12.639079798971459,46.147023853637315],[12.639726160747266,46.14703720871072],[12.639706904590792,46.14748749313126],[12.64099964003697,46.147514192739905],[12.640314768917191,46.14840141389426],[12.641607526323972,46.148428107033375],[12.640922652910316,46.14931533167228]],[[12.575013135869757,46.14748467904098],[12.577598486392805,46.14753952682456],[12.57761824899225,46.14708926282306],[12.575679251176766,46.14704813310499],[12.576365128137828,46.14616131938939],[12.575072485377031,46.14613388948068],[12.575013135869757,46.14748467904098]],[[12.622920903565227,46.146688789995],[12.62356725386788,46.146702236360575],[12.623606027853244,46.145801677861584],[12.622959688072266,46.145788231916164],[12.622920903565227,46.146688789995]],[[12.64489707140628,46.147143917833496],[12.645543437293355,46.147157240040684],[12.64556264563868,46.146706953702804],[12.644916285012965,46.14669363170378],[12.64489707140628,46.147143917833496]],[[12.617769552305706,46.14613081027759],[12.618415893659705,46.14614428564524],[12.61843532250693,46.145694008057106],[12.619081659061656,46.14570747956277],[12.619766831339598,46.144820391272965],[12.618474178810864,46.144793452754904],[12.618454750890645,46.14524373042698],[12.61780842005785,46.14523025548041],[12.617769552305706,46.14613081027759]],[[12.644269924843545,46.146680306052986],[12.644916285012965,46.14669363170378],[12.64493549816126,46.14624334553224],[12.64428914325306,46.14623002008965],[12.644269924843545,46.146680306052986]],[[12.630715795802667,46.145949342261055],[12.63136214110016,46.14596274438809],[12.63138146427024,46.14551246255906],[12.630735124233558,46.14549906064141],[12.630715795802667,46.145949342261055]],[[12.623625414152158,46.14535139854916],[12.624918084573842,46.14537827906548],[12.624937459889175,46.144927999291134],[12.623644799988579,46.14490111919481],[12.623625414152158,46.14535139854916]],[[12.62170581359075,46.144860771665],[12.62235214192945,46.14487422449297],[12.62237153782417,46.14442394551689],[12.621725214745842,46.14441049289911],[12.62170581359075,46.144860771665]],[[12.649498346553825,46.14543594600168],[12.650144694586505,46.145449241814866],[12.65016386427247,46.14499895385426],[12.64951752150074,46.14498565824882],[12.649498346553825,46.14543594600168]],[[12.607506223807448,46.14411361154071],[12.608152536720976,46.14412714448556],[12.608172047875216,46.143676870104905],[12.607525740221632,46.1436633373715],[12.607506223807448,46.14411361154071]],[[12.61657408948959,46.143852463386374],[12.617220403618472,46.143865945003725],[12.617239840668349,46.14341566762685],[12.616593531799477,46.143402186220136],[12.61657408948959,46.143852463386374]],[[12.619217611193493,46.14255553379727],[12.619863911388151,46.14256900017856],[12.619883326008319,46.14211872183379],[12.619237031073347,46.14210525566291],[12.619217611193493,46.14255553379727]],[[12.619883326008319,46.14211872183379],[12.620529621404323,46.14213218435366],[12.62054903030176,46.141681905756606],[12.619902740165335,46.141668443447074],[12.619883326008319,46.14211872183379]],[[12.643150249747421,46.14260107236917],[12.643796561657645,46.142614403448675],[12.643815781201221,46.14216411731709],[12.643169474551064,46.14215078644588],[12.643150249747421,46.14260107236917]],[[12.651628963090607,46.140972936846154],[12.65227525988439,46.14098621962875],[12.652294409218449,46.140535930627316],[12.651648117684406,46.140522648052276],[12.651628963090607,46.140972936846154]],[[12.653567854836078,46.14101277424062],[12.654214152993735,46.14102604606988],[12.65423328654849,46.14057575644617],[12.653586993650615,46.14056248482428],[12.653567854836078,46.14101277424062]],[[12.652332706516114,46.139635352499084],[12.652978987985756,46.13964863100812],[12.652998130690012,46.13919834167386],[12.652351854479745,46.139185063372295],[12.652332706516114,46.139635352499084]],[[12.627813043905897,46.13822750143145],[12.628459297491418,46.138240918252],[12.628478639119772,46.13779063675798],[12.627832390792866,46.13777722014705],[12.627813043905897,46.13822750143145]],[[12.625893648569061,46.13773694841127],[12.626539895517386,46.137750375973695],[12.626578608940429,46.136849814118],[12.62593237250888,46.13683638697517],[12.625893648569061,46.13773694841127]],[[12.651743883799462,46.13827120345591],[12.652390149036679,46.13828448499331],[12.652409295630004,46.13783419574113],[12.65176303565178,46.13782091441125],[12.651743883799462,46.13827120345591]],[[12.651116776128331,46.13780762943069],[12.65176303565178,46.13782091441125],[12.65178218704723,46.13737062532482],[12.651135932782633,46.13735734055182],[12.651116776128331,46.13780762943069]],[[12.652409295630004,46.13783419574113],[12.653701816950296,46.13786074744875],[12.653720952569111,46.13741045773991],[12.65242844176659,46.13738390644716],[12.652409295630004,46.13783419574113]],[[12.631748516928857,46.136957099846356],[12.632394757492545,46.13697049413552],[12.63241406618706,46.1365202112592],[12.631767830881694,46.136506817179324],[12.631748516928857,46.136957099846356]],[[12.636272210498877,46.13705078321096],[12.638210943183429,46.137090878467276],[12.638230204552444,46.13664059371],[12.637583965125156,46.136627232483825],[12.63760323129302,46.136176947893446],[12.636310764327641,46.136150214907495],[12.636272210498877,46.13705078321096]],[[12.64014967998442,46.137130940869056],[12.640795926498935,46.13714428770196],[12.641480643164686,46.13625705924197],[12.64018817071254,46.13623037006074],[12.64014967998442,46.137130940869056]],[[12.629182894247618,46.136453204356094],[12.629829127717779,46.13646661303744],[12.629848456984401,46.1360163309567],[12.629202228772382,46.136002922484856],[12.629182894247618,46.136453204356094]],[[12.64727760450152,46.13682726757668],[12.647923850776259,46.13684057404547],[12.64794303280942,46.1363902861217],[12.6472967917932,46.13637697986082],[12.64727760450152,46.13682726757668]],[[12.629848456984401,46.1360163309567],[12.630494685655394,46.13602973577823],[12.630514009202907,46.13557945344614],[12.629867785789942,46.13556604883403],[12.629848456984401,46.1360163309567]],[[12.638249465461993,46.13619030891086],[12.63889570008832,46.136203666277886],[12.638914955280207,46.1357533812282],[12.638268725912086,46.135740024069875],[12.638249465461993,46.13619030891086]],[[12.62728289672894,46.13551239388326],[12.62857534034102,46.135539228659106],[12.628594679201264,46.13508894691358],[12.62794846242342,46.13507553156038],[12.62798714927536,46.13417496836282],[12.627340943472161,46.13416154977878],[12.62728289672894,46.13551239388326]],[[12.640207415387973,46.13578008459382],[12.640853646127372,46.135793430801094],[12.64087288508562,46.13534314508376],[12.640226659604345,46.13532979908501],[12.640207415387973,46.13578008459382]],[[12.646669743324956,46.13591338239975],[12.647315978627182,46.13592669210315],[12.647354350922086,46.13502611646235],[12.646061901806107,46.134999494237064],[12.646669743324956,46.13591338239975]],[[12.6253635999065,46.135021833645986],[12.626009814846313,46.13503526359982],[12.626029174276125,46.134584982651155],[12.625382964593998,46.13457155290716],[12.6253635999065,46.135021833645986]],[[12.635703094037106,46.135236274885855],[12.638934210012778,46.135303096136624],[12.638953464286049,46.13485281100319],[12.640226659604345,46.13532979908501],[12.640245903361663,46.13487951353435],[12.641557577047562,46.13445591545509],[12.641576809371312,46.13400562940375],[12.64093059920686,46.13399228768069],[12.640969072993235,46.133091715869405],[12.64032287380069,46.133078370913246],[12.640342115262953,46.13262808515332],[12.638403536199165,46.1325880290107],[12.63908823133963,46.131700813897154],[12.637149686561724,46.1316607371073],[12.637130419731987,46.13211102190757],[12.636484233797082,46.132097655469146],[12.63650350588386,46.13164737087773],[12.63585732566359,46.13163400099836],[12.635895878971752,46.13073343210773],[12.63462282740941,46.13025639814538],[12.633938080404192,46.13114358566419],[12.632626431430502,46.13156709685478],[12.632568519162929,46.132917946740534],[12.633860907024554,46.13294472060226],[12.633822317573381,46.133845287819966],[12.63576093434612,46.13388542249211],[12.635780213529333,46.13343513827712],[12.637072616485229,46.13346187605708],[12.637091884693753,46.13301159138245],[12.637738081600618,46.13302495458859],[12.637014809101865,46.13481272982979],[12.63572237460002,46.13478599079649],[12.635703094037106,46.135236274885855]],[[12.647981395503024,46.13548971014872],[12.649273857868383,46.13551631088775],[12.64931219769938,46.13461573391626],[12.64801975636643,46.13458913400849],[12.647981395503024,46.13548971014872]],[[12.654443725528278,46.135622567827774],[12.655089961031035,46.135635833518364],[12.655109083851025,46.13518554318601],[12.654462853606562,46.135172277702694],[12.654443725528278,46.135622567827774]],[[12.655736196987881,46.1356490955585],[12.656382433398692,46.135662353948184],[12.656401545702057,46.135212063201465],[12.655755314549566,46.13519880501893],[12.655736196987881,46.1356490955585]],[[12.653816623816297,46.13515900856899],[12.655128206214856,46.13473525281188],[12.655166449574093,46.13383467193829],[12.65387402108758,46.13380813856505],[12.653854889120206,46.13425842860815],[12.653208670300424,46.13424515623884],[12.653816623816297,46.13515900856899]],[[12.656401545702057,46.135212063201465],[12.657694009368395,46.135238568615286],[12.65771311069942,46.134788277412646],[12.656420657549512,46.13476177241295],[12.656401545702057,46.135212063201465]],[[12.63574165470302,46.13433570666524],[12.636387866467322,46.13434907779807],[12.63640714085277,46.13389879341604],[12.63576093434612,46.13388542249211],[12.63574165470302,46.13433570666524]],[[12.645434879166716,46.13453589038989],[12.64672731685521,46.13456251949969],[12.646784886265506,46.13321165622326],[12.645492480123426,46.13318502836166],[12.645434879166716,46.13453589038989]],[[12.641576809371312,46.13400562940375],[12.642223019992429,46.134018967476656],[12.64224224659977,46.13356868117508],[12.641596041236301,46.13355534331056],[12.641576809371312,46.13400562940375]],[[12.649977583020341,46.13417873963858],[12.651270016568109,46.1342053172294],[12.651289169566963,46.133755028016154],[12.651935381765254,46.13376831112866],[12.651973675877041,46.132867732161706],[12.651327474194074,46.132854449464276],[12.651346625822358,46.132404160125645],[12.65199282224785,46.132417442615534],[12.65203111361937,46.13151686339781],[12.651384927708452,46.13150358132299],[12.651404077966287,46.131053291858976],[12.650757897767171,46.13104000634185],[12.65073874225225,46.131490295598276],[12.650092557250888,46.131477006223676],[12.649408039274839,46.13236429075596],[12.648761844669064,46.132350993666066],[12.648723498895624,46.13325157064008],[12.650015909592248,46.13327816200081],[12.649977583020341,46.13417873963858]],[[12.647450273650513,46.13277467662856],[12.648096472603076,46.132787981226286],[12.648781016869783,46.131900705116344],[12.647488639538633,46.13187410040233],[12.647450273650513,46.13277467662856]],[[12.653285216462562,46.13244399664525],[12.653931414251534,46.13245726818507],[12.65395054439351,46.132006977974825],[12.653304351861928,46.13199370664238],[12.653285216462562,46.13244399664525]],[[12.640380596810585,46.131727513507926],[12.641026780231392,46.13174085783857],[12.641103716792214,46.129939713211606],[12.640457554398637,46.12992636971495],[12.640476792648395,46.12947608366207],[12.638538323978315,46.12943603190026],[12.638519069959155,46.12988631732734],[12.639165230981982,46.12989967177281],[12.639107481938973,46.131250528428865],[12.640399836895979,46.13127722762247],[12.640380596810585,46.131727513507926]],[[12.641711422793023,46.130853625872696],[12.64364994562286,46.13089362476597],[12.643669158506547,46.130443337754905],[12.643022989030372,46.13043000864848],[12.643061423936153,46.12952943491737],[12.64174987964246,46.129953053058664],[12.641711422793023,46.130853625872696]],[[12.633330501714386,46.130229634092714],[12.63462282740941,46.13025639814538],[12.634699968719854,46.12845526136586],[12.634053826668506,46.128441882000544],[12.634073116102133,46.127991597910004],[12.634719252897495,46.128004977066276],[12.63473853661518,46.1275546927248],[12.635384668612527,46.127568068022754],[12.636069346100367,46.12668087002707],[12.636715468501608,46.12669423760875],[12.636773266837077,46.12534338220156],[12.637419373929523,46.125356745507645],[12.637457893345427,46.12445617460924],[12.636811796763185,46.124442811720726],[12.636831061037018,46.12399252641751],[12.63553887975457,46.12396579011157],[12.635558154078474,46.12351550518423],[12.636850324851386,46.12354224107243],[12.636927375514508,46.12174109927341],[12.63563524677724,46.121714365056086],[12.635654518802786,46.121264079919364],[12.636300577688575,46.12127744864342],[12.636358375245818,46.11992659235538],[12.635066289455049,46.11989985251222],[12.635047013554608,46.120350137565644],[12.633754919086845,46.120323382711256],[12.633070287836192,46.12121056853847],[12.632424231239305,46.12119718157212],[12.632366334970417,46.12254803372083],[12.63365848014742,46.12257480525994],[12.632973818024839,46.123461989622754],[12.633619901351413,46.12347537398624],[12.63358132071511,46.12437594254497],[12.634227415009224,46.12438932367785],[12.634188843042583,46.1252898924872],[12.636127160202037,46.12533001524645],[12.636088617927241,46.12623058514206],[12.6347963850086,46.12620383944912],[12.634777102670716,46.12665412391624],[12.633465567763333,46.12707764721588],[12.633330501714386,46.130229634092714]],[[12.64114218231999,46.12903914064702],[12.641788334657344,46.12905248007722],[12.641807561476861,46.12860219352374],[12.641161414395764,46.12858885430197],[12.64114218231999,46.12903914064702]],[[12.644372948570677,46.129105801302785],[12.645019103189368,46.129119122485356],[12.645703648369471,46.1282318643709],[12.644411359701277,46.12820522648775],[12.644372948570677,46.129105801302785]],[[12.637930685842186,46.12852210345158],[12.640515267771297,46.12857551143076],[12.640534504644469,46.12812522525233],[12.642472930119233,46.12816524229236],[12.642530590682847,46.12681438163025],[12.641884464169088,46.12680104689137],[12.641903688695752,46.126350760128666],[12.639319208228889,46.12629738551491],[12.639280716671617,46.12719795733052],[12.637969201177885,46.1276215327218],[12.637930685842186,46.12852210345158]],[[12.645703648369471,46.1282318643709],[12.646349793387243,46.12824517783834],[12.646368982497144,46.127794889743825],[12.645722842735475,46.12778157648442],[12.645703648369471,46.1282318643709]],[[12.630215625460377,46.12746096346],[12.630861754250194,46.12747436430269],[12.630881069042132,46.127024081174426],[12.630234945507969,46.12701068054112],[12.630215625460377,46.12746096346]],[[12.642530590682847,46.12681438163025],[12.643176717652935,46.1268277127199],[12.643195931668291,46.12637742554056],[12.642549809953866,46.12636409465919],[12.642530590682847,46.12681438163025]],[[12.63935769795004,46.12539681353187],[12.640649916248456,46.125423507302884],[12.640669149910071,46.12497322083151],[12.639376942122103,46.12494652747756],[12.63935769795004,46.12539681353187]],[[12.63226983198281,46.124799453130855],[12.633562029706814,46.124826226761506],[12.63358132071511,46.12437594254497],[12.632289133501006,46.12434916933264],[12.63226983198281,46.124799453130855]],[[12.638730838913396,46.12493317532713],[12.639376942122103,46.12494652747756],[12.63939618583518,46.1244962413814],[12.638750087881549,46.12448288943959],[12.638730838913396,46.12493317532713]],[[12.648422434961104,46.12513307443853],[12.649068545010133,46.125146371853674],[12.649087709895408,46.12469608263504],[12.648441605101661,46.12468278542765],[12.648422434961104,46.12513307443853]],[[12.626474313735212,46.124228509260284],[12.627120402984483,46.124241930530204],[12.627805167914179,46.12335478336099],[12.626513009974952,46.1233279453086],[12.626474313735212,46.124228509260284]],[[12.628412582860639,46.12426876212367],[12.62905867348727,46.1242821724472],[12.629078000819007,46.12383188965387],[12.628431915447113,46.12381847953985],[12.628412582860639,46.12426876212367]],[[12.640061522244817,46.124059303327705],[12.6407076158571,46.12407264776317],[12.64076531133733,46.122721787846835],[12.63949239751618,46.12224481027273],[12.640061522244817,46.124059303327705]],[[12.641392163528561,46.1231854148972],[12.64270354762056,46.12276179738455],[12.642741977453994,46.12186122264752],[12.642095908745468,46.121847890200286],[12.642076688803495,46.12229817738142],[12.640784542246713,46.12227150112437],[12.641392163528561,46.1231854148972]],[[12.640803772697437,46.12182121436003],[12.642095908745468,46.121847890200286],[12.642115128229046,46.12139760297732],[12.640823002689515,46.12137092755386],[12.640803772697437,46.12182121436003]],[[12.642115128229046,46.12139760297732],[12.643407255593724,46.1214242638066],[12.643426464110613,46.120973976125235],[12.642134347254242,46.12094731571251],[12.642115128229046,46.12139760297732]],[[12.637611952636087,46.12085388934099],[12.638904063100275,46.1208806008323],[12.63829650736191,46.119966674757755],[12.637650462866054,46.119953317605294],[12.637611952636087,46.12085388934099]],[[12.640861461297794,46.12047035381596],[12.642799618767162,46.12051036022815],[12.642838044018104,46.11960978507272],[12.64154595959749,46.119583118612994],[12.640861461297794,46.12047035381596]],[[12.651901824376518,46.119345751125095],[12.652547868389657,46.119359027597824],[12.652567001065202,46.11890873679797],[12.651920962305786,46.11889546053267],[12.651901824376518,46.119345751125095]],[[12.635162662061784,46.11764842661694],[12.635808678461563,46.1176617973181],[12.635847213780758,46.11676122624903],[12.635201207886851,46.1167478559657],[12.635162662061784,46.11764842661694]],[[12.63839274863366,46.11771524364239],[12.640330806060886,46.117755290081135],[12.64035003717888,46.117305003106786],[12.638411995510888,46.117264957293735],[12.63839274863366,46.11771524364239]],[[12.64035003717888,46.117305003106786],[12.640996051981455,46.11731834441512],[12.641015277387833,46.11686805719048],[12.640369267838238,46.116854716090586],[12.64035003717888,46.117305003106786]],[[12.641015277387833,46.11686805719048],[12.6423072978561,46.116894728446375],[12.642326512298231,46.11644444076313],[12.641034502335716,46.11641776992396],[12.641015277387833,46.11686805719048]],[[12.634574479926295,46.11628419685497],[12.635220480109947,46.11629757057725],[12.635239751873435,46.115847285146934],[12.634593756942392,46.11583391163362],[12.634574479926295,46.11628419685497]],[[12.641699726325497,46.115980819650794],[12.642345726282128,46.115994153038095],[12.642384152875284,46.115093577462446],[12.641738163423794,46.11508024449179],[12.641699726325497,46.115980819650794]],[[12.641130620198169,46.1141663329638],[12.641776598688823,46.114179669165445],[12.641795815633897,46.113729381439505],[12.641149842395361,46.11371604544621],[12.641130620198169,46.1141663329638]],[[12.638585196752159,46.11321237827215],[12.639231162912782,46.11322572864705],[12.6392696365259,46.11232515465352],[12.638623680868779,46.1123118046958],[12.638585196752159,46.11321237827215]],[[12.636666559054639,46.11272201912149],[12.637312518592744,46.11273538023004],[12.637331770924957,46.11228509383828],[12.636685816638503,46.112271732938474],[12.636666559054639,46.11272201912149]],[[12.637977725668426,46.112298451090716],[12.638623680868779,46.1123118046958],[12.638642922238795,46.11186151784484],[12.637996972289992,46.11184816444839],[12.637977725668426,46.112298451090716]],[[12.637351022798063,46.111834807404634],[12.637996972289992,46.11184816444839],[12.638016218452586,46.111397877764205],[12.63737027421207,46.11138452092914],[12.637351022798063,46.111834807404634]],[[12.638719883130522,46.1100603700224],[12.639365812531063,46.110073718937244],[12.63938504635604,46.10962343166841],[12.63873912220644,46.109610082962135],[12.638719883130522,46.1100603700224]],[[12.648428032332475,46.109809930615064],[12.649073963317392,46.109823224615184],[12.649093117919861,46.1093729341829],[12.648447192185964,46.10935964039049],[12.648428032332475,46.109809930615064]],[[12.64331820504679,46.108352581510154],[12.643964116637331,46.108365904062595],[12.64398331187431,46.10791561516808],[12.643337405534304,46.107902292823795],[12.64331820504679,46.108352581510154]],[[12.638816073922461,46.107808934302554],[12.639461977069548,46.10782228217459],[12.639481208601392,46.10737199469651],[12.638835310704621,46.10735864703301],[12.638816073922461,46.107808934302554]],[[12.638208654838094,46.10689500861999],[12.638854547028071,46.10690835972162],[12.638873782892823,46.10645807236837],[12.6382278959529,46.10644472147533],[12.638208654838094,46.10689500861999]],[[12.640146332777707,46.10693505098484],[12.640792226337116,46.10694839114641],[12.640811446451629,46.1064981031677],[12.64274911411637,46.106538101147216],[12.642729909752218,46.106988389750875],[12.643375805135797,46.107001715325595],[12.644060088245112,46.10611445917176],[12.640184783048486,46.10603447540243],[12.640146332777707,46.10693505098484]],[[12.646796996946145,46.10256538809642],[12.648088688639882,46.10259198768182],[12.64812700377079,46.101691406268515],[12.652647865530456,46.101784387055964],[12.65266698566915,46.10133409483387],[12.651394449287526,46.10085725569087],[12.651413579011594,46.10040696379997],[12.649476114066303,46.100367116758804],[12.649456968596596,46.100817408027126],[12.647519491995482,46.10077752754944],[12.64750033032337,46.10122781815284],[12.646208671032545,46.10120121252217],[12.64617032532247,46.10210179277215],[12.646816165237972,46.10211509782627],[12.646796996946145,46.10256538809642]],[[12.646911999841626,46.099863645848295],[12.648203628551279,46.099890242940226],[12.648241938201073,46.09898966102525],[12.65017935318584,46.09902952807334],[12.65016021433374,46.09947981967461],[12.651470965447123,46.09905608787654],[12.65154747430942,46.09725491939357],[12.652193260129573,46.097268192996914],[12.652231501329476,46.096367608089935],[12.651585726004349,46.096354334901356],[12.651604851167804,46.095904042592565],[12.649667543658314,46.09586420177669],[12.649686684107305,46.095413910048585],[12.650978211498561,46.09544047382284],[12.650997340997117,46.09499018163791],[12.651643100126769,46.09500345784963],[12.651662223922305,46.094553165415476],[12.651016470039592,46.09453988941118],[12.651700470145547,46.0936525804218],[12.64911749931296,46.093599456193495],[12.649098355442634,46.0940497478812],[12.64780686225859,46.0940231634812],[12.647826016622172,46.093572872208846],[12.648471757740337,46.093586166023705],[12.648490906400752,46.09313587450185],[12.650428116741931,46.09317573345321],[12.650447249206621,46.09272544126678],[12.651738714545113,46.092751995260976],[12.651719592573285,46.09320228786228],[12.652365331169758,46.093215559599265],[12.652422679978601,46.091864681047916],[12.651131234717395,46.09183813517321],[12.65111210841115,46.09228842765069],[12.649174928185477,46.09224858087956],[12.649155785684368,46.09269887269267],[12.64786432397934,46.092672289538726],[12.647845170529083,46.09312258089469],[12.645907965641985,46.09308267820321],[12.6458312843144,46.09488384071515],[12.644520592722749,46.09530750913968],[12.644443860275384,46.097108669151424],[12.643798079910763,46.09709535180183],[12.643740510029591,46.09844622074723],[12.646969495119922,46.098512774159765],[12.646911999841626,46.099863645848295]],[[12.648849443588137,46.099903536017386],[12.650141075025292,46.09993011123411],[12.65016021433374,46.09947981967461],[12.648868593393136,46.09945324487312],[12.648849443588137,46.099903536017386]],[[12.653523053340988,46.09639414353071],[12.65481460716668,46.096420664389626],[12.654833706093378,46.095970371044494],[12.653542162762431,46.09594385059994],[12.653523053340988,46.09639414353071]],[[12.652269740705876,46.09546702301579],[12.652915505990245,46.095480292144266],[12.652934619747578,46.095029999337214],[12.652288859710298,46.095016730416056],[12.652269740705876,46.09546702301579]]]},"properties":{"ndvi_class":"dense","color":"#238b45","area_m2":21541487}},{"type":"Feature","geometry":{"type":"Polygon","coordinates":[[[12.648624934241568,46.089983832678335],[12.648644079250117,46.089533540822046],[12.649289773608649,46.089546829123144],[12.64927063384561,46.08999712118705],[12.648624934241568,46.089983832678335]]]},"properties":{"ndvi_class":"sparse","color":"#c7e9c0","area_m2":2502}},{"type":"Feature","geometry":{"type":"Polygon","coordinates":[[[12.64927063384561,46.08999712118705],[12.649289773608649,46.089546829123144],[12.65058116368823,46.08957339479164],[12.650562034416254,46.09002368727062],[12.64927063384561,46.08999712118705]]]},"properties":{"ndvi_class":"moderate","color":"#74c476","area_m2":5003}},{"type":"Feature","geometry":{"type":"Polygon","coordinates":[[[12.67316183746868,46.09048623378429],[12.673180783138415,46.09003593407848],[12.673826494669731,46.09004908388143],[12.673807554246014,46.09049938379272],[12.67316183746868,46.09048623378429]]]},"properties":{"ndvi_class":"very_dense","color":"#00441b","area_m2":2502}},{"type":"Feature","geometry":{"type":"Polygon","coordinates":[[[12.70996840755421,46.091229966853],[12.70998705417984,46.090779655526795],[12.710632791134003,46.09079259756471],[12.710614149755145,46.091242909093125],[12.70996840755421,46.091229966853]]]},"properties":{"ndvi_class":"dense","color":"#238b45","area_m2":2502}},{"type":"Feature","geometry":{"type":"Polygon","coordinates":[[[12.69641583755839,46.10628077900959],[12.696472136514686,46.104929861313984],[12.697118032544662,46.104942882763304],[12.697155552444109,46.104042270351506],[12.695217897192446,46.10400319628401],[12.695236672221505,46.103552890626304],[12.693944914782007,46.103526823421525],[12.693963699863284,46.10307651812954],[12.690107285881808,46.102547926108066],[12.688890858618658,46.100720586148654],[12.688245015636486,46.100707519128136],[12.68820735501732,46.10160812641526],[12.687561501983577,46.101595055340006],[12.687599173101257,46.10069444846134],[12.686953331013088,46.10068137414828],[12.686972171147303,46.10023107085083],[12.688909683005665,46.10027028223853],[12.688928506943821,46.099819978286824],[12.689574339874742,46.09983304125284],[12.689536702047645,46.10073364952288],[12.692120080229255,46.100785866556876],[12.692157676063825,46.09988525665509],[12.69344934683587,46.09991134247904],[12.693486919882156,46.09901073159578],[12.69090362211348,46.09895854699385],[12.69092242895933,46.09850824230523],[12.689630793250062,46.09848212853581],[12.68964961014447,46.09803182421361],[12.690295422527365,46.09804488271729],[12.690351854773967,46.096693968889035],[12.690997651858611,46.09670702313485],[12.691072867583937,46.09490580329912],[12.692364421109426,46.09493189922236],[12.692972623061568,46.09584555293972],[12.6942642002538,46.09587162780428],[12.694245422337865,46.09632193376138],[12.69747439935549,46.096387058140316],[12.697493151031534,46.09593675116568],[12.69684735998538,46.09592373378486],[12.697530653042339,46.09503613709174],[12.696884872491822,46.09502312011769],[12.696903628074242,46.094572813221774],[12.695612078804011,46.09454676874377],[12.695555779228735,46.09589768808602],[12.694909989518491,46.09588465976802],[12.694928761738877,46.09543435356572],[12.693655976419006,46.09495798056329],[12.693693539611948,46.09405736876544],[12.691756238801405,46.094018242508355],[12.691812627456876,46.092667326333725],[12.695041385662408,46.09273251547911],[12.695003846144722,46.0936331283409],[12.69564960961701,46.09364615564114],[12.69568713864039,46.092745542372256],[12.698270155004428,46.09279761349154],[12.698288897857045,46.09234730598117],[12.697643148345486,46.092334293872675],[12.697736882139052,46.09008275671414],[12.699674053308211,46.09012177905509],[12.699599130126435,46.09192301130392],[12.700871900350288,46.09239931796217],[12.70079701021432,46.09420055100512],[12.699486731955387,46.09462485843095],[12.699393054529189,46.09687639656106],[12.702622075583106,46.09694137612292],[12.703230470009842,46.09785497849524],[12.702584653969433,46.09784199311477],[12.702565942493376,46.098292301548426],[12.698691024090172,46.09821431148091],[12.698672280675744,46.09866461865443],[12.698026457249547,46.09865160734537],[12.698597302548631,46.10046584693306],[12.697951458126562,46.10045283481079],[12.697932707228091,46.10090314157326],[12.699224407015736,46.100929162578055],[12.699261887368682,46.10002854819842],[12.699907727431318,46.100041552824855],[12.699870257576858,46.10094216761088],[12.700516108582685,46.10095516899731],[12.70049737823479,46.10140547653116],[12.701789092078979,46.10143146877093],[12.702322652698903,46.10414630740669],[12.701676763610712,46.10413331553859],[12.701714208219167,46.1032327001155],[12.70106833007571,46.10321970500669],[12.701012146742682,46.10457062746987],[12.698428575613043,46.10451860812943],[12.698372325253887,46.10586952778035],[12.697726417832218,46.1058565132181],[12.697707661567462,46.106306819481965],[12.69641583755839,46.10628077900959]],[[12.697820192447319,46.103604981275545],[12.698466073616967,46.103617994821086],[12.698559810803253,46.10136646082309],[12.697913955882498,46.10135344829418],[12.697820192447319,46.103604981275545]],[[12.693355406380524,46.102162868959645],[12.69400126868205,46.10217590742087],[12.694076400944807,46.100374685504676],[12.693430559640783,46.100361647858314],[12.693355406380524,46.102162868959645]],[[12.699814049444564,46.10229308947837],[12.700459916199097,46.10230609147425],[12.700478647440265,46.10185578402348],[12.699832785935426,46.10184278223075],[12.699814049444564,46.10229308947837]],[[12.69409518289083,46.0999243799217],[12.694741019391587,46.09993741371814],[12.694759795640817,46.099487107889935],[12.694113964389013,46.09947407429715],[12.69409518289083,46.0999243799217]],[[12.695386856338011,46.09995044386834],[12.697324369850069,46.09998951244153],[12.697343125103364,46.0995392057993],[12.695405627338278,46.09950013783656],[12.695386856338011,46.09995044386834]],[[12.69607022478511,46.09906285786012],[12.696716052124648,46.0990758803109],[12.696734811732304,46.098625573788986],[12.696088989641508,46.098612551541684],[12.69607022478511,46.09906285786012]],[[12.691587048632503,46.09807098878678],[12.69223286235449,46.09808403635258],[12.69225165780672,46.097633731172984],[12.691605849333131,46.09762068381105],[12.691587048632503,46.09807098878678]],[[12.691624649585483,46.09717037879376],[12.6922704528108,46.09718342595184],[12.692308041474563,46.096282815384775],[12.691662248745423,46.0962697686344],[12.691624649585483,46.09717037879376]],[[12.694301754742519,46.094971015765374],[12.69494753351168,46.094984047321866],[12.694966304836912,46.094533741036436],[12.694320531315327,46.094520709683565],[12.694301754742519,46.094971015765374]],[[12.696276613599224,46.09410948607153],[12.698213923765248,46.09414853577336],[12.698251411704932,46.09324792096036],[12.696314133022819,46.09320887247878],[12.696276613599224,46.09410948607153]],[[12.698897172155506,46.09326092983007],[12.699542933050806,46.09327393505438],[12.699561665855974,46.092823627179094],[12.698915910207845,46.092810622158005],[12.698897172155506,46.09326092983007]]]},"properties":{"ndvi_class":"moderate","color":"#74c476","area_m2":853054}},{"type":"Feature","geometry":{"type":"Polygon","coordinates":[[[12.691204477843483,46.091753666985554],[12.691279673844805,46.08995244532011],[12.69321683165441,46.08999157701046],[12.693198049065202,46.09044188310061],[12.692552324103126,46.090428842645025],[12.692495957908958,46.09177976005478],[12.691204477843483,46.091753666985554]]]},"properties":{"ndvi_class":"very_dense","color":"#00441b","area_m2":22515}},{"type":"Feature","geometry":{"type":"Polygon","coordinates":[[[12.67120572797518,46.09089706093729],[12.671262612198325,46.08954616366998],[12.672554022520652,46.08957248108872],[12.672535072056716,46.09002278063071],[12.67188936142476,46.09000962353814],[12.67185144864935,46.09091022208592],[12.67120572797518,46.09089706093729]]]},"properties":{"ndvi_class":"moderate","color":"#74c476","area_m2":10006}},{"type":"Feature","geometry":{"type":"Polygon","coordinates":[[[12.66347613983392,46.09028854627771],[12.663514188097189,46.089387953001726],[12.664159887625507,46.08940115726984],[12.664767560324949,46.09031495199439],[12.66347613983392,46.09028854627771]]]},"properties":{"ndvi_class":"dense","color":"#238b45","area_m2":7505}},{"type":"Feature","geometry":{"type":"Polygon","coordinates":[[[12.704156747675443,46.09111332265675],[12.70419413492167,46.09021270360788],[12.70483986264201,46.09022567824949],[12.70480248588896,46.091126297703816],[12.704156747675443,46.09111332265675]]]},"properties":{"ndvi_class":"dense","color":"#238b45","area_m2":5003}},{"type":"Feature","geometry":{"type":"Polygon","coordinates":[[[12.649935468421395,46.089560113779676],[12.649954602482737,46.08910982146642],[12.651245982979532,46.08913637943082],[12.651226859409029,46.08958667215903],[12.649935468421395,46.089560113779676]]]},"properties":{"ndvi_class":"sparse","color":"#c7e9c0","area_m2":5003}},{"type":"Feature","geometry":{"type":"Polygon","coordinates":[[[12.667369399604262,46.0899174218362],[12.66738839203476,46.089467123940345],[12.668679796954384,46.08949348509574],[12.668660815015448,46.08994378340346],[12.667369399604262,46.0899174218362]]]},"properties":{"ndvi_class":"sparse","color":"#c7e9c0","area_m2":5003}},{"type":"Feature","geometry":{"type":"Polygon","coordinates":[[[12.708695581599242,46.09075376051542],[12.708714238273553,46.090303449552344],[12.709359969095901,46.09031639867829],[12.709341317668208,46.0907667098437],[12.708695581599242,46.09075376051542]]]},"properties":{"ndvi_class":"moderate","color":"#74c476","area_m2":2502}},{"type":"Feature","geometry":{"type":"Polygon","coordinates":[[[12.658956182343896,46.09019601145946],[12.659013364216934,46.08884512582014],[12.659659055336897,46.088858355393995],[12.65960188920066,46.090209241653426],[12.658956182343896,46.09019601145946]]]},"properties":{"ndvi_class":"dense","color":"#238b45","area_m2":7505}},{"type":"Feature","geometry":{"type":"Polygon","coordinates":[[[12.685449378976399,46.09028515706455],[12.685487069614735,46.0893845497401],[12.686132779173017,46.089397629881674],[12.686095099026845,46.090298237614846],[12.685449378976399,46.09028515706455]]]},"properties":{"ndvi_class":"dense","color":"#238b45","area_m2":5003}},{"type":"Feature","geometry":{"type":"Polygon","coordinates":[[[12.651891673908732,46.089149652946226],[12.651910791778011,46.08869935996885],[12.652556477915585,46.088712629632404],[12.652537365291638,46.08916292281711],[12.651891673908732,46.089149652946226]]]},"properties":{"ndvi_class":"sparse","color":"#c7e9c0","area_m2":2502}},{"type":"Feature","geometry":{"type":"Polygon","coordinates":[[[12.662868489020338,46.08937474508896],[12.662887517717213,46.088924448594746],[12.66353321154851,46.088937656301155],[12.663514188097189,46.089387953001726],[12.662868489020338,46.08937474508896]]]},"properties":{"ndvi_class":"dense","color":"#238b45","area_m2":2502}},{"type":"Feature","geometry":{"type":"Polygon","coordinates":[[[12.677073972808723,46.08966447724446],[12.6770928861003,46.08921417622343],[12.678384294018205,46.089240427626144],[12.678365391218337,46.08969072905734],[12.677073972808723,46.08966447724446]]]},"properties":{"ndvi_class":"sparse","color":"#c7e9c0","area_m2":5003}},{"type":"Feature","geometry":{"type":"Polygon","coordinates":[[[12.678365391218337,46.08969072905734],[12.678384294018205,46.089240427626144],[12.679029998650114,46.08925354786039],[12.67901110109612,46.08970384949657],[12.678365391218337,46.08969072905734]]]},"properties":{"ndvi_class":"moderate","color":"#74c476","area_m2":2502}},{"type":"Feature","geometry":{"type":"Polygon","coordinates":[[[12.683531082791271,46.0897955905161],[12.683549943623774,46.08934528744652],[12.68419565183999,46.089358378522526],[12.68417679625347,46.08980868179665],[12.683531082791271,46.0897955905161]]]},"properties":{"ndvi_class":"sparse","color":"#c7e9c0","area_m2":2502}},{"type":"Feature","geometry":{"type":"Polygon","coordinates":[[[12.708068507893975,46.09029049678127],[12.708087169369959,46.08984018597909],[12.708732894503058,46.08985313854777],[12.708714238273553,46.090303449552344],[12.708068507893975,46.09029049678127]]]},"properties":{"ndvi_class":"moderate","color":"#74c476","area_m2":2502}},{"type":"Feature","geometry":{"type":"Polygon","coordinates":[[[12.662241824337496,46.08891123724375],[12.662260857826139,46.088460940914224],[12.662906545960439,46.08847415205881],[12.662887517717213,46.088924448594746],[12.662241824337496,46.08891123724375]]]},"properties":{"ndvi_class":"dense","color":"#238b45","area_m2":2502}},{"type":"Feature","geometry":{"type":"Polygon","coordinates":[[[12.673845434641894,46.08959878392849],[12.673237617437593,46.088685034710956],[12.67517470616786,46.088724471336825],[12.675136848561054,46.0896250721892],[12.673845434641894,46.08959878392849]]]},"properties":{"ndvi_class":"very_dense","color":"#00441b","area_m2":12508}},{"type":"Feature","geometry":{"type":"Polygon","coordinates":[[[12.666077985996017,46.089891045689924],[12.666134993402924,46.088540153113556],[12.666780684244749,46.08855334239084],[12.666799680562299,46.088103044575895],[12.669382427454932,46.08815576441549],[12.669363452119004,46.08860606305414],[12.668072067280734,46.08857971001167],[12.668053081001329,46.08903000819688],[12.666742690250967,46.08945393789561],[12.666723692574712,46.08990423558542],[12.666077985996017,46.089891045689924]]]},"properties":{"ndvi_class":"dense","color":"#238b45","area_m2":25016}},{"type":"Feature","geometry":{"type":"Polygon","coordinates":[[[12.68417679625347,46.08980868179665],[12.68419565183999,46.089358378522526],[12.683549943623774,46.08934528744652],[12.683587663939816,46.088444681182494],[12.684879059836527,46.08847085887167],[12.684822510163158,46.08982176943232],[12.68417679625347,46.08980868179665]]]},"properties":{"ndvi_class":"bare","color":"#d9d9d9","area_m2":12508}},{"type":"Feature","geometry":{"type":"Polygon","coordinates":[[[12.661615170143529,46.08844772612511],[12.66163420842369,46.08799742996032],[12.662279890861019,46.088010644542955],[12.662260857826139,46.088460940914224],[12.661615170143529,46.08844772612511]]]},"properties":{"ndvi_class":"moderate","color":"#74c476","area_m2":2502}},{"type":"Feature","geometry":{"type":"Polygon","coordinates":[[[12.697128660186848,46.08916912722955],[12.697147409956928,46.08871881979344],[12.697793117051981,46.088731833920406],[12.69777437252791,46.08918214155986],[12.697128660186848,46.08916912722955]]]},"properties":{"ndvi_class":"moderate","color":"#74c476","area_m2":2502}},{"type":"Feature","geometry":{"type":"Polygon","coordinates":[[[12.682885369776693,46.089782495590676],[12.682960831391922,46.08798128388104],[12.68360652342338,46.087994377988075],[12.683531082791271,46.0897955905161],[12.682885369776693,46.089782495590676]]]},"properties":{"ndvi_class":"moderate","color":"#74c476","area_m2":10006}},{"type":"Feature","geometry":{"type":"Polygon","coordinates":[[[12.658367673549295,46.08883189260174],[12.658424867068375,46.08748100720694],[12.659070542000377,46.08749423980508],[12.659013364216934,46.08884512582014],[12.658367673549295,46.08883189260174]]]},"properties":{"ndvi_class":"dense","color":"#238b45","area_m2":7505}},{"type":"Feature","geometry":{"type":"Polygon","coordinates":[[[12.691317269156373,46.08905183423787],[12.691354862675352,46.088151222989325],[12.692000560515456,46.08816426971563],[12.691962977488128,46.0890648813719],[12.691317269156373,46.08905183423787]]]},"properties":{"ndvi_class":"very_dense","color":"#00441b","area_m2":5003}},{"type":"Feature","geometry":{"type":"Polygon","coordinates":[[[12.66034284490455,46.08797098986164],[12.660361893221106,46.087520694068225],[12.661007569509584,46.08753391573321],[12.660988526438159,46.08798421173321],[12.66034284490455,46.08797098986164]]]},"properties":{"ndvi_class":"dense","color":"#238b45","area_m2":2502}},{"type":"Feature","geometry":{"type":"Polygon","coordinates":[[[12.660988526438159,46.08798421173321],[12.661007569509584,46.08753391573321],[12.661653246249974,46.087547133753795],[12.66163420842369,46.08799742996032],[12.660988526438159,46.08798421173321]]]},"properties":{"ndvi_class":"moderate","color":"#74c476","area_m2":2502}},{"type":"Feature","geometry":{"type":"Polygon","coordinates":[[[12.66163420842369,46.08799742996032],[12.661653246249974,46.087547133753795],[12.66229892344215,46.08756034812997],[12.662279890861019,46.088010644542955],[12.66163420842369,46.08799742996032]]]},"properties":{"ndvi_class":"sparse","color":"#c7e9c0","area_m2":2502}},{"type":"Feature","geometry":{"type":"Polygon","coordinates":[[[12.673902251849176,46.0882478838196],[12.673921190015244,46.08779758369997],[12.674566875767768,46.08781072883115],[12.674547942847108,46.088261029156165],[12.673902251849176,46.0882478838196]]]},"properties":{"ndvi_class":"very_dense","color":"#00441b","area_m2":2502}},{"type":"Feature","geometry":{"type":"Polygon","coordinates":[[[12.683587663939816,46.088444681182494],[12.68360652342338,46.087994377988075],[12.684897908828868,46.08802055526824],[12.684879059836527,46.08847085887167],[12.683587663939816,46.088444681182494]]]},"properties":{"ndvi_class":"sparse","color":"#c7e9c0","area_m2":5003}},{"type":"Feature","geometry":{"type":"Polygon","coordinates":[[[12.676409345288686,46.090101646645024],[12.676522852454033,46.08739984137493],[12.677168534757687,46.08741297172276],[12.677111798940972,46.088763875160744],[12.678403196367416,46.088790126153306],[12.678384294018205,46.089240427626144],[12.6770928861003,46.08921417622343],[12.677055059066227,46.09011477822382],[12.676409345288686,46.090101646645024]]]},"properties":{"ndvi_class":"moderate","color":"#74c476","area_m2":20013}},{"type":"Feature","geometry":{"type":"Polygon","coordinates":[[[12.700319777920452,46.090134779212036],[12.7003759498794,46.08878385397987],[12.701021659197433,46.088796849882605],[12.701059094446336,46.087896232447385],[12.701704793716793,46.08790922429926],[12.701611228477969,46.090160768590835],[12.700319777920452,46.090134779212036]]]},"properties":{"ndvi_class":"moderate","color":"#74c476","area_m2":20013}},{"type":"Feature","geometry":{"type":"Polygon","coordinates":[[[12.70474641741751,46.09247722657394],[12.704765107353595,46.092026916992076],[12.700244875725161,46.091936012273386],[12.70026360194367,46.091485704070344],[12.700909342740015,46.09149870119148],[12.70096550297708,46.09014777572395],[12.70419413492167,46.09021270360788],[12.70421282787626,46.08976239402117],[12.704858550350197,46.08977536846006],[12.70491461080158,46.088424438842665],[12.70751610711928,46.088025986951315],[12.70734810661682,46.09207878234911],[12.706702356136093,46.09206582147783],[12.70677704846363,46.09026458030384],[12.706131319413112,46.09025161659748],[12.706093963646497,46.09115223686237],[12.705448224546018,46.091139269105696],[12.705392171815312,46.092490198583846],[12.70474641741751,46.09247722657394]],[[12.704156747675443,46.09111332265675],[12.70480248588896,46.091126297703816],[12.70483986264201,46.09022567824949],[12.70419413492167,46.09021270360788],[12.704156747675443,46.09111332265675]]]},"properties":{"ndvi_class":"very_dense","color":"#00441b","area_m2":132586}},{"type":"Feature","geometry":{"type":"Polygon","coordinates":[[[12.70421282787626,46.08976239402117],[12.70428759523811,46.087961155259144],[12.70622470103708,46.08800006520885],[12.706206025602812,46.08845037556959],[12.70491461080158,46.088424438842665],[12.704858550350197,46.08977536846006],[12.70421282787626,46.08976239402117]]]},"properties":{"ndvi_class":"dense","color":"#238b45","area_m2":15010}},{"type":"Feature","geometry":{"type":"Polygon","coordinates":[[[12.671965181552517,46.08820842594238],[12.672003088905079,46.08730782689441],[12.672648768063707,46.087320982753624],[12.673256561300683,46.08823473483844],[12.671965181552517,46.08820842594238]]]},"properties":{"ndvi_class":"moderate","color":"#74c476","area_m2":7505}},{"type":"Feature","geometry":{"type":"Polygon","coordinates":[[[12.69585599710185,46.08869278060504],[12.695893516284194,46.08779216642183],[12.696539211997598,46.08780518743154],[12.696501703306842,46.08870580202165],[12.69585599710185,46.08869278060504]]]},"properties":{"ndvi_class":"very_dense","color":"#00441b","area_m2":5003}},{"type":"Feature","geometry":{"type":"Polygon","coordinates":[[[12.659716217384663,46.087507468758844],[12.659735270492098,46.087057173130304],[12.660380941083552,46.08707039823305],[12.660361893221106,46.087520694068225],[12.659716217384663,46.087507468758844]]]},"properties":{"ndvi_class":"dense","color":"#238b45","area_m2":2502}},{"type":"Feature","geometry":{"type":"Polygon","coordinates":[[[12.660361893221106,46.087520694068225],[12.660380941083552,46.08707039823305],[12.661026612127026,46.08708361969146],[12.661007569509584,46.08753391573321],[12.660361893221106,46.087520694068225]]]},"properties":{"ndvi_class":"moderate","color":"#74c476","area_m2":2502}},{"type":"Feature","geometry":{"type":"Polygon","coordinates":[[[12.674566875767768,46.08781072883115],[12.674585808237069,46.08736042846445],[12.675877170599296,46.0873867073826],[12.675858248620601,46.08783700815989],[12.674566875767768,46.08781072883115]]]},"properties":{"ndvi_class":"very_dense","color":"#00441b","area_m2":5003}},{"type":"Feature","geometry":{"type":"Polygon","coordinates":[[[12.69845756342317,46.088294536518255],[12.698476301807714,46.08784422859241],[12.69912199930064,46.08785723502326],[12.699103266161881,46.088307543152325],[12.69845756342317,46.088294536518255]]]},"properties":{"ndvi_class":"very_dense","color":"#00441b","area_m2":2502}},{"type":"Feature","geometry":{"type":"Polygon","coordinates":[[[12.664197923583606,46.08850056341435],[12.664273990059261,46.08669937520273],[12.664919658567298,46.086712574588745],[12.664843613072227,46.08851376362531],[12.664197923583606,46.08850056341435]]]},"properties":{"ndvi_class":"dense","color":"#238b45","area_m2":10006}},{"type":"Feature","geometry":{"type":"Polygon","coordinates":[[[12.688734440291594,46.08899960925365],[12.688753258258576,46.088549304466135],[12.68939895955935,46.08856236597532],[12.68945539503179,46.08721145075101],[12.690101081042224,46.08722450800341],[12.690025853831287,46.089025729035384],[12.688734440291594,46.08899960925365]]]},"properties":{"ndvi_class":"sparse","color":"#c7e9c0","area_m2":12508}},{"type":"Feature","geometry":{"type":"Polygon","coordinates":[[[12.652613813053604,46.08736174982759],[12.652652034200894,46.086461163082134],[12.653297694567197,46.0864744280649],[12.653259483909466,46.087375015224865],[12.652613813053604,46.08736174982759]]]},"properties":{"ndvi_class":"dense","color":"#238b45","area_m2":5003}},{"type":"Feature","geometry":{"type":"Polygon","coordinates":[[[12.661367631192874,46.094301572469455],[12.661424762375947,46.092950685477575],[12.660779022685626,46.09293746497851],[12.660836165521678,46.09158657823067],[12.660190442022556,46.09157335470636],[12.660247596509661,46.09022246820267],[12.65960188920066,46.090209241653426],[12.659659055336897,46.088858355393995],[12.659013364216934,46.08884512582014],[12.659070542000377,46.08749423980508],[12.658424867068375,46.08748100720694],[12.658462993808655,46.08658041673498],[12.659108658250855,46.08659364891964],[12.65908960035279,46.08704394438323],[12.659735270492098,46.087057173130304],[12.66034284490455,46.08797098986164],[12.66163420842369,46.08799742996032],[12.661615170143529,46.08844772612511],[12.662260857826139,46.088460940914224],[12.662868489020338,46.08937474508896],[12.663514188097189,46.089387953001726],[12.66332392863712,46.09389091771255],[12.662678177097849,46.093877707736],[12.662659143409932,46.09432800377119],[12.661367631192874,46.094301572469455]]]},"properties":{"ndvi_class":"very_dense","color":"#00441b","area_m2":165107}},{"type":"Feature","geometry":{"type":"Polygon","coordinates":[[[12.672629819858601,46.08777128250401],[12.672667715817088,46.086870682961575],[12.673313390180247,46.08688383497082],[12.673275504712148,46.08778443492425],[12.672629819858601,46.08777128250401]]]},"properties":{"ndvi_class":"sparse","color":"#c7e9c0","area_m2":5003}},{"type":"Feature","geometry":{"type":"Polygon","coordinates":[[[12.65908960035279,46.08704394438323],[12.659108658250855,46.08659364891964],[12.659754323145311,46.08660687746002],[12.659735270492098,46.087057173130304],[12.65908960035279,46.08704394438323]]]},"properties":{"ndvi_class":"dense","color":"#238b45","area_m2":2502}},{"type":"Feature","geometry":{"type":"Polygon","coordinates":[[[12.673940127729825,46.08734728353865],[12.67395906499293,46.08689698333566],[12.674604740255015,46.0869101280561],[12.674585808237069,46.08736042846445],[12.673940127729825,46.08734728353865]]]},"properties":{"ndvi_class":"moderate","color":"#74c476","area_m2":2502}},{"type":"Feature","geometry":{"type":"Polygon","coordinates":[[[12.68166944867219,46.08795508473311],[12.68106151756555,46.08704137481583],[12.682998559501026,46.087080677776456],[12.682315139808152,46.08796818612937],[12.68166944867219,46.08795508473311]]]},"properties":{"ndvi_class":"very_dense","color":"#00441b","area_m2":10006}},{"type":"Feature","geometry":{"type":"Polygon","coordinates":[[[12.683625382457333,46.087544074752],[12.683644241041677,46.08709377147432],[12.68493560546546,46.08711994793649],[12.684916757371841,46.08757025162316],[12.683625382457333,46.087544074752]]]},"properties":{"ndvi_class":"moderate","color":"#74c476","area_m2":5003}},{"type":"Feature","geometry":{"type":"Polygon","coordinates":[[[12.696539211997598,46.08780518743154],[12.696557965672307,46.08735488007415],[12.697203656585158,46.08736789723577],[12.697184908156071,46.08781820479655],[12.696539211997598,46.08780518743154]]]},"properties":{"ndvi_class":"moderate","color":"#74c476","area_m2":2502}},{"type":"Feature","geometry":{"type":"Polygon","coordinates":[[[12.70557899866072,46.08798709887042],[12.705597678895554,46.087536788670754],[12.706243376026109,46.08754975480661],[12.70622470103708,46.08800006520885],[12.70557899866072,46.08798709887042]]]},"properties":{"ndvi_class":"moderate","color":"#74c476","area_m2":2502}},{"type":"Feature","geometry":{"type":"Polygon","coordinates":[[[12.670047084942409,46.087718636377915],[12.670103991143742,46.08636773946936],[12.670749658462608,46.086380905850476],[12.67069276799651,46.087731803376194],[12.670047084942409,46.087718636377915]]]},"properties":{"ndvi_class":"sparse","color":"#c7e9c0","area_m2":7505}},{"type":"Feature","geometry":{"type":"Polygon","coordinates":[[[12.653924255530475,46.08693798321153],[12.653962454787944,46.08603739555361],[12.654608110816248,46.08605065304082],[12.6545890166598,46.08650094709779],[12.655880340564908,46.086527451553806],[12.655861256442781,46.08697774598312],[12.653924255530475,46.08693798321153]]]},"properties":{"ndvi_class":"sparse","color":"#c7e9c0","area_m2":10006}},{"type":"Feature","geometry":{"type":"Polygon","coordinates":[[[12.6545890166598,46.08650094709779],[12.654608110816248,46.08605065304082],[12.655899424232075,46.08607715708273],[12.655880340564908,46.086527451553806],[12.6545890166598,46.08650094709779]]]},"properties":{"ndvi_class":"bare","color":"#d9d9d9","area_m2":5003}},{"type":"Feature","geometry":{"type":"Polygon","coordinates":[[[12.655880340564908,46.086527451553806],[12.655899424232075,46.08607715708273],[12.656545081619345,46.08609040363742],[12.656526003196838,46.08654069831546],[12.655880340564908,46.086527451553806]]]},"properties":{"ndvi_class":"sparse","color":"#c7e9c0","area_m2":2502}},{"type":"Feature","geometry":{"type":"Polygon","coordinates":[[[12.6603999884919,46.08662010235615],[12.660419035446166,46.086169806437496],[12.66106469600001,46.08618302748276],[12.661045654290497,46.086633323607984],[12.6603999884919,46.08662010235615]]]},"properties":{"ndvi_class":"sparse","color":"#c7e9c0","area_m2":2502}},{"type":"Feature","geometry":{"type":"Polygon","coordinates":[[[12.672667715817088,46.086870682961575],[12.672686663118755,46.086420383127845],[12.673332332236908,46.08643353493161],[12.673313390180247,46.08688383497082],[12.672667715817088,46.086870682961575]]]},"properties":{"ndvi_class":"moderate","color":"#74c476","area_m2":2502}},{"type":"Feature","geometry":{"type":"Polygon","coordinates":[[[12.682998559501026,46.087080677776456],[12.683017422880999,46.08663037466173],[12.68366309917643,46.08664346815502],[12.683644241041677,46.08709377147432],[12.682998559501026,46.087080677776456]]]},"properties":{"ndvi_class":"moderate","color":"#74c476","area_m2":2502}},{"type":"Feature","geometry":{"type":"Polygon","coordinates":[[[12.696557965672307,46.08735488007415],[12.69657671889992,46.08690457267521],[12.697222404567274,46.086917589633444],[12.697203656585158,46.08736789723577],[12.696557965672307,46.08735488007415]]]},"properties":{"ndvi_class":"sparse","color":"#c7e9c0","area_m2":2502}},{"type":"Feature","geometry":{"type":"Polygon","coordinates":[[[12.708180470076417,46.087588631345646],[12.708199128883106,46.087138320294464],[12.708844822539945,46.08715127164893],[12.708826168978987,46.08760158290247],[12.708180470076417,46.087588631345646]]]},"properties":{"ndvi_class":"moderate","color":"#74c476","area_m2":2502}},{"type":"Feature","geometry":{"type":"Polygon","coordinates":[[[12.662260857826139,46.088460940914224],[12.662279890861019,46.088010644542955],[12.662925573750025,46.08802385548113],[12.66302070589387,46.08577237196685],[12.663666363009769,46.085785578228815],[12.663552234546303,46.08848735955885],[12.662260857826139,46.088460940914224]]]},"properties":{"ndvi_class":"sparse","color":"#c7e9c0","area_m2":17511}},{"type":"Feature","geometry":{"type":"Polygon","coordinates":[[[12.657152592648982,46.08700423627608],[12.656545081619345,46.08609040363742],[12.657190739459358,46.08610364654793],[12.657209812182499,46.08565335162122],[12.658501118731108,46.08567982609602],[12.658482056497103,46.086130121436376],[12.657836397751986,46.086116885814256],[12.657798261431108,46.0870174759561],[12.657152592648982,46.08700423627608]]]},"properties":{"ndvi_class":"moderate","color":"#74c476","area_m2":12508}},{"type":"Feature","geometry":{"type":"Polygon","coordinates":[[[12.655253767297667,46.08606390688386],[12.655272855754415,46.08561361257804],[12.655918507444301,46.08562686256988],[12.655899424232075,46.08607715708273],[12.655253767297667,46.08606390688386]]]},"properties":{"ndvi_class":"sparse","color":"#c7e9c0","area_m2":2502}},{"type":"Feature","geometry":{"type":"Polygon","coordinates":[[[12.655899424232075,46.08607715708273],[12.655918507444301,46.08562686256988],[12.656564159587038,46.085640108917616],[12.656545081619345,46.08609040363742],[12.655899424232075,46.08607715708273]]]},"properties":{"ndvi_class":"moderate","color":"#74c476","area_m2":2502}},{"type":"Feature","geometry":{"type":"Polygon","coordinates":[[[12.656545081619345,46.08609040363742],[12.656564159587038,46.085640108917616],[12.657209812182499,46.08565335162122],[12.657190739459358,46.08610364654793],[12.656545081619345,46.08609040363742]]]},"properties":{"ndvi_class":"dense","color":"#238b45","area_m2":2502}},{"type":"Feature","geometry":{"type":"Polygon","coordinates":[[[12.662279890861019,46.088010644542955],[12.66229892344215,46.08756034812997],[12.661007569509584,46.08753391573321],[12.661026612127026,46.08708361969146],[12.660380941083552,46.08707039823305],[12.6603999884919,46.08662010235615],[12.661045654290497,46.086633323607984],[12.660438081946365,46.0857195104771],[12.66302070589387,46.08577237196685],[12.662925573750025,46.08802385548113],[12.662279890861019,46.088010644542955]]]},"properties":{"ndvi_class":"bare","color":"#d9d9d9","area_m2":37524}},{"type":"Feature","geometry":{"type":"Polygon","coordinates":[[[12.706907742897966,46.08711240665143],[12.706926411750992,46.08666209596364],[12.70821778724496,46.0866880092018],[12.708199128883106,46.087138320294464],[12.706907742897966,46.08711240665143]]]},"properties":{"ndvi_class":"very_dense","color":"#00441b","area_m2":5003}},{"type":"Feature","geometry":{"type":"Polygon","coordinates":[[[12.659735270492098,46.087057173130304],[12.659127715694588,46.08614335341429],[12.659773375344319,46.086156581748],[12.659811478379764,46.08525599019872],[12.660457127992505,46.08526921447496],[12.660380941083552,46.08707039823305],[12.659735270492098,46.087057173130304]]]},"properties":{"ndvi_class":"moderate","color":"#74c476","area_m2":12508}},{"type":"Feature","geometry":{"type":"Polygon","coordinates":[[[12.683644241041677,46.08709377147432],[12.683681956861603,46.086193164794096],[12.684992147050316,46.08576903662678],[12.68493560546546,46.08711994793649],[12.683644241041677,46.08709377147432]]]},"properties":{"ndvi_class":"sparse","color":"#c7e9c0","area_m2":12508}},{"type":"Feature","geometry":{"type":"Polygon","coordinates":[[[12.706243376026109,46.08754975480661],[12.706299398321903,46.08619882335085],[12.708236445161988,46.08623769806763],[12.70821778724496,46.0866880092018],[12.706926411750992,46.08666209596364],[12.706889073599854,46.08756271729771],[12.706243376026109,46.08754975480661]]]},"properties":{"ndvi_class":"moderate","color":"#74c476","area_m2":12508}},{"type":"Feature","geometry":{"type":"Polygon","coordinates":[[[12.681080396681097,46.08659107231518],[12.681118153561975,46.08569046718898],[12.682409482934103,46.085716671578936],[12.68237174703322,46.086617277523985],[12.681080396681097,46.08659107231518]]]},"properties":{"ndvi_class":"moderate","color":"#74c476","area_m2":10006}},{"type":"Feature","geometry":{"type":"Polygon","coordinates":[[[12.654531731459167,46.08785182901809],[12.654550826981273,46.087401535086435],[12.656487844987314,46.08744128754628],[12.656526003196838,46.08654069831546],[12.657798261431108,46.0870174759561],[12.657836397751986,46.086116885814256],[12.658482056497103,46.086130121436376],[12.657874532254588,46.085216295505376],[12.659811478379764,46.08525599019872],[12.659773375344319,46.086156581748],[12.658462993808655,46.08658041673498],[12.658424867068375,46.08748100720694],[12.657779192588782,46.087467770964416],[12.65776012329185,46.087918065930964],[12.654531731459167,46.08785182901809]]]},"properties":{"ndvi_class":"dense","color":"#238b45","area_m2":42528}},{"type":"Feature","geometry":{"type":"Polygon","coordinates":[[[12.660438081946365,46.0857195104771],[12.660457127992505,46.08526921447496],[12.661102778057217,46.08528243510712],[12.661083737255579,46.08573273131581],[12.660438081946365,46.0857195104771]]]},"properties":{"ndvi_class":"sparse","color":"#c7e9c0","area_m2":2502}},{"type":"Feature","geometry":{"type":"Polygon","coordinates":[[[12.679162268913936,46.08610143524101],[12.679181162864053,46.08565113327166],[12.679826825981825,46.08566424822174],[12.6798079372766,46.086114550396],[12.679162268913936,46.08610143524101]]]},"properties":{"ndvi_class":"very_dense","color":"#00441b","area_m2":2502}},{"type":"Feature","geometry":{"type":"Polygon","coordinates":[[[12.69982387823816,46.086519312563475],[12.69984260434526,46.08606900406509],[12.700488281745205,46.08608200239407],[12.700469560883418,46.08653231109554],[12.69982387823816,46.086519312563475]]]},"properties":{"ndvi_class":"moderate","color":"#74c476","area_m2":2502}},{"type":"Feature","geometry":{"type":"Polygon","coordinates":[[[12.70493329672769,46.087974128887176],[12.705008035977395,46.08617288865009],[12.705653716928012,46.08618585782275],[12.705672395381526,46.085735547457055],[12.708255102634208,46.08578738689196],[12.708236445161988,46.08623769806763],[12.706299398321903,46.08619882335085],[12.706243376026109,46.08754975480661],[12.70493329672769,46.087974128887176]]]},"properties":{"ndvi_class":"sparse","color":"#c7e9c0","area_m2":27518}},{"type":"Feature","geometry":{"type":"Polygon","coordinates":[[[12.70356710584595,46.08974941593728],[12.703660590164272,46.087497868394806],[12.704306285964512,46.08751084546485],[12.704324976245314,46.08706053562904],[12.703679285690715,46.08704755876175],[12.703735369595831,46.08569662961346],[12.705672395381526,46.085735547457055],[12.705653716928012,46.08618585782275],[12.705008035977395,46.08617288865009],[12.70493329672769,46.087974128887176],[12.70428759523811,46.087961155259144],[12.70421282787626,46.08976239402117],[12.70356710584595,46.08974941593728]]]},"properties":{"ndvi_class":"moderate","color":"#74c476","area_m2":35023}},{"type":"Feature","geometry":{"type":"Polygon","coordinates":[[[12.697241152102434,46.08646728198956],[12.69727864583193,46.08556666657713],[12.697924316208425,46.08557967928079],[12.697886832969322,46.08648029509987],[12.697241152102434,46.08646728198956]]]},"properties":{"ndvi_class":"sparse","color":"#c7e9c0","area_m2":5003}},{"type":"Feature","geometry":{"type":"Polygon","coordinates":[[[12.657874532254588,46.085216295505376],[12.657893598824073,46.08476600028828],[12.65853924183584,46.08477923529005],[12.658520180510681,46.08522953071391],[12.657874532254588,46.085216295505376]]]},"properties":{"ndvi_class":"very_dense","color":"#00441b","area_m2":2502}},{"type":"Feature","geometry":{"type":"Polygon","coordinates":[[[12.709837868725835,46.094382144974645],[12.709856518463798,46.093931833938875],[12.710502292147968,46.09394477739238],[12.710539579795023,46.0930441547919],[12.709248053859111,46.09301826504837],[12.708639608907363,46.09210469315569],[12.709931112969203,46.09213058938089],[12.709912465009795,46.09258090058263],[12.710558222951782,46.092593843429434],[12.711241255822095,46.0917061593771],[12.711887004154672,46.09171909452884],[12.71192426636944,46.090818470704974],[12.712570004650468,46.09083140180729],[12.712607254595225,46.08993077741343],[12.713252982825022,46.089943704466585],[12.71330883867291,46.0885927669588],[12.713954551605594,46.08860568976109],[12.713991776126063,46.08770506414471],[12.715301783435239,46.08728058473312],[12.71602186094968,46.08549224167771],[12.717313217347812,46.085518051654674],[12.717921739070395,46.0864315796277],[12.717276049718793,46.08641867970296],[12.717238880317518,46.08731930758545],[12.716593180915527,46.08730640361281],[12.71591028979727,46.08819412290543],[12.715264580785906,46.08818121123972],[12.7152087734857,46.08953215068867],[12.714563049177093,46.089519234772645],[12.714525831599566,46.09041986046102],[12.713880097239516,46.09040694049621],[12.71382425180505,46.09175787811214],[12.713178502146274,46.09174495389635],[12.713141259143136,46.092645578362415],[12.712495499432036,46.09263265009732],[12.712420987107675,46.09443389772374],[12.711775206848689,46.09442096500494],[12.711793840843688,46.09397065336262],[12.711148066274639,46.0939577172003],[12.71112942703197,46.094408028640494],[12.709837868725835,46.094382144974645]]]},"properties":{"ndvi_class":"sparse","color":"#c7e9c0","area_m2":152599}},{"type":"Feature","geometry":{"type":"Polygon","coordinates":[[[12.68945539503179,46.08721145075101],[12.68954944518333,46.084959924545316],[12.690195104968259,46.084972980777685],[12.69017630107966,46.085423286306],[12.690821966555681,46.08543633909801],[12.690784367923701,46.08633695043779],[12.690138691957575,46.08632389723788],[12.690101081042224,46.08722450800341],[12.68945539503179,46.08721145075101]]]},"properties":{"ndvi_class":"dense","color":"#238b45","area_m2":17511}},{"type":"Feature","geometry":{"type":"Polygon","coordinates":[[[12.710819180480417,46.086289479998975],[12.710856453017545,46.08538885598803],[12.711502127462474,46.085401791955086],[12.711464865416039,46.08630241637029],[12.710819180480417,46.086289479998975]]]},"properties":{"ndvi_class":"moderate","color":"#74c476","area_m2":5003}},{"type":"Feature","geometry":{"type":"Polygon","coordinates":[[[12.695987306413695,46.08554063023652],[12.696006063098038,46.085090322874784],[12.697297392026295,46.0851163588086],[12.69727864583193,46.08556666657713],[12.695987306413695,46.08554063023652]]]},"properties":{"ndvi_class":"dense","color":"#238b45","area_m2":5003}},{"type":"Feature","geometry":{"type":"Polygon","coordinates":[[[12.69727864583193,46.08556666657713],[12.697297392026295,46.0851163588086],[12.697943057157781,46.085129371308945],[12.697924316208425,46.08557967928079],[12.69727864583193,46.08556666657713]]]},"properties":{"ndvi_class":"moderate","color":"#74c476","area_m2":2502}},{"type":"Feature","geometry":{"type":"Polygon","coordinates":[[[12.666913648957689,46.08540125681036],[12.66697062704247,46.08405036236452],[12.668261905181831,46.084076725865955],[12.668204958563418,46.08542762154754],[12.666913648957689,46.08540125681036]]]},"properties":{"ndvi_class":"moderate","color":"#74c476","area_m2":15010}},{"type":"Feature","geometry":{"type":"Polygon","coordinates":[[[12.672078898188103,46.08550662829832],[12.672135750406456,46.08415572891358],[12.674072679091303,46.08419518124269],[12.674034809530852,46.08509578210703],[12.6733891556975,46.08508263456389],[12.673370214995522,46.08553293472814],[12.672078898188103,46.08550662829832]]]},"properties":{"ndvi_class":"moderate","color":"#74c476","area_m2":20013}},{"type":"Feature","geometry":{"type":"Polygon","coordinates":[[[12.68694798039567,46.08535796768073],[12.68698564017222,46.08445735862359],[12.687631292926314,46.084470429228865],[12.687593643639238,46.08537103869445],[12.68694798039567,46.08535796768073]]]},"properties":{"ndvi_class":"moderate","color":"#74c476","area_m2":5003}},{"type":"Feature","geometry":{"type":"Polygon","coordinates":[[[12.71794031786089,46.08598126542272],[12.717977474113118,46.085080636888414],[12.718623148169351,46.08509353256397],[12.718586002407855,46.08599416150125],[12.71794031786089,46.08598126542272]]]},"properties":{"ndvi_class":"sparse","color":"#c7e9c0","area_m2":5003}},{"type":"Feature","geometry":{"type":"Polygon","coordinates":[[[12.681801562615295,46.084802965503904],[12.681820434236034,46.08435266259035],[12.682466083411954,46.08436576234913],[12.682447217035783,46.08481606546736],[12.681801562615295,46.084802965503904]]]},"properties":{"ndvi_class":"very_dense","color":"#00441b","area_m2":2502}},{"type":"Feature","geometry":{"type":"Polygon","coordinates":[[[12.710210779014874,46.085375916376464],[12.71022941986215,46.08492560451094],[12.710875088619677,46.08493854392031],[12.710856453017545,46.08538885598803],[12.710210779014874,46.085375916376464]]]},"properties":{"ndvi_class":"moderate","color":"#74c476","area_m2":2502}},{"type":"Feature","geometry":{"type":"Polygon","coordinates":[[[12.685562445500112,46.08758333459187],[12.685581288348349,46.08713303070078],[12.686226971678401,46.08714610982053],[12.686283481792417,46.08579519728456],[12.684346480350078,46.08575595083134],[12.684327628359451,46.0862062544384],[12.683036285811268,46.08618007150538],[12.68307401032275,46.085279465067806],[12.68436533189128,46.08530564718265],[12.684421883818455,46.08395473598691],[12.68571317570866,46.083980902298045],[12.685656655249252,46.08533181472031],[12.68694798039567,46.08535796768073],[12.686891487363956,46.0867088809544],[12.687537166342668,46.08672195258082],[12.686853823098065,46.087609489595486],[12.685562445500112,46.08758333459187]]]},"properties":{"ndvi_class":"moderate","color":"#74c476","area_m2":50032}},{"type":"Feature","geometry":{"type":"Polygon","coordinates":[[[12.683738527219793,46.08484225446159],[12.683776238544272,46.08394164736515],[12.684421883818455,46.08395473598691],[12.684384182983068,46.08485534349236],[12.683738527219793,46.08484225446159]]]},"properties":{"ndvi_class":"bare","color":"#d9d9d9","area_m2":5003}},{"type":"Feature","geometry":{"type":"Polygon","coordinates":[[[12.688258126952658,46.084933801147706],[12.688295764852946,46.08403319119059],[12.688941413255765,46.084046254303324],[12.688903785844756,46.08494686466865],[12.688258126952658,46.084933801147706]]]},"properties":{"ndvi_class":"moderate","color":"#74c476","area_m2":5003}},{"type":"Feature","geometry":{"type":"Polygon","coordinates":[[[12.704399732912801,46.08525929587062],[12.704418420965808,46.08480898582722],[12.705709750952682,46.08483492660113],[12.70572842807035,46.08438461611092],[12.706374088483773,46.08439758082871],[12.706336744293154,46.08529820217279],[12.704399732912801,46.08525929587062]]]},"properties":{"ndvi_class":"very_dense","color":"#00441b","area_m2":10006}},{"type":"Feature","geometry":{"type":"Polygon","coordinates":[[[12.67471832288506,46.08420832473091],[12.674737251743919,46.083758024030885],[12.675382890742576,46.08377116366973],[12.675363967128012,46.08422146457506],[12.67471832288506,46.08420832473091]]]},"properties":{"ndvi_class":"moderate","color":"#74c476","area_m2":2502}},{"type":"Feature","geometry":{"type":"Polygon","coordinates":[[[12.682466083411954,46.08436576234913],[12.682484949338365,46.08391545918927],[12.683130593717534,46.083928555099256],[12.68311173303558,46.08437885846374],[12.682466083411954,46.08436576234913]]]},"properties":{"ndvi_class":"moderate","color":"#74c476","area_m2":2502}},{"type":"Feature","geometry":{"type":"Polygon","coordinates":[[[12.718623148169351,46.08509353256397],[12.718641720385932,46.08464321803316],[12.719287389637728,46.08465610986274],[12.719268822666338,46.08510642459499],[12.718623148169351,46.08509353256397]]]},"properties":{"ndvi_class":"sparse","color":"#c7e9c0","area_m2":2502}},{"type":"Feature","geometry":{"type":"Polygon","coordinates":[[[12.675250415966376,46.086923269132086],[12.675307193577474,46.085572367041074],[12.676598514877876,46.08559863702838],[12.676636343384201,46.08469803460516],[12.675345043062316,46.08467176543873],[12.675363967128012,46.08422146457506],[12.676009611820039,46.084234600775105],[12.676047448109545,46.083333998512295],[12.67733871786324,46.083360259159484],[12.677281994218461,46.08471116372214],[12.67855439893909,46.08518771287124],[12.678497701354102,46.08653861816438],[12.675915013203388,46.08648610570305],[12.675896092126886,46.08693640656366],[12.675250415966376,46.086923269132086]]]},"properties":{"ndvi_class":"moderate","color":"#74c476","area_m2":57537}},{"type":"Feature","geometry":{"type":"Polygon","coordinates":[[[12.688903785844756,46.08494686466865],[12.688960226288513,46.08359594905827],[12.689605869893322,46.08360900832279],[12.68954944518333,46.084959924545316],[12.688903785844756,46.08494686466865]]]},"properties":{"ndvi_class":"dense","color":"#238b45","area_m2":7505}},{"type":"Feature","geometry":{"type":"Polygon","coordinates":[[[12.687518339679503,46.087172257126404],[12.687537166342668,46.08672195258082],[12.686891487363956,46.0867088809544],[12.68694798039567,46.08535796768073],[12.687593643639238,46.08537103869445],[12.687023298153216,46.08355674940003],[12.688295764852946,46.08403319119059],[12.688258126952658,46.084933801147706],[12.688903785844756,46.08494686466865],[12.688866156639637,46.08584747486759],[12.688220487257766,46.08583441093842],[12.688201666737308,46.08628471577138],[12.688847341364255,46.08629777990467],[12.688809709467774,46.08719838985405],[12.687518339679503,46.087172257126404]]]},"properties":{"ndvi_class":"sparse","color":"#c7e9c0","area_m2":40026}},{"type":"Feature","geometry":{"type":"Polygon","coordinates":[[[12.6876501168967,46.08402012443368],[12.687668940418337,46.08356981959689],[12.688314583130143,46.08358288614963],[12.688295764852946,46.08403319119059],[12.6876501168967,46.08402012443368]]]},"properties":{"ndvi_class":"bare","color":"#d9d9d9","area_m2":2502}},{"type":"Feature","geometry":{"type":"Polygon","coordinates":[[[12.688295764852946,46.08403319119059],[12.688314583130143,46.08358288614963],[12.688960226288513,46.08359594905827],[12.688941413255765,46.084046254303324],[12.688295764852946,46.08403319119059]]]},"properties":{"ndvi_class":"sparse","color":"#c7e9c0","area_m2":2502}},{"type":"Feature","geometry":{"type":"Polygon","coordinates":[[[12.717350383204682,46.08461742344057],[12.717368965468594,46.084167109271334],[12.718014628593748,46.084180008188326],[12.717996051574875,46.084630322559086],[12.717350383204682,46.08461742344057]]]},"properties":{"ndvi_class":"sparse","color":"#c7e9c0","area_m2":2502}},{"type":"Feature","geometry":{"type":"Polygon","coordinates":[[[12.691486425876679,46.08499908230953],[12.69156159499196,46.08319785814914],[12.692207235136888,46.08321090263331],[12.692132086999923,46.085012127608984],[12.691486425876679,46.08499908230953]]]},"properties":{"ndvi_class":"dense","color":"#238b45","area_m2":10006}},{"type":"Feature","geometry":{"type":"Polygon","coordinates":[[[12.698569987029671,46.08559268834003],[12.698588722734005,46.085142380164925],[12.696006063098038,46.085090322874784],[12.696726728626947,46.08330211198766],[12.701246243918826,46.08339314277928],[12.701190103761768,46.084744070115796],[12.700544441652779,46.08473107604042],[12.699861330005929,46.08561869552516],[12.698569987029671,46.08559268834003]]]},"properties":{"ndvi_class":"very_dense","color":"#00441b","area_m2":77550}},{"type":"Feature","geometry":{"type":"Polygon","coordinates":[[[12.678573297232997,46.084737411023575],[12.677965451226543,46.08382368578468],[12.679256734160399,46.08384992497783],[12.679940148757343,46.08296243430172],[12.681231413403818,46.08298865081116],[12.68115590864265,46.08478986189625],[12.678573297232997,46.084737411023575]]]},"properties":{"ndvi_class":"very_dense","color":"#00441b","area_m2":35023}},{"type":"Feature","geometry":{"type":"Polygon","coordinates":[[[12.68119366192323,46.08388925643696],[12.681231413403818,46.08298865081116],[12.681877046398991,46.08300175359991],[12.681839305406887,46.08390235963516],[12.68119366192323,46.08388925643696]]]},"properties":{"ndvi_class":"moderate","color":"#74c476","area_m2":5003}},{"type":"Feature","geometry":{"type":"Polygon","coordinates":[[[12.68307401032275,46.085279465067806],[12.683130593717534,46.083928555099256],[12.681839305406887,46.08390235963516],[12.681877046398991,46.08300175359991],[12.682522679841956,46.08301485274468],[12.682503814815027,46.08346515598779],[12.683795093532257,46.083491343754496],[12.683738527219793,46.08484225446159],[12.684384182983068,46.08485534349236],[12.68436533189128,46.08530564718265],[12.68307401032275,46.085279465067806]]]},"properties":{"ndvi_class":"sparse","color":"#c7e9c0","area_m2":20013}},{"type":"Feature","geometry":{"type":"Polygon","coordinates":[[[12.687668940418337,46.08356981959689],[12.687687763491237,46.083119514718504],[12.68833340095873,46.08313258106709],[12.688314583130143,46.08358288614963],[12.687668940418337,46.08356981959689]]]},"properties":{"ndvi_class":"sparse","color":"#c7e9c0","area_m2":2502}},{"type":"Feature","geometry":{"type":"Polygon","coordinates":[[[12.708975385015458,46.08399909171233],[12.70899403501909,46.08354878012686],[12.709639687157146,46.083561726218285],[12.709621042398261,46.08401203800604],[12.708975385015458,46.08399909171233]]]},"properties":{"ndvi_class":"moderate","color":"#74c476","area_m2":2502}},{"type":"Feature","geometry":{"type":"Polygon","coordinates":[[[12.675841565833583,46.103610650498695],[12.675860498359548,46.10316035097435],[12.677152230738141,46.103186622388236],[12.676582068916199,46.101372289169454],[12.67787376019788,46.10139855164893],[12.677854845225268,46.10184885195552],[12.678500696788847,46.10186197793093],[12.678538515784695,46.1009613768659],[12.679184357298727,46.100974498784886],[12.679241066664298,46.09962359625991],[12.678595240896918,46.099610474955966],[12.678614148365966,46.09916017423603],[12.679259968884713,46.099173295334964],[12.679297771973458,46.09827269336012],[12.679943582443926,46.09828581040313],[12.68062717365607,46.09739832083914],[12.679335573259513,46.09737209121869],[12.679316672841816,46.09782239231023],[12.676087653462334,46.0977567534324],[12.676068726352813,46.09820705345672],[12.674777111248332,46.09818077197424],[12.674796048854226,46.09773047236056],[12.673504446043998,46.097704176705534],[12.673542340893091,46.09680357817487],[12.674188131577475,46.096816727414385],[12.674207073076603,46.09636642788107],[12.67291550265307,46.09634012616735],[12.672877598211848,46.097240724370344],[12.671586008596298,46.097214407251826],[12.671661857652737,46.095413212323834],[12.667141455115761,46.09532099333322],[12.667122456797768,46.09577129068686],[12.668414008621955,46.095797657609126],[12.66839502034604,46.096247955333034],[12.669667606234675,46.096724606179],[12.669610668819693,46.09807550021072],[12.665090055342553,46.097983196012976],[12.66510907166955,46.09753289948628],[12.663836508744387,46.097056198303164],[12.663779428275621,46.09840708664556],[12.663133623809717,46.09839387825066],[12.663095557398979,46.099294469857554],[12.663741372361388,46.0993076786652],[12.663722343723713,46.09975797461242],[12.662430703753788,46.0997315529384],[12.662487819795547,46.09838066620998],[12.661842016233233,46.098367450523504],[12.661880101820675,46.09746685957553],[12.660588517043948,46.09744041809153],[12.66056946398146,46.09789071317326],[12.659923667023467,46.09787748675613],[12.659904608258689,46.098327781589454],[12.658613005203897,46.098301317404605],[12.658593935488481,46.0987516117827],[12.656656518556924,46.09871188754171],[12.656675604016549,46.09826159378427],[12.65538400548966,46.09823509314209],[12.655364909533963,46.098685386485464],[12.6527816969279,46.0986323406238],[12.652819930367459,46.09773175555284],[12.654757307654277,46.09777154417437],[12.654776407947141,46.097321250954565],[12.657340483716158,46.097824544630654],[12.657359563017879,46.09737425058275],[12.656087073918528,46.09689746438413],[12.656163426735924,46.095096289263566],[12.655517664431745,46.09508303856891],[12.655574940007055,46.09373215741101],[12.654929193896685,46.0937189036923],[12.654967385830842,46.092818316459024],[12.653675915956114,46.09279179891483],[12.653790543785302,46.090090038698285],[12.652480024685772,46.09051380212053],[12.652518252212026,46.089613215960036],[12.651226859409029,46.08958667215903],[12.651245982979532,46.08913637943082],[12.652537365291638,46.08916292281711],[12.652613813053604,46.08736174982759],[12.653259483909466,46.087375015224865],[12.653297694567197,46.0864744280649],[12.652652034200894,46.086461163082134],[12.652671144091164,46.08601086964674],[12.653962454787944,46.08603739555361],[12.653924255530475,46.08693798321153],[12.655861256442781,46.08697774598312],[12.655880340564908,46.086527451553806],[12.656526003196838,46.08654069831546],[12.656487844987314,46.08744128754628],[12.654550826981273,46.087401535086435],[12.654531731459167,46.08785182901809],[12.65776012329185,46.087918065930964],[12.657779192588782,46.087467770964416],[12.658424867068375,46.08748100720694],[12.658367673549295,46.08883189260174],[12.659013364216934,46.08884512582014],[12.658956182343896,46.09019601145946],[12.65960188920066,46.090209241653426],[12.659563776171616,46.09110983228432],[12.66020949397247,46.09112305924686],[12.660133283447376,46.092924240834364],[12.660779022685626,46.09293746497851],[12.660721875762261,46.094288351350706],[12.661367631192874,46.094301572469455],[12.661348586557077,46.09475186804995],[12.662640109268203,46.09477829976465],[12.662659143409932,46.09432800377119],[12.66396968062799,46.09390412404389],[12.664083810268226,46.09120234448014],[12.665375252645973,46.09122874373218],[12.665413271247393,46.09032814938556],[12.664767560324949,46.09031495199439],[12.664159887625507,46.08940115726984],[12.662887517717213,46.088924448594746],[12.662906545960439,46.08847415205881],[12.663552234546303,46.08848735955885],[12.663723421119988,46.084434687000524],[12.663077779737387,46.08442148135754],[12.663172893739755,46.08216999617417],[12.663818508902686,46.08218320078556],[12.663761457593148,46.08353409263971],[12.664407088938802,46.08354729422612],[12.664369062953906,46.08444788899948],[12.665014705239026,46.08446108735439],[12.664995696811019,46.08491138488469],[12.664350049281566,46.08489818632356],[12.664331035155943,46.08534848360595],[12.664976687929856,46.08536168237329],[12.664919658567298,46.086712574588745],[12.667502337109603,46.086765335689485],[12.667521326370846,46.086315037501706],[12.668812657856533,46.08634139577415],[12.668831636175515,46.085891097132844],[12.671414283571174,46.085943769123006],[12.671319492353092,46.0881952660275],[12.670673803603602,46.08818210246805],[12.671281572701938,46.089095864497516],[12.670635873461391,46.08908270052672],[12.670616907712065,46.08953299949351],[12.66932550008997,46.089506660206375],[12.669287546251269,46.09040725719183],[12.668641832623956,46.09039408166948],[12.66860386648326,46.091294678076416],[12.667958142814252,46.09128149849741],[12.66793915381873,46.09173179643242],[12.66923061209986,46.09175815235728],[12.66926856865326,46.090857555622],[12.670560007751025,46.090883896143744],[12.67054104019295,46.09133419494379],[12.669895315172731,46.09132102629961],[12.66985736820713,46.092221623363116],[12.668565898532185,46.09219527431656],[12.668527928770622,46.09309587038991],[12.669173673876104,46.09310904714746],[12.669154693563154,46.09355934532746],[12.670465165438308,46.09313538972705],[12.670427225347401,46.09403598686853],[12.669781468847356,46.0940228169898],[12.669762492876384,46.094473115292246],[12.671699779468359,46.09451261460972],[12.671775617674939,46.09271141868128],[12.673712845353615,46.09275088272399],[12.673693902220279,46.09320118238523],[12.67563114968549,46.093240614237615],[12.67561222184126,46.093690914473285],[12.676903732891576,46.09371718455916],[12.676960483589495,46.092366282495824],[12.678233058999774,46.09284283790948],[12.678270870458691,46.09194223558854],[12.679562343125301,46.091968474871976],[12.679543448114478,46.09241877646325],[12.67889770631026,46.09240565843911],[12.678859904443451,46.0933062610868],[12.680151409487651,46.09333249430964],[12.680132518372314,46.0937827959809],[12.681424035703978,46.09380901503228],[12.681442916325228,46.093358712951364],[12.685317447588263,46.093437281389264],[12.685298598449595,46.093887584697775],[12.683361315061976,46.09384831626919],[12.683342449732166,46.09429861892252],[12.685279748861511,46.09433788796466],[12.68520434601475,46.09613910061608],[12.684558558200491,46.096126013762934],[12.684596271018167,46.0952254079294],[12.68395049414682,46.09521231783963],[12.683912770833789,46.09611292326411],[12.68068384071791,46.09604741608521],[12.680646063127062,46.09694801929614],[12.68129185874986,46.096961128432845],[12.681272974526918,46.097411430180664],[12.683856182491214,46.097463831088646],[12.683837318810827,46.0979141336136],[12.681899896420955,46.097874837787366],[12.681843255444862,46.09922574327045],[12.681197433132299,46.09921263675562],[12.681159659733094,46.10011323979329],[12.68243244892415,46.10058975186184],[12.682394693819322,46.10149035546875],[12.681748844813866,46.10147725157629],[12.681767727840544,46.10102694999839],[12.680476041672746,46.101000731684145],[12.680438254172154,46.101901333979],[12.677835929801622,46.10229915222049],[12.677779180824388,46.10365005276541],[12.675841565833583,46.103610650498695]],[[12.679830199261453,46.10098761705764],[12.680476041672746,46.101000731684145],[12.680513827371326,46.10010012922273],[12.679867995457979,46.100087015006046],[12.679830199261453,46.10098761705764]],[[12.676752377850441,46.09731958822842],[12.677398176029394,46.09733271944464],[12.677436007000468,46.09643211836695],[12.676790219317331,46.096418987561044],[12.676752377850441,46.09731958822842]],[[12.678689773734053,46.09735897093978],[12.679335573259513,46.09737209121869],[12.679354473226566,46.096921790085524],[12.678708678949114,46.096908670011615],[12.678689773734053,46.09735897093978]],[[12.66516611793016,46.09618200965588],[12.665811897511244,46.09619520608239],[12.665830906777215,46.09574490918264],[12.665185132443613,46.09573171296231],[12.66516611793016,46.09618200965588]],[[12.674852858962764,46.096379573269516],[12.676790219317331,46.096418987561044],[12.676809139374091,46.09596868716487],[12.677454921809508,46.095981817765605],[12.67749275007466,46.09508121643798],[12.676846978134307,46.095068086247565],[12.676865896837791,46.09461778572643],[12.677511663530796,46.0946309157117],[12.677549489090264,46.09373031413415],[12.676239054093418,46.09415435173812],[12.676182282240955,46.09550525268594],[12.674871794762606,46.09592927348917],[12.674852858962764,46.096379573269516]],[[12.672934454195873,46.09588982700333],[12.673580233935159,46.0959029794775],[12.673599179778591,46.09545268006632],[12.672953405286822,46.095439527797645],[12.672934454195873,46.09588982700333]],[[12.678746488026977,46.09600806803029],[12.680038056039136,46.09603430371253],[12.680056949406682,46.095584002249495],[12.679411170423975,46.0955708864361],[12.6794489663026,46.09467028379494],[12.68009473479038,46.09468339919847],[12.68011362680656,46.0942330976105],[12.679467863566053,46.09421998241188],[12.679486760378955,46.093769680987194],[12.678841002834078,46.093756562348176],[12.678803198263324,46.09465716474596],[12.678157430672682,46.09464404205154],[12.678138522463904,46.09509434298293],[12.678784295301918,46.095107465882386],[12.678746488026977,46.09600806803029]],[[12.680056949406682,46.095584002249495],[12.680702728837794,46.09559711441731],[12.680721616507334,46.095146812707746],[12.680075842323758,46.0951337007448],[12.680056949406682,46.095584002249495]],[[12.681348508717194,46.09561022293955],[12.682658941747201,46.095186126723476],[12.682677813224098,46.094735824358025],[12.68203204294353,46.09472272353634],[12.682069795042034,46.09382211908994],[12.681424035703978,46.09380901503228],[12.681348508717194,46.09561022293955]],[[12.668451983815613,46.09489706203619],[12.669743516452971,46.094923413552976],[12.669762492876384,46.094473115292246],[12.668470970733384,46.094446764187175],[12.668451983815613,46.09489706203619]],[[12.664596415123244,46.094367623384215],[12.665887931855822,46.0943940182331],[12.665906939308964,46.093943721166504],[12.664615433070336,46.09391732672999],[12.664596415123244,46.094367623384215]],[[12.667825210337753,46.09443358316664],[12.668470970733384,46.094446764187175],[12.668489957198467,46.093996466296446],[12.66784420204987,46.09398328548186],[12.667825210337753,46.09443358316664]],[[12.674928599453303,46.094578373898116],[12.67557436479892,46.094591514819626],[12.67561222184126,46.093690914473285],[12.673674958635294,46.0936514820048],[12.673656014598647,46.09410178158269],[12.674947533447304,46.09412807395108],[12.674928599453303,46.094578373898116]],[[12.672383452079108,46.093625175466116],[12.67302920513234,46.093638330558086],[12.673048153964215,46.093188031143995],[12.672402406157863,46.093174876257564],[12.672383452079108,46.093625175466116]],[[12.666685695863396,46.090804830839936],[12.667977131357052,46.09083120052071],[12.667996119447146,46.09038090250232],[12.666704694445524,46.09035453323355],[12.666685695863396,46.090804830839936]],[[12.666077985996017,46.089891045689924],[12.666723692574712,46.08990423558542],[12.666742690250967,46.08945393789561],[12.668053081001329,46.08903000819688],[12.668072067280734,46.08857971001167],[12.669363452119004,46.08860606305414],[12.669382427454932,46.08815576441549],[12.666799680562299,46.088103044575895],[12.666780684244749,46.08855334239084],[12.666134993402924,46.088540153113556],[12.666077985996017,46.089891045689924]],[[12.667369399604262,46.0899174218362],[12.668660815015448,46.08994378340346],[12.668679796954384,46.08949348509574],[12.66738839203476,46.089467123940345],[12.667369399604262,46.0899174218362]],[[12.664197923583606,46.08850056341435],[12.664843613072227,46.08851376362531],[12.664919658567298,46.086712574588745],[12.664273990059261,46.08669937520273],[12.664197923583606,46.08850056341435]],[[12.670047084942409,46.087718636377915],[12.67069276799651,46.087731803376194],[12.670749658462608,46.086380905850476],[12.670103991143742,46.08636773946936],[12.670047084942409,46.087718636377915]]]},"properties":{"ndvi_class":"moderate","color":"#74c476","area_m2":1703606}},{"type":"Feature","geometry":{"type":"Polygon","coordinates":[[[12.690195104968259,46.084972980777685],[12.690289117687358,46.082721452512274],[12.690934751696062,46.08273450408068],[12.690840765199416,46.08498603336576],[12.690195104968259,46.084972980777685]]]},"properties":{"ndvi_class":"sparse","color":"#c7e9c0","area_m2":12508}},{"type":"Feature","geometry":{"type":"Polygon","coordinates":[[[12.685105218089234,46.08306721288375],[12.68512406169003,46.08261690878091],[12.68576969212595,46.08262998950127],[12.68575085376929,46.08308029380848],[12.685105218089234,46.08306721288375]]]},"properties":{"ndvi_class":"very_dense","color":"#00441b","area_m2":2502}},{"type":"Feature","geometry":{"type":"Polygon","coordinates":[[[12.685656655249252,46.08533181472031],[12.68571317570866,46.083980902298045],[12.684421883818455,46.08395473598691],[12.684497280096853,46.08215352047661],[12.687079781758282,46.08220583525269],[12.68694798039567,46.08535796768073],[12.685656655249252,46.08533181472031]],[[12.685105218089234,46.08306721288375],[12.68575085376929,46.08308029380848],[12.68576969212595,46.08262998950127],[12.68512406169003,46.08261690878091],[12.685105218089234,46.08306721288375]]]},"properties":{"ndvi_class":"dense","color":"#238b45","area_m2":52534}},{"type":"Feature","geometry":{"type":"Polygon","coordinates":[[[12.683776238544272,46.08394164736515],[12.683795093532257,46.083491343754496],[12.682503814815027,46.08346515598779],[12.681895916220267,46.08255145051983],[12.683187173065708,46.08257764475611],[12.683206031949249,46.08212734122514],[12.683851655799353,46.08214043267281],[12.683832802159785,46.08259073640833],[12.684478431701267,46.082603824416594],[12.684421883818455,46.08395473598691],[12.683776238544272,46.08394164736515]]]},"properties":{"ndvi_class":"moderate","color":"#74c476","area_m2":22515}},{"type":"Feature","geometry":{"type":"Polygon","coordinates":[[[12.683832802159785,46.08259073640833],[12.683851655799353,46.08214043267281],[12.684497280096853,46.08215352047661],[12.684478431701267,46.082603824416594],[12.683832802159785,46.08259073640833]]]},"properties":{"ndvi_class":"sparse","color":"#c7e9c0","area_m2":2502}},{"type":"Feature","geometry":{"type":"Polygon","coordinates":[[[12.689536702047645,46.10073364952288],[12.689574339874742,46.09983304125284],[12.688928506943821,46.099819978286824],[12.688909683005665,46.10027028223853],[12.686972171147303,46.10023107085083],[12.686991010832292,46.099780767511774],[12.687636842422473,46.09979384141627],[12.687674509947332,46.098893234204795],[12.68636402417384,46.09931738678477],[12.686401711795009,46.09841678030727],[12.68575589684524,46.098403699723626],[12.685812440652125,46.09705279030843],[12.687749839608404,46.09709201928259],[12.687768670901116,46.09664171544803],[12.686477081645865,46.096615566852954],[12.686514763875762,46.09571495987614],[12.68520434601475,46.09613910061608],[12.685279748861511,46.09433788796466],[12.683342449732166,46.09429861892252],[12.683361315061976,46.09384831626919],[12.685298598449595,46.093887584697775],[12.685317447588263,46.093437281389264],[12.685963204365219,46.093450363370295],[12.68588782610332,46.09525157717225],[12.687825162085323,46.09529080369475],[12.687217052017242,46.09437712419777],[12.68850858968962,46.094403263459185],[12.68852741304123,46.093952959170856],[12.690464707158103,46.09399214010968],[12.69055873847995,46.091740614983195],[12.68862152306767,46.091701437105165],[12.688640343726727,46.09125113256724],[12.687348879511509,46.091224996164556],[12.687424199630774,46.089423779230295],[12.690652758593014,46.08948908881703],[12.69074676749895,46.087237561611204],[12.692038141750798,46.08726365789305],[12.692094510244075,46.085912739847345],[12.692740182303108,46.08592578191003],[12.692777748569025,46.08502516926412],[12.694714735950228,46.08506427236355],[12.694695968775957,46.08551457931825],[12.695341637372202,46.08552760659959],[12.695285348900452,46.08687852782498],[12.694639664568589,46.08686549993299],[12.694620895604569,46.08731580672144],[12.693975206472677,46.08730277498127],[12.693937656710958,46.08820338802624],[12.69329195753338,46.08819035223411],[12.69321683165441,46.08999157701046],[12.694508272423118,46.09001764657925],[12.69447072778238,46.09091825953265],[12.695116459327838,46.09093128925676],[12.695135226625533,46.090480982597256],[12.695780953369932,46.090494008472746],[12.695818476130464,46.08959339462202],[12.694527044072158,46.08956734004019],[12.69460212619308,46.08776611346831],[12.69524782101598,46.08777914176743],[12.695266585181889,46.08732883481699],[12.696557965672307,46.08735488007415],[12.696539211997598,46.08780518743154],[12.697184908156071,46.08781820479655],[12.697203656585158,46.08736789723577],[12.697849347942938,46.08738091075272],[12.697943057157781,46.085129371308945],[12.698588722734005,46.085142380164925],[12.698569987029671,46.08559268834003],[12.699861330005929,46.08561869552516],[12.700544441652779,46.08473107604042],[12.701190103761768,46.084744070115796],[12.701152674759701,46.08564468813248],[12.701798347802848,46.08565767896944],[12.701891890737778,46.08340613260141],[12.703183185707386,46.08343210131308],[12.70312709275287,46.08478303047577],[12.704418420965808,46.08480898582722],[12.704399732912801,46.08525929587062],[12.706336744293154,46.08529820217279],[12.706374088483773,46.08439758082871],[12.707019749340294,46.08441054190215],[12.70703841552308,46.083960230965346],[12.709621042398261,46.08401203800604],[12.710303978807422,46.08312435663397],[12.71224092346843,46.08316316150346],[12.712259546360249,46.082712848824194],[12.715487770076162,46.08277744971249],[12.715506366301707,46.08232713598241],[12.717443290094396,46.082365852179954],[12.71740612866744,46.083266480808554],[12.71676047647294,46.08325357865035],[12.716704715275476,46.084604520677594],[12.716059047787382,46.084591614270145],[12.716040454590168,46.08504192799466],[12.714730506316592,46.08546641712252],[12.714693296724016,46.086367043557246],[12.71404760957885,46.08635412540915],[12.714028998871626,46.08680443836246],[12.711464865416039,46.08630241637029],[12.711446233726546,46.08675272851566],[12.712091924349872,46.08676566144441],[12.71199878546877,46.08901722255949],[12.711353068615837,46.08900428862035],[12.71131579946179,46.089904912371864],[12.710024346097404,46.08987903274995],[12.70930401347874,46.09166733205004],[12.708012520796396,46.09164142893887],[12.707956529694103,46.09299236072298],[12.708602291555183,46.093005314708385],[12.708583632211775,46.0934556254225],[12.709875167757106,46.09348152286161],[12.709856518463798,46.093931833938875],[12.70921074522226,46.09391888683979],[12.709154778931069,46.09526981921573],[12.708508990389056,46.09525686786399],[12.708490328821041,46.09570717837061],[12.707198742569945,46.09568126432504],[12.707217414633904,46.095230954223304],[12.706571627421011,46.095217991934376],[12.707329437668967,46.092529092741366],[12.705392171815312,46.092490198583846],[12.705448224546018,46.091139269105696],[12.706093963646497,46.09115223686237],[12.706131319413112,46.09025161659748],[12.70677704846363,46.09026458030384],[12.706702356136093,46.09206582147783],[12.70734810661682,46.09207878234911],[12.70751610711928,46.088025986951315],[12.70622470103708,46.08800006520885],[12.706243376026109,46.08754975480661],[12.706889073599854,46.08756271729771],[12.706907742897966,46.08711240665143],[12.708199128883106,46.087138320294464],[12.708255102634208,46.08578738689196],[12.703735369595831,46.08569662961346],[12.703679285690715,46.08704755876175],[12.704324976245314,46.08706053562904],[12.704306285964512,46.08751084546485],[12.703660590164272,46.087497868394806],[12.70356710584595,46.08974941593728],[12.70421282787626,46.08976239402117],[12.70419413492167,46.09021270360788],[12.701611228477969,46.090160768590835],[12.701704793716793,46.08790922429926],[12.701059094446336,46.087896232447385],[12.701021659197433,46.088796849882605],[12.7003759498794,46.08878385397987],[12.700909342740015,46.09149870119148],[12.70026360194367,46.091485704070344],[12.700244875725161,46.091936012273386],[12.699599130126435,46.09192301130392],[12.699674053308211,46.09012177905509],[12.697736882139052,46.09008275671414],[12.697643148345486,46.092334293872675],[12.696351650657341,46.09230825871982],[12.696332892063706,46.09275856562009],[12.69568713864039,46.092745542372256],[12.69564960961701,46.09364615564114],[12.695003846144722,46.0936331283409],[12.695041385662408,46.09273251547911],[12.691812627456876,46.092667326333725],[12.691756238801405,46.094018242508355],[12.693693539611948,46.09405736876544],[12.693655976419006,46.09495798056329],[12.694928761738877,46.09543435356572],[12.694909989518491,46.09588465976802],[12.695555779228735,46.09589768808602],[12.695612078804011,46.09454676874377],[12.696903628074242,46.094572813221774],[12.696884872491822,46.09502312011769],[12.697530653042339,46.09503613709174],[12.69684735998538,46.09592373378486],[12.697493151031534,46.09593675116568],[12.69747439935549,46.096387058140316],[12.694245422337865,46.09632193376138],[12.6942642002538,46.09587162780428],[12.692972623061568,46.09584555293972],[12.692364421109426,46.09493189922236],[12.691072867583937,46.09490580329912],[12.691035260617964,46.09580641330016],[12.689743687886843,46.09578030197873],[12.689724873235612,46.096230606508875],[12.691016456462467,46.0962567182383],[12.690997651858611,46.09670702313485],[12.690351854773967,46.096693968889035],[12.690295422527365,46.09804488271729],[12.68964961014447,46.09803182421361],[12.68968724258731,46.097131215444435],[12.68904144114759,46.09711815370298],[12.68835798671863,46.09800569626841],[12.68771217567594,46.0979926268269],[12.68769334303616,46.09844293053665],[12.69092242895933,46.09850824230523],[12.69090362211348,46.09895854699385],[12.693486919882156,46.09901073159578],[12.69344934683587,46.09991134247904],[12.692157676063825,46.09988525665509],[12.692120080229255,46.100785866556876],[12.689536702047645,46.10073364952288]],[[12.689135540643043,46.09486663207256],[12.690427091490536,46.09489274986915],[12.690445899548536,46.0944424450102],[12.689154359196001,46.09441632762168],[12.689135540643043,46.09486663207256]],[[12.692364421109426,46.09493189922236],[12.693010198541266,46.0949449417156],[12.693028985609194,46.09449463604119],[12.692383213424892,46.094481593751716],[12.692364421109426,46.09493189922236]],[[12.693768660624421,46.09225614467087],[12.695705902481004,46.09229523567548],[12.695724665874252,46.091844928937135],[12.693787439758156,46.0918058385433],[12.693768660624421,46.09225614467087]],[[12.691204477843483,46.091753666985554],[12.692495957908958,46.09177976005478],[12.692552324103126,46.090428842645025],[12.693198049065202,46.09044188310061],[12.69321683165441,46.08999157701046],[12.691279673844805,46.08995244532011],[12.691204477843483,46.091753666985554]],[[12.708695581599242,46.09075376051542],[12.709341317668208,46.0907667098437],[12.709359969095901,46.09031639867829],[12.708714238273553,46.090303449552344],[12.708695581599242,46.09075376051542]],[[12.708068507893975,46.09029049678127],[12.708714238273553,46.090303449552344],[12.708732894503058,46.08985313854777],[12.708087169369959,46.08984018597909],[12.708068507893975,46.09029049678127]],[[12.691317269156373,46.08905183423787],[12.691962977488128,46.0890648813719],[12.692000560515456,46.08816426971563],[12.691354862675352,46.088151222989325],[12.691317269156373,46.08905183423787]],[[12.697128660186848,46.08916912722955],[12.69777437252791,46.08918214155986],[12.697793117051981,46.088731833920406],[12.697147409956928,46.08871881979344],[12.697128660186848,46.08916912722955]],[[12.69585599710185,46.08869278060504],[12.696501703306842,46.08870580202165],[12.696539211997598,46.08780518743154],[12.695893516284194,46.08779216642183],[12.69585599710185,46.08869278060504]],[[12.69845756342317,46.088294536518255],[12.699103266161881,46.088307543152325],[12.69912199930064,46.08785723502326],[12.698476301807714,46.08784422859241],[12.69845756342317,46.088294536518255]],[[12.708180470076417,46.087588631345646],[12.708826168978987,46.08760158290247],[12.708844822539945,46.08715127164893],[12.708199128883106,46.087138320294464],[12.708180470076417,46.087588631345646]],[[12.69982387823816,46.086519312563475],[12.700469560883418,46.08653231109554],[12.700488281745205,46.08608200239407],[12.69984260434526,46.08606900406509],[12.69982387823816,46.086519312563475]],[[12.710819180480417,46.086289479998975],[12.711464865416039,46.08630241637029],[12.711502127462474,46.085401791955086],[12.710856453017545,46.08538885598803],[12.710819180480417,46.086289479998975]],[[12.710210779014874,46.085375916376464],[12.710856453017545,46.08538885598803],[12.710875088619677,46.08493854392031],[12.71022941986215,46.08492560451094],[12.710210779014874,46.085375916376464]]]},"properties":{"ndvi_class":"dense","color":"#238b45","area_m2":1438434}},{"type":"Feature","geometry":{"type":"Polygon","coordinates":[[[12.709856518463798,46.093931833938875],[12.709875167757106,46.09348152286161],[12.708583632211775,46.0934556254225],[12.708602291555183,46.093005314708385],[12.707956529694103,46.09299236072298],[12.708012520796396,46.09164142893887],[12.70930401347874,46.09166733205004],[12.710024346097404,46.08987903274995],[12.71131579946179,46.089904912371864],[12.711353068615837,46.08900428862035],[12.71199878546877,46.08901722255949],[12.712091924349872,46.08676566144441],[12.711446233726546,46.08675272851566],[12.711464865416039,46.08630241637029],[12.714028998871626,46.08680443836246],[12.71404760957885,46.08635412540915],[12.714693296724016,46.086367043557246],[12.714730506316592,46.08546641712252],[12.715376183412442,46.08547933122239],[12.715394782298182,46.08502901774105],[12.716704715275476,46.084604520677594],[12.71676047647294,46.08325357865035],[12.71740612866744,46.083266480808554],[12.717443290094396,46.082365852179954],[12.718734574827671,46.082391644757465],[12.718716004824769,46.08284195949548],[12.718070356993175,46.08282906482735],[12.718014628593748,46.084180008188326],[12.719324522252608,46.08375548027395],[12.719287389637728,46.08465610986274],[12.717977474113118,46.085080636888414],[12.71794031786089,46.08598126542272],[12.717294633754829,46.08596836569953],[12.717313217347812,46.085518051654674],[12.71602186094968,46.08549224167771],[12.715301783435239,46.08728058473312],[12.713991776126063,46.08770506414471],[12.713954551605594,46.08860568976109],[12.71330883867291,46.0885927669588],[12.713252982825022,46.089943704466585],[12.712607254595225,46.08993077741343],[12.712570004650468,46.09083140180729],[12.71192426636944,46.090818470704974],[12.711887004154672,46.09171909452884],[12.711241255822095,46.0917061593771],[12.710558222951782,46.092593843429434],[12.709912465009795,46.09258090058263],[12.709931112969203,46.09213058938089],[12.708639608907363,46.09210469315569],[12.709248053859111,46.09301826504837],[12.710539579795023,46.0930441547919],[12.710502292147968,46.09394477739238],[12.709856518463798,46.093931833938875]],[[12.70996840755421,46.091229966853],[12.710614149755145,46.091242909093125],[12.710632791134003,46.09079259756471],[12.70998705417984,46.090779655526795],[12.70996840755421,46.091229966853]],[[12.717350383204682,46.08461742344057],[12.717996051574875,46.084630322559086],[12.718014628593748,46.084180008188326],[12.717368965468594,46.084167109271334],[12.717350383204682,46.08461742344057]]]},"properties":{"ndvi_class":"moderate","color":"#74c476","area_m2":197628}},{"type":"Feature","geometry":{"type":"Polygon","coordinates":[[[12.718014628593748,46.084180008188326],[12.718070356993175,46.08282906482735],[12.719380217855381,46.08240453557994],[12.719324522252608,46.08375548027395],[12.718014628593748,46.084180008188326]]]},"properties":{"ndvi_class":"sparse","color":"#c7e9c0","area_m2":15010}},{"type":"Feature","geometry":{"type":"Polygon","coordinates":[[[12.676085282595121,46.08243339608286],[12.676123115276877,46.08153279348679],[12.676768728953773,46.08154592481169],[12.676730906759547,46.08244652781809],[12.676085282595121,46.08243339608286]]]},"properties":{"ndvi_class":"dense","color":"#238b45","area_m2":5003}},{"type":"Feature","geometry":{"type":"Polygon","coordinates":[[[12.66746231564252,46.16428205000352],[12.667519437256306,46.16293117374595],[12.666872876500232,46.16291797234537],[12.666968096432235,46.16066651211314],[12.667614630859113,46.16067971248237],[12.667690777564177,46.1588785427206],[12.668337291382109,46.1588917386113],[12.669059902971107,46.15710375877005],[12.66970639663372,46.157116946529456],[12.670428938689737,46.15532895624156],[12.67107541219832,46.1553421358706],[12.671132427599813,46.153991254019445],[12.672425344387605,46.15401760108324],[12.67310977987694,46.15313017979166],[12.673756228871326,46.15314334377988],[12.673832155219102,46.151342163768646],[12.674478583611235,46.15135532328154],[12.674516533542022,46.15045473261459],[12.675162951859003,46.150467888063766],[12.67518192088258,46.15001759246222],[12.675828334387349,46.1500307440534],[12.675885222955163,46.14867985638224],[12.677196971167254,46.1482558509903],[12.677215922141666,46.14780555456411],[12.677862310685207,46.14781869417137],[12.678584456960293,46.14603064236281],[12.67923082535614,46.14604377384498],[12.680066450558991,46.14155392524728],[12.681377997009786,46.141129867569425],[12.681491463326434,46.13842807700372],[12.682137744089818,46.13844119039423],[12.682175552067525,46.13754059279607],[12.682821822760971,46.137553702125906],[12.682213358241405,46.13663999503137],[12.683505879040322,46.13666620922091],[12.683543662374738,46.13576561047046],[12.684855044405964,46.13534150939104],[12.685539039677504,46.1344540028661],[12.686831512372615,46.1344801785025],[12.68751546511986,46.13359265922348],[12.688161692070363,46.133605737506606],[12.688218246513937,46.1322548341494],[12.687572035337725,46.132241756479324],[12.687534322308966,46.133142358350376],[12.686888101064453,46.133129276621226],[12.686869238617138,46.13357957728992],[12.685576786955531,46.133553402471534],[12.685595659919223,46.13310310221182],[12.684303220566557,46.13307691320095],[12.684322103596124,46.132626613308815],[12.683675889850331,46.132613513532554],[12.683713665073833,46.131712914032796],[12.68435986830397,46.13172601339969],[12.684397631210183,46.13082541332406],[12.685043824373482,46.130838508631534],[12.685024948403102,46.13128880889478],[12.686963546354368,46.13132807353029],[12.686944685706763,46.131778374365446],[12.68823709709577,46.13180453294713],[12.688312494926665,46.13000332772198],[12.689623703864855,46.12957916825004],[12.689661378155249,46.12867856448769],[12.690307548614353,46.12869162957367],[12.690345210593843,46.12779102523667],[12.690991370986414,46.12780408626463],[12.691029020656085,46.12690348135309],[12.691675170982444,46.12691653832329],[12.691750443908878,46.12511532718507],[12.693061510449661,46.124691125248845],[12.69317434061598,46.12198930459755],[12.693820434468392,46.122002348376746],[12.694541697868889,46.120214172277635],[12.695187771594155,46.120227207944026],[12.695244127951053,46.11887629472454],[12.695890186358866,46.11888932613126],[12.695927744514982,46.117988716703195],[12.696573792860265,46.11800174405419],[12.696611338717023,46.11710113405276],[12.697257377000101,46.117114157348226],[12.69729491055858,46.11621354677359],[12.698586967446369,46.11623958160564],[12.699270496805575,46.115351981588134],[12.699916515855579,46.11536498947685],[12.699935260055174,46.11491468323075],[12.699289246258488,46.114901675545276],[12.699382986816042,46.11265014470785],[12.700028974348015,46.112663151377134],[12.700749904704226,46.11087492735521],[12.701395872116288,46.110887925916295],[12.701414601342034,46.11043761884852],[12.702725245270779,46.11001329710631],[12.70276268048189,46.10911268195106],[12.704073282834333,46.10868834387063],[12.704129399456034,46.10733741948443],[12.704775327076163,46.10735039818468],[12.704794026473445,46.10690008977012],[12.706085872542893,46.10692603582348],[12.705552104801827,46.1042112120448],[12.706197996553934,46.1042241820319],[12.706235367659453,46.10332356376931],[12.706881249354584,46.10333652970435],[12.706974643072192,46.101084982308514],[12.707620498961532,46.10109794358417],[12.707657842832099,46.10019732393029],[12.70830368866582,46.10021028115456],[12.708341020257187,46.099309660929755],[12.708986856035615,46.09932261410287],[12.709670001072313,46.09843494242951],[12.710315827238526,46.09844788790557],[12.71033447573025,46.09799757704093],[12.710980297090316,46.098010518668616],[12.711775206848689,46.09442096500494],[12.712420987107675,46.09443389772374],[12.712495499432036,46.09263265009732],[12.713141259143136,46.092645578362415],[12.713178502146274,46.09174495389635],[12.71382425180505,46.09175787811214],[12.713880097239516,46.09040694049621],[12.714525831599566,46.09041986046102],[12.714563049177093,46.089519234772645],[12.7152087734857,46.08953215068867],[12.715264580785906,46.08818121123972],[12.71591028979727,46.08819412290543],[12.716593180915527,46.08730640361281],[12.717238880317518,46.08731930758545],[12.717276049718793,46.08641867970296],[12.718586002407855,46.08599416150125],[12.718623148169351,46.08509353256397],[12.719268822666338,46.08510642459499],[12.719380217855381,46.08240453557994],[12.720025861323641,46.08241742275822],[12.72004442039495,46.08196710757596],[12.725209542029793,46.08207007220167],[12.725191024914597,46.08252038899272],[12.724545377926413,46.08250753096822],[12.724471284071527,46.08430879691464],[12.723825616543463,46.084295934442025],[12.723770025779391,46.08564688286407],[12.723124342955215,46.085634016143885],[12.723068732478069,46.08698496359003],[12.721758788474325,46.087409533339276],[12.721721690744909,46.08831016387551],[12.721075977765961,46.088297285014136],[12.721038867774968,46.0891979149822],[12.720393144743785,46.089185032073296],[12.720356022490138,46.09008566147304],[12.71904598447925,46.09051019814949],[12.71828877254379,46.093199187031495],[12.71764300405301,46.09318628772857],[12.717605831851694,46.09408691477072],[12.716960053306824,46.09407401141903],[12.716904275937383,46.09542495106653],[12.716258482090078,46.095412043464165],[12.716221284464092,46.0963126692852],[12.715575480561819,46.09629975763353],[12.715519665051206,46.0976506954489],[12.714873845845018,46.0976377795459],[12.714818010595028,46.09898871638266],[12.714172176084006,46.09897579622796],[12.714134939866673,46.09987642017471],[12.713489095299234,46.09986349596989],[12.713433221895126,46.101214430973165],[12.712787362021372,46.101201502515984],[12.712750100365183,46.10210212524013],[12.712104230434136,46.10208919273229],[12.711383790300728,46.10387749991155],[12.710737900254118,46.10386455930169],[12.710700601763413,46.104765180315255],[12.710054701658537,46.10475223565404],[12.709998734834674,46.10610316625643],[12.709352819420323,46.1060902173413],[12.709315495477837,46.10699083713079],[12.708669570004334,46.10697788416376],[12.70863223377906,46.107878503382494],[12.70798629824609,46.10786554636334],[12.707948949736945,46.10876616501117],[12.70730300414418,46.108753203939656],[12.70726564335009,46.10965382201645],[12.70595504091872,46.11007819669159],[12.705917656443052,46.11097881370888],[12.704607012432264,46.1114031720475],[12.70456960427189,46.112303788004766],[12.703258918679184,46.11272813000521],[12.70322148683097,46.11362874490191],[12.702575486570002,46.1136157560662],[12.702519319690527,46.114966677490926],[12.701873304114647,46.114953684398145],[12.701817117455942,46.11630460484003],[12.701171086564228,46.11629160748984],[12.700450092287298,46.11807983154073],[12.699804041269685,46.11806682608102],[12.699120485083192,46.11895442843525],[12.697809600270181,46.11937870372181],[12.69779083583592,46.11982900894247],[12.697144765582,46.119815988074755],[12.697032138047676,46.12251781730522],[12.696386036709665,46.122504791567636],[12.696348480105442,46.12340540057159],[12.695702368702381,46.12339237077774],[12.695646014669478,46.124743283361155],[12.69499988794518,46.12473024930713],[12.694962305837487,46.125630857080914],[12.694316169047255,46.12561781897007],[12.693594821057927,46.12740599062843],[12.692948664134862,46.12739294440326],[12.692892234920887,46.12874385341915],[12.692246062673984,46.12873080293256],[12.692189613650253,46.13008171096245],[12.691543426078589,46.13006865621407],[12.691505780636883,46.13096926095144],[12.690859582997195,46.13095620214495],[12.690803095693704,46.13230710832692],[12.690156882727775,46.13229404525798],[12.690119211763449,46.13319464876311],[12.689472988728612,46.13318158163551],[12.689454147314212,46.1336318831215],[12.688807919468521,46.133618812139275],[12.688086279849593,46.13540694140038],[12.68744003186495,46.13539386229982],[12.687402312538218,46.13629446358834],[12.686756054483617,46.13628138042827],[12.686718322838928,46.137181981141495],[12.686072054714042,46.137168893921675],[12.686034310750317,46.138069494059444],[12.685388032554826,46.13805640277965],[12.685350276270984,46.13895700234182],[12.684703988004562,46.1389439070018],[12.684666219399519,46.139844505988265],[12.684019921061845,46.13983140658779],[12.68398214013452,46.140732004998384],[12.68333583172527,46.14071890153722],[12.683279141173008,46.14206979822662],[12.68263281743135,46.14205669049972],[12.682595010954275,46.14295728767488],[12.681948677140157,46.14294417588677],[12.681910858337254,46.1438447724856],[12.681264514450353,46.143831656636046],[12.681226683320537,46.14473225265843],[12.68058032936053,46.14471913274718],[12.680542485902718,46.145619728193],[12.679896121869284,46.14560660421982],[12.679858266082396,46.146507199088894],[12.679211891975209,46.14649407105355],[12.67848975922861,46.14828212696325],[12.677843364972949,46.14826899080289],[12.677786525123954,46.14961988044748],[12.677140115531042,46.14960674001894],[12.677083255825087,46.15095762867258],[12.676436830894001,46.15094448397548],[12.676398911636054,46.15184507579213],[12.675752476629125,46.15183192703158],[12.675695578559138,46.15318281382765],[12.675049128212551,46.15316966079788],[12.675011183375798,46.154070251375835],[12.673699279354807,46.15449422835063],[12.673661310745645,46.15539481785604],[12.673014835432115,46.15538165283932],[12.672957863327891,46.15673253616768],[12.67231137267246,46.15671936688054],[12.672273378474609,46.15761995514611],[12.671626877741158,46.157606781794044],[12.671588871200322,46.158507369481164],[12.670942360388533,46.15849419206393],[12.670219789383125,46.160282184219625],[12.669573258413681,46.16026899867136],[12.669516192368382,46.16161987753517],[12.668204066736653,46.1620437866998],[12.668165998464653,46.16294437149253],[12.66881256012515,46.16295756558509],[12.66875547010953,46.164308443079854],[12.66746231564252,46.16428205000352]]]},"properties":{"ndvi_class":"bare","color":"#d9d9d9","area_m2":2501624}},{"type":"Feature","geometry":{"type":"Polygon","coordinates":[[[12.672192598558993,46.08280482915372],[12.67221154703972,46.082354529150415],[12.673502790427618,46.08238083270329],[12.673559601697864,46.08102993121039],[12.674205208335017,46.08104307690488],[12.674186276939892,46.08149337764959],[12.676123115276877,46.08153279348679],[12.676085282595121,46.08243339608286],[12.672192598558993,46.08280482915372]]]},"properties":{"ndvi_class":"moderate","color":"#74c476","area_m2":30019}},{"type":"Feature","geometry":{"type":"Polygon","coordinates":[[[12.681288037249955,46.0816377420602],[12.681306910965453,46.08118743905993],[12.683243748367632,46.08122673403833],[12.683224890383217,46.081677037652554],[12.681288037249955,46.0816377420602]]]},"properties":{"ndvi_class":"very_dense","color":"#00441b","area_m2":7505}},{"type":"Feature","geometry":{"type":"Polygon","coordinates":[[[12.701302380060948,46.08204221506899],[12.701321091216176,46.08159190574916],[12.702612343343754,46.08161788012581],[12.70259364267672,46.08206818985149],[12.701302380060948,46.08204221506899]]]},"properties":{"ndvi_class":"dense","color":"#238b45","area_m2":5003}},{"type":"Feature","geometry":{"type":"Polygon","coordinates":[[[12.67156592602017,46.08234137190823],[12.671641736400355,46.080540172300445],[12.672287336445724,46.08055332872037],[12.67221154703972,46.082354529150415],[12.67156592602017,46.08234137190823]]]},"properties":{"ndvi_class":"moderate","color":"#74c476","area_m2":10006}},{"type":"Feature","geometry":{"type":"Polygon","coordinates":[[[12.683851655799353,46.08214043267281],[12.684534975540075,46.08125291247175],[12.685180589797218,46.08126599622277],[12.685199431601259,46.0808156919535],[12.685845041061885,46.080828771856375],[12.685807367492032,46.08172938076206],[12.687098608728975,46.0817555304537],[12.687079781758282,46.08220583525269],[12.683851655799353,46.08214043267281]]]},"properties":{"ndvi_class":"moderate","color":"#74c476","area_m2":20013}},{"type":"Feature","geometry":{"type":"Polygon","coordinates":[[[12.687079781758282,46.08220583525269],[12.687098608728975,46.0817555304537],[12.685807367492032,46.08172938076206],[12.685845041061885,46.080828771856375],[12.687781872125145,46.08086798970252],[12.68776305129573,46.081318294788915],[12.688408667787222,46.08133136032092],[12.688371035270121,46.082231970777194],[12.687079781758282,46.08220583525269]]]},"properties":{"ndvi_class":"sparse","color":"#c7e9c0","area_m2":22515}},{"type":"Feature","geometry":{"type":"Polygon","coordinates":[[[12.689035473934764,46.081794727662135],[12.68905428472521,46.0813444222091],[12.690364319794753,46.08092022915135],[12.690326719637424,46.081820840915],[12.689035473934764,46.081794727662135]]]},"properties":{"ndvi_class":"dense","color":"#238b45","area_m2":7505}},{"type":"Feature","geometry":{"type":"Polygon","coordinates":[[[12.676066365577816,46.082883697318415],[12.676085282595121,46.08243339608286],[12.676730906759547,46.08244652781809],[12.676768728953773,46.08154592481169],[12.675477502048848,46.08151965851815],[12.675515343413888,46.08061905616585],[12.676160946154917,46.08063219072406],[12.676179860917577,46.080181889280205],[12.67747105725937,46.080208147055444],[12.677357624843347,46.0829099575553],[12.676066365577816,46.082883697318415]]]},"properties":{"ndvi_class":"very_dense","color":"#00441b","area_m2":30019}},{"type":"Feature","geometry":{"type":"Polygon","coordinates":[[[12.690972343158021,46.08183389207558],[12.691028726990545,46.08048297375602],[12.692319943907089,46.0805090639225],[12.692263591537136,46.08185998346501],[12.690972343158021,46.08183389207558]]]},"properties":{"ndvi_class":"sparse","color":"#c7e9c0","area_m2":15010}},{"type":"Feature","geometry":{"type":"Polygon","coordinates":[[[12.669723906158213,46.08005038178995],[12.669742872901274,46.07960008235912],[12.670388461110871,46.07961324929837],[12.67036949961088,46.08006354893492],[12.669723906158213,46.08005038178995]]]},"properties":{"ndvi_class":"moderate","color":"#74c476","area_m2":2502}},{"type":"Feature","geometry":{"type":"Polygon","coordinates":[[[12.701152674759701,46.08564468813248],[12.701246243918826,46.08339314277928],[12.700600597543938,46.08338014931297],[12.70061931528185,46.08292984032076],[12.696745477831291,46.08285180421471],[12.69680172276259,46.08150088064657],[12.699402942796214,46.08110260810232],[12.698794786005296,46.08018898749673],[12.700086003117006,46.08021498980615],[12.700048562061719,46.08111560784135],[12.701985422523231,46.08115458519516],[12.70200412754253,46.080704275589326],[12.702649743340434,46.08071726054991],[12.702612343343754,46.08161788012581],[12.701321091216176,46.08159190574916],[12.701302380060948,46.08204221506899],[12.70259364267672,46.08206818985149],[12.70257494156387,46.08251849953563],[12.703220578781727,46.08253148166368],[12.703183185707386,46.08343210131308],[12.701891890737778,46.08340613260141],[12.701798347802848,46.08565767896944],[12.701152674759701,46.08564468813248]]]},"properties":{"ndvi_class":"moderate","color":"#74c476","area_m2":115075}},{"type":"Feature","geometry":{"type":"Polygon","coordinates":[[[12.689091904960845,46.08044381117829],[12.689129523402904,46.079543199981096],[12.68977511981315,46.07955625740936],[12.689737511857897,46.08045686901458],[12.689091904960845,46.08044381117829]]]},"properties":{"ndvi_class":"sparse","color":"#c7e9c0","area_m2":5003}},{"type":"Feature","geometry":{"type":"Polygon","coordinates":[[[12.682009125701896,46.07984963116517],[12.68202799237462,46.07939932779368],[12.682673583868521,46.079412425301236],[12.682654722438992,46.07986272887735],[12.682009125701896,46.07984963116517]]]},"properties":{"ndvi_class":"very_dense","color":"#00441b","area_m2":2502}},{"type":"Feature","geometry":{"type":"Polygon","coordinates":[[[12.700048562061719,46.08111560784135],[12.700769041122493,46.07932736688775],[12.702060239925077,46.07935334652266],[12.702078943160855,46.07890303675073],[12.702724537984588,46.078916020899804],[12.702649743340434,46.08071726054991],[12.70200412754253,46.080704275589326],[12.701985422523231,46.08115458519516],[12.700048562061719,46.08111560784135]]]},"properties":{"ndvi_class":"sparse","color":"#c7e9c0","area_m2":35023}},{"type":"Feature","geometry":{"type":"Polygon","coordinates":[[[12.700086003117006,46.08021498980615],[12.70014216135301,46.07886406244181],[12.702078943160855,46.07890303675073],[12.702060239925077,46.07935334652266],[12.700769041122493,46.07932736688775],[12.700731612339258,46.080227985495206],[12.700086003117006,46.08021498980615]]]},"properties":{"ndvi_class":"moderate","color":"#74c476","area_m2":12508}},{"type":"Feature","geometry":{"type":"Polygon","coordinates":[[[12.684629206285713,46.079001391731325],[12.684666895439278,46.07810078314386],[12.685958050995106,46.07812694414075],[12.685939217128693,46.07857724886404],[12.684629206285713,46.079001391731325]]]},"properties":{"ndvi_class":"sparse","color":"#c7e9c0","area_m2":7505}},{"type":"Feature","geometry":{"type":"Polygon","coordinates":[[[12.684591515335232,46.079902000152344],[12.684629206285713,46.079001391731325],[12.683983618692611,46.07898830535888],[12.68404016747774,46.07763739302861],[12.68662245761812,46.0776897142049],[12.68656597174757,46.079040628987656],[12.685920382813315,46.07902755354573],[12.685882712835609,46.07992816278428],[12.684591515335232,46.079902000152344]],[[12.684629206285713,46.079001391731325],[12.685939217128693,46.07857724886404],[12.685958050995106,46.07812694414075],[12.684666895439278,46.07810078314386],[12.684629206285713,46.079001391731325]]]},"properties":{"ndvi_class":"moderate","color":"#74c476","area_m2":32521}},{"type":"Feature","geometry":{"type":"Polygon","coordinates":[[[12.693705021834983,46.07828360407463],[12.693723792338254,46.07783329686204],[12.694369370896775,46.07784632797046],[12.694350605636437,46.078296635386664],[12.693705021834983,46.07828360407463]]]},"properties":{"ndvi_class":"sparse","color":"#c7e9c0","area_m2":2502}},{"type":"Feature","geometry":{"type":"Polygon","coordinates":[[[12.676901092433948,46.07839381297704],[12.676957812878806,46.077042907280244],[12.678248936718017,46.07706915489746],[12.678211144508946,46.07796975955718],[12.676901092433948,46.07839381297704]]]},"properties":{"ndvi_class":"dense","color":"#238b45","area_m2":12508}},{"type":"Feature","geometry":{"type":"Polygon","coordinates":[[[12.692395074131625,46.07870783728376],[12.692432636557534,46.07780722371492],[12.693078214225132,46.07782026211018],[12.693096989523758,46.07736995505971],[12.694388135709794,46.07739602051273],[12.694369370896775,46.07784632797046],[12.693723792338254,46.07783329686204],[12.694331839928772,46.07874694276128],[12.692395074131625,46.07870783728376]]]},"properties":{"ndvi_class":"moderate","color":"#74c476","area_m2":17511}},{"type":"Feature","geometry":{"type":"Polygon","coordinates":[[[12.691768273103582,46.07824448827768],[12.69180584511976,46.07734387503326],[12.692451417098942,46.07735691686816],[12.692413855568432,46.07825753052014],[12.691768273103582,46.07824448827768]]]},"properties":{"ndvi_class":"very_dense","color":"#00441b","area_m2":5003}},{"type":"Feature","geometry":{"type":"Polygon","coordinates":[[[12.679521176956367,46.07754569070237],[12.679540062350682,46.07709538794181],[12.68018562583925,46.077108498999166],[12.680166745687455,46.07755880196458],[12.679521176956367,46.07754569070237]]]},"properties":{"ndvi_class":"dense","color":"#238b45","area_m2":2502}},{"type":"Feature","geometry":{"type":"Polygon","coordinates":[[[12.691160273586334,46.077330829555],[12.691179064165345,46.07688052307424],[12.691824630456138,46.076893568348666],[12.69180584511976,46.07734387503326],[12.691160273586334,46.077330829555]]]},"properties":{"ndvi_class":"sparse","color":"#c7e9c0","area_m2":2502}},{"type":"Feature","geometry":{"type":"Polygon","coordinates":[[[12.678913389496756,46.07663197064393],[12.678932279232999,46.07618166800499],[12.679577831788814,46.07619478229576],[12.679558947294828,46.07664508513961],[12.678913389496756,46.07663197064393]]]},"properties":{"ndvi_class":"sparse","color":"#c7e9c0","area_m2":2502}},{"type":"Feature","geometry":{"type":"Polygon","coordinates":[[[12.68588782610332,46.09525157717225],[12.685963204365219,46.093450363370295],[12.685317447588263,46.093437281389264],[12.685336296277528,46.09298697803914],[12.686646637530687,46.09256283414665],[12.686684311675469,46.09166222642089],[12.686038575438667,46.091649148902555],[12.686057417083934,46.0911988451816],[12.684765956444998,46.09117267961842],[12.684803659373209,46.090272072869304],[12.683512221509101,46.09024589354404],[12.683531082791271,46.0897955905161],[12.684822510163158,46.08982176943232],[12.684897908828868,46.08802055526824],[12.685543602202646,46.08803363844135],[12.685505914259972,46.08893424601546],[12.686151618572358,46.08894732595265],[12.686170457522554,46.088497021982036],[12.687443028538285,46.088973474892725],[12.687480685006634,46.088072866092766],[12.688126380168432,46.08808593468725],[12.687518339679503,46.087172257126404],[12.688809709467774,46.08719838985405],[12.688847341364255,46.08629777990467],[12.688201666737308,46.08628471577138],[12.688220487257766,46.08583441093842],[12.688866156639637,46.08584747486759],[12.688903785844756,46.08494686466865],[12.68954944518333,46.084959924545316],[12.689605869893322,46.08360900832279],[12.688314583130143,46.08358288614963],[12.68833340095873,46.08313258106709],[12.687023298153216,46.08355674940003],[12.687079781758282,46.08220583525269],[12.688371035270121,46.082231970777194],[12.688408667787222,46.08133136032092],[12.68776305129573,46.081318294788915],[12.687781872125145,46.08086798970252],[12.685845041061885,46.080828771856375],[12.685863877173254,46.080378467341134],[12.686509481837335,46.08039154339596],[12.686528312256291,46.079941238634795],[12.687819512438015,46.079967379404934],[12.687913605369387,46.077715852932975],[12.688559179914854,46.077728916831965],[12.68857799191269,46.07727861120868],[12.687932422609911,46.077265547513804],[12.68798887164024,46.07591463100664],[12.68992553370548,46.0759538093249],[12.68990673353756,46.07640411548102],[12.69248897683874,46.07645630304987],[12.692470197192675,46.0769066099798],[12.691179064165345,46.07688052307424],[12.69178705933558,46.077794181676246],[12.68985033034484,46.07775503369984],[12.689831528384236,46.07820533968961],[12.690477109511361,46.07821839286242],[12.690458312345536,46.078668699014536],[12.689812725975429,46.07865564563778],[12.69042071666959,46.07956931119402],[12.69173069929609,46.0791451013558],[12.691674335225892,46.08049602066113],[12.691028726990545,46.08048297375602],[12.690953547651079,46.08228419809892],[12.691599176861697,46.08229724581945],[12.692207235136888,46.08321090263331],[12.692852875727619,46.08322394347341],[12.69287165639792,46.082773636921786],[12.6960998398127,46.08283878544272],[12.695987306413695,46.08554063023652],[12.69727864583193,46.08556666657713],[12.697849347942938,46.08738091075272],[12.69657671889992,46.08690457267521],[12.696557965672307,46.08735488007415],[12.695266585181889,46.08732883481699],[12.69524782101598,46.08777914176743],[12.69460212619308,46.08776611346831],[12.694527044072158,46.08956734004019],[12.695818476130464,46.08959339462202],[12.695780953369932,46.090494008472746],[12.69447072778238,46.09091825953265],[12.694508272423118,46.09001764657925],[12.69321683165441,46.08999157701046],[12.69329195753338,46.08819035223411],[12.693937656710958,46.08820338802624],[12.693975206472677,46.08730277498127],[12.695285348900452,46.08687852782498],[12.695341637372202,46.08552760659959],[12.694695968775957,46.08551457931825],[12.694714735950228,46.08506427236355],[12.692777748569025,46.08502516926412],[12.692740182303108,46.08592578191003],[12.692094510244075,46.085912739847345],[12.692038141750798,46.08726365789305],[12.69074676749895,46.087237561611204],[12.690652758593014,46.08948908881703],[12.687424199630774,46.089423779230295],[12.687348879511509,46.091224996164556],[12.688640343726727,46.09125113256724],[12.68862152306767,46.091701437105165],[12.69055873847995,46.091740614983195],[12.690464707158103,46.09399214010968],[12.68852741304123,46.093952959170856],[12.68850858968962,46.094403263459185],[12.687217052017242,46.09437712419777],[12.687825162085323,46.09529080369475],[12.68588782610332,46.09525157717225]],[[12.686571283851496,46.09436404909885],[12.687217052017242,46.09437712419777],[12.687235885863481,46.09392682031785],[12.68659012294503,46.09391374542323],[12.686571283851496,46.09436404909885]],[[12.687881649228922,46.09393989156705],[12.68852741304123,46.093952959170856],[12.688565058398089,46.093052350469364],[12.68985656637419,46.093078473924336],[12.689875377885533,46.09262816910303],[12.68793813233227,46.09258897906494],[12.68791930508005,46.09303928327391],[12.687273552208849,46.09302621243316],[12.687881649228922,46.09393989156705]],[[12.685449378976399,46.09028515706455],[12.686095099026845,46.090298237614846],[12.686132779173017,46.089397629881674],[12.685487069614735,46.0893845497401],[12.685449378976399,46.09028515706455]],[[12.688734440291594,46.08899960925365],[12.690025853831287,46.089025729035384],[12.690138691957575,46.08632389723788],[12.690784367923701,46.08633695043779],[12.690821966555681,46.08543633909801],[12.69017630107966,46.085423286306],[12.690195104968259,46.084972980777685],[12.68954944518333,46.084959924545316],[12.68939895955935,46.08856236597532],[12.688753258258576,46.088549304466135],[12.688734440291594,46.08899960925365]],[[12.690195104968259,46.084972980777685],[12.690840765199416,46.08498603336576],[12.690934751696062,46.08273450408068],[12.690289117687358,46.082721452512274],[12.690195104968259,46.084972980777685]],[[12.691486425876679,46.08499908230953],[12.692132086999923,46.085012127608984],[12.692207235136888,46.08321090263331],[12.69156159499196,46.08319785814914],[12.691486425876679,46.08499908230953]],[[12.689035473934764,46.081794727662135],[12.690326719637424,46.081820840915],[12.690364319794753,46.08092022915135],[12.689718707207875,46.08090717475482],[12.689035473934764,46.081794727662135]],[[12.689091904960845,46.08044381117829],[12.689737511857897,46.08045686901458],[12.68977511981315,46.07955625740936],[12.689129523402904,46.079543199981096],[12.689091904960845,46.08044381117829]]]},"properties":{"ndvi_class":"moderate","color":"#74c476","area_m2":635413}},{"type":"Feature","geometry":{"type":"Polygon","coordinates":[[[12.698925889046663,46.07703682590882],[12.69896334304052,46.07613620793839],[12.700254465777396,46.07616220659164],[12.700217032753978,46.077062825374504],[12.698925889046663,46.07703682590882]]]},"properties":{"ndvi_class":"moderate","color":"#74c476","area_m2":10006}},{"type":"Feature","geometry":{"type":"Polygon","coordinates":[[[12.68992553370548,46.0759538093249],[12.689944333425263,46.075503503127194],[12.690589883097127,46.07551655507638],[12.690571088619574,46.075966861478015],[12.68992553370548,46.0759538093249]]]},"properties":{"ndvi_class":"moderate","color":"#74c476","area_m2":2502}},{"type":"Feature","geometry":{"type":"Polygon","coordinates":[[[12.68664128534399,46.07723940919412],[12.686660112621059,46.07678910414172],[12.686014549900689,46.076776029721216],[12.68607104476606,46.07542511492721],[12.687380959439793,46.07500095347649],[12.68798887164024,46.07591463100664],[12.687343318511251,46.07590156428093],[12.687286853753637,46.077252480175616],[12.68664128534399,46.07723940919412]]]},"properties":{"ndvi_class":"moderate","color":"#74c476","area_m2":22515}},{"type":"Feature","geometry":{"type":"Polygon","coordinates":[[[12.680223384792715,46.07620789294342],[12.680261141946096,46.07530728672114],[12.67961559942636,46.075294176483155],[12.679634482569949,46.07484387351439],[12.681571095747117,46.074883192685014],[12.681514492144291,46.07623410330941],[12.680223384792715,46.07620789294342]]]},"properties":{"ndvi_class":"sparse","color":"#c7e9c0","area_m2":17511}},{"type":"Feature","geometry":{"type":"Polygon","coordinates":[[[12.69123543321494,46.07552960338247],[12.69125422200237,46.075079296735396],[12.691899767323878,46.07509234119455],[12.691880983778582,46.07554264804545],[12.69123543321494,46.07552960338247]]]},"properties":{"ndvi_class":"moderate","color":"#74c476","area_m2":2502}},{"type":"Feature","geometry":{"type":"Polygon","coordinates":[[[12.67561222184126,46.093690914473285],[12.67563114968549,46.093240614237615],[12.673693902220279,46.09320118238523],[12.673712845353615,46.09275088272399],[12.675004332720803,46.092777173860014],[12.675042196646178,46.09187657359098],[12.67375073026539,46.09185028327649],[12.673769672043857,46.091399983490234],[12.67054104019295,46.09133419494379],[12.670560007751025,46.090883896143744],[12.67185144864935,46.09091022208592],[12.67188936142476,46.09000962353814],[12.672535072056716,46.09002278063071],[12.672554022520652,46.08957248108872],[12.671262612198325,46.08954616366998],[12.671243651242671,46.08999646280077],[12.669306523396834,46.089956958719945],[12.66932550008997,46.089506660206375],[12.670616907712065,46.08953299949351],[12.670635873461391,46.08908270052672],[12.671281572701938,46.089095864497516],[12.671300532753522,46.08864556528335],[12.670654838758567,46.088632401518225],[12.670673803603602,46.08818210246805],[12.671319492353092,46.0881952660275],[12.671414283571174,46.085943769123006],[12.668831636175515,46.085891097132844],[12.668812657856533,46.08634139577415],[12.667521326370846,46.086315037501706],[12.667502337109603,46.086765335689485],[12.664919658567298,46.086712574588745],[12.664976687929856,46.08536168237329],[12.664331035155943,46.08534848360595],[12.665014705239026,46.08446108735439],[12.664369062953906,46.08444788899948],[12.664407088938802,46.08354729422612],[12.663761457593148,46.08353409263971],[12.663818508902686,46.08218320078556],[12.665109740582185,46.0822095990771],[12.66509073441976,46.08265989681599],[12.666381978390744,46.08268628094473],[12.666362982262939,46.08313657905412],[12.66894549658875,46.08318930440935],[12.668926520984172,46.08363960330085],[12.66957215593571,46.083652775735715],[12.66959112629623,46.08320247663841],[12.670236756453875,46.08321564522354],[12.670331575254849,46.08096414808298],[12.669685971315669,46.08095098052655],[12.669723906158213,46.08005038178995],[12.671015093513494,46.08007671243638],[12.671034049770405,46.07962641259416],[12.676198775229349,46.07973158779472],[12.676217689090244,46.07928128626754],[12.67686327655051,46.07929441656665],[12.67747105725937,46.080208147055444],[12.67874336160621,46.08068469252041],[12.678686677535914,46.08203559906295],[12.680623541025227,46.08207493899564],[12.680604661165937,46.082525241707835],[12.68125028846915,46.0825383479358],[12.681288037249955,46.0816377420602],[12.68064242043445,46.08162463624179],[12.68069905596184,46.08027372773041],[12.681344657046711,46.080286832934526],[12.681325784231035,46.08073713601805],[12.6832626059025,46.08077643038249],[12.683300319623664,46.07987582294596],[12.682654722438992,46.07986272887735],[12.682673583868521,46.079412425301236],[12.68202799237462,46.07939932779368],[12.682009125701896,46.07984963116517],[12.678135554685324,46.07977096837686],[12.67815445281695,46.079320666234416],[12.67944563087711,46.079346901328215],[12.679464518072248,46.07889659873421],[12.680736810729998,46.07937312184798],[12.680793439507347,46.07802221271207],[12.682103454568251,46.077598113891455],[12.682160046491717,46.07624720302771],[12.681514492144291,46.07623410330941],[12.681571095747117,46.074883192685014],[12.68221663436836,46.074896291789315],[12.682235496094677,46.07444598795992],[12.682881029921647,46.07445908321667],[12.682862173437156,46.074909387250656],[12.68415325291691,46.07493556724442],[12.684172098917713,46.07448526280139],[12.68481763408656,46.07449834712936],[12.684798793327623,46.07494865177682],[12.68608987549009,46.07497480991267],[12.68610870576526,46.0745245048565],[12.686754242274864,46.07453757825565],[12.686716591759598,46.07543818873489],[12.68607104476606,46.07542511492721],[12.686014549900689,46.076776029721216],[12.687286853753637,46.077252480175616],[12.687343318511251,46.07590156428093],[12.68798887164024,46.07591463100664],[12.687932422609911,46.077265547513804],[12.68857799191269,46.07727861120868],[12.688559179914854,46.077728916831965],[12.687913605369387,46.077715852932975],[12.687819512438015,46.079967379404934],[12.686528312256291,46.079941238634795],[12.686509481837335,46.08039154339596],[12.685199431601259,46.0808156919535],[12.685180589797218,46.08126599622277],[12.684534975540075,46.08125291247175],[12.683851655799353,46.08214043267281],[12.683206031949249,46.08212734122514],[12.683187173065708,46.08257764475611],[12.681895916220267,46.08255145051983],[12.681877046398991,46.08300175359991],[12.679940148757343,46.08296243430172],[12.679256734160399,46.08384992497783],[12.677965451226543,46.08382368578468],[12.677946548589306,46.084273987510635],[12.67859219507638,46.08428710913426],[12.678573297232997,46.084737411023575],[12.68115590864265,46.08478986189625],[12.68119366192323,46.08388925643696],[12.682484949338365,46.08391545918927],[12.682466083411954,46.08436576234913],[12.68311173303558,46.08437885846374],[12.683036285811268,46.08618007150538],[12.683681956861603,46.086193164794096],[12.682998559501026,46.087080677776456],[12.683644241041677,46.08709377147432],[12.683625382457333,46.087544074752],[12.684916757371841,46.08757025162316],[12.684992147050316,46.08576903662678],[12.686283481792417,46.08579519728456],[12.686226971678401,46.08714610982053],[12.685581288348349,46.08713303070078],[12.685562445500112,46.08758333459187],[12.686853823098065,46.087609489595486],[12.686872655455495,46.08715918529574],[12.687518339679503,46.087172257126404],[12.687499512567497,46.0876225616304],[12.688145202483735,46.08763563002067],[12.688126380168432,46.08808593468725],[12.687480685006634,46.088072866092766],[12.687443028538285,46.088973474892725],[12.686797323331838,46.08896040224507],[12.68681615703625,46.08851009807015],[12.685505914259972,46.08893424601546],[12.685543602202646,46.08803363844135],[12.682960831391922,46.08798128388104],[12.682885369776693,46.089782495590676],[12.683531082791271,46.0897955905161],[12.683512221509101,46.09024589354404],[12.684803659373209,46.090272072869304],[12.684765956444998,46.09117267961842],[12.686057417083934,46.0911988451816],[12.686038575438667,46.091649148902555],[12.686684311675469,46.09166222642089],[12.686646637530687,46.09256283414665],[12.685336296277528,46.09298697803914],[12.684728251718937,46.092073286201064],[12.683417908352713,46.09249740805943],[12.682847636270356,46.090683101195744],[12.681556190600004,46.090656899591636],[12.681537312679467,46.091107201922334],[12.68024585830859,46.09108098532878],[12.680853817585625,46.09199469957501],[12.68149955548812,46.092007806458845],[12.681480676217285,46.09245810866465],[12.680834933068114,46.092445001576024],[12.680797162682332,46.09334560545314],[12.681442916325228,46.093358712951364],[12.681424035703978,46.09380901503228],[12.678859904443451,46.0933062610868],[12.67889770631026,46.09240565843911],[12.679543448114478,46.09241877646325],[12.679562343125301,46.091968474871976],[12.678270870458691,46.09194223558854],[12.678233058999774,46.09284283790948],[12.676960483589495,46.092366282495824],[12.676903732891576,46.09371718455916],[12.67561222184126,46.093690914473285]],[[12.675669004020138,46.09234001364129],[12.676314743580287,46.092353149891125],[12.676333664824162,46.09190284932522],[12.675687930510582,46.09188971328063],[12.675669004020138,46.09234001364129]],[[12.677662954947158,46.091028508401784],[12.678308680114663,46.09104163310101],[12.678327584266581,46.09059133179477],[12.67768186434531,46.09057820730061],[12.677662954947158,46.091028508401784]],[[12.67316183746868,46.09048623378429],[12.673807554246014,46.09049938379272],[12.673826494669731,46.09004908388143],[12.673180783138415,46.09003593407848],[12.67316183746868,46.09048623378429]],[[12.676409345288686,46.090101646645024],[12.677055059066227,46.09011477822382],[12.677073972808723,46.08966447724446],[12.67901110109612,46.08970384949657],[12.678403196367416,46.088790126153306],[12.677111798940972,46.088763875160744],[12.677168534757687,46.08741297172276],[12.676522852454033,46.08739984137493],[12.676409345288686,46.090101646645024]],[[12.673845434641894,46.08959878392849],[12.675136848561054,46.0896250721892],[12.67517470616786,46.088724471336825],[12.673237617437593,46.088685034710956],[12.673845434641894,46.08959878392849]],[[12.671965181552517,46.08820842594238],[12.673256561300683,46.08823473483844],[12.673332332236908,46.08643353493161],[12.672686663118755,46.086420383127845],[12.671965181552517,46.08820842594238]],[[12.673902251849176,46.0882478838196],[12.674547942847108,46.088261029156165],[12.674566875767768,46.08781072883115],[12.673921190015244,46.08779758369997],[12.673902251849176,46.0882478838196]],[[12.674566875767768,46.08781072883115],[12.675858248620601,46.08783700815989],[12.675877170599296,46.0873867073826],[12.674585808237069,46.08736042846445],[12.674566875767768,46.08781072883115]],[[12.68166944867219,46.08795508473311],[12.682315139808152,46.08796818612937],[12.682998559501026,46.087080677776456],[12.68106151756555,46.08704137481583],[12.68166944867219,46.08795508473311]],[[12.673940127729825,46.08734728353865],[12.674585808237069,46.08736042846445],[12.674604740255015,46.0869101280561],[12.67395906499293,46.08689698333566],[12.673940127729825,46.08734728353865]],[[12.675250415966376,46.086923269132086],[12.675896092126886,46.08693640656366],[12.675915013203388,46.08648610570305],[12.678497701354102,46.08653861816438],[12.67855439893909,46.08518771287124],[12.677281994218461,46.08471116372214],[12.67733871786324,46.083360259159484],[12.676047448109545,46.083333998512295],[12.676009611820039,46.084234600775105],[12.675363967128012,46.08422146457506],[12.675345043062316,46.08467176543873],[12.676636343384201,46.08469803460516],[12.676598514877876,46.08559863702838],[12.675307193577474,46.085572367041074],[12.675250415966376,46.086923269132086]],[[12.681080396681097,46.08659107231518],[12.68237174703322,46.086617277523985],[12.682409482934103,46.085716671578936],[12.681118153561975,46.08569046718898],[12.681080396681097,46.08659107231518]],[[12.679162268913936,46.08610143524101],[12.6798079372766,46.086114550396],[12.679826825981825,46.08566424822174],[12.679181162864053,46.08565113327166],[12.679162268913936,46.08610143524101]],[[12.666913648957689,46.08540125681036],[12.668204958563418,46.08542762154754],[12.668261905181831,46.084076725865955],[12.66697062704247,46.08405036236452],[12.666913648957689,46.08540125681036]],[[12.672078898188103,46.08550662829832],[12.673370214995522,46.08553293472814],[12.6733891556975,46.08508263456389],[12.674034809530852,46.08509578210703],[12.674072679091303,46.08419518124269],[12.672135750406456,46.08415572891358],[12.672078898188103,46.08550662829832]],[[12.681801562615295,46.084802965503904],[12.682447217035783,46.08481606546736],[12.682466083411954,46.08436576234913],[12.681820434236034,46.08435266259035],[12.681801562615295,46.084802965503904]],[[12.67471832288506,46.08420832473091],[12.675363967128012,46.08422146457506],[12.675382890742576,46.08377116366973],[12.674737251743919,46.083758024030885],[12.67471832288506,46.08420832473091]],[[12.672192598558993,46.08280482915372],[12.674129480046641,46.08284427963365],[12.674148412795716,46.082393979013965],[12.676085282595121,46.08243339608286],[12.676066365577816,46.082883697318415],[12.677357624843347,46.0829099575553],[12.67747105725937,46.080208147055444],[12.676179860917577,46.080181889280205],[12.676160946154917,46.08063219072406],[12.675515343413888,46.08061905616585],[12.675477502048848,46.08151965851815],[12.674186276939892,46.08149337764959],[12.674205208335017,46.08104307690488],[12.673559601697864,46.08102993121039],[12.673502790427618,46.08238083270329],[12.67221154703972,46.082354529150415],[12.672192598558993,46.08280482915372]],[[12.67156592602017,46.08234137190823],[12.67221154703972,46.082354529150415],[12.672287336445724,46.08055332872037],[12.671641736400355,46.080540172300445],[12.67156592602017,46.08234137190823]],[[12.681288037249955,46.0816377420602],[12.683224890383217,46.081677037652554],[12.683243748367632,46.08122673403833],[12.681306910965453,46.08118743905993],[12.681288037249955,46.0816377420602]],[[12.684591515335232,46.079902000152344],[12.685882712835609,46.07992816278428],[12.685920382813315,46.07902755354573],[12.68656597174757,46.079040628987656],[12.68662245761812,46.0776897142049],[12.68404016747774,46.07763739302861],[12.683983618692611,46.07898830535888],[12.684629206285713,46.079001391731325],[12.684591515335232,46.079902000152344]]]},"properties":{"ndvi_class":"dense","color":"#238b45","area_m2":1483463}},{"type":"Feature","geometry":{"type":"Polygon","coordinates":[[[12.696043575125273,46.084189708026635],[12.6960998398127,46.08283878544272],[12.69287165639792,46.082773636921786],[12.692852875727619,46.08322394347341],[12.692207235136888,46.08321090263331],[12.692226021051468,46.08276059628545],[12.690953547651079,46.08228419809892],[12.690972343158021,46.08183389207558],[12.692263591537136,46.08185998346501],[12.692319943907089,46.0805090639225],[12.691674335225892,46.08049602066113],[12.69173069929609,46.0791451013558],[12.691085106790885,46.07913205506222],[12.691066313972104,46.07958236133506],[12.689793923118405,46.07910595154436],[12.689812725975429,46.07865564563778],[12.690458312345536,46.078668699014536],[12.68985033034484,46.07775503369984],[12.69178705933558,46.077794181676246],[12.692395074131625,46.07870783728376],[12.694331839928772,46.07874694276128],[12.694388135709794,46.07739602051273],[12.693096989523758,46.07736995505971],[12.693078214225132,46.07782026211018],[12.692432636557534,46.07780722371492],[12.692451417098942,46.07735691686816],[12.69180584511976,46.07734387503326],[12.69248897683874,46.07645630304987],[12.68990673353756,46.07640411548102],[12.690589883097127,46.07551655507638],[12.691880983778582,46.07554264804545],[12.692564090946616,46.074655074914425],[12.693209631917348,46.074668111883746],[12.693190859303845,46.075118419183674],[12.695773048608109,46.07517053144498],[12.695754296515892,46.07562083951755],[12.698336513908288,46.075672894302556],[12.698317782338549,46.0761232031469],[12.69896334304052,46.07613620793839],[12.698925889046663,46.07703682590882],[12.701526884487206,46.07663850049003],[12.701489471542507,46.07753912000183],[12.702135050193153,46.07755210718576],[12.702078943160855,46.07890303675073],[12.70014216135301,46.07886406244181],[12.700086003117006,46.08021498980615],[12.698794786005296,46.08018898749673],[12.699402942796214,46.08110260810232],[12.69680172276259,46.08150088064657],[12.696745477831291,46.08285180421471],[12.70061931528185,46.08292984032076],[12.700600597543938,46.08338014931297],[12.696726728626947,46.08330211198766],[12.696689228877316,46.08420272740888],[12.696043575125273,46.084189708026635]]]},"properties":{"ndvi_class":"dense","color":"#238b45","area_m2":527843}},{"type":"Feature","geometry":{"type":"Polygon","coordinates":[[[12.68798887164024,46.07591463100664],[12.687380959439793,46.07500095347649],[12.688672045175734,46.07502708246827],[12.688690854483209,46.07457677659539],[12.689336392778753,46.07458983542269],[12.689298784199481,46.07549044753491],[12.689944333425263,46.075503503127194],[12.68992553370548,46.0759538093249],[12.68798887164024,46.07591463100664]]]},"properties":{"ndvi_class":"dense","color":"#238b45","area_m2":17511}},{"type":"Feature","geometry":{"type":"Polygon","coordinates":[[[12.689298784199481,46.07549044753491],[12.689336392778753,46.07458983542269],[12.690627470708243,46.07461594214837],[12.690608677126678,46.07506624863317],[12.689298784199481,46.07549044753491]]]},"properties":{"ndvi_class":"moderate","color":"#74c476","area_m2":7505}},{"type":"Feature","geometry":{"type":"Polygon","coordinates":[[[12.682862173437156,46.074909387250656],[12.682881029921647,46.07445908321667],[12.684172098917713,46.07448526280139],[12.68415325291691,46.07493556724442],[12.682862173437156,46.074909387250656]]]},"properties":{"ndvi_class":"moderate","color":"#74c476","area_m2":5003}},{"type":"Feature","geometry":{"type":"Polygon","coordinates":[[[12.689944333425263,46.075503503127194],[12.689963132696922,46.075053196887914],[12.690608677126678,46.07506624863317],[12.690646263841835,46.07416563562198],[12.691937333071273,46.074191727368024],[12.691899767323878,46.07509234119455],[12.69125422200237,46.075079296735396],[12.69123543321494,46.07552960338247],[12.689944333425263,46.075503503127194]]]},"properties":{"ndvi_class":"sparse","color":"#c7e9c0","area_m2":15010}},{"type":"Feature","geometry":{"type":"Polygon","coordinates":[[[12.691899767323878,46.07509234119455],[12.691937333071273,46.074191727368024],[12.692582868354554,46.07420476777663],[12.69254531309108,46.07510538201065],[12.691899767323878,46.07509234119455]]]},"properties":{"ndvi_class":"moderate","color":"#74c476","area_m2":5003}},{"type":"Feature","geometry":{"type":"Polygon","coordinates":[[[12.682881029921647,46.07445908321667],[12.682899885956669,46.074008779141046],[12.684190944469293,46.07403495831675],[12.684172098917713,46.07448526280139],[12.682881029921647,46.07445908321667]]]},"properties":{"ndvi_class":"sparse","color":"#c7e9c0","area_m2":5003}},{"type":"Feature","geometry":{"type":"Polygon","coordinates":[[[12.684172098917713,46.07448526280139],[12.684190944469293,46.07403495831675],[12.684836474396404,46.07404804244028],[12.68481763408656,46.07449834712936],[12.684172098917713,46.07448526280139]]]},"properties":{"ndvi_class":"moderate","color":"#74c476","area_m2":2502}},{"type":"Feature","geometry":{"type":"Polygon","coordinates":[[[12.680604661165937,46.082525241707835],[12.680623541025227,46.08207493899564],[12.678686677535914,46.08203559906295],[12.67874336160621,46.08068469252041],[12.67747105725937,46.080208147055444],[12.67686327655051,46.07929441656665],[12.675553182974822,46.079718453646926],[12.675609938933755,46.07836754955607],[12.676255515459463,46.07838068308824],[12.67633116278798,46.076579476229725],[12.675685607232284,46.07656634351833],[12.675742353721608,46.075215438552576],[12.676387893551105,46.07522857064843],[12.676368983747489,46.07567887255051],[12.677660075236334,46.075705126223525],[12.677716771843944,46.07435421916175],[12.67965336526343,46.07439357050398],[12.679672247506819,46.07394326745194],[12.68031777430124,46.07395637707543],[12.680298897299497,46.0744066803323],[12.681589962715243,46.07443288906028],[12.681627695302355,46.07353228168594],[12.684209789571671,46.07358465379047],[12.684190944469293,46.07403495831675],[12.682899885956669,46.074008779141046],[12.68221663436836,46.074896291789315],[12.679634482569949,46.07484387351439],[12.67961559942636,46.075294176483155],[12.680261141946096,46.07530728672114],[12.680223384792715,46.07620789294342],[12.682160046491717,46.07624720302771],[12.682103454568251,46.077598113891455],[12.680793439507347,46.07802221271207],[12.680736810729998,46.07937312184798],[12.679464518072248,46.07889659873421],[12.67944563087711,46.079346901328215],[12.67815445281695,46.079320666234416],[12.678135554685324,46.07977096837686],[12.683300319623664,46.07987582294596],[12.6832626059025,46.08077643038249],[12.681325784231035,46.08073713601805],[12.681344657046711,46.080286832934526],[12.68069905596184,46.08027372773041],[12.68064242043445,46.08162463624179],[12.681288037249955,46.0816377420602],[12.68125028846915,46.0825383479358],[12.680604661165937,46.082525241707835]],[[12.676901092433948,46.07839381297704],[12.678211144508946,46.07796975955718],[12.678248936718017,46.07706915489746],[12.676957812878806,46.077042907280244],[12.676901092433948,46.07839381297704]],[[12.679521176956367,46.07754569070237],[12.680166745687455,46.07755880196458],[12.68018562583925,46.077108498999166],[12.679540062350682,46.07709538794181],[12.679521176956367,46.07754569070237]],[[12.678913389496756,46.07663197064393],[12.679558947294828,46.07664508513961],[12.679577831788814,46.07619478229576],[12.678932279232999,46.07618166800499],[12.678913389496756,46.07663197064393]]]},"properties":{"ndvi_class":"moderate","color":"#74c476","area_m2":275179}},{"type":"Feature","geometry":{"type":"Polygon","coordinates":[[[12.684798793327623,46.07494865177682],[12.684855314257163,46.0735977377096],[12.689373999565134,46.07368922314413],[12.689336392778753,46.07458983542269],[12.688690854483209,46.07457677659539],[12.688672045175734,46.07502708246827],[12.686735417241598,46.07498788351609],[12.686754242274864,46.07453757825565],[12.68610870576526,46.0745245048565],[12.68608987549009,46.07497480991267],[12.684798793327623,46.07494865177682]]]},"properties":{"ndvi_class":"very_dense","color":"#00441b","area_m2":47531}},{"type":"Feature","geometry":{"type":"Polygon","coordinates":[[[12.689336392778753,46.07458983542269],[12.689373999565134,46.07368922314413],[12.690665056527466,46.07371532905402],[12.690627470708243,46.07461594214837],[12.689336392778753,46.07458983542269]]]},"properties":{"ndvi_class":"dense","color":"#238b45","area_m2":10006}},{"type":"Feature","geometry":{"type":"Polygon","coordinates":[[[12.68031777430124,46.07395637707543],[12.680336650853029,46.07350607377692],[12.680982172853811,46.07351917955281],[12.680963301543558,46.0739694830561],[12.68031777430124,46.07395637707543]]]},"properties":{"ndvi_class":"bare","color":"#d9d9d9","area_m2":2502}},{"type":"Feature","geometry":{"type":"Polygon","coordinates":[[[12.679026721160422,46.073930154185625],[12.679064494779873,46.07302954836636],[12.679710010643374,46.073042661222914],[12.679672247506819,46.07394326745194],[12.679026721160422,46.073930154185625]]]},"properties":{"ndvi_class":"moderate","color":"#74c476","area_m2":5003}},{"type":"Feature","geometry":{"type":"Polygon","coordinates":[[[12.680298897299497,46.0744066803323],[12.68031777430124,46.07395637707543],[12.679672247506819,46.07394326745194],[12.679710010643374,46.073042661222914],[12.681646560921369,46.07308197793632],[12.681589962715243,46.07443288906028],[12.680298897299497,46.0744066803323]],[[12.68031777430124,46.07395637707543],[12.680963301543558,46.0739694830561],[12.680982172853811,46.07351917955281],[12.680336650853029,46.07350607377692],[12.68031777430124,46.07395637707543]]]},"properties":{"ndvi_class":"sparse","color":"#c7e9c0","area_m2":17511}},{"type":"Feature","geometry":{"type":"Polygon","coordinates":[[[12.676463528258273,46.07342736262351],[12.676482435808309,46.072977060513146],[12.677127949878585,46.07299018794047],[12.67710904756988,46.07344049025596],[12.676463528258273,46.07342736262351]]]},"properties":{"ndvi_class":"moderate","color":"#74c476","area_m2":2502}},{"type":"Feature","geometry":{"type":"Polygon","coordinates":[[[12.677716771843944,46.07435421916175],[12.677754567329993,46.07345361424565],[12.67710904756988,46.07344049025596],[12.677127949878585,46.07299018794047],[12.67843787074019,46.07256612909993],[12.67965336526343,46.07439357050398],[12.677716771843944,46.07435421916175]]]},"properties":{"ndvi_class":"dense","color":"#238b45","area_m2":22515}},{"type":"Feature","geometry":{"type":"Polygon","coordinates":[[[12.67841897936449,46.073016431867096],[12.67843787074019,46.07256612909993],[12.679083380914326,46.072579245394266],[12.679064494779873,46.07302954836636],[12.67841897936449,46.073016431867096]]]},"properties":{"ndvi_class":"moderate","color":"#74c476","area_m2":2502}},{"type":"Feature","geometry":{"type":"Polygon","coordinates":[[[12.684190944469293,46.07403495831675],[12.684209789571671,46.07358465379047],[12.681627695302355,46.07353228168594],[12.681684290810368,46.07218137031219],[12.682329797982613,46.07219446818857],[12.682292078576113,46.07309507622199],[12.683583115227979,46.07312126186514],[12.683601964673334,46.07267095746012],[12.684892992631491,46.07269712812337],[12.684874153668854,46.07314743293728],[12.68551967355986,46.07316051300922],[12.684836474396404,46.07404804244028],[12.684190944469293,46.07403495831675]]]},"properties":{"ndvi_class":"dense","color":"#238b45","area_m2":27518}},{"type":"Feature","geometry":{"type":"Polygon","coordinates":[[[12.682292078576113,46.07309507622199],[12.682329797982613,46.07219446818857],[12.683620813669398,46.072220653013474],[12.683583115227979,46.07312126186514],[12.682292078576113,46.07309507622199]]]},"properties":{"ndvi_class":"moderate","color":"#74c476","area_m2":10006}},{"type":"Feature","geometry":{"type":"Polygon","coordinates":[[[12.684874153668854,46.07314743293728],[12.684911831145085,46.07224682326785],[12.685557340553457,46.07225990293106],[12.68551967355986,46.07316051300922],[12.684874153668854,46.07314743293728]]]},"properties":{"ndvi_class":"moderate","color":"#74c476","area_m2":5003}},{"type":"Feature","geometry":{"type":"Polygon","coordinates":[[[12.677127949878585,46.07299018794047],[12.677165753144353,46.07208958318458],[12.678475652140735,46.07166552344067],[12.67843787074019,46.07256612909993],[12.677127949878585,46.07299018794047]]]},"properties":{"ndvi_class":"moderate","color":"#74c476","area_m2":10006}},{"type":"Feature","geometry":{"type":"Polygon","coordinates":[[[12.679710010643374,46.073042661222914],[12.679766651972846,46.0716917515671],[12.681703155080383,46.07173106643768],[12.681646560921369,46.07308197793632],[12.679710010643374,46.073042661222914]]]},"properties":{"ndvi_class":"moderate","color":"#74c476","area_m2":22515}},{"type":"Feature","geometry":{"type":"Polygon","coordinates":[[[12.679064494779873,46.07302954836636],[12.679083380914326,46.072579245394266],[12.67843787074019,46.07256612909993],[12.678475652140735,46.07166552344067],[12.67974777197972,46.072142054827346],[12.679710010643374,46.073042661222914],[12.679064494779873,46.07302954836636]]]},"properties":{"ndvi_class":"sparse","color":"#c7e9c0","area_m2":10006}},{"type":"Feature","geometry":{"type":"Polygon","coordinates":[[[12.678475652140735,46.07166552344067],[12.678494542165607,46.07121522054857],[12.67914003661675,46.071228336228124],[12.679121151832751,46.07167863932515],[12.678475652140735,46.07166552344067]]]},"properties":{"ndvi_class":"moderate","color":"#74c476","area_m2":2502}},{"type":"Feature","geometry":{"type":"Polygon","coordinates":[[[12.677165753144353,46.07208958318458],[12.677203554608022,46.07118897826204],[12.676558061501826,46.0711758516551],[12.676576966798613,46.07072554933646],[12.67851343174023,46.07076491761484],[12.678475652140735,46.07166552344067],[12.677165753144353,46.07208958318458]]]},"properties":{"ndvi_class":"dense","color":"#238b45","area_m2":15010}},{"type":"Feature","geometry":{"type":"Polygon","coordinates":[[[12.678494542165607,46.07121522054857],[12.67851343174023,46.07076491761484],[12.679158920950625,46.07077803308947],[12.67914003661675,46.071228336228124],[12.678494542165607,46.07121522054857]]]},"properties":{"ndvi_class":"very_dense","color":"#00441b","area_m2":2502}},{"type":"Feature","geometry":{"type":"Polygon","coordinates":[[[12.676576966798613,46.07072554933646],[12.676595871644793,46.07027524697615],[12.67853232086462,46.07031461463944],[12.67851343174023,46.07076491761484],[12.676576966798613,46.07072554933646]]]},"properties":{"ndvi_class":"very_dense","color":"#00441b","area_m2":7505}}]}