{"type":"FeatureCollection","features":[{"type":"Feature","geometry":{"type":"Polygon","coordinates":[[[12.598766114575401,46.190484977372556],[12.598801455095261,46.18967389924031],[12.597639040507344,46.18964946363273],[12.597709751122654,46.18802730833415],[12.598872131576469,46.18805174256622],[12.59883679409559,46.18886282097155],[12.59999919312145,46.1888872440821],[12.600034513535562,46.18807616498937],[12.602359281966676,46.188124974408744],[12.602323995686337,46.18893605487528],[12.603486399223916,46.18896044255783],[12.602253418573815,46.19055821539896],[12.598766114575401,46.190484977372556]]]},"properties":{"lst_class":"caldo","color":"#fc8d59"}},{"type":"Feature","geometry":{"type":"Polygon","coordinates":[[[12.592918543981668,46.19117375235065],[12.592953971364748,46.1903626777973],[12.59531421585072,46.18960055698897],[12.594222618800128,46.187953934784765],[12.597709751122654,46.18802730833415],[12.597639040507344,46.18964946363273],[12.598801455095261,46.18967389924031],[12.598766114575401,46.190484977372556],[12.596441252769507,46.190436092971936],[12.596405876592351,46.19124716959168],[12.592918543981668,46.19117375235065]]]},"properties":{"lst_class":"temperato","color":"#fee090"}},{"type":"Feature","geometry":{"type":"Polygon","coordinates":[[[12.603803767558812,46.18166070726866],[12.603839023127085,46.18084962488758],[12.606163493432224,46.18089835110782],[12.606128271985032,46.18170943486037],[12.603803767558812,46.18166070726866]]]},"properties":{"lst_class":"caldo","color":"#fc8d59"}},{"type":"Feature","geometry":{"type":"Polygon","coordinates":[[[12.613101821247342,46.181855334278026],[12.613136940329378,46.181044246419],[12.61081245203917,46.180995661873844],[12.609720546133524,46.17934917986815],[12.607396135068052,46.17930052722396],[12.60736093370848,46.18011161193452],[12.606198713365165,46.180087267218866],[12.605106963962939,46.17844074388127],[12.603944780737944,46.17841637692567],[12.603874277179644,46.18003854237006],[12.602712061338883,46.180014162237],[12.602747330934767,46.17920308026921],[12.600458240074351,46.178343205228416],[12.601690984517692,46.17674544435427],[12.599366696811844,46.176696630555604],[12.598345873120005,46.17342788606712],[12.59950794649861,46.17345230792325],[12.600599433681735,46.17509888093976],[12.602923656171543,46.17514766838332],[12.604015278234359,46.17679421093548],[12.60633957795605,46.176842930298946],[12.607431334914274,46.178489442376986],[12.617891078323993,46.17870800124466],[12.617926123133744,46.177896910109794],[12.619088307260656,46.177921134719206],[12.618983219489033,46.18035440976079],[12.617820984184334,46.18033018310577],[12.617785934854266,46.18114127383201],[12.614299186718629,46.181068520981974],[12.614264084697734,46.18187960952425],[12.613101821247342,46.181855334278026]]]},"properties":{"lst_class":"caldo","color":"#fc8d59"}},{"type":"Feature","geometry":{"type":"Polygon","coordinates":[[[12.614544858613819,46.17539089737056],[12.614615037005585,46.17376871796949],[12.615777131371921,46.173792974580635],[12.615706987090157,46.1754151553472],[12.614544858613819,46.17539089737056]]]},"properties":{"lst_class":"caldo","color":"#fc8d59"}},{"type":"Feature","geometry":{"type":"Polygon","coordinates":[[[12.632116269743634,46.17250912739258],[12.63218592448989,46.170886926490944],[12.63334797296949,46.170911003334474],[12.633278352329764,46.17253320559149],[12.632116269743634,46.17250912739258]]]},"properties":{"lst_class":"molto_caldo","color":"#d73027"}},{"type":"Feature","geometry":{"type":"Polygon","coordinates":[[[12.65764797361233,46.17384723619582],[12.657682428017168,46.17303612111559],[12.656520314447343,46.17301229079697],[12.65542717493141,46.171366220790674],[12.657751332383386,46.171413890548564],[12.657716880940827,46.17222500589985],[12.660006659558421,46.17308374634007],[12.659972239265844,46.17389486276081],[12.65764797361233,46.17384723619582]]]},"properties":{"lst_class":"caldo","color":"#fc8d59"}},{"type":"Feature","geometry":{"type":"Polygon","coordinates":[[[12.644899259617846,46.1727733383854],[12.6449685391836,46.17115112261094],[12.643806475911576,46.17112716379687],[12.643875783626239,46.16950494882811],[12.646199843435022,46.16955285195638],[12.64616522442708,46.17036396085699],[12.647327273595778,46.170387895391],[12.64729267015269,46.17119900482955],[12.646130603930878,46.171175069621846],[12.64606135847339,46.172797286744405],[12.644899259617846,46.1727733383854]]]},"properties":{"lst_class":"caldo","color":"#fc8d59"}},{"type":"Feature","geometry":{"type":"Polygon","coordinates":[[[12.646269076986457,46.16793063374804],[12.646303691530102,46.1671195244403],[12.648627654930637,46.16716737631767],[12.648593074487444,46.167978486972295],[12.646269076986457,46.16793063374804]]]},"properties":{"lst_class":"caldo","color":"#fc8d59"}},{"type":"Feature","geometry":{"type":"Polygon","coordinates":[[[12.64165578242451,46.1670236790674],[12.641690463677257,46.16621257232161],[12.645176342145772,46.166284472029744],[12.645141712040685,46.1670955807993],[12.64165578242451,46.1670236790674]]]},"properties":{"lst_class":"caldo","color":"#fc8d59"}},{"type":"Feature","geometry":{"type":"Polygon","coordinates":[[[12.620320509749337,46.1763231621184],[12.620355515926745,46.17551206921167],[12.618031248523652,46.17546363588793],[12.618101324584938,46.17384145239236],[12.61926342343017,46.173865673592864],[12.620495525588101,46.17226769622313],[12.623981733216098,46.17234024950728],[12.624086571194004,46.169906962210156],[12.622924551652043,46.16988279162619],[12.622959511691072,46.16907169626858],[12.625283518161526,46.169120024274115],[12.625318442597527,46.16830892742018],[12.627677309752771,46.167546108510585],[12.62778196726177,46.16511281264771],[12.632394852800505,46.166020320523046],[12.632325216017687,46.167642523056166],[12.635811161289478,46.16771471005074],[12.636903639642854,46.16936095618553],[12.638065659943884,46.169384984465076],[12.63789195314725,46.17344050398462],[12.639054060194194,46.17346452384206],[12.639088787485836,46.1726534195338],[12.642575066333727,46.17272540625596],[12.642471033480644,46.17515872485199],[12.64479532909982,46.175206661029],[12.644829974095186,46.17439555361688],[12.651802794003792,46.17453907479128],[12.651768251349758,46.17535018624312],[12.652930410211862,46.17537406579469],[12.652964935808734,46.17456295367072],[12.656451370043648,46.17463451948034],[12.655220239381887,46.17623290281418],[12.652895883130647,46.176185177783054],[12.652861354565008,46.1769962896358],[12.650536970079212,46.17694851603833],[12.650571532762026,46.176137405530234],[12.638915136097197,46.176708939716605],[12.63894986936117,46.17589783595173],[12.636660320294634,46.1750386778272],[12.636695084684641,46.17422757514319],[12.634370843882277,46.174179475055055],[12.634301245382122,46.17580167757941],[12.631976942283211,46.17575352756428],[12.632046609008286,46.174131327750366],[12.630884493796247,46.174107236391926],[12.63091934196761,46.173296136959074],[12.62975724529477,46.17327203447501],[12.628664910170597,46.171625723627876],[12.62750285057567,46.17160159889465],[12.627433056404563,46.173223794095996],[12.628595150106849,46.17324792018731],[12.628490498764425,46.17568121400629],[12.627328353895614,46.1756570858777],[12.627363256232341,46.174845988753184],[12.62503900506749,46.174797698441566],[12.625073940014557,46.17398660254018],[12.622749728912055,46.173938266372446],[12.622714759854526,46.174749360913324],[12.62387688171666,46.17477353557951],[12.623806973204006,46.176395725613794],[12.620320509749337,46.1763231621184]],[[12.632116269743634,46.17250912739258],[12.633278352329764,46.17253320559149],[12.63334797296949,46.170911003334474],[12.63218592448989,46.170886926490944],[12.632116269743634,46.17250912739258]]]},"properties":{"lst_class":"caldo","color":"#fc8d59"}},{"type":"Feature","geometry":{"type":"Polygon","coordinates":[[[12.642471033480644,46.17515872485199],[12.642575066333727,46.17272540625596],[12.639088787485836,46.1726534195338],[12.639054060194194,46.17346452384206],[12.63789195314725,46.17344050398462],[12.638065659943884,46.169384984465076],[12.636903639642854,46.16936095618553],[12.635811161289478,46.16771471005074],[12.632325216017687,46.167642523056166],[12.632394852800505,46.166020320523046],[12.63007096489436,46.165972139565206],[12.630105815136101,46.16516103945079],[12.633591598076707,46.165233291152816],[12.633556798978068,46.16604439330088],[12.641690463677257,46.16621257232161],[12.64165578242451,46.1670236790674],[12.646303691530102,46.1671195244403],[12.646269076986457,46.16793063374804],[12.649755075447452,46.168002395881516],[12.649720510568777,46.16881350707343],[12.652044551006593,46.1688612908308],[12.653137541530715,46.17050739101674],[12.654299599530919,46.17053125473274],[12.65426509840816,46.17134236820645],[12.656554784426282,46.17220117625195],[12.656451370043648,46.17463451948034],[12.652964935808734,46.17456295367072],[12.652930410211862,46.17537406579469],[12.651768251349758,46.17535018624312],[12.651802794003792,46.17453907479128],[12.644829974095186,46.17439555361688],[12.64479532909982,46.175206661029],[12.642471033480644,46.17515872485199]],[[12.644899259617846,46.1727733383854],[12.64606135847339,46.172797286744405],[12.646130603930878,46.171175069621846],[12.64729267015269,46.17119900482955],[12.646199843435022,46.16955285195638],[12.643875783626239,46.16950494882811],[12.644899259617846,46.1727733383854]]]},"properties":{"lst_class":"molto_caldo","color":"#d73027"}},{"type":"Feature","geometry":{"type":"Polygon","coordinates":[[[12.633556798978068,46.16604439330088],[12.633591598076707,46.165233291152816],[12.638239329408094,46.16532946154905],[12.63820459850137,46.16614056640398],[12.633556798978068,46.16604439330088]]]},"properties":{"lst_class":"caldo","color":"#fc8d59"}},{"type":"Feature","geometry":{"type":"Polygon","coordinates":[[[12.630105815136101,46.16516103945079],[12.630140663879825,46.1643499392004],[12.632464483596785,46.16439811744609],[12.632429668946921,46.165209219052535],[12.630105815136101,46.16516103945079]]]},"properties":{"lst_class":"caldo","color":"#fc8d59"}},{"type":"Feature","geometry":{"type":"Polygon","coordinates":[[[12.628978756247049,46.164325832377536],[12.629013620538919,46.16351473266963],[12.632499296750174,46.16358701570369],[12.632464483596785,46.16439811744609],[12.628978756247049,46.164325832377536]]]},"properties":{"lst_class":"moderato_fresco","color":"#91bfdb"}},{"type":"Feature","geometry":{"type":"Polygon","coordinates":[[[12.623064382791652,46.16663840937908],[12.62313428934576,46.165016217438826],[12.62084544443167,46.16415675422071],[12.620915410152403,46.162534564186394],[12.6232391379091,46.16258292850763],[12.624331140570863,46.164229287086826],[12.626654945436524,46.164277583331945],[12.6266200455526,46.165088681545775],[12.625458125329727,46.16506453864363],[12.625388286965828,46.16668673330406],[12.623064382791652,46.16663840937908]]]},"properties":{"lst_class":"caldo","color":"#fc8d59"}},{"type":"Feature","geometry":{"type":"Polygon","coordinates":[[[12.651227941507445,46.16072628010402],[12.651262474487586,46.15991516688311],[12.653586142819906,46.159962912250876],[12.653551643927688,46.16077402681567],[12.651227941507445,46.16072628010402]]]},"properties":{"lst_class":"molto_caldo","color":"#d73027"}},{"type":"Feature","geometry":{"type":"Polygon","coordinates":[[[12.643025720359589,46.16218101155188],[12.643060375624064,46.16136990331652],[12.640771353495397,46.1605108358534],[12.640840724748337,46.15888862140349],[12.643164332480342,46.15893657779583],[12.643129681684362,46.15974768643849],[12.64661515547517,46.15981953456332],[12.646511347548037,46.16225286574374],[12.643025720359589,46.16218101155188]]]},"properties":{"lst_class":"molto_caldo","color":"#d73027"}},{"type":"Feature","geometry":{"type":"Polygon","coordinates":[[[12.647776983019934,46.1598434603412],[12.647811565644878,46.15903234900289],[12.65013519106582,46.159080163817],[12.65010064252687,46.159891276501135],[12.647776983019934,46.1598434603412]]]},"properties":{"lst_class":"molto_caldo","color":"#d73027"}},{"type":"Feature","geometry":{"type":"Polygon","coordinates":[[[12.588490218706285,46.15941927975762],[12.588596573838727,46.15698605004262],[12.590920013165821,46.157035066802315],[12.590813760267048,46.15946830065623],[12.588490218706285,46.15941927975762]]]},"properties":{"lst_class":"temperato","color":"#fee090"}},{"type":"Feature","geometry":{"type":"Polygon","coordinates":[[[12.607289780658565,46.154943599007076],[12.607395290682481,46.15251033383727],[12.60971857366087,46.1525589649027],[12.610809981103094,46.15420544376503],[12.6096483032984,46.154181144556496],[12.609613165852013,46.154992234178884],[12.607289780658565,46.154943599007076]]]},"properties":{"lst_class":"caldo","color":"#fc8d59"}},{"type":"Feature","geometry":{"type":"Polygon","coordinates":[[[12.631720436599421,46.15464081247467],[12.630628389044933,46.152994521416154],[12.629466719990786,46.152970424090526],[12.629501563309692,46.15215932247859],[12.634148180277124,46.15225563829786],[12.634113405102097,46.15306674262072],[12.635275080083648,46.15309079276467],[12.635205559324154,46.1547130023565],[12.631720436599421,46.15464081247467]]]},"properties":{"lst_class":"molto_caldo","color":"#d73027"}},{"type":"Feature","geometry":{"type":"Polygon","coordinates":[[[12.59806691394906,46.15312642083377],[12.598102218723202,46.15231533779574],[12.596940591485087,46.15229091021597],[12.597011230548157,46.15066874510527],[12.598172823719759,46.15069317131005],[12.598137521980076,46.15150425462115],[12.601622361609367,46.151577464534235],[12.60155185578324,46.15319963486797],[12.59806691394906,46.15312642083377]]]},"properties":{"lst_class":"temperato","color":"#fee090"}},{"type":"Feature","geometry":{"type":"Polygon","coordinates":[[[12.587718539371544,46.15047291090234],[12.587824895328273,46.148039678746585],[12.591309489939944,46.1481131988152],[12.591274090568335,46.14892427840639],[12.592435642151099,46.14894876220034],[12.59120328726105,46.15054643717881],[12.587718539371544,46.15047291090234]]]},"properties":{"lst_class":"moderato_fresco","color":"#91bfdb"}},{"type":"Feature","geometry":{"type":"Polygon","coordinates":[[[12.628374771631451,46.151324112966805],[12.62840962898981,46.15051301176139],[12.626086400512248,46.15046476220789],[12.626121290439487,46.149653662224466],[12.62495969546208,46.14962952043587],[12.624994600922511,46.14881842099584],[12.631929287594774,46.149774194258455],[12.631859676580254,46.15139640087435],[12.628374771631451,46.151324112966805]]]},"properties":{"lst_class":"molto_caldo","color":"#d73027"}},{"type":"Feature","geometry":{"type":"Polygon","coordinates":[[[12.597325163059313,46.170159133091346],[12.597395834851362,46.16853697261363],[12.59623386678737,46.16851253127956],[12.59626921745326,46.16770145152377],[12.593980703179929,46.16684145631435],[12.59401608490013,46.16603037766215],[12.59053035221288,46.16595691825344],[12.590601213362987,46.16433476467414],[12.589439339574476,46.16431025598486],[12.589474784909283,46.16349917968002],[12.588312929674261,46.1634746598819],[12.588348390528841,46.16266358413045],[12.586060212091475,46.16180343601276],[12.586095703981211,46.16099236136902],[12.584933904405645,46.160967808248536],[12.58496941181077,46.16015673415908],[12.583807630788021,46.160132169932496],[12.583843153707074,46.15932109639764],[12.581555185750872,46.15846086164893],[12.581626292107856,46.1568387166625],[12.580464583780161,46.156814119813994],[12.580500151703518,46.15600304780779],[12.578212374132754,46.15514274935187],[12.578247973069525,46.15433167845744],[12.575960300713243,46.153471336707085],[12.575995930657585,46.15266026692559],[12.574834315084876,46.15263561456864],[12.57374402445468,46.15098881322003],[12.571420869029925,46.15093945231587],[12.571456562505803,46.15012838490074],[12.570295004103741,46.15010368745423],[12.570330713076025,46.149292620597166],[12.56804337639085,46.148432126114486],[12.568079116351573,46.14762106037447],[12.56691761360089,46.14759632963834],[12.565827655796403,46.1459494580042],[12.569312061882655,46.14602364603653],[12.569347780209583,46.14521257918974],[12.57631653126125,46.14536063273091],[12.576280915095014,46.14617170374464],[12.57744239594195,46.146196338760404],[12.57737119307399,46.147818481763835],[12.582017267837955,46.14791690945454],[12.58191065642299,46.15035013124395],[12.583072229989261,46.15037471076187],[12.583036706828233,46.15118578510982],[12.586521487694842,46.15125945497831],[12.586486014105349,46.15207053126295],[12.588809242968605,46.152119586921664],[12.588773801921882,46.15293066445023],[12.589935435651142,46.15295517527855],[12.589900010115747,46.15376625336028],[12.592187923180663,46.15462632033649],[12.592081735091762,46.15705955748817],[12.593243458524999,46.15708403637798],[12.593314218030903,46.15546187703562],[12.595672944666067,46.154699715420236],[12.595637601266619,46.15551079667316],[12.596799295142286,46.155535238798684],[12.596728637861261,46.15715740227071],[12.599016801434674,46.15801733679103],[12.59898150307692,46.15882841956063],[12.603628578249765,46.15892598672521],[12.603558113309358,46.16054815734712],[12.605846527406879,46.16140795936653],[12.605600080434991,46.16708556088913],[12.603240946104119,46.16784791839162],[12.603170447838353,46.16947008601164],[12.602008455208232,46.16944570299616],[12.601973186752318,46.170256785915186],[12.597325163059313,46.170159133091346]],[[12.588490218706285,46.15941927975762],[12.590813760267048,46.15946830065623],[12.590920013165821,46.157035066802315],[12.588596573838727,46.15698605004262],[12.588490218706285,46.15941927975762]]]},"properties":{"lst_class":"moderato_fresco","color":"#91bfdb"}},{"type":"Feature","geometry":{"type":"Polygon","coordinates":[[[12.602253418573815,46.19055821539896],[12.602288707888743,46.18974713520535],[12.603451128494061,46.18977152357434],[12.603486399223916,46.18896044255783],[12.602323995686337,46.18893605487528],[12.602359281966676,46.188124974408744],[12.603521668437248,46.18814936140487],[12.603697991758906,46.18409395359315],[12.602535690612388,46.1840695700288],[12.602641517597943,46.18163632576314],[12.601479269139537,46.18161193245122],[12.601549847000424,46.17998977029818],[12.600387634164989,46.1799653665537],[12.600422937878545,46.17915428595932],[12.598133887148698,46.17829436507192],[12.598204555214787,46.17667220594983],[12.59704241512261,46.176647769539805],[12.597113111223356,46.17502561124707],[12.59595100674715,46.17500116440904],[12.596021730877192,46.17337900694615],[12.594859662014434,46.1733545496814],[12.593909935176688,46.16846361320893],[12.592747971631447,46.168439136472436],[12.592818773729947,46.16681698095564],[12.591656845787503,46.16679249379686],[12.59169226160069,46.16598141652272],[12.59401608490013,46.16603037766215],[12.593980703179929,46.16684145631435],[12.59626921745326,46.16770145152377],[12.59623386678737,46.16851253127956],[12.597395834851362,46.16853697261363],[12.597325163059313,46.170159133091346],[12.601973186752318,46.170256785915186],[12.602008455208232,46.16944570299616],[12.603170447838353,46.16947008601164],[12.603240946104119,46.16784791839162],[12.605600080434991,46.16708556088913],[12.605846527406879,46.16140795936653],[12.603558113309358,46.16054815734712],[12.603628578249765,46.15892598672521],[12.59898150307692,46.15882841956063],[12.599016801434674,46.15801733679103],[12.596728637861261,46.15715740227071],[12.596799295142286,46.155535238798684],[12.595637601266619,46.15551079667316],[12.595672944666067,46.154699715420236],[12.593314218030903,46.15546187703562],[12.593243458524999,46.15708403637798],[12.592081735091762,46.15705955748817],[12.592187923180663,46.15462632033649],[12.591026252365346,46.15460183171842],[12.589935435651142,46.15295517527855],[12.588773801921882,46.15293066445023],[12.588809242968605,46.152119586921664],[12.586486014105349,46.15207053126295],[12.586521487694842,46.15125945497831],[12.583036706828233,46.15118578510982],[12.583072229989261,46.15037471076187],[12.58191065642299,46.15035013124395],[12.582017267837955,46.14791690945454],[12.57737119307399,46.147818481763835],[12.57744239594195,46.146196338760404],[12.576280915095014,46.14617170374464],[12.57631653126125,46.14536063273091],[12.57863946041657,46.145409889584926],[12.578675040999563,46.14459881704801],[12.582159395012392,46.14467261181999],[12.583178790313061,46.14794148689719],[12.584340314300373,46.14796605254777],[12.584446809802118,46.14553282537793],[12.585608284215828,46.1455573771633],[12.585643762638638,46.14474630047549],[12.587966681942834,46.14479536729168],[12.589057287653054,46.1464420403943],[12.5913802841195,46.14649103922289],[12.591344887790305,46.14730211908738],[12.594829444877263,46.14737553095852],[12.594864790119694,46.14656444902791],[12.596026295130338,46.146588895379324],[12.595990966916988,46.14739997799799],[12.597152490460877,46.14742441324527],[12.597081863539872,46.149046579448374],[12.595920305935469,46.14902214282561],[12.59588497316714,46.149833225034556],[12.593526460058824,46.15059539572975],[12.593455718797166,46.1522175567115],[12.594617341521344,46.15224201967381],[12.594546628247878,46.153864181486156],[12.596869946350012,46.15391307478045],[12.597960990522198,46.155559669128685],[12.599122687405629,46.15558408766309],[12.599052098275322,46.15720625388491],[12.601375564701206,46.157255058313936],[12.601446085680147,46.155632889344986],[12.60260778706979,46.1556572724924],[12.602643028249252,46.15484618711695],[12.605001607048075,46.15408382976959],[12.605072013693732,46.152461655593555],[12.603910377447281,46.152437298779915],[12.6040512407166,46.14919295153283],[12.605212808831022,46.149217305604516],[12.606444732875113,46.14761947069984],[12.608767808469683,46.1476681171388],[12.609859096266847,46.149314603959134],[12.616793546083661,46.150271292228666],[12.616723489184018,46.15189348089646],[12.617885124843117,46.15191770728659],[12.617745061121429,46.15516208571523],[12.618906766415966,46.15518630303704],[12.61999850046336,46.156832699685886],[12.622321986655772,46.15688107807274],[12.622287032110625,46.15769217479167],[12.625772323679938,46.157764655936305],[12.625702512327935,46.159386853045945],[12.632673340072788,46.15953150495244],[12.633765571134134,46.16117777837362],[12.637251111726108,46.161249913719224],[12.637216371238642,46.16206101857729],[12.64070197627862,46.16213304976008],[12.64066728543359,46.1629441565097],[12.649962433519937,46.16313572588115],[12.649996987999497,46.16232461373963],[12.652320755659154,46.16237238673861],[12.652251713400448,46.16399461357537],[12.653413633528826,46.16401848371894],[12.653379127221218,46.16482959760577],[12.655668532287322,46.165688418928305],[12.655634057111476,46.16649953388676],[12.656796032791984,46.16652337064157],[12.656692649524512,46.16895671671643],[12.658982277645729,46.16981547527227],[12.658878978922735,46.17224882374382],[12.657716880940827,46.17222500589985],[12.657751332383386,46.171413890548564],[12.65542717493141,46.171366220790674],[12.655461659000503,46.17055510664561],[12.654299599530919,46.17053125473274],[12.653206573431873,46.1688851650059],[12.650882530051986,46.16883740485329],[12.650917077879505,46.16802629298874],[12.648593074487444,46.167978486972295],[12.648627654930637,46.16716737631767],[12.645141712040685,46.1670955807993],[12.645176342145772,46.166284472029744],[12.63820459850137,46.16614056640398],[12.638239329408094,46.16532946154905],[12.632429668946921,46.165209219052535],[12.632499296750174,46.16358701570369],[12.629013620538919,46.16351473266963],[12.630105815136101,46.16516103945079],[12.62778196726177,46.16511281264771],[12.627677309752771,46.167546108510585],[12.626515336899253,46.167521975370974],[12.625283518161526,46.169120024274115],[12.622959511691072,46.16907169626858],[12.622924551652043,46.16988279162619],[12.624086571194004,46.169906962210156],[12.623981733216098,46.17234024950728],[12.620495525588101,46.17226769622313],[12.61926342343017,46.173865673592864],[12.618101324584938,46.17384145239236],[12.618031248523652,46.17546363588793],[12.620355515926745,46.17551206921167],[12.620320509749337,46.1763231621184],[12.623806973204006,46.176395725613794],[12.62387688171666,46.17477353557951],[12.622714759854526,46.174749360913324],[12.622749728912055,46.173938266372446],[12.625073940014557,46.17398660254018],[12.62503900506749,46.174797698441566],[12.627363256232341,46.174845988753184],[12.627328353895614,46.1756570858777],[12.628490498764425,46.17568121400629],[12.628595150106849,46.17324792018731],[12.627433056404563,46.173223794095996],[12.62750285057567,46.17160159889465],[12.628664910170597,46.171625723627876],[12.628630030888456,46.17243682197561],[12.63091934196761,46.173296136959074],[12.630884493796247,46.174107236391926],[12.632046609008286,46.174131327750366],[12.631976942283211,46.17575352756428],[12.634301245382122,46.17580167757941],[12.634370843882277,46.174179475055055],[12.636695084684641,46.17422757514319],[12.636660320294634,46.1750386778272],[12.637822459973288,46.1750627108414],[12.638915136097197,46.176708939716605],[12.64472603464061,46.17682887544599],[12.644760682614987,46.17601776830536],[12.650571532762026,46.176137405530234],[12.650536970079212,46.17694851603833],[12.649374780044226,46.17692461153106],[12.649340198816247,46.17773572123063],[12.647015789047556,46.17768787545252],[12.646981172213168,46.17849898366972],[12.644656734222906,46.178451089319985],[12.64462208177942,46.17926219605335],[12.639973155275662,46.179166262980274],[12.639938433098772,46.17997736687764],[12.637613944596355,46.17992932815089],[12.637648700894543,46.17911822560565],[12.625991591028619,46.179688426128955],[12.625956662627033,46.180499521757625],[12.62359721159645,46.181262292450086],[12.623562246067534,46.18207338644644],[12.62123769677412,46.18202501305771],[12.621202695616915,46.18283610555636],[12.618878118162327,46.18278768357664],[12.61884308137414,46.18359877457622],[12.616518475763346,46.183550304003134],[12.616483403341492,46.18436139350222],[12.612996454941277,46.18428859703731],[12.612961329818997,46.18509968435116],[12.611798999612988,46.185075394563654],[12.611763855915727,46.18588648105753],[12.610601510142061,46.18586217877798],[12.610566347868357,46.18667326445149],[12.60820642876704,46.187435707266474],[12.60817122933605,46.18824679129815],[12.607008836860322,46.18822245153859],[12.60697361884849,46.18903353474882],[12.605811210805719,46.189009182494644],[12.60457829542401,46.19060698169975],[12.602253418573815,46.19055821539896]],[[12.603803767558812,46.18166070726866],[12.606128271985032,46.18170943486037],[12.606163493432224,46.18089835110782],[12.603839023127085,46.18084962488758],[12.603803767558812,46.18166070726866]],[[12.613101821247342,46.181855334278026],[12.614264084697734,46.18187960952425],[12.614299186718629,46.181068520981974],[12.617785934854266,46.18114127383201],[12.617820984184334,46.18033018310577],[12.618983219489033,46.18035440976079],[12.619088307260656,46.177921134719206],[12.617926123133744,46.177896910109794],[12.617891078323993,46.17870800124466],[12.607431334914274,46.178489442376986],[12.60633957795605,46.176842930298946],[12.604015278234359,46.17679421093548],[12.602923656171543,46.17514766838332],[12.600599433681735,46.17509888093976],[12.600634728290023,46.17428779952634],[12.598345873120005,46.17342788606712],[12.599366696811844,46.176696630555604],[12.601690984517692,46.17674544435427],[12.600458240074351,46.178343205228416],[12.601620418792926,46.178367607599206],[12.602712061338883,46.180014162237],[12.603874277179644,46.18003854237006],[12.603944780737944,46.17841637692567],[12.605106963962939,46.17844074388127],[12.606198713365165,46.180087267218866],[12.60736093370848,46.18011161193452],[12.607396135068052,46.17930052722396],[12.609720546133524,46.17934917986815],[12.61081245203917,46.180995661873844],[12.613136940329378,46.181044246419],[12.613101821247342,46.181855334278026]],[[12.614544858613819,46.17539089737056],[12.615706987090157,46.1754151553472],[12.615777131371921,46.173792974580635],[12.614615037005585,46.17376871796949],[12.614544858613819,46.17539089737056]],[[12.62060051703568,46.16983441505205],[12.621762533599028,46.169858609240144],[12.621797510688777,46.16904751456317],[12.620635511176076,46.16902332105603],[12.62060051703568,46.16983441505205]],[[12.623064382791652,46.16663840937908],[12.625388286965828,46.16668673330406],[12.625458125329727,46.16506453864363],[12.6266200455526,46.165088681545775],[12.626654945436524,46.164277583331945],[12.624331140570863,46.164229287086826],[12.6232391379091,46.16258292850763],[12.620915410152403,46.162534564186394],[12.62084544443167,46.16415675422071],[12.62313428934576,46.165016217438826],[12.623064382791652,46.16663840937908]],[[12.607289780658565,46.154943599007076],[12.609613165852013,46.154992234178884],[12.6096483032984,46.154181144556496],[12.610809981103094,46.15420544376503],[12.60971857366087,46.1525589649027],[12.607395290682481,46.15251033383727],[12.607289780658565,46.154943599007076]],[[12.587718539371544,46.15047291090234],[12.59120328726105,46.15054643717881],[12.592435642151099,46.14894876220034],[12.591274090568335,46.14892427840639],[12.591309489939944,46.1481131988152],[12.587824895328273,46.148039678746585],[12.587718539371544,46.15047291090234]]]},"properties":{"lst_class":"temperato","color":"#fee090"}},{"type":"Feature","geometry":{"type":"Polygon","coordinates":[[[12.622776259059501,46.14633680834024],[12.622846124597823,46.1447146109551],[12.626330598517853,46.144787059466765],[12.625099308303685,46.146385121859375],[12.622776259059501,46.14633680834024]]]},"properties":{"lst_class":"molto_caldo","color":"#d73027"}},{"type":"Feature","geometry":{"type":"Polygon","coordinates":[[[12.600601808498752,46.14830873346459],[12.600672330206521,46.146686562866016],[12.60183384273035,46.14671095025774],[12.601869084282578,46.14589986406735],[12.600707588787499,46.145875477362004],[12.600813355439767,46.14344222003103],[12.603136245766324,46.14349097753301],[12.603065804287734,46.145113151968104],[12.605388768720498,46.14516186504898],[12.605283197323947,46.14759512979152],[12.600601808498752,46.14830873346459]]]},"properties":{"lst_class":"molto_caldo","color":"#d73027"}},{"type":"Feature","geometry":{"type":"Polygon","coordinates":[[[12.657691462895798,46.145434320229846],[12.657760300698488,46.143812081788134],[12.662406309644355,46.14390723577114],[12.662371959601861,46.144718357737986],[12.660048918141321,46.14467080299274],[12.660014532561343,46.14548192348566],[12.657691462895798,46.145434320229846]]]},"properties":{"lst_class":"caldo","color":"#fc8d59"}},{"type":"Feature","geometry":{"type":"Polygon","coordinates":[[[12.599052098275322,46.15720625388491],[12.599122687405629,46.15558408766309],[12.597960990522198,46.155559669128685],[12.596869946350012,46.15391307478045],[12.594546628247878,46.153864181486156],[12.594617341521344,46.15224201967381],[12.593455718797166,46.1522175567115],[12.593526460058824,46.15059539572975],[12.594688048716968,46.150619857315085],[12.594723400035788,46.14980877593083],[12.597081863539872,46.149046579448374],[12.597152490460877,46.14742441324527],[12.595990966916988,46.14739997799799],[12.596026295130338,46.146588895379324],[12.594864790119694,46.14656444902791],[12.594829444877263,46.14737553095852],[12.591344887790305,46.14730211908738],[12.5913802841195,46.14649103922289],[12.589057287653054,46.1464420403943],[12.587966681942834,46.14479536729168],[12.585643762638638,46.14474630047549],[12.585608284215828,46.1455573771633],[12.584446809802118,46.14553282537793],[12.584340314300373,46.14796605254777],[12.583178790313061,46.14794148689719],[12.582159395012392,46.14467261181999],[12.584482305251825,46.1447217493811],[12.58451779917623,46.14391067324751],[12.586840681407867,46.143959762263826],[12.58687613975609,46.14314868461192],[12.58916356967802,46.144008804117945],[12.589128143858774,46.14481988301342],[12.592612538653277,46.144893359432714],[12.59264791339281,46.14408227846931],[12.593809364310731,46.144106746338316],[12.593774006597931,46.14491782799039],[12.596096947002623,46.14496672973232],[12.596132270661721,46.14415564670396],[12.594970816733941,46.14413120241655],[12.595041493550044,46.14250903732607],[12.598525757688925,46.142582330689876],[12.598596326284563,46.14096016092755],[12.599757716620474,46.14098456709446],[12.59979298162056,46.14017348132162],[12.60559987068736,46.14029533188099],[12.605635049057154,46.13948424254225],[12.606796414343153,46.13950857660082],[12.60672609013908,46.141130756511686],[12.605564690805888,46.14110642108332],[12.605529509412653,46.141917510149256],[12.607852343625519,46.141966170585604],[12.607676584249331,46.14602162071743],[12.60883808873589,46.14604593667183],[12.608767808469683,46.1476681171388],[12.606444732875113,46.14761947069984],[12.605212808831022,46.149217305604516],[12.6040512407166,46.14919295153283],[12.603910377447281,46.152437298779915],[12.605072013693732,46.152461655593555],[12.605001607048075,46.15408382976959],[12.603839936731228,46.15405947158488],[12.603804714102573,46.154870557782694],[12.601446085680147,46.155632889344986],[12.601375564701206,46.157255058313936],[12.599052098275322,46.15720625388491]],[[12.59806691394906,46.15312642083377],[12.60155185578324,46.15319963486797],[12.601622361609367,46.151577464534235],[12.598137521980076,46.15150425462115],[12.598172823719759,46.15069317131005],[12.597011230548157,46.15066874510527],[12.596940591485087,46.15229091021597],[12.598102218723202,46.15231533779574],[12.59806691394906,46.15312642083377]],[[12.600601808498752,46.14830873346459],[12.605283197323947,46.14759512979152],[12.605388768720498,46.14516186504898],[12.603065804287734,46.145113151968104],[12.603136245766324,46.14349097753301],[12.600813355439767,46.14344222003103],[12.600707588787499,46.145875477362004],[12.601869084282578,46.14589986406735],[12.60183384273035,46.14671095025774],[12.600672330206521,46.146686562866016],[12.600601808498752,46.14830873346459]]]},"properties":{"lst_class":"caldo","color":"#fc8d59"}},{"type":"Feature","geometry":{"type":"Polygon","coordinates":[[[12.660006659558421,46.17308374634007],[12.660041078371279,46.17227262978383],[12.658878978922735,46.17224882374382],[12.658982277645729,46.16981547527227],[12.656692649524512,46.16895671671643],[12.656796032791984,46.16652337064157],[12.655634057111476,46.16649953388676],[12.655668532287322,46.165688418928305],[12.654506575124353,46.16566457104323],[12.653413633528826,46.16401848371894],[12.652251713400448,46.16399461357537],[12.652320755659154,46.16237238673861],[12.649996987999497,46.16232461373963],[12.649962433519937,46.16313572588115],[12.64066728543359,46.1629441565097],[12.64070197627862,46.16213304976008],[12.637216371238642,46.16206101857729],[12.637251111726108,46.161249913719224],[12.633765571134134,46.16117777837362],[12.632673340072788,46.15953150495244],[12.625702512327935,46.159386853045945],[12.625772323679938,46.157764655936305],[12.622287032110625,46.15769217479167],[12.622321986655772,46.15688107807274],[12.61999850046336,46.156832699685886],[12.618906766415966,46.15518630303704],[12.617745061121429,46.15516208571523],[12.617885124843117,46.15191770728659],[12.616723489184018,46.15189348089646],[12.616793546083661,46.150271292228666],[12.609859096266847,46.149314603959134],[12.608767808469683,46.1476681171388],[12.611090890049084,46.14771671640726],[12.611055781712322,46.148527807804065],[12.612217341775455,46.14855209043268],[12.612252433081288,46.14774099835244],[12.618060170638405,46.14786223118644],[12.618095175284019,46.14705113555784],[12.619256710238924,46.14707534606455],[12.619221722623983,46.14788644237458],[12.621544831063508,46.14793482937186],[12.620523149419315,46.14466625298839],[12.619361664062682,46.144642056317466],[12.619431625761774,46.14301986247193],[12.62178947439558,46.1422571428101],[12.621824417435887,46.14144604418535],[12.620662998697881,46.14142186202873],[12.62073291432321,46.13979966573205],[12.621894299011954,46.139823846527484],[12.621929237547873,46.13901274749437],[12.625413349464882,46.13908521710237],[12.625378462000045,46.13989631817518],[12.627666389838303,46.14075567595265],[12.627526955200228,46.14400008377211],[12.628688433933874,46.14402419722167],[12.628653588557613,46.14483529951515],[12.630976584531748,46.14488349239567],[12.630941771716483,46.14569459590958],[12.633264807677998,46.14574274297703],[12.631964090858338,46.14896309074656],[12.633125677704895,46.148987161093814],[12.634217726143612,46.1506334292444],[12.635379350018857,46.15065747735772],[12.636610447128238,46.149059301372716],[12.63777203989483,46.1490833245446],[12.637841471613473,46.14746111034506],[12.640164593450837,46.14750911860446],[12.640129912401617,46.1483202271234],[12.642418425735977,46.1491792992924],[12.642383775773036,46.149990408889714],[12.643545392957193,46.150014373766034],[12.643476122633423,46.15163659390238],[12.63999117329895,46.15156465984103],[12.639887103318655,46.15399798295316],[12.637528981876182,46.15476106996355],[12.637494253332342,46.155572175908524],[12.635170796703363,46.155524106948555],[12.635136032588433,46.15633521140471],[12.630489068943723,46.15623892921704],[12.630523901214533,46.15542782747079],[12.627038745168704,46.15535549400061],[12.626968976895588,46.15697769328525],[12.630454235175774,46.15705003082731],[12.630419399910604,46.157861132301605],[12.6327429469293,46.15790929970032],[12.633835149888576,46.15955557231043],[12.638482403958463,46.159651723760746],[12.638586556379039,46.15721840552803],[12.642071859083172,46.15729038915547],[12.642037194224688,46.15810149739498],[12.64668435332366,46.15819731309783],[12.646788138943588,46.15576397988178],[12.649111625091278,46.15581181290687],[12.649146183245628,46.15500070021715],[12.651469641200844,46.15504848470937],[12.651504163792529,46.154237370539036],[12.65266587793679,46.1542612444181],[12.652631372383913,46.1550723592604],[12.654954839157353,46.15512007297215],[12.654920366200688,46.155931189021814],[12.656082118829383,46.155955028853455],[12.65594428035118,46.15919949438059],[12.658267926343324,46.159247144016554],[12.658199066392374,46.16086937864921],[12.65703720857499,46.16084555838965],[12.656899402727941,46.16409002334684],[12.658061328729891,46.16411384628839],[12.658026890613689,46.16492496285938],[12.660316375613823,46.16578369245636],[12.660247560178805,46.16740592760115],[12.661409558775526,46.1674297178191],[12.66134077152684,46.16905195376122],[12.662502805691426,46.16907573351574],[12.662330896963644,46.173131324347246],[12.660006659558421,46.17308374634007]],[[12.643025720359589,46.16218101155188],[12.646511347548037,46.16225286574374],[12.64661515547517,46.15981953456332],[12.643129681684362,46.15974768643849],[12.643164332480342,46.15893657779583],[12.640840724748337,46.15888862140349],[12.640771353495397,46.1605108358534],[12.643060375624064,46.16136990331652],[12.643025720359589,46.16218101155188]],[[12.638412961549832,46.16127393523665],[12.639574812852214,46.16129794495514],[12.639609517758949,46.16048683860933],[12.638447683500358,46.16046282956661],[12.638412961549832,46.16127393523665]],[[12.651227941507445,46.16072628010402],[12.653551643927688,46.16077402681567],[12.653586142819906,46.159962912250876],[12.651262474487586,46.15991516688311],[12.651227941507445,46.16072628010402]],[[12.647776983019934,46.1598434603412],[12.65010064252687,46.159891276501135],[12.65013519106582,46.159080163817],[12.647811565644878,46.15903234900289],[12.647776983019934,46.1598434603412]],[[12.631720436599421,46.15464081247467],[12.635205559324154,46.1547130023565],[12.635275080083648,46.15309079276467],[12.634113405102097,46.15306674262072],[12.634148180277124,46.15225563829786],[12.629501563309692,46.15215932247859],[12.630593561265059,46.15380562357034],[12.631755248838802,46.15382970977852],[12.631720436599421,46.15464081247467]],[[12.628374771631451,46.151324112966805],[12.631859676580254,46.15139640087435],[12.631929287594774,46.149774194258455],[12.624994600922511,46.14881842099584],[12.62495969546208,46.14962952043587],[12.626121290439487,46.149653662224466],[12.626086400512248,46.15046476220789],[12.62840962898981,46.15051301176139],[12.628374771631451,46.151324112966805]],[[12.622776259059501,46.14633680834024],[12.625099308303685,46.146385121859375],[12.626330598517853,46.144787059466765],[12.622846124597823,46.1447146109551],[12.622776259059501,46.14633680834024]]]},"properties":{"lst_class":"caldo","color":"#fc8d59"}},{"type":"Feature","geometry":{"type":"Polygon","coordinates":[[[12.611547161159612,46.137172515845016],[12.611582248381124,46.13636142253997],[12.616227476039093,46.13645844132829],[12.616192456900903,46.13726953736394],[12.611547161159612,46.137172515845016]]]},"properties":{"lst_class":"caldo","color":"#fc8d59"}},{"type":"Feature","geometry":{"type":"Polygon","coordinates":[[[12.670810675271715,46.137584283232385],[12.670844892865944,46.1367731553737],[12.673201802137644,46.13600935519751],[12.673133436514165,46.137631613714426],[12.670810675271715,46.137584283232385]]]},"properties":{"lst_class":"molto_caldo","color":"#d73027"}},{"type":"Feature","geometry":{"type":"Polygon","coordinates":[[[12.636213025735465,46.13119091007417],[12.637443642618079,46.12959271133696],[12.639731347167897,46.130451824282495],[12.63969668038405,46.13126293497824],[12.636213025735465,46.13119091007417]]]},"properties":{"lst_class":"molto_caldo","color":"#d73027"}},{"type":"Feature","geometry":{"type":"Polygon","coordinates":[[[12.671084374860582,46.1310952565748],[12.67111858069433,46.13028412763383],[12.673441035556845,46.13033144612796],[12.673406863759473,46.13114257640078],[12.671084374860582,46.1310952565748]]]},"properties":{"lst_class":"molto_caldo","color":"#d73027"}},{"type":"Feature","geometry":{"type":"Polygon","coordinates":[[[12.658276395680636,46.13164527619778],[12.657183974032032,46.12999922656593],[12.659540768395958,46.12923570554769],[12.659437640362944,46.13166907233352],[12.658276395680636,46.13164527619778]]]},"properties":{"lst_class":"molto_caldo","color":"#d73027"}},{"type":"Feature","geometry":{"type":"Polygon","coordinates":[[[12.632833686555106,46.12868545876755],[12.632868450956598,46.127874351721225],[12.635190740920654,46.12792244541521],[12.635156010547465,46.128733553815145],[12.632833686555106,46.12868545876755]]]},"properties":{"lst_class":"molto_caldo","color":"#d73027"}},{"type":"Feature","geometry":{"type":"Polygon","coordinates":[[[12.65042379146537,46.124989435333575],[12.650458293234312,46.12417831748928],[12.652814923540488,46.123414931578296],[12.652745989530166,46.125037170089406],[12.65042379146537,46.124989435333575]]]},"properties":{"lst_class":"molto_caldo","color":"#d73027"}},{"type":"Feature","geometry":{"type":"Polygon","coordinates":[[[12.657390403260033,46.12513249818717],[12.657424802957943,46.1243213763164],[12.655102627185544,46.12427373717745],[12.655171490191313,46.122651495710976],[12.658654653980939,46.12272293272166],[12.658620274249424,46.12353405553331],[12.659781348784312,46.123557844972474],[12.659712618913545,46.125180091528485],[12.657390403260033,46.12513249818717]]]},"properties":{"lst_class":"molto_caldo","color":"#d73027"}},{"type":"Feature","geometry":{"type":"Polygon","coordinates":[[[12.624949752250975,46.12283903591591],[12.62498462525964,46.12202793266523],[12.628467674092937,46.12210028875805],[12.628432852109878,46.12291139404519],[12.624949752250975,46.12283903591591]]]},"properties":{"lst_class":"caldo","color":"#fc8d59"}},{"type":"Feature","geometry":{"type":"Polygon","coordinates":[[[12.637686496161882,46.12391494116955],[12.63775586947473,46.122292719899136],[12.63891690054851,46.12231672076883],[12.638951567961081,46.12150560925436],[12.64359563896987,46.121601492204],[12.64356103959246,46.12241260641711],[12.641238967122167,46.122364687159134],[12.642330765386186,46.12401087935029],[12.637686496161882,46.12391494116955]]]},"properties":{"lst_class":"molto_caldo","color":"#d73027"}},{"type":"Feature","geometry":{"type":"Polygon","coordinates":[[[12.681773958641001,46.125629877180224],[12.680680939830637,46.12398403977011],[12.678358739775824,46.12393687334412],[12.678392830314348,46.12312573919515],[12.677231749475235,46.12310213896942],[12.67729996018023,46.12147987159444],[12.678461006997585,46.12150347049172],[12.678495093142459,46.12069233593726],[12.679656124400843,46.12071592238702],[12.679622055265833,46.12152705760534],[12.683105208768684,46.121597748243886],[12.683071189202165,46.12240888531673],[12.684232260277644,46.12243242595792],[12.684198256261123,46.12324356355825],[12.683037168174016,46.12322002225449],[12.682969121732501,46.124842295724775],[12.684130243845058,46.124865838353735],[12.684096235445358,46.1256769755489],[12.681773958641001,46.125629877180224]]]},"properties":{"lst_class":"molto_caldo","color":"#d73027"}},{"type":"Feature","geometry":{"type":"Polygon","coordinates":[[[12.635468530194988,46.121433573323905],[12.636698939693996,46.11983537634946],[12.637859918268092,46.119859386974696],[12.637790553895893,46.12148160906017],[12.635468530194988,46.121433573323905]]]},"properties":{"lst_class":"molto_caldo","color":"#d73027"}},{"type":"Feature","geometry":{"type":"Polygon","coordinates":[[[12.664494249424223,46.122030632440826],[12.664528541154626,46.121219506013944],[12.66104545748518,46.121148249769995],[12.661079798768691,46.120337125213226],[12.658757784313647,46.120289563473776],[12.657665559466212,46.118643519426925],[12.65998750296615,46.118691102053255],[12.659953147626057,46.119502226211786],[12.663436124862486,46.119573513792176],[12.663401819070325,46.12038463982167],[12.668045877190242,46.12047952764435],[12.667977397258907,46.12210178463859],[12.664494249424223,46.122030632440826]]]},"properties":{"lst_class":"molto_caldo","color":"#d73027"}},{"type":"Feature","geometry":{"type":"Polygon","coordinates":[[[12.669514829203333,46.11320305096921],[12.668422411655998,46.11155710450022],[12.670744075356456,46.11160446304948],[12.67077826293938,46.11079333152792],[12.671939079971922,46.110816992467505],[12.67183656382106,46.113250388624245],[12.669514829203333,46.11320305096921]]]},"properties":{"lst_class":"molto_caldo","color":"#d73027"}},{"type":"Feature","geometry":{"type":"Polygon","coordinates":[[[12.636803026094963,46.1174020442297],[12.636837718581045,46.11659093325143],[12.633354995783462,46.11651883880094],[12.633459217322835,46.11408551113787],[12.638137316166823,46.11337049319944],[12.639367460766076,46.11177226048714],[12.64404529564043,46.111056995081434],[12.644114451304464,46.10943476271891],[12.645275217692731,46.109458693894176],[12.645240657601427,46.11026981081684],[12.647527701207714,46.11112875731277],[12.647493172146413,46.111939875310185],[12.646332351820567,46.11191596567208],[12.64629780427558,46.1127270828609],[12.64513696841967,46.11270316077059],[12.64390696648698,46.11430145817774],[12.640424370158888,46.11422958184839],[12.640355094652408,46.11585180853616],[12.639194198151989,46.115827824850214],[12.639159541163133,46.11663893731541],[12.636803026094963,46.1174020442297]]]},"properties":{"lst_class":"molto_caldo","color":"#d73027"}},{"type":"Feature","geometry":{"type":"Polygon","coordinates":[[[12.660193604015499,46.11382435425733],[12.660262292560995,46.112202103908345],[12.657940621121323,46.11215453199451],[12.658043744873764,46.109721159471675],[12.655722181283853,46.109673544461046],[12.655756586911195,46.108862421355894],[12.656917350976283,46.10888623408013],[12.656951738128372,46.10807511016923],[12.659273236653167,46.10812269894439],[12.659238883496068,46.10893382419469],[12.660399651949326,46.10895760158492],[12.661629058713304,46.10735911388494],[12.662789796093593,46.10738286638192],[12.662755495402989,46.10819399377423],[12.666237767290637,46.10826518260367],[12.666272016989659,46.10745405320779],[12.663950534933562,46.107406607101424],[12.664019097902761,46.105784350574254],[12.667501221196463,46.105855498062425],[12.667432760204342,46.10747775859458],[12.669754251003368,46.10752513403517],[12.669685852120837,46.109147396692826],[12.66852507199755,46.10912371352827],[12.667295820574282,46.11072227803485],[12.664974199615202,46.11067485014455],[12.664905652973653,46.11229710638288],[12.663744810680628,46.11227337343348],[12.662515349308476,46.1138718817288],[12.660193604015499,46.11382435425733]]]},"properties":{"lst_class":"molto_caldo","color":"#d73027"}},{"type":"Feature","geometry":{"type":"Polygon","coordinates":[[[12.639506044065874,46.108527806552146],[12.639540686170445,46.107716692728886],[12.637219237584157,46.107668703524126],[12.637323256938492,46.10523536529121],[12.638483929510167,46.105259363755756],[12.638553234314498,46.103637136237154],[12.642035158916665,46.103709056926085],[12.642000558236628,46.10452017277749],[12.644287314474282,46.105379179437406],[12.64418360102755,46.10781252981348],[12.643022870104511,46.10778858820805],[12.642988278989028,46.1085997040548],[12.639506044065874,46.108527806552146]]]},"properties":{"lst_class":"molto_caldo","color":"#d73027"}},{"type":"Feature","geometry":{"type":"Polygon","coordinates":[[[12.640181879843835,46.11990737287924],[12.640216525782137,46.11909626028221],[12.636733636651519,46.11902426577872],[12.637963953652262,46.117426052827724],[12.640285813193701,46.11747403468079],[12.640320454667123,46.116662921676394],[12.646125044287619,46.116782666769566],[12.646090487836869,46.1175937831442],[12.647251427180793,46.11761769749329],[12.647285966626773,46.116806580445584],[12.649607815714369,46.1168543724547],[12.649814817205977,46.111987659249415],[12.64865399394179,46.1119637731693],[12.650021765351646,46.10712094116142],[12.648861044075478,46.107097059114565],[12.648999047855147,46.10385258036512],[12.65015970115387,46.10387645972356],[12.650125219425075,46.10468758028646],[12.65360723910247,46.10475914972138],[12.653469501318236,46.10800363867433],[12.654630245457044,46.10802747428353],[12.654423696395817,46.11289420767135],[12.656710997040935,46.11375297469975],[12.656642200575721,46.11537522048884],[12.6542859674428,46.11613869388549],[12.654320401899824,46.1153275725353],[12.65203307606979,46.114468757316224],[12.651964140621466,46.11609099746743],[12.650803229410991,46.11606713158721],[12.650734254030159,46.11768936985259],[12.64957331027816,46.117665490847514],[12.649538803359567,46.1184766091047],[12.64721688625097,46.118428814405306],[12.647182343837226,46.11923993118165],[12.644894975023004,46.11838097257942],[12.644825820685307,46.12000320330336],[12.640181879843835,46.11990737287924]]]},"properties":{"lst_class":"molto_caldo","color":"#d73027"}},{"type":"Feature","geometry":{"type":"Polygon","coordinates":[[[12.68368331784494,46.10780839733928],[12.683819282165981,46.10456383851243],[12.686174631060227,46.10379973750592],[12.686140677619779,46.10461087887421],[12.687301377514448,46.10463438138971],[12.687233500250299,46.10625666504424],[12.686072766363406,46.10623316120575],[12.686038808547323,46.10704430216899],[12.68368331784494,46.10780839733928]]]},"properties":{"lst_class":"caldo","color":"#fc8d59"}},{"type":"Feature","geometry":{"type":"Polygon","coordinates":[[[12.65821558826563,46.10566553589044],[12.65831867658689,46.10323216011585],[12.6594793246107,46.10325594459782],[12.65937628727112,46.105689322380705],[12.65821558826563,46.10566553589044]]]},"properties":{"lst_class":"molto_caldo","color":"#d73027"}},{"type":"Feature","geometry":{"type":"Polygon","coordinates":[[[12.669822644009997,46.105902870836346],[12.669925222503991,46.103469475023424],[12.673407214683746,46.1035404398641],[12.67449963341164,46.10518634059421],[12.675660335819424,46.10520996154214],[12.675626226497137,46.10602109667189],[12.669822644009997,46.105902870836346]]]},"properties":{"lst_class":"molto_caldo","color":"#d73027"}},{"type":"Feature","geometry":{"type":"Polygon","coordinates":[[[12.70006917151538,46.1048921317717],[12.700136669056016,46.10326983306865],[12.70249174947129,46.10250539017227],[12.702424322809417,46.10412769177411],[12.70006917151538,46.1048921317717]]]},"properties":{"lst_class":"caldo","color":"#fc8d59"}},{"type":"Feature","geometry":{"type":"Polygon","coordinates":[[[12.650228660168407,46.1022542181909],[12.6502976132594,46.100631976115764],[12.651458200059324,46.100655841011644],[12.651389280949926,46.10227808443013],[12.650228660168407,46.1022542181909]]]},"properties":{"lst_class":"molto_caldo","color":"#d73027"}},{"type":"Feature","geometry":{"type":"Polygon","coordinates":[[[12.653676099120649,46.103136904431494],[12.653744953223708,46.101514658599385],[12.65258434650137,46.10149081658146],[12.652618788325517,46.10067969413307],[12.653779378057264,46.10070353547998],[12.655008780506249,46.09910511706559],[12.657329899332238,46.09915273820598],[12.65729552842356,46.09996386360743],[12.658456107020127,46.0999876571863],[12.658353036408803,46.10242103458668],[12.65719240683953,46.10239723899875],[12.657158030025258,46.1032083638582],[12.653676099120649,46.103136904431494]]]},"properties":{"lst_class":"molto_caldo","color":"#d73027"}},{"type":"Feature","geometry":{"type":"Polygon","coordinates":[[[12.691435989937133,46.116895427575464],[12.691469880232205,46.116084284927084],[12.690308936553912,46.11606082027559],[12.690546246881715,46.11038282258119],[12.689385423669405,46.11035935077282],[12.690681820747525,46.1071382495012],[12.689521065532245,46.107114780335166],[12.689588877724274,46.10549249430654],[12.68842815794599,46.10546901468418],[12.688462078853332,46.10465787212824],[12.690817371320778,46.10389367426204],[12.69085125532521,46.1030825301149],[12.689690585089826,46.10305906425136],[12.689724484632656,46.10224792062973],[12.687403182477832,46.10220095489542],[12.687471045165765,46.1005786698909],[12.686310430238915,46.10055517068256],[12.687538902024302,46.09895638434638],[12.68986006824426,46.099003344793566],[12.68982617452516,46.09981448895504],[12.688665573702897,46.0997910139581],[12.689758382719434,46.10143677687312],[12.692113519304284,46.10067254897066],[12.692079656658226,46.1014836941827],[12.695561578372287,46.10155398182845],[12.695527765251603,46.10236512888386],[12.697815306992124,46.10322307798983],[12.69771395653167,46.10565652189423],[12.695392498244022,46.105609715756835],[12.695257207992984,46.10885430047194],[12.698739601560641,46.108924499914316],[12.698705826365757,46.10973564773176],[12.697545010071368,46.10971225903831],[12.69751121642468,46.11052340606262],[12.695155725048213,46.111287737592114],[12.695054229024123,46.11372117349843],[12.693893332035872,46.113697746170544],[12.69382562674316,46.11532003478158],[12.692664697186462,46.1152965943534],[12.692596952064166,46.1169188811053],[12.691435989937133,46.116895427575464]]]},"properties":{"lst_class":"caldo","color":"#fc8d59"}},{"type":"Feature","geometry":{"type":"Polygon","coordinates":[[[12.663029859678518,46.10170497084433],[12.663064148584548,46.100893842368755],[12.661903547154354,46.100870095219214],[12.662006456005711,46.098436710985084],[12.664327558386386,46.09848418950036],[12.66436182441363,46.09767305981523],[12.665522360803031,46.097696780744435],[12.666545961626605,46.10096501316816],[12.665385355821394,46.10094130134327],[12.665351100898024,46.10175243115457],[12.663029859678518,46.10170497084433]]]},"properties":{"lst_class":"molto_caldo","color":"#d73027"}},{"type":"Feature","geometry":{"type":"Polygon","coordinates":[[[12.643610691803653,46.09399959804539],[12.643679819085342,46.0923773613297],[12.644840227212857,46.092401290136046],[12.64477113389727,46.094023528198676],[12.643610691803653,46.09399959804539]]]},"properties":{"lst_class":"molto_caldo","color":"#d73027"}},{"type":"Feature","geometry":{"type":"Polygon","coordinates":[[[12.68764067638334,46.09652295501714],[12.687674598255658,46.09571181163743],[12.69002951500523,46.094947621961865],[12.690063399991061,46.09413647699068],[12.691223883334759,46.09415993559041],[12.691291614969835,46.09253764392271],[12.692452065783591,46.09256108942988],[12.692418217678421,46.09337223599107],[12.69357868691757,46.09339567038562],[12.693477184839308,46.09582911123847],[12.691156145881502,46.095782226718356],[12.69112227497286,46.09659337207994],[12.68764067638334,46.09652295501714]]]},"properties":{"lst_class":"caldo","color":"#fc8d59"}},{"type":"Feature","geometry":{"type":"Polygon","coordinates":[[[12.651630471934194,46.096600230092456],[12.651699370326348,46.09497798477562],[12.648217971064621,46.09490636887515],[12.648252468995086,46.094095248028886],[12.64596610787699,46.09323632694378],[12.646000636810191,46.09242520717147],[12.649481874413894,46.09249688765185],[12.649516350917661,46.09168576572652],[12.654157953659793,46.09178117221993],[12.654123545085893,46.092592296830425],[12.655283966415823,46.09261611969709],[12.65521517880218,46.09423836985241],[12.654054723504743,46.09421454564476],[12.654020310497335,46.0950256698486],[12.655180782779619,46.09504949472678],[12.655111986302616,46.09667174406891],[12.651630471934194,46.096600230092456]]]},"properties":{"lst_class":"molto_caldo","color":"#d73027"}},{"type":"Feature","geometry":{"type":"Polygon","coordinates":[[[12.708933759791016,46.087209996312424],[12.709000955867424,46.08558768249401],[12.710161275364419,46.085610945521346],[12.711254468134207,46.087256513215706],[12.708933759791016,46.087209996312424]]]},"properties":{"lst_class":"caldo","color":"#fc8d59"}},{"type":"Feature","geometry":{"type":"Polygon","coordinates":[[[12.712582549132515,46.08322395863992],[12.712616089747936,46.082412799161844],[12.714936602910786,46.082459237599565],[12.714903096249532,46.083270398384684],[12.712582549132515,46.08322395863992]]]},"properties":{"lst_class":"caldo","color":"#fc8d59"}},{"type":"Feature","geometry":{"type":"Polygon","coordinates":[[[12.662330896963644,46.173131324347246],[12.662502805691426,46.16907573351574],[12.66134077152684,46.16905195376122],[12.661409558775526,46.1674297178191],[12.660247560178805,46.16740592760115],[12.660316375613823,46.16578369245636],[12.659154412582453,46.16575989177626],[12.658061328729891,46.16411384628839],[12.656899402727941,46.16409002334684],[12.65703720857499,46.16084555838965],[12.658199066392374,46.16086937864921],[12.658267926343324,46.159247144016554],[12.65594428035118,46.15919949438059],[12.656082118829383,46.155955028853455],[12.654920366200688,46.155931189021814],[12.654954839157353,46.15512007297215],[12.652631372383913,46.1550723592604],[12.65266587793679,46.1542612444181],[12.651504163792529,46.154237370539036],[12.651469641200844,46.15504848470937],[12.649146183245628,46.15500070021715],[12.649111625091278,46.15581181290687],[12.646788138943588,46.15576397988178],[12.64668435332366,46.15819731309783],[12.642037194224688,46.15810149739498],[12.642071859083172,46.15729038915547],[12.638586556379039,46.15721840552803],[12.638482403958463,46.159651723760746],[12.633835149888576,46.15955557231043],[12.6327429469293,46.15790929970032],[12.630419399910604,46.157861132301605],[12.630454235175774,46.15705003082731],[12.626968976895588,46.15697769328525],[12.627038745168704,46.15535549400061],[12.630523901214533,46.15542782747079],[12.630489068943723,46.15623892921704],[12.635136032588433,46.15633521140471],[12.635170796703363,46.155524106948555],[12.637494253332342,46.155572175908524],[12.637528981876182,46.15476106996355],[12.639887103318655,46.15399798295316],[12.63999117329895,46.15156465984103],[12.643476122633423,46.15163659390238],[12.643545392957193,46.150014373766034],[12.642383775773036,46.149990408889714],[12.642418425735977,46.1491792992924],[12.641256827060921,46.14915532329649],[12.640164593450837,46.14750911860446],[12.637841471613473,46.14746111034506],[12.63777203989483,46.1490833245446],[12.636610447128238,46.149059301372716],[12.636575711997494,46.14987040759255],[12.634217726143612,46.1506334292444],[12.633125677704895,46.148987161093814],[12.631964090858338,46.14896309074656],[12.633264807677998,46.14574274297703],[12.630941771716483,46.14569459590958],[12.630976584531748,46.14488349239567],[12.628653588557613,46.14483529951515],[12.628688433933874,46.14402419722167],[12.627526955200228,46.14400008377211],[12.627666389838303,46.14075567595265],[12.626504980694838,46.1407315534274],[12.625413349464882,46.13908521710237],[12.621929237547873,46.13901274749437],[12.621894299011954,46.139823846527484],[12.62073291432321,46.13979966573205],[12.620662998697881,46.14142186202873],[12.621824417435887,46.14144604418535],[12.62178947439558,46.1422571428101],[12.619431625761774,46.14301986247193],[12.619361664062682,46.144642056317466],[12.620523149419315,46.14466625298839],[12.621544831063508,46.14793482937186],[12.619221722623983,46.14788644237458],[12.619256710238924,46.14707534606455],[12.618095175284019,46.14705113555784],[12.618060170638405,46.14786223118644],[12.612252433081288,46.14774099835244],[12.612217341775455,46.14855209043268],[12.611055781712322,46.148527807804065],[12.611090890049084,46.14771671640726],[12.608767808469683,46.1476681171388],[12.60883808873589,46.14604593667183],[12.607676584249331,46.14602162071743],[12.607852343625519,46.141966170585604],[12.605529509412653,46.141917510149256],[12.605564690805888,46.14110642108332],[12.60672609013908,46.141130756511686],[12.606796414343153,46.13950857660082],[12.605635049057154,46.13948424254225],[12.60559987068736,46.14029533188099],[12.59979298162056,46.14017348132162],[12.599757716620474,46.14098456709446],[12.598596326284563,46.14096016092755],[12.598525757688925,46.142582330689876],[12.595041493550044,46.14250903732607],[12.594970816733941,46.14413120241655],[12.596132270661721,46.14415564670396],[12.596096947002623,46.14496672973232],[12.593774006597931,46.14491782799039],[12.593809364310731,46.144106746338316],[12.59264791339281,46.14408227846931],[12.592612538653277,46.144893359432714],[12.589128143858774,46.14481988301342],[12.588037566111115,46.14317321074399],[12.590395829096606,46.14241114777887],[12.591628015838028,46.140813476345436],[12.59863160830813,46.1401490758416],[12.59866688881564,46.13933799061914],[12.599828245105318,46.13936239541228],[12.599863507074826,46.13855130936645],[12.602221416524264,46.137788994657996],[12.60225664142215,46.136977906966536],[12.604579262373917,46.13702662991545],[12.604614451718028,46.136215540716265],[12.605775747421134,46.13623988382336],[12.605810918233734,46.13542879380264],[12.608168615355375,46.13466635175764],[12.609400113471832,46.133068473302956],[12.610561347084731,46.13309276652328],[12.611792740052786,46.13149485984762],[12.614115146678996,46.131543384623086],[12.614150189317495,46.130732288998324],[12.615311377852782,46.130756533024496],[12.615346401970639,46.12994543658117],[12.617703738067156,46.12918278996901],[12.617738725148104,46.12837169188963],[12.620061010561134,46.12842009335363],[12.62009596211265,46.12760899377586],[12.622453135475057,46.12684624566406],[12.621431740217242,46.123577672815905],[12.62259278457388,46.123601840003914],[12.623823611949454,46.122003790402495],[12.62498462525964,46.12202793266523],[12.624949752250975,46.12283903591591],[12.628432852109878,46.12291139404519],[12.628502494580017,46.121289183334916],[12.629663496814992,46.12131327778912],[12.63089406899017,46.119715146494926],[12.633250760811517,46.11895216524078],[12.633181263366621,46.120574382187776],[12.630824500531272,46.12133736046096],[12.630754926094603,46.122959573883165],[12.631915965308439,46.12298364612758],[12.633007493627147,46.12462992217669],[12.634168569820497,46.12465397220857],[12.634099085495265,46.1262761886065],[12.630615759285412,46.12620399909605],[12.630580963846011,46.127015105059364],[12.631742088115033,46.12703918069155],[12.631602959463917,46.13028360589573],[12.632764153270942,46.1303076724524],[12.632729384388114,46.13111877909093],[12.63037215981183,46.13188173798395],[12.630198115325113,46.13593726168194],[12.631359426779731,46.13596134476895],[12.631324630416328,46.13677244977846],[12.634808624729185,46.13684463034046],[12.634843370028365,46.13603352329946],[12.637200716022019,46.13527047484772],[12.637235424295076,46.13445936618231],[12.639557998352243,46.134507376403135],[12.639315247433165,46.140185143667715],[12.640476655834467,46.14020913582252],[12.640441988196168,46.141020245563745],[12.642764843477007,46.1410681958518],[12.642660933785715,46.143501528309564],[12.643822414719951,46.14352548779041],[12.643683915743768,46.14676993186425],[12.64484546627147,46.14679388224953],[12.644707011616012,46.150038326847884],[12.649353500983429,46.15013402122989],[12.649422595016668,46.148511793815516],[12.650584186970137,46.148535686579464],[12.650653240999866,46.146913457277535],[12.64949168311128,46.14688956585853],[12.649560765267902,46.145267337358916],[12.650722289094526,46.14529122743307],[12.6507568109164,46.14448011230739],[12.64959530411966,46.144456222905625],[12.649664377370478,46.142833993592106],[12.648502906101657,46.1428100937434],[12.648606555927966,46.14037675077368],[12.649767976116127,46.14040064860445],[12.649871561506988,46.13796730239597],[12.648710192392915,46.137943406582984],[12.648779275947623,46.13632117644419],[12.649940611015952,46.13634507091209],[12.649975133545187,46.13553395496669],[12.648813815498636,46.135510061171296],[12.648882890148379,46.13388783021855],[12.644237768836867,46.133792142537295],[12.644203164173529,46.134603255388285],[12.64071928759528,46.13453136383154],[12.640823250296794,46.132098030941286],[12.645468217785208,46.1321938546827],[12.645502800970322,46.13138274075076],[12.646664029506868,46.13140666654477],[12.646733157385832,46.12978443692698],[12.645571962882887,46.12976051247973],[12.645606541610496,46.12894939814064],[12.647928898056149,46.12899723390252],[12.64799798299581,46.12737500212459],[12.64567569460876,46.12732716905533],[12.645710268879572,46.12651605430912],[12.648032523239507,46.12656388603212],[12.649262694635537,46.12496555027906],[12.65042379146537,46.124989435333575],[12.650320277264045,46.127422788052634],[12.651481426601798,46.1274466633386],[12.651412443751218,46.12906889915049],[12.653734814890559,46.12911661705212],[12.653665894177864,46.13073885500769],[12.651343454972517,46.130691134419905],[12.650113208829007,46.13228948982871],[12.646629463339647,46.13221778115011],[12.64659489568716,46.13302889561978],[12.651239960687858,46.13312448630694],[12.65233226104998,46.13477058976634],[12.654654873381363,46.13481829349326],[12.652194304144011,46.13801505865285],[12.655678429110909,46.13808660461484],[12.655712869489806,46.137275485582926],[12.658069997605683,46.13651200209257],[12.658207602234718,46.13326751870472],[12.657046324978511,46.13324370944145],[12.657080739459861,46.132432588925845],[12.659403261397722,46.13248019432451],[12.659368880955263,46.13329131618001],[12.660530161139423,46.13331510186729],[12.660564524562322,46.13250397934233],[12.662887055279242,46.13255151401481],[12.662852725895702,46.13336263787768],[12.664014010466373,46.1333863882007],[12.663911064528428,46.13581976098226],[12.666199455963294,46.136678355597574],[12.66606230436537,46.139922855547034],[12.664900880688094,46.139899123457305],[12.664866572078374,46.14071024743827],[12.666028012782167,46.140733980195975],[12.665925129190368,46.143167353330554],[12.664763637402634,46.14314361856881],[12.664729322894939,46.143954742008205],[12.662371959601861,46.144718357737986],[12.662337608083138,46.1455294795694],[12.661176069590573,46.14550570742405],[12.661038580621849,46.148750190718836],[12.663327453463195,46.14960885039123],[12.663190071236095,46.15285333632927],[12.670160261513695,46.152995686840846],[12.670228751132798,46.151373436129596],[12.66906708317819,46.151349741868835],[12.669135600982232,46.14972749195012],[12.670297234864922,46.1497511848771],[12.670331474523563,46.14894005904791],[12.668042514541812,46.1480815381025],[12.668111054633853,46.14645928843547],[12.665787930433263,46.146411848948034],[12.665856532759891,46.14478960141005],[12.668179588834953,46.14483703822709],[12.66814532247073,46.145648163398945],[12.669306869728137,46.14567186478515],[12.670399949426395,46.14731780698357],[12.671561533664393,46.14734148611601],[12.672791520247104,46.145742898183656],[12.673953073333267,46.14576655239631],[12.674055612549902,46.14333316647852],[12.675217115999068,46.14335680690146],[12.675285434074913,46.141734547615975],[12.676446904920418,46.141758174916305],[12.6765493199436,46.13932478297898],[12.677710741160766,46.139348396493446],[12.677847205889547,46.136103869359204],[12.67552450110614,46.13605663585745],[12.675592792765007,46.13443437413808],[12.679076749983594,46.13450520271913],[12.679144933647192,46.132882936471944],[12.681467510966002,46.13293009392642],[12.681569673358574,46.130496689560324],[12.682730913134316,46.130520248615596],[12.682867041106038,46.127275704917075],[12.68402821426223,46.127299249534],[12.684096235445358,46.1256769755489],[12.686418518040364,46.12572402677554],[12.686520436776913,46.12329061081218],[12.687681529204147,46.12331411676229],[12.687749433707776,46.12169183745512],[12.688910493557131,46.1217153302981],[12.688944426610469,46.120904189780795],[12.69130041419621,46.120139996819624],[12.691402098186076,46.11770657008893],[12.68908014424628,46.117659626361764],[12.689046217023803,46.118470767418984],[12.687885225211987,46.11844727722074],[12.687817332376849,46.12006955760792],[12.686656307992678,46.12004605430404],[12.686724234844975,46.11842377523985],[12.684402258448245,46.118376735930305],[12.684334263562096,46.11999901234652],[12.683173243517128,46.11997547369297],[12.683139226873644,46.12078661103597],[12.681978191267158,46.12076305993641],[12.682012224920005,46.11995192325625],[12.679690192072188,46.11990478703357],[12.679724258279945,46.119093651544986],[12.676241270910099,46.11902286083075],[12.676309500978562,46.11740059343294],[12.677470461303061,46.11742420079141],[12.677572744398397,46.114990796687536],[12.679894567367652,46.11503797207506],[12.681123560412177,46.11343926803664],[12.678801802557917,46.11339211886531],[12.678767729589788,46.11420325463614],[12.675285052676644,46.11413244053358],[12.675387420211793,46.11169903879468],[12.678869944103175,46.11176984691825],[12.678835874062354,46.11258098295935],[12.679996735262215,46.11260456277154],[12.680030788301192,46.111793426066775],[12.68119163394845,46.11181699343559],[12.681259701636401,46.11019471829411],[12.676616463751403,46.11010038345099],[12.676650563400928,46.10928924833264],[12.675489774555432,46.10926563583899],[12.67555800345695,46.107643366525835],[12.676718758305782,46.10766697769037],[12.676752853561261,46.106855842166475],[12.679108393414248,46.1060918908465],[12.679142451748953,46.105280753724266],[12.68030315995845,46.10530432756429],[12.680337199834955,46.104493189643435],[12.681497892497712,46.10451675104323],[12.681599952373167,46.10208333448065],[12.678118031675728,46.102012620922025],[12.678083962199189,46.102823757921044],[12.675728550068781,46.103587690877035],[12.675864960988795,46.10034314792452],[12.677025562888682,46.100366753109014],[12.677093725579946,46.098744479492915],[12.671290900499868,46.09862634247158],[12.671325064595216,46.09781520878567],[12.670164520926493,46.09779154672485],[12.670198700542644,46.09698041356963],[12.673680284944618,46.09705136243381],[12.673748537850518,46.09542909172398],[12.67258804223774,46.095405455206595],[12.672553899530826,46.096216589963866],[12.670232878690838,46.09616928027913],[12.670267055371149,46.095358146853336],[12.669106564118776,46.09533447501755],[12.669209136308579,46.092901075927145],[12.670369576605573,46.09292474576432],[12.670403747415138,46.09211361179742],[12.672724598402702,46.092160914825094],[12.672792867688656,46.09053864382292],[12.673953261395834,46.09056227634921],[12.673987376858234,46.089751139980145],[12.676308134662886,46.08979836839079],[12.676274053164157,46.09060950608908],[12.67975525169075,46.09068026241655],[12.679687186200844,46.09230254139053],[12.680847622573134,46.09232610461723],[12.680813604620083,46.09313724456473],[12.683134515675077,46.09318433702811],[12.68316849965917,46.09237319575523],[12.684328940371469,46.09239672366646],[12.684532711737234,46.0875298692201],[12.683372372917228,46.08750634528163],[12.683440318996926,46.08588406070997],[12.682280015580533,46.08586052632641],[12.682381974690518,46.083427100442975],[12.684702481104946,46.083474153467904],[12.684634577732119,46.0850964401739],[12.689275743704998,46.085190410293656],[12.68804764271382,46.0867892255513],[12.685726991812246,46.08674223784656],[12.685693052002007,46.087553381388645],[12.686853393710825,46.08757688178724],[12.686683757703804,46.09163260077972],[12.687844185765528,46.09165609271397],[12.687810271176858,46.092467236768634],[12.688970717665745,46.09249071759206],[12.68900461527024,46.09167957287654],[12.693646347704552,46.09177337580924],[12.693680175918718,46.09096222831873],[12.694840595643726,46.09098564896314],[12.694908213748311,46.089363352259134],[12.698389379654605,46.089433539611846],[12.698355622275887,46.09024469000671],[12.699516030767503,46.090268062906766],[12.699448545628156,46.091890364607785],[12.700608989523095,46.09191372705146],[12.700507801901749,46.09434718056474],[12.701668298188983,46.09437053320803],[12.701567148492922,46.096803987480165],[12.699246055426393,46.096757266475755],[12.697950420625373,46.09997848422973],[12.699111032965943,46.1000018650251],[12.70020416079837,46.101647533826444],[12.701364809996626,46.10167089238589],[12.701398536700612,46.10085974190518],[12.702559170341019,46.1008830880314],[12.702626585419216,46.09926078535157],[12.703787186509901,46.09928411838852],[12.703820874886373,46.09847296618977],[12.706175700334333,46.0977084419798],[12.706209351837728,46.09689728819925],[12.707369906255504,46.09692058394343],[12.707437170949085,46.09529827466702],[12.708597692820545,46.09532155732626],[12.70863130601299,46.094510401830775],[12.704022974762506,46.093606050168106],[12.704056653012131,46.0927948970263],[12.706377587676549,46.09284151727631],[12.70647851184008,46.09040805310637],[12.70763893036593,46.09043134360583],[12.707706171952292,46.08880903217482],[12.708866557942864,46.08883230959229],[12.708900159588447,46.08802115301969],[12.704258692138488,46.08792797534644],[12.704359692180667,46.08549451268789],[12.709000955867424,46.08558768249401],[12.709101739161365,46.08315421075662],[12.714903096249532,46.083270398384684],[12.714936602910786,46.082459237599565],[12.720737910751424,46.08257512774306],[12.720771331090726,46.08176396356175],[12.72541233505372,46.08185646123554],[12.725378982622273,46.08266762802026],[12.724218712524248,46.08264452060425],[12.7240852205592,46.0858891837979],[12.722924883965625,46.0858660620101],[12.721630898041044,46.08908758428778],[12.71927664586602,46.08985243896788],[12.719176286519481,46.09228592511955],[12.718015819750168,46.09226275103394],[12.717948872361998,46.09388507315818],[12.716788373044032,46.09386188599472],[12.715426794606946,46.09870564236884],[12.714266196204683,46.098682427738865],[12.714199123856051,46.10030474379274],[12.713038492896713,46.10028151608008],[12.712971380798987,46.10190383028819],[12.711810717280681,46.101880589491515],[12.711709987337631,46.10431405783187],[12.710549274262576,46.10429080329529],[12.710482079761539,46.10591311354014],[12.709321334122363,46.10588984591643],[12.7092540998516,46.107512154313],[12.708093321646416,46.10748887360079],[12.708026047599636,46.10911118014826],[12.706865236826554,46.10908788634622],[12.706797922997469,46.11071019104375],[12.70444254465737,46.111474716311726],[12.704375154139873,46.1130970175764],[12.703214262655957,46.11307368515334],[12.703146832339039,46.11469598456566],[12.701985908281053,46.11467263904766],[12.701884700923115,46.11710608518423],[12.700723727282226,46.117082725912475],[12.700689971589822,46.117893873697675],[12.69833420344454,46.11865826482548],[12.698266616770734,46.120280557089835],[12.697105579407962,46.120257159837],[12.697004137474371,46.12269059524664],[12.695843050517729,46.12266718423353],[12.695741544468586,46.125100616452634],[12.69458040791269,46.1250771916771],[12.693283774919713,46.12829832424386],[12.692122573184598,46.12827487325728],[12.692020883438072,46.1307082967063],[12.690859632091783,46.13068483195172],[12.689562639304027,46.133905912833804],[12.688401322764422,46.13388242185925],[12.68833340852685,46.1355046984392],[12.687172059387759,46.1354811943526],[12.685874729511228,46.13870222472226],[12.684713315167494,46.13867869440751],[12.684645281256389,46.14030096539555],[12.6834838343075,46.140277421964676],[12.6834157604926,46.14189969108711],[12.68225428093667,46.14187613453874],[12.682186167211666,46.143498401794744],[12.681024655046803,46.143474832127524],[12.680922422387894,46.14590823000795],[12.679760860580304,46.14588464655673],[12.679692664085373,46.14750690980709],[12.678531069663691,46.14748331323391],[12.678462833237946,46.14910557461532],[12.677301206200285,46.14908196491883],[12.677232929837412,46.15070422443047],[12.676071270181884,46.15068060160929],[12.6759687935202,46.15311398786799],[12.674807084206742,46.153090351255486],[12.674738725012636,46.154712606754615],[12.67357698307615,46.154688957014336],[12.673508583924196,46.15631121064115],[12.672346809362793,46.15628754777171],[12.672278370246673,46.15790979952543],[12.671116563058463,46.157886123525465],[12.669817725091546,46.16110693227836],[12.668655852644058,46.16108323001328],[12.668381581089642,46.167572211282554],[12.667219573715462,46.16754849187744],[12.667116646405987,46.1699818556172],[12.665954589336156,46.16995812240589],[12.66588592964675,46.17158036288616],[12.664723839930975,46.171556616534914],[12.664689490817363,46.17236773590357],[12.662330896963644,46.173131324347246]],[[12.665273224980217,46.15857868822139],[12.666435041913894,46.15860242388089],[12.66646934889278,46.15779130154232],[12.665307549001772,46.15776756655088],[12.665273224980217,46.15857868822139]],[[12.657691462895798,46.145434320229846],[12.660014532561343,46.14548192348566],[12.660048918141321,46.14467080299274],[12.662371959601861,46.144718357737986],[12.662406309644355,46.14390723577114],[12.657760300698488,46.143812081788134],[12.657691462895798,46.145434320229846]],[[12.611547161159612,46.137172515845016],[12.616192456900903,46.13726953736394],[12.616227476039093,46.13645844132829],[12.611582248381124,46.13636142253997],[12.611547161159612,46.137172515845016]],[[12.691435989937133,46.116895427575464],[12.692596952064166,46.1169188811053],[12.692664697186462,46.1152965943534],[12.69382562674316,46.11532003478158],[12.693893332035872,46.113697746170544],[12.695054229024123,46.11372117349843],[12.695155725048213,46.111287737592114],[12.696316572467712,46.11131115116208],[12.696350384567662,46.110500004931225],[12.698705826365757,46.10973564773176],[12.698739601560641,46.108924499914316],[12.695257207992984,46.10885430047194],[12.695392498244022,46.105609715756835],[12.69771395653167,46.10565652189423],[12.697815306992124,46.10322307798983],[12.696654628116173,46.103199682785416],[12.695561578372287,46.10155398182845],[12.692079656658226,46.1014836941827],[12.692113519304284,46.10067254897066],[12.689758382719434,46.10143677687312],[12.689792279350243,46.10062563298156],[12.68863166153645,46.100602157323905],[12.68986006824426,46.099003344793566],[12.687538902024302,46.09895638434638],[12.68750497432367,46.09976752718613],[12.6863443763882,46.09974402863916],[12.686310430238915,46.10055517068256],[12.687471045165765,46.1005786698909],[12.687403182477832,46.10220095489542],[12.689724484632656,46.10224792062973],[12.689690585089826,46.10305906425136],[12.69085125532521,46.1030825301149],[12.690817371320778,46.10389367426204],[12.688462078853332,46.10465787212824],[12.68842815794599,46.10546901468418],[12.689588877724274,46.10549249430654],[12.689521065532245,46.107114780335166],[12.690681820747525,46.1071382495012],[12.689385423669405,46.11035935077282],[12.690546246881715,46.11038282258119],[12.690308936553912,46.11606082027559],[12.691469880232205,46.116084284927084],[12.691435989937133,46.116895427575464]],[[12.68368331784494,46.10780839733928],[12.68484408283576,46.107831926057344],[12.684878059108394,46.10702078589102],[12.687233500250299,46.10625666504424],[12.687301377514448,46.10463438138971],[12.686140677619779,46.10461087887421],[12.686174631060227,46.10379973750592],[12.683819282165981,46.10456383851243],[12.68368331784494,46.10780839733928]],[[12.70006917151538,46.1048921317717],[12.702424322809417,46.10412769177411],[12.70249174947129,46.10250539017227],[12.700136669056016,46.10326983306865],[12.70006917151538,46.1048921317717]],[[12.68764067638334,46.09652295501714],[12.69112227497286,46.09659337207994],[12.691156145881502,46.095782226718356],[12.693477184839308,46.09582911123847],[12.69357868691757,46.09339567038562],[12.692418217678421,46.09337223599107],[12.692452065783591,46.09256108942988],[12.691291614969835,46.09253764392271],[12.691223883334759,46.09415993559041],[12.690063399991061,46.09413647699068],[12.69002951500523,46.094947621961865],[12.687674598255658,46.09571181163743],[12.68764067638334,46.09652295501714]],[[12.708933759791016,46.087209996312424],[12.711254468134207,46.087256513215706],[12.710161275364419,46.085610945521346],[12.709000955867424,46.08558768249401],[12.708933759791016,46.087209996312424]],[[12.711288032932853,46.08644535506462],[12.712448372266365,46.08646859520651],[12.712481918643725,46.08565743626672],[12.711321596290093,46.085634196778926],[12.711288032932853,46.08644535506462]]]},"properties":{"lst_class":"molto_caldo","color":"#d73027"}},{"type":"Feature","geometry":{"type":"Polygon","coordinates":[[[12.691630185894116,46.08442617748871],[12.691731728822335,46.08199273492754],[12.690571500189003,46.081969286229246],[12.69063922215644,46.080346991833736],[12.692959612964826,46.080393874823415],[12.69279046689656,46.08444961639811],[12.691630185894116,46.08442617748871]]]},"properties":{"lst_class":"molto_caldo","color":"#d73027"}},{"type":"Feature","geometry":{"type":"Polygon","coordinates":[[[12.665796300165725,46.091207733049536],[12.665830535968784,46.09039660147858],[12.663544038669102,46.08953802949395],[12.66357830549257,46.08872689898745],[12.661257613652483,46.08867941296475],[12.660165901028225,46.08703339488972],[12.657845285862056,46.08698584092509],[12.657810937088174,46.087796968358894],[12.65316965638439,46.08770171652085],[12.652078205719473,46.0860556258385],[12.65671934474721,46.08615091938958],[12.656753707548118,46.08533979235445],[12.661394802059196,46.08543489493035],[12.661360507166743,46.08624602464209],[12.66368109713402,46.08629350665559],[12.663818132057989,46.08304898165107],[12.662657904250336,46.083025249200595],[12.662692176278115,46.08221411827892],[12.666172813148753,46.082285278324825],[12.666138592044634,46.08309641124925],[12.670779529483108,46.08319112923356],[12.670881984697987,46.080757722057356],[12.66972179907966,46.080734062210624],[12.669755964857812,46.07992292688055],[12.673236475151954,46.079993869123655],[12.673202360292311,46.08080500645036],[12.67548865931499,46.08166338229676],[12.675420490170064,46.08328565893308],[12.674260247821303,46.08326204416004],[12.674157932195675,46.08569545610666],[12.6729976403679,46.08567182757077],[12.672963515252011,46.086482963950864],[12.670642901996711,46.08643567024147],[12.670608741457945,46.08724680515528],[12.672895260623685,46.08810523630538],[12.672827000132774,46.08972750811897],[12.669345878672523,46.089656541912454],[12.669277510426832,46.091278809190385],[12.665796300165725,46.091207733049536]]]},"properties":{"lst_class":"molto_caldo","color":"#d73027"}},{"type":"Feature","geometry":{"type":"Polygon","coordinates":[[[12.67559090205582,46.07922996632839],[12.675659056566236,46.07760768834022],[12.676819181553132,46.07763128669576],[12.67791122136396,46.07927715392982],[12.67559090205582,46.07922996632839]]]},"properties":{"lst_class":"molto_caldo","color":"#d73027"}},{"type":"Feature","geometry":{"type":"Polygon","coordinates":[[[12.701148436717009,46.07893528782889],[12.701182139861654,46.078124134231984],[12.700021984599392,46.07810078296366],[12.700089420490178,46.076478476679945],[12.702375981283216,46.07733631934529],[12.70230861038568,46.07895862798763],[12.701148436717009,46.07893528782889]]]},"properties":{"lst_class":"caldo","color":"#fc8d59"}},{"type":"Feature","geometry":{"type":"Polygon","coordinates":[[[12.690706938308043,46.07872469689851],[12.6907407942031,46.077913549228505],[12.688454399375622,46.07705547664835],[12.688522171777532,46.07543318327492],[12.69084235316622,46.075480105408865],[12.69080850163211,46.07629125348366],[12.691968611456616,46.07631469756275],[12.691867099046254,46.078748142957146],[12.690706938308043,46.07872469689851]]]},"properties":{"lst_class":"molto_caldo","color":"#d73027"}},{"type":"Feature","geometry":{"type":"Polygon","coordinates":[[[12.69729653395334,46.087787855720634],[12.697364072523577,46.08616555530339],[12.696203751810744,46.08614216215288],[12.696338879461422,46.08289756233388],[12.698693130835125,46.08213317999158],[12.698760615156246,46.0805108763709],[12.696440209968346,46.080464111053814],[12.696473983903239,46.07965296035746],[12.695313800437958,46.0796295607065],[12.69538137790235,46.07800726022637],[12.696541527422369,46.078030658560216],[12.69657529700676,46.07721950745934],[12.695415164458282,46.07719610978402],[12.695482733218,46.07557380849475],[12.698963033349246,46.07564396227371],[12.69892930060521,46.076455114960226],[12.700089420490178,46.076478476679945],[12.700021984599392,46.07810078296366],[12.701182139861654,46.078124134231984],[12.701148436717009,46.07893528782889],[12.70230861038568,46.07895862798763],[12.702241233702017,46.080580936090996],[12.703401442751437,46.08060426579607],[12.703367769214521,46.08141542030228],[12.702207543190195,46.08139208994058],[12.70217385123161,46.08220324365541],[12.703334094231574,46.08222657467373],[12.703199379837885,46.08547119081234],[12.702039068928107,46.08544785716728],[12.700811325658606,46.08704681638604],[12.699650983658032,46.08702345788723],[12.699617247608726,46.0878346093443],[12.69729653395334,46.087787855720634]]]},"properties":{"lst_class":"molto_caldo","color":"#d73027"}},{"type":"Feature","geometry":{"type":"Polygon","coordinates":[[[12.687395984232326,46.07459855833194],[12.687429883764043,46.073787411968574],[12.689749994396548,46.07383435499027],[12.6897161288011,46.07464550267483],[12.687395984232326,46.07459855833194]]]},"properties":{"lst_class":"molto_caldo","color":"#d73027"}},{"type":"Feature","geometry":{"type":"Polygon","coordinates":[[[12.663190071236095,46.15285333632927],[12.663327453463195,46.14960885039123],[12.661038580621849,46.148750190718836],[12.661176069590573,46.14550570742405],[12.662337608083138,46.1455294795694],[12.662371959601861,46.144718357737986],[12.664729322894939,46.143954742008205],[12.664763637402634,46.14314361856881],[12.665925129190368,46.143167353330554],[12.666028012782167,46.140733980195975],[12.664866572078374,46.14071024743827],[12.664900880688094,46.139899123457305],[12.66606230436537,46.139922855547034],[12.666199455963294,46.136678355597574],[12.663911064528428,46.13581976098226],[12.664014010466373,46.1333863882007],[12.662852725895702,46.13336263787768],[12.662887055279242,46.13255151401481],[12.660564524562322,46.13250397934233],[12.660530161139423,46.13331510186729],[12.659368880955263,46.13329131618001],[12.659403261397722,46.13248019432451],[12.657080739459861,46.132432588925845],[12.657046324978511,46.13324370944145],[12.658207602234718,46.13326751870472],[12.658069997605683,46.13651200209257],[12.655712869489806,46.137275485582926],[12.655678429110909,46.13808660461484],[12.652194304144011,46.13801505865285],[12.654654873381363,46.13481829349326],[12.65233226104998,46.13477058976634],[12.651239960687858,46.13312448630694],[12.64659489568716,46.13302889561978],[12.646629463339647,46.13221778115011],[12.650113208829007,46.13228948982871],[12.651343454972517,46.130691134419905],[12.653665894177864,46.13073885500769],[12.653734814890559,46.12911661705212],[12.651412443751218,46.12906889915049],[12.651481426601798,46.1274466633386],[12.650320277264045,46.127422788052634],[12.65042379146537,46.124989435333575],[12.649262694635537,46.12496555027906],[12.648032523239507,46.12656388603212],[12.645710268879572,46.12651605430912],[12.64567569460876,46.12732716905533],[12.64799798299581,46.12737500212459],[12.647928898056149,46.12899723390252],[12.645606541610496,46.12894939814064],[12.645571962882887,46.12976051247973],[12.646733157385832,46.12978443692698],[12.646664029506868,46.13140666654477],[12.645502800970322,46.13138274075076],[12.645468217785208,46.1321938546827],[12.640823250296794,46.132098030941286],[12.64071928759528,46.13453136383154],[12.644203164173529,46.134603255388285],[12.644237768836867,46.133792142537295],[12.648882890148379,46.13388783021855],[12.648813815498636,46.135510061171296],[12.649975133545187,46.13553395496669],[12.649940611015952,46.13634507091209],[12.648779275947623,46.13632117644419],[12.648710192392915,46.137943406582984],[12.649871561506988,46.13796730239597],[12.648502906101657,46.1428100937434],[12.649664377370478,46.142833993592106],[12.64959530411966,46.144456222905625],[12.6507568109164,46.14448011230739],[12.650722289094526,46.14529122743307],[12.649560765267902,46.145267337358916],[12.64949168311128,46.14688956585853],[12.650653240999866,46.146913457277535],[12.649353500983429,46.15013402122989],[12.644707011616012,46.150038326847884],[12.64484546627147,46.14679388224953],[12.643683915743768,46.14676993186425],[12.643822414719951,46.14352548779041],[12.642660933785715,46.143501528309564],[12.642764843477007,46.1410681958518],[12.640441988196168,46.141020245563745],[12.640476655834467,46.14020913582252],[12.639315247433165,46.140185143667715],[12.639557998352243,46.134507376403135],[12.637235424295076,46.13445936618231],[12.637200716022019,46.13527047484772],[12.634843370028365,46.13603352329946],[12.634808624729185,46.13684463034046],[12.631324630416328,46.13677244977846],[12.631359426779731,46.13596134476895],[12.630198115325113,46.13593726168194],[12.63037215981183,46.13188173798395],[12.632729384388114,46.13111877909093],[12.632764153270942,46.1303076724524],[12.631602959463917,46.13028360589573],[12.631742088115033,46.12703918069155],[12.630580963846011,46.127015105059364],[12.630615759285412,46.12620399909605],[12.634099085495265,46.1262761886065],[12.634168569820497,46.12465397220857],[12.633007493627147,46.12462992217669],[12.63304225056133,46.123818814450736],[12.630754926094603,46.122959573883165],[12.630824500531272,46.12133736046096],[12.633181263366621,46.120574382187776],[12.633250760811517,46.11895216524078],[12.632089805155022,46.1189281081651],[12.632194091140637,46.1164947837564],[12.636837718581045,46.11659093325143],[12.636803026094963,46.1174020442297],[12.637963953652262,46.117426052827724],[12.639194198151989,46.115827824850214],[12.640355094652408,46.11585180853616],[12.640424370158888,46.11422958184839],[12.64390696648698,46.11430145817774],[12.643941551003712,46.11349034260727],[12.64629780427558,46.1127270828609],[12.646332351820567,46.11191596567208],[12.647493172146413,46.111939875310185],[12.647527701207714,46.11112875731277],[12.645240657601427,46.11026981081684],[12.645275217692731,46.109458693894176],[12.644114451304464,46.10943476271891],[12.64404529564043,46.111056995081434],[12.641723699285796,46.11100909470117],[12.641689085226936,46.111820209330695],[12.639367460766076,46.11177226048714],[12.638137316166823,46.11337049319944],[12.635815632555255,46.113322470980734],[12.635850334590941,46.11251135999912],[12.637011158658213,46.11253537632217],[12.63708052425905,46.110913152599544],[12.638241315803617,46.110937155792485],[12.638345302039067,46.108503817163125],[12.637184561487251,46.10847981599676],[12.637219237584157,46.107668703524126],[12.639540686170445,46.107716692728886],[12.639506044065874,46.108527806552146],[12.642988278989028,46.1085997040548],[12.643022870104511,46.10778858820805],[12.64418360102755,46.10781252981348],[12.644287314474282,46.105379179437406],[12.642000558236628,46.10452017277749],[12.642035158916665,46.103709056926085],[12.638553234314498,46.103637136237154],[12.638691826063896,46.10039267957017],[12.639852398161414,46.100416662208524],[12.639921651130628,46.098794431710225],[12.641082190724354,46.09881840122527],[12.641220610872129,46.09557393590098],[12.642381083992332,46.095597890945655],[12.642415668329166,46.09478677360098],[12.64477113389727,46.094023528198676],[12.644840227212857,46.092401290136046],[12.646000636810191,46.09242520717147],[12.646035164260539,46.091614087263494],[12.644874771645243,46.09159017090118],[12.644943856059596,46.08996793202432],[12.651940468100376,46.08930012189565],[12.65204377353277,46.08686675005615],[12.653204073071615,46.08689059176776],[12.65316965638439,46.08770171652085],[12.657810937088174,46.087796968358894],[12.657845285862056,46.08698584092509],[12.660165901028225,46.08703339488972],[12.661257613652483,46.08867941296475],[12.66357830549257,46.08872689898745],[12.663544038669102,46.08953802949395],[12.665830535968784,46.09039660147858],[12.665796300165725,46.091207733049536],[12.669277510426832,46.091278809190385],[12.669345878672523,46.089656541912454],[12.672827000132774,46.08972750811897],[12.672895260623685,46.08810523630538],[12.670608741457945,46.08724680515528],[12.670642901996711,46.08643567024147],[12.672963515252011,46.086482963950864],[12.6729976403679,46.08567182757077],[12.674157932195675,46.08569545610666],[12.674260247821303,46.08326204416004],[12.675420490170064,46.08328565893308],[12.67548865931499,46.08166338229676],[12.673202360292311,46.08080500645036],[12.673270588546728,46.07918273166176],[12.674430744576034,46.0792063548782],[12.674396648153522,46.080017493004966],[12.67555682260565,46.08004110511968],[12.67559090205582,46.07922996632839],[12.67791122136396,46.07927715392982],[12.677945265407338,46.07846601367529],[12.676785122000515,46.0784424264216],[12.676853239643297,46.07682014683476],[12.675693131626637,46.07679654914337],[12.675761277358218,46.07517427034411],[12.678081426963606,46.07522145130576],[12.67814949897248,46.07359916931015],[12.676989457380994,46.07357558603917],[12.677125651725687,46.07033102308107],[12.679445600631427,46.0703781725508],[12.679377574242496,46.07200045695416],[12.684017625130316,46.072094620040055],[12.68398367761009,46.072905764689246],[12.68514371091033,46.07292927671355],[12.685109778899621,46.07374042188942],[12.687429883764043,46.073787411968574],[12.687395984232326,46.07459855833194],[12.6897161288011,46.07464550267483],[12.689749994396548,46.07383435499027],[12.69323017114786,46.07390468128939],[12.693196356457394,46.07471583095327],[12.695482733218,46.07557380849475],[12.695415164458282,46.07719610978402],[12.69657529700676,46.07721950745934],[12.696541527422369,46.078030658560216],[12.69538137790235,46.07800726022637],[12.695313800437958,46.0796295607065],[12.696473983903239,46.07965296035746],[12.696440209968346,46.080464111053814],[12.698760615156246,46.0805108763709],[12.698693130835125,46.08213317999158],[12.696338879461422,46.08289756233388],[12.696203751810744,46.08614216215288],[12.697364072523577,46.08616555530339],[12.69729653395334,46.087787855720634],[12.699617247608726,46.0878346093443],[12.699650983658032,46.08702345788723],[12.700811325658606,46.08704681638604],[12.700845043279307,46.08623566413677],[12.703199379837885,46.08547119081234],[12.703233060605744,46.084660036979784],[12.706713950994128,46.08472996532951],[12.706747579381737,46.08391880939412],[12.709068146172708,46.08396536813704],[12.709000955867424,46.08558768249401],[12.704359692180667,46.08549451268789],[12.704258692138488,46.08792797534644],[12.708900159588447,46.08802115301969],[12.708866557942864,46.08883230959229],[12.707706171952292,46.08880903217482],[12.70763893036593,46.09043134360583],[12.70647851184008,46.09040805310637],[12.706377587676549,46.09284151727631],[12.704056653012131,46.0927948970263],[12.704022974762506,46.093606050168106],[12.70634394339895,46.09365267173026],[12.706310297676346,46.09446382604954],[12.70863130601299,46.094510401830775],[12.708597692820545,46.09532155732626],[12.707437170949085,46.09529827466702],[12.707369906255504,46.09692058394343],[12.706209351837728,46.09689728819925],[12.706175700334333,46.0977084419798],[12.705015130358774,46.097685133805335],[12.704981460419567,46.09849628679516],[12.702626585419216,46.09926078535157],[12.702559170341019,46.1008830880314],[12.70020416079837,46.101647533826444],[12.700237904495381,46.10083638400317],[12.697950420625373,46.09997848422973],[12.699246055426393,46.096757266475755],[12.701567148492922,46.096803987480165],[12.701668298188983,46.09437053320803],[12.700507801901749,46.09434718056474],[12.700608989523095,46.09191372705146],[12.699448545628156,46.091890364607785],[12.699516030767503,46.090268062906766],[12.698355622275887,46.09024469000671],[12.698389379654605,46.089433539611846],[12.694908213748311,46.089363352259134],[12.694840595643726,46.09098564896314],[12.693680175918718,46.09096222831873],[12.693646347704552,46.09177337580924],[12.68900461527024,46.09167957287654],[12.688970717665745,46.09249071759206],[12.687810271176858,46.092467236768634],[12.687844185765528,46.09165609271397],[12.686683757703804,46.09163260077972],[12.686853393710825,46.08757688178724],[12.685693052002007,46.087553381388645],[12.685726991812246,46.08674223784656],[12.68804764271382,46.0867892255513],[12.689275743704998,46.085190410293656],[12.684634577732119,46.0850964401739],[12.684702481104946,46.083474153467904],[12.682381974690518,46.083427100442975],[12.682280015580533,46.08586052632641],[12.683440318996926,46.08588406070997],[12.683372372917228,46.08750634528163],[12.684532711737234,46.0875298692201],[12.684328940371469,46.09239672366646],[12.68316849965917,46.09237319575523],[12.683134515675077,46.09318433702811],[12.680813604620083,46.09313724456473],[12.680847622573134,46.09232610461723],[12.679687186200844,46.09230254139053],[12.67975525169075,46.09068026241655],[12.676274053164157,46.09060950608908],[12.676308134662886,46.08979836839079],[12.673987376858234,46.089751139980145],[12.673953261395834,46.09056227634921],[12.672792867688656,46.09053864382292],[12.672724598402702,46.092160914825094],[12.670403747415138,46.09211361179742],[12.670369576605573,46.09292474576432],[12.669209136308579,46.092901075927145],[12.669106564118776,46.09533447501755],[12.670267055371149,46.095358146853336],[12.670232878690838,46.09616928027913],[12.672553899530826,46.096216589963866],[12.67258804223774,46.095405455206595],[12.673748537850518,46.09542909172398],[12.673680284944618,46.09705136243381],[12.670198700542644,46.09698041356963],[12.670164520926493,46.09779154672485],[12.671325064595216,46.09781520878567],[12.671290900499868,46.09862634247158],[12.677093725579946,46.098744479492915],[12.677025562888682,46.100366753109014],[12.675864960988795,46.10034314792452],[12.675728550068781,46.103587690877035],[12.67688921993869,46.10361129871912],[12.678118031675728,46.102012620922025],[12.681599952373167,46.10208333448065],[12.681497892497712,46.10451675104323],[12.680337199834955,46.104493189643435],[12.68030315995845,46.10530432756429],[12.679142451748953,46.105280753724266],[12.679108393414248,46.1060918908465],[12.676752853561261,46.106855842166475],[12.676718758305782,46.10766697769037],[12.67555800345695,46.107643366525835],[12.675489774555432,46.10926563583899],[12.676650563400928,46.10928924833264],[12.676616463751403,46.11010038345099],[12.681259701636401,46.11019471829411],[12.68119163394845,46.11181699343559],[12.680030788301192,46.111793426066775],[12.679996735262215,46.11260456277154],[12.678835874062354,46.11258098295935],[12.678869944103175,46.11176984691825],[12.675387420211793,46.11169903879468],[12.675285052676644,46.11413244053358],[12.678767729589788,46.11420325463614],[12.678801802557917,46.11339211886531],[12.681123560412177,46.11343926803664],[12.679894567367652,46.11503797207506],[12.677572744398397,46.114990796687536],[12.677470461303061,46.11742420079141],[12.676309500978562,46.11740059343294],[12.676241270910099,46.11902286083075],[12.679724258279945,46.119093651544986],[12.679690192072188,46.11990478703357],[12.682012224920005,46.11995192325625],[12.681978191267158,46.12076305993641],[12.683139226873644,46.12078661103597],[12.683173243517128,46.11997547369297],[12.684334263562096,46.11999901234652],[12.684402258448245,46.118376735930305],[12.686724234844975,46.11842377523985],[12.686656307992678,46.12004605430404],[12.687817332376849,46.12006955760792],[12.687885225211987,46.11844727722074],[12.689046217023803,46.118470767418984],[12.68908014424628,46.117659626361764],[12.691402098186076,46.11770657008893],[12.69130041419621,46.120139996819624],[12.690139385479338,46.12011652886576],[12.688910493557131,46.1217153302981],[12.687749433707776,46.12169183745512],[12.687681529204147,46.12331411676229],[12.686520436776913,46.12329061081218],[12.686418518040364,46.12572402677554],[12.684096235445358,46.1256769755489],[12.68402821426223,46.127299249534],[12.682867041106038,46.127275704917075],[12.682730913134316,46.130520248615596],[12.681569673358574,46.130496689560324],[12.681467510966002,46.13293009392642],[12.679144933647192,46.132882936471944],[12.679076749983594,46.13450520271913],[12.675592792765007,46.13443437413808],[12.67552450110614,46.13605663585745],[12.677847205889547,46.136103869359204],[12.677710741160766,46.139348396493446],[12.6765493199436,46.13932478297898],[12.676446904920418,46.141758174916305],[12.675285434074913,46.141734547615975],[12.675217115999068,46.14335680690146],[12.674055612549902,46.14333316647852],[12.673953073333267,46.14576655239631],[12.672791520247104,46.145742898183656],[12.672757320538146,46.14655402588665],[12.670399949426395,46.14731780698357],[12.670434184670743,46.14650668074845],[12.66927261892312,46.14648299048879],[12.668179588834953,46.14483703822709],[12.665856532759891,46.14478960141005],[12.665787930433263,46.146411848948034],[12.668111054633853,46.14645928843547],[12.668042514541812,46.1480815381025],[12.670331474523563,46.14894005904791],[12.670297234864922,46.1497511848771],[12.669135600982232,46.14972749195012],[12.670160261513695,46.152995686840846],[12.663190071236095,46.15285333632927]],[[12.670810675271715,46.137584283232385],[12.673133436514165,46.137631613714426],[12.673201802137644,46.13600935519751],[12.672040454835793,46.13598569718332],[12.670810675271715,46.137584283232385]],[[12.666233740179447,46.135867230271785],[12.667395080194584,46.13589094723272],[12.667429345915343,46.135079821104036],[12.666268022922422,46.13505610481062],[12.666233740179447,46.135867230271785]],[[12.636213025735465,46.13119091007417],[12.63969668038405,46.13126293497824],[12.639731347167897,46.130451824282495],[12.637443642618079,46.12959271133696],[12.636213025735465,46.13119091007417]],[[12.658276395680636,46.13164527619778],[12.659437640362944,46.13166907233352],[12.659540768395958,46.12923570554769],[12.657183974032032,46.12999922656593],[12.658276395680636,46.13164527619778]],[[12.635086545324286,46.130355770207345],[12.636247743569157,46.13037980140553],[12.636282459911179,46.12956869260104],[12.635121278682037,46.12954466207919],[12.635086545324286,46.130355770207345]],[[12.671084374860582,46.1310952565748],[12.673406863759473,46.13114257640078],[12.673441035556845,46.13033144612796],[12.67111858069433,46.13028412763383],[12.671084374860582,46.1310952565748]],[[12.632833686555106,46.12868545876755],[12.635156010547465,46.128733553815145],[12.635190740920654,46.12792244541521],[12.632868450956598,46.127874351721225],[12.632833686555106,46.12868545876755]],[[12.65042379146537,46.124989435333575],[12.652745989530166,46.125037170089406],[12.652814923540488,46.123414931578296],[12.650458293234312,46.12417831748928],[12.65042379146537,46.124989435333575]],[[12.657390403260033,46.12513249818717],[12.659712618913545,46.125180091528485],[12.659781348784312,46.123557844972474],[12.658620274249424,46.12353405553331],[12.658654653980939,46.12272293272166],[12.655171490191313,46.122651495710976],[12.655102627185544,46.12427373717745],[12.657424802957943,46.1243213763164],[12.657390403260033,46.12513249818717]],[[12.681773958641001,46.125629877180224],[12.684096235445358,46.1256769755489],[12.684130243845058,46.124865838353735],[12.682969121732501,46.124842295724775],[12.683037168174016,46.12322002225449],[12.684198256261123,46.12324356355825],[12.684232260277644,46.12243242595792],[12.683071189202165,46.12240888531673],[12.683105208768684,46.121597748243886],[12.679622055265833,46.12152705760534],[12.679656124400843,46.12071592238702],[12.678495093142459,46.12069233593726],[12.678461006997585,46.12150347049172],[12.67729996018023,46.12147987159444],[12.677231749475235,46.12310213896942],[12.678392830314348,46.12312573919515],[12.678358739775824,46.12393687334412],[12.680680939830637,46.12398403977011],[12.681773958641001,46.125629877180224]],[[12.637686496161882,46.12391494116955],[12.642330765386186,46.12401087935029],[12.641238967122167,46.122364687159134],[12.64356103959246,46.12241260641711],[12.64359563896987,46.121601492204],[12.638951567961081,46.12150560925436],[12.63891690054851,46.12231672076883],[12.63775586947473,46.122292719899136],[12.637686496161882,46.12391494116955]],[[12.635468530194988,46.121433573323905],[12.637790553895893,46.12148160906017],[12.637859918268092,46.119859386974696],[12.636698939693996,46.11983537634946],[12.635468530194988,46.121433573323905]],[[12.664494249424223,46.122030632440826],[12.667977397258907,46.12210178463859],[12.668045877190242,46.12047952764435],[12.663401819070325,46.12038463982167],[12.663436124862486,46.119573513792176],[12.659953147626057,46.119502226211786],[12.65998750296615,46.118691102053255],[12.657665559466212,46.118643519426925],[12.658757784313647,46.120289563473776],[12.661079798768691,46.120337125213226],[12.66104545748518,46.121148249769995],[12.664528541154626,46.121219506013944],[12.664494249424223,46.122030632440826]],[[12.640181879843835,46.11990737287924],[12.644825820685307,46.12000320330336],[12.644894975023004,46.11838097257942],[12.646055929901546,46.11840489938316],[12.646021370481577,46.11921601548641],[12.647182343837226,46.11923993118165],[12.64721688625097,46.118428814405306],[12.649538803359567,46.1184766091047],[12.64957331027816,46.117665490847514],[12.650734254030159,46.11768936985259],[12.650803229410991,46.11606713158721],[12.651964140621466,46.11609099746743],[12.65203307606979,46.114468757316224],[12.653193954740626,46.114492610072965],[12.6542859674428,46.11613869388549],[12.656642200575721,46.11537522048884],[12.656710997040935,46.11375297469975],[12.654423696395817,46.11289420767135],[12.654630245457044,46.10802747428353],[12.653469501318236,46.10800363867433],[12.65360723910247,46.10475914972138],[12.650125219425075,46.10468758028646],[12.65015970115387,46.10387645972356],[12.648999047855147,46.10385258036512],[12.648861044075478,46.107097059114565],[12.650021765351646,46.10712094116142],[12.649918297945991,46.10955430081575],[12.648757525679091,46.10953041675235],[12.64865399394179,46.1119637731693],[12.649814817205977,46.111987659249415],[12.649607815714369,46.1168543724547],[12.647285966626773,46.116806580445584],[12.647251427180793,46.11761769749329],[12.646090487836869,46.1175937831442],[12.646125044287619,46.116782666769566],[12.640320454667123,46.116662921676394],[12.640285813193701,46.11747403468079],[12.637963953652262,46.117426052827724],[12.636733636651519,46.11902426577872],[12.640216525782137,46.11909626028221],[12.640181879843835,46.11990737287924]],[[12.660193604015499,46.11382435425733],[12.662515349308476,46.1138718817288],[12.663744810680628,46.11227337343348],[12.664905652973653,46.11229710638288],[12.664974199615202,46.11067485014455],[12.667295820574282,46.11072227803485],[12.66733005768772,46.109911148377776],[12.669685852120837,46.109147396692826],[12.669754251003368,46.10752513403517],[12.667432760204342,46.10747775859458],[12.667501221196463,46.105855498062425],[12.664019097902761,46.105784350574254],[12.663950534933562,46.107406607101424],[12.666272016989659,46.10745405320779],[12.666237767290637,46.10826518260367],[12.662755495402989,46.10819399377423],[12.662789796093593,46.10738286638192],[12.661629058713304,46.10735911388494],[12.660399651949326,46.10895760158492],[12.659238883496068,46.10893382419469],[12.659273236653167,46.10812269894439],[12.656951738128372,46.10807511016923],[12.656917350976283,46.10888623408013],[12.655756586911195,46.108862421355894],[12.655722181283853,46.109673544461046],[12.658043744873764,46.109721159471675],[12.657940621121323,46.11215453199451],[12.660262292560995,46.112202103908345],[12.660193604015499,46.11382435425733]],[[12.669514829203333,46.11320305096921],[12.67183656382106,46.113250388624245],[12.671939079971922,46.110816992467505],[12.67077826293938,46.11079333152792],[12.670744075356456,46.11160446304948],[12.668422411655998,46.11155710450022],[12.669514829203333,46.11320305096921]],[[12.65821558826563,46.10566553589044],[12.65937628727112,46.105689322380705],[12.6594793246107,46.10325594459782],[12.65831867658689,46.10323216011585],[12.65821558826563,46.10566553589044]],[[12.669822644009997,46.105902870836346],[12.675626226497137,46.10602109667189],[12.675660335819424,46.10520996154214],[12.67449963341164,46.10518634059421],[12.673407214683746,46.1035404398641],[12.669925222503991,46.103469475023424],[12.669822644009997,46.105902870836346]],[[12.653676099120649,46.103136904431494],[12.657158030025258,46.1032083638582],[12.65719240683953,46.10239723899875],[12.658353036408803,46.10242103458668],[12.658456107020127,46.0999876571863],[12.65729552842356,46.09996386360743],[12.657329899332238,46.09915273820598],[12.655008780506249,46.09910511706559],[12.653779378057264,46.10070353547998],[12.652618788325517,46.10067969413307],[12.65258434650137,46.10149081658146],[12.653744953223708,46.101514658599385],[12.653676099120649,46.103136904431494]],[[12.650228660168407,46.1022542181909],[12.651389280949926,46.10227808443013],[12.651458200059324,46.100655841011644],[12.6502976132594,46.100631976115764],[12.650228660168407,46.1022542181909]],[[12.663029859678518,46.10170497084433],[12.665351100898024,46.10175243115457],[12.665385355821394,46.10094130134327],[12.666545961626605,46.10096501316816],[12.665522360803031,46.097696780744435],[12.66436182441363,46.09767305981523],[12.664327558386386,46.09848418950036],[12.662006456005711,46.098436710985084],[12.661903547154354,46.100870095219214],[12.663064148584548,46.100893842368755],[12.663029859678518,46.10170497084433]],[[12.651630471934194,46.096600230092456],[12.655111986302616,46.09667174406891],[12.655180782779619,46.09504949472678],[12.654020310497335,46.0950256698486],[12.654054723504743,46.09421454564476],[12.65521517880218,46.09423836985241],[12.655283966415823,46.09261611969709],[12.654123545085893,46.092592296830425],[12.654157953659793,46.09178117221993],[12.649516350917661,46.09168576572652],[12.649481874413894,46.09249688765185],[12.646000636810191,46.09242520717147],[12.64596610787699,46.09323632694378],[12.648252468995086,46.094095248028886],[12.648217971064621,46.09490636887515],[12.651699370326348,46.09497798477562],[12.651630471934194,46.096600230092456]],[[12.663304129695007,46.09521593924856],[12.664464613665613,46.09523966994758],[12.664498873806616,46.09442853972094],[12.66333840682148,46.0944048096898],[12.663304129695007,46.09521593924856]],[[12.691630185894116,46.08442617748871],[12.69279046689656,46.08444961639811],[12.692959612964826,46.080393874823415],[12.69063922215644,46.080346991833736],[12.690571500189003,46.081969286229246],[12.691731728822335,46.08199273492754],[12.691630185894116,46.08442617748871]],[[12.687192556471743,46.07946543367744],[12.688352729859291,46.07948891569623],[12.6883866211533,46.07867776948191],[12.687226464738213,46.078654288124],[12.687192556471743,46.07946543367744]],[[12.690706938308043,46.07872469689851],[12.691867099046254,46.078748142957146],[12.691968611456616,46.07631469756275],[12.69080850163211,46.07629125348366],[12.69084235316622,46.075480105408865],[12.688522171777532,46.07543318327492],[12.688454399375622,46.07705547664835],[12.689614523289583,46.07707894491884],[12.690706938308043,46.07872469689851]],[[12.68275571240571,46.074504528470094],[12.683915778196695,46.07452805358247],[12.683949728632244,46.07371690920338],[12.682789679809048,46.073693384753085],[12.68275571240571,46.074504528470094]]]},"properties":{"lst_class":"caldo","color":"#fc8d59"}}]}