{"type":"FeatureCollection","features":[{"type":"Feature","geometry":{"type":"Polygon","coordinates":[[[12.595314202583122,46.191179196715666],[12.595337745549166,46.19063967041845],[12.59611588074909,46.19065604490329],[12.596092345383529,46.19119557150709],[12.595314202583122,46.191179196715666]]]},"properties":{"nbr_class":"sana","color":"#1a9641"}},{"type":"Feature","geometry":{"type":"Polygon","coordinates":[[[12.596894016624388,46.19067241409612],[12.596917543716508,46.1901328871254],[12.597695672666644,46.19014925071983],[12.597672153174834,46.190688777996925],[12.596894016624388,46.19067241409612]]]},"properties":{"nbr_class":"sana","color":"#1a9641"}},{"type":"Feature","geometry":{"type":"Polygon","coordinates":[[[12.594630258682875,46.18900471230727],[12.594653806555153,46.18846518607493],[12.595431910679839,46.18848156462513],[12.595408370407148,46.189021091164115],[12.594630258682875,46.18900471230727]]]},"properties":{"nbr_class":"stress","color":"#ffffbf"}},{"type":"Feature","geometry":{"type":"Polygon","coordinates":[[[12.60790508639992,46.18820337026884],[12.607928503736353,46.1876638387161],[12.608706604115469,46.187680126697394],[12.608683194378596,46.18821965855509],[12.60790508639992,46.18820337026884]]]},"properties":{"nbr_class":"sana","color":"#1a9641"}},{"type":"Feature","geometry":{"type":"Polygon","coordinates":[[[12.608706604115469,46.187680126697394],[12.608730013182795,46.18714059477934],[12.609508106634287,46.187156877164156],[12.609484705166329,46.187696409387065],[12.608706604115469,46.187680126697394]]]},"properties":{"nbr_class":"sana","color":"#1a9641"}},{"type":"Feature","geometry":{"type":"Polygon","coordinates":[[[12.60483955600551,46.18705910348278],[12.604863002398712,46.18651957303014],[12.605641084890388,46.18653588156706],[12.605617646096217,46.18707541232505],[12.60483955600551,46.18705910348278]]]},"properties":{"nbr_class":"stress","color":"#ffffbf"}},{"type":"Feature","geometry":{"type":"Polygon","coordinates":[[[12.604131826551873,46.18542419872633],[12.60415527853176,46.184884668398],[12.604933337554929,46.18490098130997],[12.604909893173398,46.18544051194373],[12.604131826551873,46.18542419872633]]]},"properties":{"nbr_class":"sana","color":"#1a9641"}},{"type":"Feature","geometry":{"type":"Polygon","coordinates":[[[12.603471051785212,46.182710229499946],[12.603494508008954,46.18217069917524],[12.604272528370775,46.182187015850715],[12.604249079744282,46.182726546480936],[12.603471051785212,46.182710229499946]]]},"properties":{"nbr_class":"sana","color":"#1a9641"}},{"type":"Feature","geometry":{"type":"Polygon","coordinates":[[[12.605664523014196,46.185996350748695],[12.60573483336367,46.18437775793144],[12.60651288613386,46.18439405995607],[12.606630018656885,46.181696402527336],[12.607408034111522,46.181712697735435],[12.607244097073535,46.185489419848956],[12.605664523014196,46.185996350748695]]]},"properties":{"nbr_class":"stress","color":"#ffffbf"}},{"type":"Feature","geometry":{"type":"Polygon","coordinates":[[[12.607408034111522,46.181712697735435],[12.607431451009319,46.181173165763525],[12.608209459538937,46.181189455376135],[12.608186050238077,46.18172898765303],[12.607408034111522,46.181712697735435]]]},"properties":{"nbr_class":"stress","color":"#ffffbf"}},{"type":"Feature","geometry":{"type":"Polygon","coordinates":[[[12.592979778236444,46.191130040588824],[12.593026909097096,46.1900509897746],[12.594583160917734,46.19008376459061],[12.594606710137077,46.189544238479165],[12.595384829461155,46.18956061764266],[12.59545545027925,46.187942038025675],[12.603236452647206,46.188105529426046],[12.60406146658761,46.18704278934906],[12.605617646096217,46.18707541232505],[12.605641084890388,46.18653588156706],[12.606419168054636,46.18655218481261],[12.606466028434449,46.18547312250506],[12.607244097073535,46.185489419848956],[12.607408034111522,46.181712697735435],[12.608186050238077,46.18172898765303],[12.608232868170324,46.18064992303889],[12.60901086977488,46.180666207056206],[12.608940664663146,46.182284804801576],[12.608162640267716,46.18226851986958],[12.608115818318394,46.183347584121655],[12.608893857908829,46.18336386966345],[12.60887045352765,46.18390340200389],[12.608092406339388,46.18388711615718],[12.607998751727179,46.18604524369578],[12.609554907562318,46.18607781253734],[12.609508106634287,46.187156877164156],[12.608730013182795,46.18714059477934],[12.608706604115469,46.187680126697394],[12.607928503736353,46.1876638387161],[12.60790508639992,46.18820337026884],[12.607126979093234,46.18818707669088],[12.607103553487262,46.18872660787821],[12.606325439253048,46.188710308703406],[12.606302005377103,46.189249839525196],[12.604722313979941,46.18975675484041],[12.604675412474812,46.19083581496086],[12.601562846046741,46.19077051812006],[12.601586327536639,46.190230989312575],[12.596917543716508,46.1901328871254],[12.596894016624388,46.19067241409612],[12.595337745549166,46.19063967041845],[12.595314202583122,46.191179196715666],[12.592979778236444,46.191130040588824]]]},"properties":{"nbr_class":"moderata","color":"#a6d96a"}},{"type":"Feature","geometry":{"type":"Polygon","coordinates":[[[12.618300320928899,46.18194027514082],[12.618346941339313,46.180861202614985],[12.619926256651985,46.18035409084835],[12.619856372618706,46.18197270154881],[12.618300320928899,46.18194027514082]]]},"properties":{"nbr_class":"moderata","color":"#a6d96a"}},{"type":"Feature","geometry":{"type":"Polygon","coordinates":[[[12.600499856281747,46.17940773315327],[12.600523338864456,46.178868203689106],[12.601301310954483,46.17888453969145],[12.601277835967625,46.179424069461476],[12.600499856281747,46.17940773315327]]]},"properties":{"nbr_class":"sana","color":"#1a9641"}},{"type":"Feature","geometry":{"type":"Polygon","coordinates":[[[12.604389761444596,46.17948936179405],[12.604413206047798,46.1789498308016],[12.605191181503344,46.17896614035427],[12.605167744496114,46.17950567165207],[12.604389761444596,46.17948936179405]]]},"properties":{"nbr_class":"moderata","color":"#a6d96a"}},{"type":"Feature","geometry":{"type":"Polygon","coordinates":[[[12.607501697684649,46.17955456948568],[12.607525111903813,46.17901503727237],[12.608303090047858,46.17903132566508],[12.60827968342476,46.17957085818336],[12.607501697684649,46.17955456948568]]]},"properties":{"nbr_class":"stress","color":"#ffffbf"}},{"type":"Feature","geometry":{"type":"Polygon","coordinates":[[[12.619949549997356,46.17981455382769],[12.619972842676573,46.179275016746764],[12.620750831539832,46.179291220497745],[12.620727546457063,46.17983075788205],[12.619949549997356,46.17981455382769]]]},"properties":{"nbr_class":"moderata","color":"#a6d96a"}},{"type":"Feature","geometry":{"type":"Polygon","coordinates":[[[12.623061539844079,46.17987933830326],[12.623084802137358,46.179339800009394],[12.623862793671723,46.179355982599475],[12.623839538974986,46.17989552119633],[12.623061539844079,46.17987933830326]]]},"properties":{"nbr_class":"moderata","color":"#a6d96a"}},{"type":"Feature","geometry":{"type":"Polygon","coordinates":[[[12.59896739670589,46.178835515814725],[12.598990893808251,46.178295986902164],[12.600546820775618,46.178328674164554],[12.600523338864456,46.178868203689106],[12.59896739670589,46.178835515814725]]]},"properties":{"nbr_class":"sana","color":"#1a9641"}},{"type":"Feature","geometry":{"type":"Polygon","coordinates":[[[12.61219299083746,46.17911268827809],[12.612216358811562,46.17857315417615],[12.614550284544942,46.178621907350305],[12.614526939358896,46.17916144236506],[12.61219299083746,46.17911268827809]]]},"properties":{"nbr_class":"stress","color":"#ffffbf"}},{"type":"Feature","geometry":{"type":"Polygon","coordinates":[[[12.633976744257517,46.179565874852976],[12.63399989953481,46.1790263322661],[12.634777892793991,46.179042440489944],[12.634754745113357,46.179581983378405],[12.633976744257517,46.179565874852976]]]},"properties":{"nbr_class":"moderata","color":"#a6d96a"}},{"type":"Feature","geometry":{"type":"Polygon","coordinates":[[[12.609081068863487,46.179047608767775],[12.609905829205436,46.17798482014361],[12.612239726117387,46.1780336200139],[12.61219299083746,46.17911268827809],[12.609081068863487,46.179047608767775]]]},"properties":{"nbr_class":"moderata","color":"#a6d96a"}},{"type":"Feature","geometry":{"type":"Polygon","coordinates":[[[12.623862793671723,46.179355982599475],[12.623909301070078,46.17827690522509],[12.624687278079193,46.17829308191914],[12.624640785873321,46.1793721598993],[12.623862793671723,46.179355982599475]]]},"properties":{"nbr_class":"moderata","color":"#a6d96a"}},{"type":"Feature","geometry":{"type":"Polygon","coordinates":[[[12.614550284544942,46.178621907350305],[12.614573629063363,46.17808237227526],[12.615351598051902,46.17809861244925],[12.615328261129328,46.178638147828345],[12.614550284544942,46.178621907350305]]]},"properties":{"nbr_class":"stress","color":"#ffffbf"}},{"type":"Feature","geometry":{"type":"Polygon","coordinates":[[[12.63164274567731,46.179517517534265],[12.631689101148698,46.17843843411115],[12.633245069151517,46.17847067640663],[12.63326823070062,46.17793113400116],[12.634046208102802,46.17794724691193],[12.63399989953481,46.1790263322661],[12.633221906940012,46.17901021875197],[12.633198744066085,46.17954976103713],[12.63164274567731,46.179517517534265]]]},"properties":{"nbr_class":"moderata","color":"#a6d96a"}},{"type":"Feature","geometry":{"type":"Polygon","coordinates":[[[12.61848678657207,46.177623983591076],[12.618510091777999,46.17708444687616],[12.620843965212002,46.17713307035805],[12.620820682792747,46.177672607983354],[12.61848678657207,46.177623983591076]]]},"properties":{"nbr_class":"moderata","color":"#a6d96a"}},{"type":"Feature","geometry":{"type":"Polygon","coordinates":[[[12.630156327739599,46.17786662945721],[12.630202709617231,46.17678754688119],[12.630980669168336,46.17680368034814],[12.630934302482263,46.177882763528316],[12.630156327739599,46.17786662945721]]]},"properties":{"nbr_class":"moderata","color":"#a6d96a"}},{"type":"Feature","geometry":{"type":"Polygon","coordinates":[[[12.636380144294485,46.1779955539035],[12.636426404638307,46.17691646649982],[12.637959220384863,46.17748818783959],[12.637936105074386,46.17802773211384],[12.636380144294485,46.1779955539035]]]},"properties":{"nbr_class":"sana","color":"#1a9641"}},{"type":"Feature","geometry":{"type":"Polygon","coordinates":[[[12.615398269894918,46.17701954151014],[12.615421604815412,46.17648000595017],[12.616199551687206,46.17649623992234],[12.616176224361936,46.17703577578627],[12.615398269894918,46.17701954151014]]]},"properties":{"nbr_class":"stress","color":"#ffffbf"}},{"type":"Feature","geometry":{"type":"Polygon","coordinates":[[[12.624733767625935,46.17721400369812],[12.624780254513729,46.17613492523623],[12.62555820180735,46.176151095429155],[12.625511730110352,46.17723017449657],[12.624733767625935,46.17721400369812]]]},"properties":{"nbr_class":"sana","color":"#1a9641"}},{"type":"Feature","geometry":{"type":"Polygon","coordinates":[[[12.604272528370775,46.182187015850715],[12.604319423611962,46.18110795440918],[12.602763413948995,46.18107531698982],[12.602810336893857,46.179996256528874],[12.60203234826495,46.179979930495044],[12.602055816327068,46.179440400479656],[12.603611779065771,46.17947304664597],[12.603635231264922,46.17893351595897],[12.602857257154934,46.1789171958264],[12.602904174732416,46.17783813488239],[12.602126216486683,46.17782181007117],[12.602149681864386,46.177282279814236],[12.60061726248005,46.17671008522846],[12.600664220259029,46.17563102563572],[12.599886294413189,46.175614686179074],[12.599909779889872,46.17507515659802],[12.60299800183736,46.17568001226974],[12.602951089626496,46.17675907369682],[12.603729033354949,46.176775392607226],[12.603705583838382,46.177314923535725],[12.606770555576963,46.178459211621075],[12.606653443151595,46.18115687086051],[12.60587543596598,46.181140570667104],[12.605828571112637,46.18221963333001],[12.604272528370775,46.182187015850715]],[[12.604389761444596,46.17948936179405],[12.605167744496114,46.17950567165207],[12.605191181503344,46.17896614035427],[12.604413206047798,46.1789498308016],[12.604389761444596,46.17948936179405]]]},"properties":{"nbr_class":"sana","color":"#1a9641"}},{"type":"Feature","geometry":{"type":"Polygon","coordinates":[[[12.626336149767628,46.17616726033239],[12.62635937702431,46.17562772040572],[12.627137318055903,46.1756438797167],[12.627114098394344,46.176183419945936],[12.626336149767628,46.17616726033239]]]},"properties":{"nbr_class":"sana","color":"#1a9641"}},{"type":"Feature","geometry":{"type":"Polygon","coordinates":[[[12.65200880502787,46.17669773454898],[12.652031781633127,46.17615818469025],[12.653587708094799,46.176190148895586],[12.65356474668136,46.176729699352805],[12.65200880502787,46.17669773454898]]]},"properties":{"nbr_class":"moderata","color":"#a6d96a"}},{"type":"Feature","geometry":{"type":"Polygon","coordinates":[[[12.638621648993098,46.18020199098392],[12.638644759351022,46.179662446649054],[12.637866755176418,46.17964636457584],[12.637912989102837,46.178567276327946],[12.63869097808411,46.17858335779897],[12.638714086459318,46.17804381328376],[12.639492068507279,46.17805988916349],[12.640316235601713,46.176996869338524],[12.644206083128834,46.17707713992704],[12.64422913635104,46.17653759312673],[12.64578506480186,46.17656966373129],[12.64660908891204,46.17550659551667],[12.65361066885159,46.17565059837838],[12.653587708094799,46.176190148895586],[12.652031781633127,46.17615818469025],[12.651207850331463,46.17722129371126],[12.6496518974421,46.17718929656788],[12.649628896733761,46.17772884540809],[12.648072931291708,46.17769682650463],[12.648049914732686,46.178236374685305],[12.64571594873398,46.17818830575348],[12.645692908726902,46.17872785297407],[12.644136919506355,46.17869577996756],[12.644113863646831,46.17923532652758],[12.641779861987944,46.17918717643861],[12.641756782678282,46.179726722037024],[12.63942276418873,46.17967852343179],[12.639399661427822,46.180218068067674],[12.638621648993098,46.18020199098392]]]},"properties":{"nbr_class":"sana","color":"#1a9641"}},{"type":"Feature","geometry":{"type":"Polygon","coordinates":[[[12.603283377842736,46.1870264699239],[12.603471051785212,46.182710229499946],[12.602693024499192,46.18269390722833],[12.602739951470088,46.18161484712971],[12.601961940051527,46.18159852017884],[12.60200887953167,46.18051946045004],[12.601230883979824,46.18050312882031],[12.601301310954483,46.17888453969145],[12.600523338864456,46.178868203689106],[12.600546820775618,46.178328674164554],[12.598990893808251,46.178295986902164],[12.599037885997129,46.1772169288958],[12.59981583395331,46.17723327455982],[12.59983932144493,46.176693745159966],[12.598306943405918,46.176121520306445],[12.59840094472285,46.17396340430988],[12.600734651892017,46.17401243579361],[12.600711175352387,46.17455196580138],[12.602266998687728,46.17458462762367],[12.602290460039526,46.17404509700438],[12.603068365123049,46.17406141967623],[12.603044911365203,46.17460095060111],[12.60382282471559,46.174617268289424],[12.603775930376347,46.17569633056907],[12.605331789472334,46.17572895129967],[12.605308356486239,46.176268482959685],[12.606086294637501,46.17628478569614],[12.606062868576188,46.17682431760104],[12.6068408149945,46.17684061535314],[12.607571938333377,46.17793597266471],[12.609127864910027,46.17796854294047],[12.609104467221329,46.17850807588429],[12.608326496001576,46.178491793086465],[12.608303090047858,46.17903132566508],[12.609081068863487,46.179047608767775],[12.609034270140286,46.18012667435373],[12.607478282795858,46.180094101638645],[12.607408034111522,46.181712697735435],[12.606630018656885,46.181696402527336],[12.60651288613386,46.18439405995607],[12.60573483336367,46.18437775793144],[12.605641084890388,46.18653588156706],[12.60408492057982,46.18650325920186],[12.60406146658761,46.18704278934906],[12.603283377842736,46.1870264699239]],[[12.604131826551873,46.18542419872633],[12.604909893173398,46.18544051194373],[12.604933337554929,46.18490098130997],[12.60415527853176,46.184884668398],[12.604131826551873,46.18542419872633]],[[12.603471051785212,46.182710229499946],[12.604249079744282,46.182726546480936],[12.604272528370775,46.182187015850715],[12.603494508008954,46.18217069917524],[12.603471051785212,46.182710229499946]],[[12.604272528370775,46.182187015850715],[12.605828571112637,46.18221963333001],[12.60587543596598,46.181140570667104],[12.606653443151595,46.18115687086051],[12.606770555576963,46.178459211621075],[12.603705583838382,46.177314923535725],[12.603729033354949,46.176775392607226],[12.602951089626496,46.17675907369682],[12.60299800183736,46.17568001226974],[12.599909779889872,46.17507515659802],[12.599886294413189,46.175614686179074],[12.600664220259029,46.17563102563572],[12.60061726248005,46.17671008522846],[12.601395204188828,46.176726420007434],[12.601371731887156,46.17726595001904],[12.602904174732416,46.17783813488239],[12.602857257154934,46.1789171958264],[12.603635231264922,46.17893351595897],[12.603611779065771,46.17947304664597],[12.602055816327068,46.179440400479656],[12.60203234826495,46.179979930495044],[12.602810336893857,46.179996256528874],[12.602763413948995,46.18107531698982],[12.604319423611962,46.18110795440918],[12.604272528370775,46.182187015850715]],[[12.607501697684649,46.17955456948568],[12.60827968342476,46.17957085818336],[12.608303090047858,46.17903132566508],[12.607525111903813,46.17901503727237],[12.607501697684649,46.17955456948568]]]},"properties":{"nbr_class":"moderata","color":"#a6d96a"}},{"type":"Feature","geometry":{"type":"Polygon","coordinates":[[[12.636449533818016,46.176376922707796],[12.636495790193136,46.17529783494335],[12.638074787021928,46.17479046556662],[12.638028562350069,46.17586955465617],[12.636449533818016,46.176376922707796]]]},"properties":{"nbr_class":"sana","color":"#1a9641"}},{"type":"Feature","geometry":{"type":"Polygon","coordinates":[[[12.65436567231395,46.17620612306326],[12.654434529827949,46.174587470434375],[12.655990414668532,46.174619401106035],[12.655944540697343,46.17569850411435],[12.65436567231395,46.17620612306326]]]},"properties":{"nbr_class":"sana","color":"#1a9641"}},{"type":"Feature","geometry":{"type":"Polygon","coordinates":[[[12.633407186086183,46.17469387830503],[12.63343034299915,46.17415433547846],[12.634208267233998,46.17417044627758],[12.634185117915711,46.17470998940579],[12.633407186086183,46.17469387830503]]]},"properties":{"nbr_class":"stress","color":"#ffffbf"}},{"type":"Feature","geometry":{"type":"Polygon","coordinates":[[[12.61629285431756,46.17433809586381],[12.616339501630636,46.17325902347284],[12.61711740360479,46.173275250332395],[12.617070771479828,46.174354323331],[12.61629285431756,46.17433809586381]]]},"properties":{"nbr_class":"stress","color":"#ffffbf"}},{"type":"Feature","geometry":{"type":"Polygon","coordinates":[[[12.613204546729051,46.17373359815358],[12.613227900427647,46.173194063144216],[12.614005799723914,46.17321031115989],[12.61398245361917,46.173749846473484],[12.613204546729051,46.17373359815358]]]},"properties":{"nbr_class":"moderata","color":"#a6d96a"}},{"type":"Feature","geometry":{"type":"Polygon","coordinates":[[[12.631874496522835,46.174122098012006],[12.631897667962456,46.17358255572887],[12.633453499249908,46.17361479259174],[12.63343034299915,46.17415433547846],[12.631874496522835,46.174122098012006]]]},"properties":{"nbr_class":"sana","color":"#1a9641"}},{"type":"Feature","geometry":{"type":"Polygon","coordinates":[[[12.616339501630636,46.17325902347284],[12.61636282428673,46.17271948718693],[12.617140718667155,46.17273571374268],[12.61711740360479,46.173275250332395],[12.616339501630636,46.17325902347284]]]},"properties":{"nbr_class":"moderata","color":"#a6d96a"}},{"type":"Feature","geometry":{"type":"Polygon","coordinates":[[[12.624118551447914,46.17342105405925],[12.624141798165644,46.1728815147397],[12.62491969922534,46.17289768840529],[12.624896460101578,46.17343722802765],[12.624118551447914,46.17342105405925]]]},"properties":{"nbr_class":"sana","color":"#1a9641"}},{"type":"Feature","geometry":{"type":"Polygon","coordinates":[[[12.643520351615031,46.17490291002924],[12.643543409795281,46.17436336328898],[12.64432134264739,46.17437940532474],[12.644390490448199,46.172760763842525],[12.645168401177912,46.17277679968797],[12.645076233170588,46.1749349894118],[12.643520351615031,46.17490291002924]]]},"properties":{"nbr_class":"stress","color":"#ffffbf"}},{"type":"Feature","geometry":{"type":"Polygon","coordinates":[[[12.622585998047313,46.17284915154133],[12.622632519862925,46.171770073933416],[12.624188289606831,46.171802435919965],[12.623363897772894,46.17286533578505],[12.622585998047313,46.17284915154133]]]},"properties":{"nbr_class":"sana","color":"#1a9641"}},{"type":"Feature","geometry":{"type":"Polygon","coordinates":[[[12.631142931686997,46.17302688732214],[12.631189286440932,46.171947803058906],[12.63196717830568,46.1719639285185],[12.631920838739454,46.17304301338559],[12.631142931686997,46.17302688732214]]]},"properties":{"nbr_class":"sana","color":"#1a9641"}},{"type":"Feature","geometry":{"type":"Polygon","coordinates":[[[12.657592143108724,46.1735722061756],[12.657637981454213,46.17249310149259],[12.659170907142757,46.17306454042658],[12.659148002831843,46.17360409333511],[12.657592143108724,46.1735722061756]]]},"properties":{"nbr_class":"stress","color":"#ffffbf"}},{"type":"Feature","geometry":{"type":"Polygon","coordinates":[[[12.598259938715069,46.17720057794222],[12.598283441396546,46.17666104915454],[12.597505502383713,46.176644693217604],[12.59755252091951,46.17556563607345],[12.596774597770294,46.175549275459694],[12.59682162880522,46.174470218686444],[12.596043721518871,46.17445385339625],[12.596090765051338,46.17337479699407],[12.595312873627114,46.17335842702783],[12.59535992965553,46.172279370996854],[12.594582054092687,46.17226299635495],[12.593851262913251,46.17116756137818],[12.596939194625234,46.17177257569579],[12.59689217031436,46.172851633073336],[12.597670055494659,46.17286799215559],[12.597623043681224,46.17394704990401],[12.59840094472285,46.17396340430988],[12.598306943405918,46.176121520306445],[12.59983932144493,46.176693745159966],[12.59981583395331,46.17723327455982],[12.598259938715069,46.17720057794222]]]},"properties":{"nbr_class":"sana","color":"#1a9641"}},{"type":"Feature","geometry":{"type":"Polygon","coordinates":[[[12.597623043681224,46.17394704990401],[12.596939194625234,46.17177257569579],[12.595383456660556,46.17173984289072],[12.595406982992829,46.17120031472413],[12.59774056817372,46.17124940507981],[12.597717064619479,46.17178893416549],[12.598494935288038,46.171805287346636],[12.59840094472285,46.17396340430988],[12.597623043681224,46.17394704990401]]]},"properties":{"nbr_class":"moderata","color":"#a6d96a"}},{"type":"Feature","geometry":{"type":"Polygon","coordinates":[[[12.619497697435964,46.17224482411532],[12.619520988384894,46.17170528649426],[12.620298870252636,46.171721491287286],[12.6202755868971,46.17226102921175],[12.619497697435964,46.17224482411532]]]},"properties":{"nbr_class":"moderata","color":"#a6d96a"}},{"type":"Feature","geometry":{"type":"Polygon","coordinates":[[[12.656837141328651,46.17301670264863],[12.656860067768202,46.172477150575794],[12.657637981454213,46.17249310149259],[12.65761506260918,46.17303265386409],[12.656837141328651,46.17301670264863]]]},"properties":{"nbr_class":"degradata","color":"#fdae61"}},{"type":"Feature","geometry":{"type":"Polygon","coordinates":[[[12.65839298454729,46.17304859979007],[12.658415895797777,46.17250904712002],[12.65919381079868,46.17252498745807],[12.659170907142757,46.17306454042658],[12.65839298454729,46.17304859979007]]]},"properties":{"nbr_class":"moderata","color":"#a6d96a"}},{"type":"Feature","geometry":{"type":"Polygon","coordinates":[[[12.660726754304909,46.17309640583107],[12.66074964277163,46.17255685226594],[12.661527559743242,46.17257277673577],[12.661504678871157,46.173112330599054],[12.660726754304909,46.17309640583107]]]},"properties":{"nbr_class":"moderata","color":"#a6d96a"}},{"type":"Feature","geometry":{"type":"Polygon","coordinates":[[[12.633476654838477,46.17307524964489],[12.633546117631294,46.17145662044341],[12.634324003895975,46.17147272973439],[12.634254563884607,46.17309135984073],[12.633476654838477,46.17307524964489]]]},"properties":{"nbr_class":"stress","color":"#ffffbf"}},{"type":"Feature","geometry":{"type":"Polygon","coordinates":[[[12.610894206559811,46.17314528736317],[12.61094095751444,46.17206621898991],[12.610163076086403,46.17204995042748],[12.610209839553336,46.17097088242208],[12.611742206494634,46.17154294768198],[12.611672103845377,46.17316155124584],[12.610894206559811,46.17314528736317]]]},"properties":{"nbr_class":"moderata","color":"#a6d96a"}},{"type":"Feature","geometry":{"type":"Polygon","coordinates":[[[12.621076752788367,46.171737690791495],[12.621100027884907,46.171198152503486],[12.621877903495186,46.17121434641566],[12.621854635991872,46.17175388500687],[12.621076752788367,46.171737690791495]]]},"properties":{"nbr_class":"stress","color":"#ffffbf"}},{"type":"Feature","geometry":{"type":"Polygon","coordinates":[[[12.656059220705915,46.1730007461437],[12.655327183342187,46.171905681338906],[12.656882993552138,46.17193759844299],[12.656837141328651,46.17301670264863],[12.656059220705915,46.1730007461437]]]},"properties":{"nbr_class":"stress","color":"#ffffbf"}},{"type":"Feature","geometry":{"type":"Polygon","coordinates":[[[12.657637981454213,46.17249310149259],[12.657660899643846,46.171953549061136],[12.658438806393084,46.17196949439001],[12.658415895797777,46.17250904712002],[12.657637981454213,46.17249310149259]]]},"properties":{"nbr_class":"moderata","color":"#a6d96a"}},{"type":"Feature","geometry":{"type":"Polygon","coordinates":[[[12.661527559743242,46.17257277673577],[12.66155043996101,46.17203322281253],[12.662328349994645,46.172049141694856],[12.662305477371323,46.172588695916154],[12.661527559743242,46.17257277673577]]]},"properties":{"nbr_class":"moderata","color":"#a6d96a"}},{"type":"Feature","geometry":{"type":"Polygon","coordinates":[[[12.594629122615459,46.17118394069537],[12.59467618844644,46.170104884793986],[12.5954540336392,46.17012125820964],[12.595406982992829,46.17120031472413],[12.594629122615459,46.17118394069537]]]},"properties":{"nbr_class":"moderata","color":"#a6d96a"}},{"type":"Feature","geometry":{"type":"Polygon","coordinates":[[[12.615631589073608,46.17162418319739],[12.615678244903393,46.17054511081138],[12.616456108242039,46.17056134144052],[12.616432788253524,46.17110087796755],[12.618011836926195,46.170593786833095],[12.61796522665424,46.17167286104183],[12.615631589073608,46.17162418319739]]]},"properties":{"nbr_class":"moderata","color":"#a6d96a"}},{"type":"Feature","geometry":{"type":"Polygon","coordinates":[[[12.609508106634287,46.187156877164156],[12.609554907562318,46.18607781253734],[12.607998751727179,46.18604524369578],[12.608092406339388,46.18388711615718],[12.60887045352765,46.18390340200389],[12.608893857908829,46.18336386966345],[12.608115818318394,46.183347584121655],[12.608162640267716,46.18226851986958],[12.608940664663146,46.182284804801576],[12.60901086977488,46.180666207056206],[12.608232868170324,46.18064992303889],[12.608256276132257,46.18011039064129],[12.609034270140286,46.18012667435373],[12.609081068863487,46.179047608767775],[12.61219299083746,46.17911268827809],[12.612169622195061,46.179652222319724],[12.614503593505201,46.179700977319506],[12.614456899794776,46.180780047047534],[12.61367889349474,46.18076380006276],[12.613585467672136,46.18292193757843],[12.61436350436111,46.18293818578001],[12.614433551937998,46.18131958182109],[12.61521156650488,46.181335823819545],[12.615234906764725,46.1807962887419],[12.616012914404372,46.18081252514583],[12.615966248411285,46.181891595848846],[12.615188225577507,46.18187535883691],[12.615164883982587,46.18241489379399],[12.61672094551447,46.18244736313515],[12.616790922713497,46.18082875625934],[12.617568931691883,46.180844982082384],[12.617615564629164,46.179765909922864],[12.616837570844135,46.17974968470738],[12.61780206970799,46.175449618873884],[12.62093708823106,46.17497491925439],[12.620890528053076,46.176053994926704],[12.624002307886983,46.17611874975363],[12.623955805808437,46.1771978276098],[12.624733767625935,46.17721400369812],[12.624710523184943,46.17775354283875],[12.626266464011955,46.1777858797512],[12.627090878068744,46.17672296011497],[12.627868834957042,46.17673911474127],[12.627845621562958,46.17727865515256],[12.629401552528648,46.17731094914031],[12.629424750731506,46.17677140812438],[12.630202709617231,46.17678754688119],[12.630225899561246,46.176248005502906],[12.629447948270949,46.176231867048266],[12.629494341359695,46.17515278471549],[12.630272277459778,46.17516892256582],[12.630295465414346,46.17462938100701],[12.629517536909045,46.174613243458836],[12.629540731795077,46.174073702141975],[12.627961681895156,46.17458095249413],[12.628008101381612,46.17350187100939],[12.626475503344711,46.17293001986923],[12.626521949223909,46.1718509392332],[12.627299837095721,46.171867096426496],[12.627276622081773,46.172406637077124],[12.628832415010562,46.172438936201644],[12.628855614837232,46.171899394946294],[12.62807772563357,46.17188324833085],[12.628124138483333,46.17080416624419],[12.6296798871829,46.1708364529771],[12.62963350470649,46.17191553627279],[12.630411395241131,46.17193167231033],[12.629587119577279,46.17299461932774],[12.631142931686997,46.17302688732214],[12.631003851516894,46.17626413866779],[12.631781804137676,46.176280266542896],[12.631804978228015,46.175740724500415],[12.633360870273517,46.17577296377768],[12.633337711373773,46.176312506423784],[12.634115665988656,46.17632861842952],[12.634069361393546,46.17740770414459],[12.634847331864055,46.177423811463676],[12.634777892793991,46.179042440489944],[12.63399989953481,46.1790263322661],[12.634046208102802,46.17794724691193],[12.63326823070062,46.17793113400116],[12.633245069151517,46.17847067640663],[12.631689101148698,46.17843843411115],[12.63164274567731,46.179517517534265],[12.628530756882197,46.17945296704416],[12.627706327256378,46.18051589635625],[12.626150307798998,46.18048357757837],[12.625325816739702,46.18154648835772],[12.622991748972417,46.18149795282347],[12.622968484017845,46.182037490876404],[12.62141242698227,46.182005106794044],[12.621389146167132,46.1825446441804],[12.620611111053684,46.18252844389983],[12.620587821974937,46.18306798092263],[12.619031738557519,46.183035563882136],[12.61900843361678,46.18357510023773],[12.61667429071279,46.18352643408428],[12.616650962311184,46.184065969468435],[12.613515391290948,46.184540540081976],[12.613492031161048,46.18508007412922],[12.612713964749988,46.18506381941953],[12.612690596353342,46.18560335310214],[12.61191252301423,46.18558709279684],[12.611889146350407,46.186126626114685],[12.611111066083284,46.18611036021358],[12.611087681151847,46.186649893166546],[12.609508106634287,46.187156877164156]],[[12.618300320928899,46.18194027514082],[12.619856372618706,46.18197270154881],[12.619926256651985,46.18035409084835],[12.618346941339313,46.180861202614985],[12.618300320928899,46.18194027514082]],[[12.619949549997356,46.17981455382769],[12.620727546457063,46.17983075788205],[12.620750831539832,46.179291220497745],[12.619972842676573,46.179275016746764],[12.619949549997356,46.17981455382769]],[[12.623061539844079,46.17987933830326],[12.623839538974986,46.17989552119633],[12.623862793671723,46.179355982599475],[12.623084802137358,46.179339800009394],[12.623061539844079,46.17987933830326]],[[12.623862793671723,46.179355982599475],[12.624640785873321,46.1793721598993],[12.624687278079193,46.17829308191914],[12.623909301070078,46.17827690522509],[12.623862793671723,46.179355982599475]],[[12.61848678657207,46.177623983591076],[12.620820682792747,46.177672607983354],[12.620843965212002,46.17713307035805],[12.618510091777999,46.17708444687616],[12.61848678657207,46.177623983591076]],[[12.630156327739599,46.17786662945721],[12.630934302482263,46.177882763528316],[12.630980669168336,46.17680368034814],[12.630202709617231,46.17678754688119],[12.630156327739599,46.17786662945721]]]},"properties":{"nbr_class":"sana","color":"#1a9641"}},{"type":"Feature","geometry":{"type":"Polygon","coordinates":[[[12.616432788253524,46.17110087796755],[12.616456108242039,46.17056134144052],[12.61723397224971,46.1705775667811],[12.617210659854061,46.171117103611905],[12.616432788253524,46.17110087796755]]]},"properties":{"nbr_class":"stress","color":"#ffffbf"}},{"type":"Feature","geometry":{"type":"Polygon","coordinates":[[[12.621877903495186,46.17121434641566],[12.62190117033316,46.170674807764215],[12.62267903901794,46.170690996084566],[12.622655779772996,46.17123053503911],[12.621877903495186,46.17121434641566]]]},"properties":{"nbr_class":"stress","color":"#ffffbf"}},{"type":"Feature","geometry":{"type":"Polygon","coordinates":[[[12.654549279224378,46.17188971485301],[12.654572227134839,46.17135016355674],[12.65535012365863,46.17136612974371],[12.655327183342187,46.171905681338906],[12.654549279224378,46.17188971485301]]]},"properties":{"nbr_class":"stress","color":"#ffffbf"}},{"type":"Feature","geometry":{"type":"Polygon","coordinates":[[[12.655327183342187,46.171905681338906],[12.65535012365863,46.17136612974371],[12.656128020840583,46.17138209064152],[12.656105088118178,46.17192164253558],[12.655327183342187,46.171905681338906]]]},"properties":{"nbr_class":"degradata","color":"#fdae61"}},{"type":"Feature","geometry":{"type":"Polygon","coordinates":[[[12.62343365671812,46.17124671837382],[12.624258021783298,46.17018381723867],[12.625813748636135,46.17021615625324],[12.625767291555194,46.1712952366453],[12.62343365671812,46.17124671837382]]]},"properties":{"nbr_class":"sana","color":"#1a9641"}},{"type":"Feature","geometry":{"type":"Polygon","coordinates":[[[12.596231879506854,46.17013762633707],[12.596255396229,46.16959809768272],[12.597033235179303,46.169614460215556],[12.597009726049187,46.17015398917626],[12.596231879506854,46.17013762633707]]]},"properties":{"nbr_class":"moderata","color":"#a6d96a"}},{"type":"Feature","geometry":{"type":"Polygon","coordinates":[[[12.616456108242039,46.17056134144052],[12.616479427563716,46.170021804853214],[12.617257283978743,46.17003802989001],[12.61723397224971,46.1705775667811],[12.616456108242039,46.17056134144052]]]},"properties":{"nbr_class":"moderata","color":"#a6d96a"}},{"type":"Feature","geometry":{"type":"Polygon","coordinates":[[[12.653794331269426,46.17133419208065],[12.653817286117441,46.170794641023434],[12.654595174389078,46.17081061220048],[12.654572227134839,46.17135016355674],[12.653794331269426,46.17133419208065]]]},"properties":{"nbr_class":"stress","color":"#ffffbf"}},{"type":"Feature","geometry":{"type":"Polygon","coordinates":[[[12.654572227134839,46.17135016355674],[12.654595174389078,46.17081061220048],[12.65537306331907,46.17082657808852],[12.65535012365863,46.17136612974371],[12.654572227134839,46.17135016355674]]]},"properties":{"nbr_class":"degradata","color":"#fdae61"}},{"type":"Feature","geometry":{"type":"Polygon","coordinates":[[[12.621924436505811,46.17013526905254],[12.62194770201317,46.169595730280605],[12.622725555512542,46.16961191799479],[12.622702297597781,46.1701514570698],[12.621924436505811,46.17013526905254]]]},"properties":{"nbr_class":"stress","color":"#ffffbf"}},{"type":"Feature","geometry":{"type":"Polygon","coordinates":[[[12.644482678288554,46.17060257435858],[12.644505723601048,46.170063026837425],[12.646839343867104,46.17011111400394],[12.646816321334516,46.17065066242545],[12.644482678288554,46.17060257435858]]]},"properties":{"nbr_class":"sana","color":"#1a9641"}},{"type":"Feature","geometry":{"type":"Polygon","coordinates":[[[12.653039398504374,46.17077866455736],[12.653062360289512,46.17023911373928],[12.654618120987118,46.17027106078425],[12.654595174389078,46.17081061220048],[12.653039398504374,46.17077866455736]]]},"properties":{"nbr_class":"degradata","color":"#fdae61"}},{"type":"Feature","geometry":{"type":"Polygon","coordinates":[[[12.65692884315325,46.17085849399744],[12.65695176697047,46.1703189416847],[12.657729650280569,46.170334891406924],[12.657706734057001,46.17087444401831],[12.65692884315325,46.17085849399744]]]},"properties":{"nbr_class":"moderata","color":"#a6d96a"}},{"type":"Feature","geometry":{"type":"Polygon","coordinates":[[[12.620298870252636,46.171721491287286],[12.62041527704379,46.16902380076122],[12.621970966855253,46.16905619144845],[12.62190117033316,46.170674807764215],[12.621123302315883,46.17065861415522],[12.621076752788367,46.171737690791495],[12.620298870252636,46.171721491287286]]]},"properties":{"nbr_class":"moderata","color":"#a6d96a"}},{"type":"Feature","geometry":{"type":"Polygon","coordinates":[[[12.626614833013686,46.169692777238716],[12.62663805230114,46.16915323658957],[12.627415902208181,46.16916939227039],[12.627392690513249,46.169708933222],[12.626614833013686,46.169692777238716]]]},"properties":{"nbr_class":"sana","color":"#1a9641"}},{"type":"Feature","geometry":{"type":"Polygon","coordinates":[[[12.64132501013439,46.17161747535018],[12.64134808713955,46.17107792915105],[12.640570202499815,46.17106186776154],[12.640616369716987,46.16998277578444],[12.641394239170182,46.169998836572525],[12.641440388561387,46.16891974375364],[12.642218243490888,46.16893579865179],[12.642102903029814,46.17163353175138],[12.64132501013439,46.17161747535018]]]},"properties":{"nbr_class":"stress","color":"#ffffbf"}},{"type":"Feature","geometry":{"type":"Polygon","coordinates":[[[12.621970966855253,46.16905619144845],[12.621994231032089,46.16851665255605],[12.622772069346919,46.168532839664095],[12.622748812762246,46.16907237885957],[12.621970966855253,46.16905619144845]]]},"properties":{"nbr_class":"moderata","color":"#a6d96a"}},{"type":"Feature","geometry":{"type":"Polygon","coordinates":[[[12.6522615115501,46.17076268280227],[12.652307449650575,46.16968358170455],[12.649973838302802,46.16963560650189],[12.650019819333622,46.16855650696059],[12.650797673937754,46.16857250338456],[12.650774691343852,46.16911205348473],[12.653108281889988,46.16916001192308],[12.653039398504374,46.17077866455736],[12.6522615115501,46.17076268280227]]]},"properties":{"nbr_class":"stress","color":"#ffffbf"}},{"type":"Feature","geometry":{"type":"Polygon","coordinates":[[[12.624327747977947,46.16856519801539],[12.624350988713648,46.16802565815388],[12.625128821437393,46.16804182909435],[12.62510558829371,46.16858136925864],[12.624327747977947,46.16856519801539]]]},"properties":{"nbr_class":"stress","color":"#ffffbf"}},{"type":"Feature","geometry":{"type":"Polygon","coordinates":[[[12.65155255420015,46.169128044919546],[12.651575529201237,46.168588494519966],[12.652353385123847,46.168604480366774],[12.6523304177156,46.16914403106568],[12.65155255420015,46.169128044919546]]]},"properties":{"nbr_class":"degradata","color":"#fdae61"}},{"type":"Feature","geometry":{"type":"Polygon","coordinates":[[[12.632860870190907,46.16928233395954],[12.632884028075312,46.168742790833164],[12.632106181103904,46.16872667247335],[12.63293034185757,46.167663704399935],[12.633708174309012,46.16767981686798],[12.633685025341029,46.16821936041636],[12.635217572974886,46.16879111418212],[12.635194437868032,46.16933065821325],[12.632860870190907,46.16928233395954]]]},"properties":{"nbr_class":"sana","color":"#1a9641"}},{"type":"Feature","geometry":{"type":"Polygon","coordinates":[[[12.625128821437393,46.16804182909435],[12.625152053916741,46.16750228886984],[12.62592987971518,46.167518454219454],[12.625906654827656,46.16805799474663],[12.625128821437393,46.16804182909435]]]},"properties":{"nbr_class":"stress","color":"#ffffbf"}},{"type":"Feature","geometry":{"type":"Polygon","coordinates":[[[12.649241965389056,46.16854050524804],[12.6492649625109,46.16800095568694],[12.650042808862915,46.16801695709988],[12.650019819333622,46.16855650696059],[12.649241965389056,46.16854050524804]]]},"properties":{"nbr_class":"stress","color":"#ffffbf"}},{"type":"Feature","geometry":{"type":"Polygon","coordinates":[[[12.59319113933662,46.168453539632715],[12.5932382288037,46.16737448435359],[12.592460423594302,46.16735809660746],[12.592483974908834,46.16681856918401],[12.593261772527407,46.16683495662333],[12.593285315577925,46.16629542883264],[12.594840897659772,46.166328187235145],[12.594817369790544,46.166867715639164],[12.594039570821383,46.166851338775054],[12.594016034688524,46.167390866812035],[12.59479384124856,46.167407243982744],[12.594746782146222,46.16848630048858],[12.59319113933662,46.168453539632715]]]},"properties":{"nbr_class":"moderata","color":"#a6d96a"}},{"type":"Feature","geometry":{"type":"Polygon","coordinates":[[[12.655418940672028,46.16974747459819],[12.65546481540125,46.16866837086792],[12.65468695684429,46.16865240617557],[12.654732844135177,46.16757330280315],[12.65626560340428,46.16814477801768],[12.656196815073162,46.16976343459952],[12.655418940672028,46.16974747459819]]]},"properties":{"nbr_class":"moderata","color":"#a6d96a"}},{"type":"Feature","geometry":{"type":"Polygon","coordinates":[[[12.633708174309012,46.16767981686798],[12.633731322615064,46.16714027325948],[12.634509148138743,46.16715638013774],[12.634486007424558,46.16769592404781],[12.633708174309012,46.16767981686798]]]},"properties":{"nbr_class":"sana","color":"#1a9641"}},{"type":"Feature","geometry":{"type":"Polygon","coordinates":[[[12.646153583702603,46.167936897150724],[12.646176610535964,46.16739734872897],[12.648510120875205,46.1674453996641],[12.648487116818645,46.16798494898554],[12.646153583702603,46.167936897150724]]]},"properties":{"nbr_class":"stress","color":"#ffffbf"}},{"type":"Feature","geometry":{"type":"Polygon","coordinates":[[[12.626730922811694,46.166995073391035],[12.626754138779638,46.1664555324409],[12.627531950727322,46.166471686609384],[12.627508742350818,46.16701122786198],[12.626730922811694,46.166995073391035]]]},"properties":{"nbr_class":"moderata","color":"#a6d96a"}},{"type":"Feature","geometry":{"type":"Polygon","coordinates":[[[12.63606480117748,46.16718857802984],[12.636087926046603,46.16664903345679],[12.636865745969503,46.166665124169334],[12.636842628692097,46.16720466904366],[12.63606480117748,46.16718857802984]]]},"properties":{"nbr_class":"sana","color":"#1a9641"}},{"type":"Feature","geometry":{"type":"Polygon","coordinates":[[[12.643843106142164,46.16734925019903],[12.643866155093022,46.16680970261774],[12.646199636710882,46.16685780024714],[12.646176610535964,46.16739734872897],[12.643843106142164,46.16734925019903]]]},"properties":{"nbr_class":"stress","color":"#ffffbf"}},{"type":"Feature","geometry":{"type":"Polygon","coordinates":[[[12.646176610535964,46.16739734872897],[12.646199636710882,46.16685780024714],[12.647755294426057,46.16688983889237],[12.647732283435214,46.16742938797406],[12.646176610535964,46.16739734872897]]]},"properties":{"nbr_class":"degradata","color":"#fdae61"}},{"type":"Feature","geometry":{"type":"Polygon","coordinates":[[[12.653955001421648,46.16755733342018],[12.653977951675254,46.16701778194299],[12.654755786796521,46.16703375102697],[12.654732844135177,46.16757330280315],[12.653955001421648,46.16755733342018]]]},"properties":{"nbr_class":"moderata","color":"#a6d96a"}},{"type":"Feature","geometry":{"type":"Polygon","coordinates":[[[12.628170548678751,46.16972508391677],[12.62821695622001,46.16864600134859],[12.626684488884221,46.1680741551107],[12.626730922811694,46.166995073391035],[12.627508742350818,46.16701122786198],[12.627531950727322,46.166471686609384],[12.629087576619863,46.166503979082556],[12.629110769150238,46.16596443716517],[12.63144419020477,46.16601283530909],[12.631374678947871,46.167631463599214],[12.63059684849005,46.167615335266575],[12.6297262670067,46.1697573694407],[12.628170548678751,46.16972508391677]]]},"properties":{"nbr_class":"sana","color":"#1a9641"}},{"type":"Feature","geometry":{"type":"Polygon","coordinates":[[[12.591729736197593,46.16626264928011],[12.591776850640239,46.16518359474471],[12.592554624812085,46.165199986550945],[12.592507525549959,46.166279041700115],[12.591729736197593,46.16626264928011]]]},"properties":{"nbr_class":"moderata","color":"#a6d96a"}},{"type":"Feature","geometry":{"type":"Polygon","coordinates":[[[12.626754138779638,46.1664555324409],[12.626777354083748,46.16591599143056],[12.627555158440211,46.165932145296594],[12.627531950727322,46.166471686609384],[12.626754138779638,46.1664555324409]]]},"properties":{"nbr_class":"stress","color":"#ffffbf"}},{"type":"Feature","geometry":{"type":"Polygon","coordinates":[[[12.640754855527486,46.16674549841081],[12.640777934186,46.16620595197154],[12.642333567462115,46.16623806405008],[12.642310503986918,46.16677761109059],[12.640754855527486,46.16674549841081]]]},"properties":{"nbr_class":"stress","color":"#ffffbf"}},{"type":"Feature","geometry":{"type":"Polygon","coordinates":[[[12.627555158440211,46.165932145296594],[12.627578365489509,46.16539260392361],[12.628356162920715,46.16540875219948],[12.628332963462446,46.165948293874806],[12.627555158440211,46.165932145296594]]]},"properties":{"nbr_class":"stress","color":"#ffffbf"}},{"type":"Feature","geometry":{"type":"Polygon","coordinates":[[[12.633777617241478,46.16606118586201],[12.633800763561885,46.16552164207305],[12.640023204130959,46.165650341801616],[12.64000011854095,46.16618988800023],[12.633777617241478,46.16606118586201]]]},"properties":{"nbr_class":"stress","color":"#ffffbf"}},{"type":"Feature","geometry":{"type":"Polygon","coordinates":[[[12.653223074401765,46.16646225633257],[12.653246030934694,46.16592270503446],[12.654023850213731,46.165938678808594],[12.654000901272605,46.16647823040578],[12.653223074401765,46.16646225633257]]]},"properties":{"nbr_class":"moderata","color":"#a6d96a"}},{"type":"Feature","geometry":{"type":"Polygon","coordinates":[[[12.613585467672136,46.18292193757843],[12.61367889349474,46.18076380006276],[12.614456899794776,46.180780047047534],[12.614503593505201,46.179700977319506],[12.612169622195061,46.179652222319724],[12.61219299083746,46.17911268827809],[12.614526939358896,46.17916144236506],[12.614550284544942,46.178621907350305],[12.615328261129328,46.178638147828345],[12.615351598051902,46.17809861244925],[12.613795660744621,46.178066126811366],[12.613819012191051,46.1775265919802],[12.614596972914184,46.177542837139924],[12.61473702200083,46.174305625061685],[12.613959106846798,46.17428938172678],[12.61398245361917,46.173749846473484],[12.615538269408656,46.17378232724594],[12.615561600325625,46.17324279132423],[12.616339501630636,46.17325902347284],[12.61629285431756,46.17433809586381],[12.617070771479828,46.174354323331],[12.61709408787569,46.17381478686183],[12.619427820592845,46.17386343661695],[12.619474405820997,46.172784361676115],[12.62025230287574,46.172800567075946],[12.6202755868971,46.17226102921175],[12.621053477026246,46.17227722901925],[12.621076752788367,46.171737690791495],[12.621854635991872,46.17175388500687],[12.62267903901794,46.170690996084566],[12.623456908370011,46.17070717911628],[12.623480159357015,46.170167639798514],[12.622702297597781,46.1701514570698],[12.622748812762246,46.16907237885957],[12.62352665933646,46.16908856098232],[12.623549908328947,46.168549021483884],[12.62510558829371,46.16858136925864],[12.625128821437393,46.16804182909435],[12.625906654827656,46.16805799474663],[12.625953103938608,46.16697891363208],[12.626730922811694,46.166995073391035],[12.626684488884221,46.1680741551107],[12.62821695622001,46.16864600134859],[12.628170548678751,46.16972508391677],[12.6297262670067,46.1697573694407],[12.629772644178068,46.16867828566359],[12.630550489155063,46.16869441988855],[12.63059684849005,46.167615335266575],[12.631374678947871,46.167631463599214],[12.63144419020477,46.16601283530909],[12.629110769150238,46.16596443716517],[12.629087576619863,46.166503979082556],[12.627531950727322,46.166471686609384],[12.627555158440211,46.165932145296594],[12.629133961017454,46.165424895187606],[12.629157152221534,46.16488535314985],[12.630712735228995,46.164917622658635],[12.630689559206656,46.165457165300566],[12.633800763561885,46.16552164207305],[12.633777617241478,46.16606118586201],[12.640777934186,46.16620595197154],[12.640754855527486,46.16674549841081],[12.643866155093022,46.16680970261774],[12.643843106142164,46.16734925019903],[12.646176610535964,46.16739734872897],[12.646153583702603,46.167936897150724],[12.6492649625109,46.16800095568694],[12.649241965389056,46.16854050524804],[12.650019819333622,46.16855650696059],[12.649973838302802,46.16963560650189],[12.652307449650575,46.16968358170455],[12.6522615115501,46.17076268280227],[12.653817286117441,46.170794641023434],[12.653794331269426,46.17133419208065],[12.654572227134839,46.17135016355674],[12.654549279224378,46.17188971485301],[12.655327183342187,46.171905681338906],[12.656059220705915,46.1730007461437],[12.656837141328651,46.17301670264863],[12.656814214233457,46.17355625466148],[12.65603628601601,46.1735402978578],[12.655990414668532,46.174619401106035],[12.654434529827949,46.174587470434375],[12.65436567231395,46.17620612306326],[12.653587708094799,46.176190148895586],[12.65361066885159,46.17565059837838],[12.64660908891204,46.17550659551667],[12.64658605979476,46.176046143337665],[12.645808102173447,46.17603011627043],[12.64578506480186,46.17656966373129],[12.64422913635104,46.17653759312673],[12.644206083128834,46.17707713992704],[12.640316235601713,46.176996869338524],[12.640293143740085,46.17753641457583],[12.639515168625481,46.17752034428718],[12.63869097808411,46.17858335779897],[12.636357013130324,46.17853509751513],[12.63633388130463,46.179074641066634],[12.634777892793991,46.179042440489944],[12.634847331864055,46.177423811463676],[12.634069361393546,46.17740770414459],[12.634115665988656,46.17632861842952],[12.633337711373773,46.176312506423784],[12.633360870273517,46.17577296377768],[12.631804978228015,46.175740724500415],[12.631781804137676,46.176280266542896],[12.631003851516894,46.17626413866779],[12.631142931686997,46.17302688732214],[12.629587119577279,46.17299461932774],[12.629610312473497,46.17245507783036],[12.630388210601835,46.17247121417],[12.630411395241131,46.17193167231033],[12.62963350470649,46.17191553627279],[12.6296798871829,46.1708364529771],[12.628124138483333,46.17080416624419],[12.62807772563357,46.17188324833085],[12.628855614837232,46.171899394946294],[12.628832415010562,46.172438936201644],[12.627276622081773,46.172406637077124],[12.627299837095721,46.171867096426496],[12.626521949223909,46.1718509392332],[12.626475503344711,46.17293001986923],[12.628008101381612,46.17350187100939],[12.627961681895156,46.17458095249413],[12.628739609069244,46.1745971006212],[12.628762811549818,46.17405755960658],[12.630295465414346,46.17462938100701],[12.630272277459778,46.17516892256582],[12.629494341359695,46.17515278471549],[12.629447948270949,46.176231867048266],[12.630225899561246,46.176248005502906],[12.630202709617231,46.17678754688119],[12.629424750731506,46.17677140812438],[12.629401552528648,46.17731094914031],[12.627845621562958,46.17727865515256],[12.627868834957042,46.17673911474127],[12.627090878068744,46.17672296011497],[12.626266464011955,46.1777858797512],[12.624710523184943,46.17775354283875],[12.624733767625935,46.17721400369812],[12.623955805808437,46.1771978276098],[12.624002307886983,46.17611874975363],[12.620890528053076,46.176053994926704],[12.62093708823106,46.17497491925439],[12.61780206970799,46.175449618873884],[12.617708822502255,46.177607764880555],[12.616930859101343,46.17759154088016],[12.616837570844135,46.17974968470738],[12.617615564629164,46.179765909922864],[12.617568931691883,46.180844982082384],[12.616790922713497,46.18082875625934],[12.61672094551447,46.18244736313515],[12.615164883982587,46.18241489379399],[12.615188225577507,46.18187535883691],[12.615966248411285,46.181891595848846],[12.616012914404372,46.18081252514583],[12.615234906764725,46.1807962887419],[12.61521156650488,46.181335823819545],[12.614433551937998,46.18131958182109],[12.61436350436111,46.18293818578001],[12.613585467672136,46.18292193757843]],[[12.615351598051902,46.17809861244925],[12.616129567710017,46.178114847333276],[12.616152896369547,46.17757531158992],[12.615374934307088,46.17755907700984],[12.615351598051902,46.17809861244925]],[[12.636380144294485,46.1779955539035],[12.637936105074386,46.17802773211384],[12.637959220384863,46.17748818783959],[12.636426404638307,46.17691646649982],[12.636380144294485,46.1779955539035]],[[12.615398269894918,46.17701954151014],[12.616954179498268,46.177052004772655],[12.617024136687723,46.17543339608849],[12.616246204336482,46.17541716801363],[12.61629285431756,46.17433809586381],[12.61551493782449,46.17432186310736],[12.61544493906859,46.175940470329905],[12.616222878345381,46.17595670399813],[12.615398269894918,46.17701954151014]],[[12.624733767625935,46.17721400369812],[12.625511730110352,46.17723017449657],[12.62555820180735,46.176151095429155],[12.624780254513729,46.17613492523623],[12.624733767625935,46.17721400369812]],[[12.626336149767628,46.17616726033239],[12.627114098394344,46.176183419945936],[12.627137318055903,46.1756438797167],[12.62635937702431,46.17562772040572],[12.626336149767628,46.17616726033239]],[[12.636449533818016,46.176376922707796],[12.638028562350069,46.17586955465617],[12.638074787021928,46.17479046556662],[12.636495790193136,46.17529783494335],[12.636449533818016,46.176376922707796]],[[12.633407186086183,46.17469387830503],[12.634185117915711,46.17470998940579],[12.634208267233998,46.17417044627758],[12.63343034299915,46.17415433547846],[12.633407186086183,46.17469387830503]],[[12.643520351615031,46.17490291002924],[12.645076233170588,46.1749349894118],[12.645168401177912,46.17277679968797],[12.644390490448199,46.172760763842525],[12.64432134264739,46.17437940532474],[12.643543409795281,46.17436336328898],[12.643520351615031,46.17490291002924]],[[12.631874496522835,46.174122098012006],[12.63343034299915,46.17415433547846],[12.633453499249908,46.17361479259174],[12.631897667962456,46.17358255572887],[12.631874496522835,46.174122098012006]],[[12.624118551447914,46.17342105405925],[12.624896460101578,46.17343722802765],[12.62491969922534,46.17289768840529],[12.624141798165644,46.1728815147397],[12.624118551447914,46.17342105405925]],[[12.622585998047313,46.17284915154133],[12.623363897772894,46.17286533578505],[12.624188289606831,46.171802435919965],[12.622632519862925,46.171770073933416],[12.622585998047313,46.17284915154133]],[[12.631142931686997,46.17302688732214],[12.631920838739454,46.17304301338559],[12.63196717830568,46.1719639285185],[12.631189286440932,46.171947803058906],[12.631142931686997,46.17302688732214]],[[12.633476654838477,46.17307524964489],[12.634254563884607,46.17309135984073],[12.634324003895975,46.17147272973439],[12.633546117631294,46.17145662044341],[12.633476654838477,46.17307524964489]],[[12.62343365671812,46.17124671837382],[12.625767291555194,46.1712952366453],[12.625813748636135,46.17021615625324],[12.624258021783298,46.17018381723867],[12.62343365671812,46.17124671837382]],[[12.64132501013439,46.17161747535018],[12.642102903029814,46.17163353175138],[12.642218243490888,46.16893579865179],[12.641440388561387,46.16891974375364],[12.641394239170182,46.169998836572525],[12.640616369716987,46.16998277578444],[12.640570202499815,46.17106186776154],[12.64134808713955,46.17107792915105],[12.64132501013439,46.17161747535018]],[[12.644482678288554,46.17060257435858],[12.646816321334516,46.17065066242545],[12.646839343867104,46.17011111400394],[12.644505723601048,46.170063026837425],[12.644482678288554,46.17060257435858]],[[12.626614833013686,46.169692777238716],[12.627392690513249,46.169708933222],[12.627415902208181,46.16916939227039],[12.62663805230114,46.16915323658957],[12.626614833013686,46.169692777238716]],[[12.632860870190907,46.16928233395954],[12.635194437868032,46.16933065821325],[12.635217572974886,46.16879111418212],[12.63443972401102,46.16877501168756],[12.633708174309012,46.16767981686798],[12.63293034185757,46.167663704399935],[12.632907185297526,46.16820324764663],[12.63212934591837,46.168187129588595],[12.632860870190907,46.16928233395954]],[[12.633708174309012,46.16767981686798],[12.634486007424558,46.16769592404781],[12.634509148138743,46.16715638013774],[12.633731322615064,46.16714027325948],[12.633708174309012,46.16767981686798]],[[12.63606480117748,46.16718857802984],[12.636842628692097,46.16720466904366],[12.636865745969503,46.166665124169334],[12.636087926046603,46.16664903345679],[12.63606480117748,46.16718857802984]]]},"properties":{"nbr_class":"moderata","color":"#a6d96a"}},{"type":"Feature","geometry":{"type":"Polygon","coordinates":[[[12.628356162920715,46.16540875219948],[12.628379361715632,46.164869210463955],[12.629157152221534,46.16488535314985],[12.629133961017454,46.165424895187606],[12.628356162920715,46.16540875219948]]]},"properties":{"nbr_class":"stress","color":"#ffffbf"}},{"type":"Feature","geometry":{"type":"Polygon","coordinates":[[[12.630689559206656,46.165457165300566],[12.630712735228995,46.164917622658635],[12.633823909220455,46.164982098223945],[12.633800763561885,46.16552164207305],[12.630689559206656,46.165457165300566]]]},"properties":{"nbr_class":"stress","color":"#ffffbf"}},{"type":"Feature","geometry":{"type":"Polygon","coordinates":[[[12.642356630277838,46.165698516949476],[12.642379692434105,46.165158969788806],[12.640046289060864,46.165110795542915],[12.64006937333069,46.164571249224096],[12.650180732234485,46.16477965667519],[12.650157746649128,46.16531920689603],[12.643157494882004,46.16517501729508],[12.643134440316997,46.16571456475621],[12.642356630277838,46.165698516949476]]]},"properties":{"nbr_class":"moderata","color":"#a6d96a"}},{"type":"Feature","geometry":{"type":"Polygon","coordinates":[[[12.661802079178132,46.166098125700934],[12.661870694319413,46.16447946159358],[12.662648498053597,46.16449537630371],[12.662579905687197,46.16611404130501],[12.661802079178132,46.166098125700934]]]},"properties":{"nbr_class":"sana","color":"#1a9641"}},{"type":"Feature","geometry":{"type":"Polygon","coordinates":[[[12.59418077348692,46.16361416928385],[12.594204304909463,46.16307464082376],[12.595759797262488,46.16310738497273],[12.595736281018684,46.16364691404589],[12.59418077348692,46.16361416928385]]]},"properties":{"nbr_class":"moderata","color":"#a6d96a"}},{"type":"Feature","geometry":{"type":"Polygon","coordinates":[[[12.624397468191418,46.16694657825016],[12.62451365525742,46.164248877437046],[12.623735876338301,46.16423270332829],[12.623759119348508,46.163693163287824],[12.625314662672766,46.16372550561231],[12.625291434843106,46.16426504625831],[12.626846996013326,46.16429736803833],[12.626870208662346,46.16375782678719],[12.627647982656086,46.1637739794435],[12.627601571875237,46.16485306249043],[12.62682378270057,46.16483690922927],[12.62680056872405,46.16537645036002],[12.62522174736901,46.165883667835026],[12.625175285731778,46.166962748585114],[12.624397468191418,46.16694657825016]]]},"properties":{"nbr_class":"moderata","color":"#a6d96a"}},{"type":"Feature","geometry":{"type":"Polygon","coordinates":[[[12.652468212314234,46.16590672597221],[12.652491175782306,46.165367174913264],[12.650935555701054,46.165335201523106],[12.6502037171626,46.16424010639431],[12.653314896595042,46.16430405078012],[12.653337850502425,46.16376449924199],[12.65411563941641,46.163780471819855],[12.654069746127387,46.164859575434214],[12.653291942031307,46.16484360225822],[12.653246030934694,46.16592270503446],[12.652468212314234,46.16590672597221]]]},"properties":{"nbr_class":"moderata","color":"#a6d96a"}},{"type":"Feature","geometry":{"type":"Polygon","coordinates":[[[12.634624841784806,46.16445865968519],[12.634647978529209,46.16391911541425],[12.633092419239098,46.1638868999888],[12.63311557050263,46.163347356260886],[12.635448887662434,46.16339567056318],[12.635402630016143,46.16447475976805],[12.634624841784806,46.16445865968519]]]},"properties":{"nbr_class":"moderata","color":"#a6d96a"}},{"type":"Feature","geometry":{"type":"Polygon","coordinates":[[[12.661870694319413,46.16447946159358],[12.661916434477048,46.16340035188901],[12.662694223029062,46.163416266003196],[12.662648498053597,46.16449537630371],[12.661870694319413,46.16447946159358]]]},"properties":{"nbr_class":"moderata","color":"#a6d96a"}},{"type":"Feature","geometry":{"type":"Polygon","coordinates":[[[12.62844895412051,46.163250584896296],[12.628472150262256,46.16271104292003],[12.629249910406982,46.16272718439703],[12.629226721855204,46.1632667266755],[12.62844895412051,46.163250584896296]]]},"properties":{"nbr_class":"moderata","color":"#a6d96a"}},{"type":"Feature","geometry":{"type":"Polygon","coordinates":[[[12.654847550881781,46.164875543322275],[12.654870490263185,46.16433599124612],[12.655648288084475,46.16435195354738],[12.654916367058258,46.16325688691388],[12.656471932995148,46.16328880503328],[12.656449010107119,46.163828357827015],[12.657226801652875,46.16384430925388],[12.656403162364647,46.16490746323455],[12.654847550881781,46.164875543322275]]]},"properties":{"nbr_class":"moderata","color":"#a6d96a"}},{"type":"Feature","geometry":{"type":"Polygon","coordinates":[[[12.636958208469192,46.1645069440708],[12.63698132244175,46.16396739889585],[12.63620354047421,46.16395130968955],[12.636272901197197,46.162332674707656],[12.63782842025405,46.16236484602563],[12.637735998690468,46.16452302829065],[12.636958208469192,46.1645069440708]]]},"properties":{"nbr_class":"moderata","color":"#a6d96a"}},{"type":"Feature","geometry":{"type":"Polygon","coordinates":[[[12.662648498053597,46.16449537630371],[12.66271708453622,46.16287671076305],[12.663494866153307,46.16289261929161],[12.663426302443682,46.16451128572587],[12.662648498053597,46.16449537630371]]]},"properties":{"nbr_class":"sana","color":"#1a9641"}},{"type":"Feature","geometry":{"type":"Polygon","coordinates":[[[12.638583083966877,46.16292046971114],[12.63860618077676,46.16238092375368],[12.639383941962036,46.16239699619443],[12.639360852742213,46.16293654245282],[12.638583083966877,46.16292046971114]]]},"properties":{"nbr_class":"moderata","color":"#a6d96a"}},{"type":"Feature","geometry":{"type":"Polygon","coordinates":[[[12.658027501562414,46.16332070200201],[12.658050408613786,46.1627811485511],[12.65882818629262,46.16279708880547],[12.658805286831893,46.163336642554846],[12.658027501562414,46.16332070200201]]]},"properties":{"nbr_class":"stress","color":"#ffffbf"}},{"type":"Feature","geometry":{"type":"Polygon","coordinates":[[[12.63238411516518,46.162252153885746],[12.632407272032562,46.16171261027909],[12.633185020321571,46.16172872471622],[12.633161871043844,46.162268268624594],[12.63238411516518,46.162252153885746]]]},"properties":{"nbr_class":"moderata","color":"#a6d96a"}},{"type":"Feature","geometry":{"type":"Polygon","coordinates":[[[12.657272631592088,46.16276520300913],[12.657295545578883,46.162225649796795],[12.658073315010178,46.162241595040236],[12.658050408613786,46.1627811485511],[12.657272631592088,46.16276520300913]]]},"properties":{"nbr_class":"stress","color":"#ffffbf"}},{"type":"Feature","geometry":{"type":"Polygon","coordinates":[[[12.656471932995148,46.16328880503328],[12.65649485522774,46.16274925217957],[12.655717079520963,46.16273329606244],[12.655762937200421,46.16165419077257],[12.6565406977267,46.16167014629222],[12.656517776804916,46.162209699265894],[12.658050408613786,46.1627811485511],[12.658027501562414,46.16332070200201],[12.656471932995148,46.16328880503328]]]},"properties":{"nbr_class":"moderata","color":"#a6d96a"}},{"type":"Feature","geometry":{"type":"Polygon","coordinates":[[[12.629249910406982,46.16272718439703],[12.629273098295739,46.16218764205836],[12.627717593851187,46.16215535442165],[12.627740796256003,46.161615812627325],[12.629296285521503,46.16164809965952],[12.6293194720843,46.1611085572005],[12.630898119553258,46.160601279357074],[12.631629524407833,46.16169649055483],[12.630851777447603,46.16168036554348],[12.630805432691801,46.16275945148921],[12.629249910406982,46.16272718439703]]]},"properties":{"nbr_class":"moderata","color":"#a6d96a"}},{"type":"Feature","geometry":{"type":"Polygon","coordinates":[[[12.664318339117418,46.16182941068119],[12.664341183483307,46.16128985466566],[12.665118943640213,46.16130575172591],[12.665096106864503,46.16184530803909],[12.664318339117418,46.16182941068119]]]},"properties":{"nbr_class":"sana","color":"#1a9641"}},{"type":"Feature","geometry":{"type":"Polygon","coordinates":[[[12.666628822076028,46.16241664374064],[12.666674465919137,46.1613375299842],[12.66825279657942,46.16082972953012],[12.668207184402013,46.16190884459556],[12.666628822076028,46.16241664374064]]]},"properties":{"nbr_class":"degradata","color":"#fdae61"}},{"type":"Feature","geometry":{"type":"Polygon","coordinates":[[[12.66356342398173,46.16127395231802],[12.663586275284379,46.160734396540306],[12.664364027196013,46.16075029859021],[12.664341183483307,46.16128985466566],[12.66356342398173,46.16127395231802]]]},"properties":{"nbr_class":"sana","color":"#1a9641"}},{"type":"Feature","geometry":{"type":"Polygon","coordinates":[[[12.622203578691304,46.16366079981384],[12.62222683621695,46.163121260319095],[12.620694585448613,46.162549337353326],[12.620717856823358,46.16200979834439],[12.621495602714653,46.16202599239016],[12.621565390079484,46.16040737409235],[12.619232222710046,46.160358778823536],[12.619255506600664,46.15981924018026],[12.620810935668828,46.15985164170623],[12.620834203716935,46.15931210239608],[12.622366367406862,46.159884022085656],[12.622273349273293,46.16204218114887],[12.623805603375203,46.16261408302625],[12.623782361694133,46.163153623187156],[12.622203578691304,46.16366079981384]]]},"properties":{"nbr_class":"moderata","color":"#a6d96a"}},{"type":"Feature","geometry":{"type":"Polygon","coordinates":[[[12.651119361258303,46.161018795680086],[12.650387572929635,46.15992370198648],[12.652720774353037,46.15997166102352],[12.652697817450067,46.160511212682515],[12.653475560164633,46.160527188753285],[12.653452610194872,46.1610667406514],[12.651119361258303,46.161018795680086]]]},"properties":{"nbr_class":"moderata","color":"#a6d96a"}},{"type":"Feature","geometry":{"type":"Polygon","coordinates":[[[12.588053134877942,46.16132487437685],[12.588123901170231,46.159706295457596],[12.589679291651501,46.15973912050931],[12.589750006349558,46.158120539201995],[12.59130535401057,46.15815334126623],[12.59125824190201,46.15923239675986],[12.590480552558763,46.1592159977567],[12.59038628990719,46.16137410679017],[12.588053134877942,46.16132487437685]]]},"properties":{"nbr_class":"moderata","color":"#a6d96a"}},{"type":"Feature","geometry":{"type":"Polygon","coordinates":[[[12.62627817334979,46.159425339087164],[12.626301387614616,46.15888579759671],[12.627856798329498,46.15891810275276],[12.627833599241464,46.15945764484805],[12.62627817334979,46.159425339087164]]]},"properties":{"nbr_class":"moderata","color":"#a6d96a"}},{"type":"Feature","geometry":{"type":"Polygon","coordinates":[[[12.660429510216595,46.1617498445796],[12.660475274195218,46.16067073546802],[12.661253023483464,46.16068665866696],[12.661321641776409,46.15906799365561],[12.66287709678451,46.159099822403924],[12.662785665135695,46.161258044683],[12.662007906945425,46.161242131760616],[12.661985039809133,46.16178168688261],[12.660429510216595,46.1617498445796]]]},"properties":{"nbr_class":"degradata","color":"#fdae61"}},{"type":"Feature","geometry":{"type":"Polygon","coordinates":[[[12.6627399453897,46.16233715546297],[12.662007906945425,46.161242131760616],[12.662785665135695,46.161258044683],[12.66287709678451,46.159099822403924],[12.663654825272172,46.15911572884764],[12.663517719416216,46.16235306369367],[12.6627399453897,46.16233715546297]]]},"properties":{"nbr_class":"stress","color":"#ffffbf"}},{"type":"Feature","geometry":{"type":"Polygon","coordinates":[[[12.662328349994645,46.172049141694856],[12.662465571999775,46.168811815108484],[12.661687707528245,46.16879589801439],[12.661733458150502,46.16771678926883],[12.66017776154771,46.16768494040706],[12.660269315680175,46.16552672458183],[12.659491498732102,46.16551079341132],[12.659537287054444,46.16443168573555],[12.658004593856033,46.16386025539296],[12.65882818629262,46.16279708880547],[12.658050408613786,46.1627811485511],[12.657318458910503,46.16168609652449],[12.65809622075161,46.161702041469376],[12.658119125838105,46.16116248783857],[12.658896880746306,46.16117842719762],[12.658942673775243,46.160099319159244],[12.659720414160908,46.16011525263433],[12.659605964628375,46.16281302377226],[12.660383743620828,46.16282895345141],[12.660337974407728,46.163908062083415],[12.66111576923831,46.16392398707126],[12.66029220257711,46.16498717047563],[12.661847823259654,46.16501901635597],[12.661802079178132,46.166098125700934],[12.662579905687197,46.16611404130501],[12.663494866153307,46.16289261929161],[12.661939303574968,46.16286079694681],[12.661985039809133,46.16178168688261],[12.663517719416216,46.16235306369367],[12.66356342398173,46.16127395231802],[12.664341183483307,46.16128985466566],[12.664364027196013,46.16075029859021],[12.663586275284379,46.160734396540306],[12.663654825272172,46.15911572884764],[12.665210284213634,46.159147525874076],[12.665141779762957,46.16076619535283],[12.665919532984983,46.160782086828135],[12.665828214937378,46.16294031315122],[12.666605999175617,46.162956200529024],[12.6664918748841,46.16565398357235],[12.663403446566768,46.165050841084124],[12.663380590036292,46.16559039638244],[12.664158410265191,46.16560630111219],[12.664112710427464,46.166685412124636],[12.66333487501457,46.16666950679928],[12.66310626068451,46.172065055287845],[12.662328349994645,46.172049141694856]],[[12.664318339117418,46.16182941068119],[12.665096106864503,46.16184530803909],[12.665118943640213,46.16130575172591],[12.664341183483307,46.16128985466566],[12.664318339117418,46.16182941068119]]]},"properties":{"nbr_class":"moderata","color":"#a6d96a"}},{"type":"Feature","geometry":{"type":"Polygon","coordinates":[[[12.641694163041588,46.16298472895331],[12.641717229491093,46.16244518179275],[12.64093946631942,46.16242912521397],[12.640962539699307,46.16188957829395],[12.641740295281066,46.1619056345721],[12.641809488694047,46.160286992549636],[12.641031755880729,46.16027093717331],[12.641054826621865,46.159731390012915],[12.64027710205939,46.15971532965035],[12.639545548017088,46.15862017070285],[12.64265638688046,46.15868439917427],[12.64263333263581,46.15922394705592],[12.644188771213608,46.159256030172344],[12.643364956305279,46.16031908744139],[12.646498917077349,46.15984366451857],[12.646360801500938,46.16308095919287],[12.644027479296453,46.16303286786677],[12.64407356599552,46.161953771683],[12.6425180515245,46.161921685563],[12.64247193446511,46.16300078054526],[12.641694163041588,46.16298472895331]]]},"properties":{"nbr_class":"moderata","color":"#a6d96a"}},{"type":"Feature","geometry":{"type":"Polygon","coordinates":[[[12.651966003722151,46.15941612854505],[12.651988966901323,46.15887657706525],[12.652766686189853,46.158892557525505],[12.652743730599623,46.15943210930451],[12.651966003722151,46.15941612854505]]]},"properties":{"nbr_class":"moderata","color":"#a6d96a"}},{"type":"Feature","geometry":{"type":"Polygon","coordinates":[[[12.647253636900018,46.16039923214847],[12.648123380809565,46.158257045419674],[12.649678798277519,46.158289053322015],[12.649586853179597,46.16044725552837],[12.647253636900018,46.16039923214847]]]},"properties":{"nbr_class":"moderata","color":"#a6d96a"}},{"type":"Feature","geometry":{"type":"Polygon","coordinates":[[[12.667520666142009,46.15973473920628],[12.668344013109525,46.15867149868059],[12.66987667675149,46.159242790064894],[12.669853888123873,46.159782348401386],[12.667520666142009,46.15973473920628]]]},"properties":{"nbr_class":"degradata","color":"#fdae61"}},{"type":"Feature","geometry":{"type":"Polygon","coordinates":[[[12.655877569926725,46.158956426498214],[12.655900494505484,46.158416873463395],[12.656678209495462,46.15843282719074],[12.656655292505544,46.158972380524254],[12.655877569926725,46.158956426498214]]]},"properties":{"nbr_class":"stress","color":"#ffffbf"}},{"type":"Feature","geometry":{"type":"Polygon","coordinates":[[[12.657433015741773,46.15898832926341],[12.657455925142825,46.15844877563128],[12.658233641447353,46.15846471878505],[12.658210739635189,46.15900427271568],[12.657433015741773,46.15898832926341]]]},"properties":{"nbr_class":"sana","color":"#1a9641"}},{"type":"Feature","geometry":{"type":"Polygon","coordinates":[[[12.663654825272172,46.15911572884764],[12.663677673961462,46.15857617283022],[12.665233117724751,46.15860796926133],[12.665210284213634,46.159147525874076],[12.663654825272172,46.15911572884764]]]},"properties":{"nbr_class":"sana","color":"#1a9641"}},{"type":"Feature","geometry":{"type":"Polygon","coordinates":[[[12.659766189392723,46.1590361437595],[12.65981196200699,46.157957034644845],[12.660589672692973,46.15797296163996],[12.660543915256406,46.15905207135103],[12.659766189392723,46.1590361437595]]]},"properties":{"nbr_class":"degradata","color":"#fdae61"}},{"type":"Feature","geometry":{"type":"Polygon","coordinates":[[[12.662099368952516,46.15908391067325],[12.662145096033543,46.15800479976995],[12.663677673961462,46.15857617283022],[12.663654825272172,46.15911572884764],[12.662099368952516,46.15908391067325]]]},"properties":{"nbr_class":"moderata","color":"#a6d96a"}},{"type":"Feature","geometry":{"type":"Polygon","coordinates":[[[12.58279825169262,46.156893619288404],[12.582821888841586,46.156354094712356],[12.583599533481534,46.15637054503676],[12.583575903918968,46.1569100699208],[12.58279825169262,46.156893619288404]]]},"properties":{"nbr_class":"moderata","color":"#a6d96a"}},{"type":"Feature","geometry":{"type":"Polygon","coordinates":[[[12.588194661392965,46.15808771599389],[12.589844283179279,46.15596242994551],[12.591376017122542,46.156534757572274],[12.591328909054655,46.15761381342872],[12.588194661392965,46.15808771599389]]]},"properties":{"nbr_class":"moderata","color":"#a6d96a"}},{"type":"Feature","geometry":{"type":"Polygon","coordinates":[[[12.620927269257022,46.15715394455303],[12.620950533979077,46.15661440494166],[12.621728203987105,46.15663059595578],[12.621704946852402,46.157170135870295],[12.620927269257022,46.15715394455303]]]},"properties":{"nbr_class":"moderata","color":"#a6d96a"}},{"type":"Feature","geometry":{"type":"Polygon","coordinates":[[[12.622482625114918,46.15718632190138],[12.622505874662243,46.15664678168385],[12.623283546004274,46.15666296212582],[12.623260304044347,46.157202502646314],[12.622482625114918,46.15718632190138]]]},"properties":{"nbr_class":"moderata","color":"#a6d96a"}},{"type":"Feature","geometry":{"type":"Polygon","coordinates":[[[12.627125504001615,46.15782286905156],[12.62714870868762,46.157283327078055],[12.626371026426872,46.157267172764136],[12.626394238036964,46.15672763103287],[12.627949588049011,46.15675993376967],[12.627903194515733,46.157839018381594],[12.627125504001615,46.15782286905156]]]},"properties":{"nbr_class":"moderata","color":"#a6d96a"}},{"type":"Feature","geometry":{"type":"Polygon","coordinates":[[[12.665965188092347,46.15970297330715],[12.665233117724751,46.15860796926133],[12.663677673961462,46.15857617283022],[12.663700521997473,46.15803661675289],[12.665255950583022,46.15806841258869],[12.665301614341109,46.15698929906366],[12.666079314439289,46.15700518845634],[12.666010840588998,46.15862385954654],[12.66678856410802,46.15863974454482],[12.666742926789874,46.159718858900284],[12.665965188092347,46.15970297330715]]]},"properties":{"nbr_class":"moderata","color":"#a6d96a"}},{"type":"Feature","geometry":{"type":"Polygon","coordinates":[[[12.610063224034638,46.1563871757146],[12.610086594308973,46.155847640297225],[12.611641901096915,46.155880164437754],[12.611618545996214,46.15641970046407],[12.610063224034638,46.1563871757146]]]},"properties":{"nbr_class":"moderata","color":"#a6d96a"}},{"type":"Feature","geometry":{"type":"Polygon","coordinates":[[[12.624061218012978,46.15667913728174],[12.624084451721208,46.156139596398205],[12.624862116809137,46.15615576596529],[12.624838890688139,46.15669530715156],[12.624061218012978,46.15667913728174]]]},"properties":{"nbr_class":"moderata","color":"#a6d96a"}},{"type":"Feature","geometry":{"type":"Polygon","coordinates":[[[12.657501741979912,46.15736966818713],[12.657524649415993,46.156830114375104],[12.658302342955153,46.15684605663339],[12.658279443107311,46.1573856107439],[12.657501741979912,46.15736966818713]]]},"properties":{"nbr_class":"sana","color":"#1a9641"}},{"type":"Feature","geometry":{"type":"Polygon","coordinates":[[[12.666010840588998,46.15862385954654],[12.666102137750897,46.156465631306475],[12.666879830915507,46.15648151511514],[12.66678856410802,46.15863974454482],[12.666010840588998,46.15862385954654]]]},"properties":{"nbr_class":"sana","color":"#1a9641"}},{"type":"Feature","geometry":{"type":"Polygon","coordinates":[[[12.662167958593509,46.157465244228405],[12.662213681752458,46.15638613296552],[12.663746216109738,46.15695750441847],[12.663723369380223,46.15749706061565],[12.662167958593509,46.157465244228405]]]},"properties":{"nbr_class":"moderata","color":"#a6d96a"}},{"type":"Feature","geometry":{"type":"Polygon","coordinates":[[[12.660635427513045,46.15689385168913],[12.660658303941952,46.15635429662379],[12.66143599251921,46.15637021743788],[12.66141312367842,46.156909772801306],[12.660635427513045,46.15689385168913]]]},"properties":{"nbr_class":"moderata","color":"#a6d96a"}},{"type":"Feature","geometry":{"type":"Polygon","coordinates":[[[12.669899464727536,46.15870323166852],[12.669967824746461,46.157084556120196],[12.670745528769627,46.15710041379295],[12.67156877318152,46.15603714766003],[12.67312415414063,46.156068835385454],[12.673101399774955,46.156608395268194],[12.672323701380689,46.156592553752134],[12.672278175520397,46.157671672744826],[12.67150046260198,46.15765582534873],[12.671454918960306,46.15873494350856],[12.669899464727536,46.15870323166852]]]},"properties":{"nbr_class":"degradata","color":"#fdae61"}},{"type":"Feature","geometry":{"type":"Polygon","coordinates":[[[12.648970063901352,46.15665440062788],[12.6489930541492,46.15611485004571],[12.650571386646652,46.15560729373726],[12.650525437158935,46.15668639615969],[12.648970063901352,46.15665440062788]]]},"properties":{"nbr_class":"moderata","color":"#a6d96a"}},{"type":"Feature","geometry":{"type":"Polygon","coordinates":[[[12.576695540730288,46.154064212797515],[12.576719235182352,46.15352469038599],[12.577496836464528,46.15354118145079],[12.577473149597589,46.154080704171065],[12.576695540730288,46.154064212797515]]]},"properties":{"nbr_class":"moderata","color":"#a6d96a"}},{"type":"Feature","geometry":{"type":"Polygon","coordinates":[[[12.63268510280372,46.15523808230694],[12.632708251065576,46.15469853791825],[12.633485900708774,46.15471464843371],[12.633462760033758,46.15525419312404],[12.63268510280372,46.15523808230694]]]},"properties":{"nbr_class":"sana","color":"#1a9641"}},{"type":"Feature","geometry":{"type":"Polygon","coordinates":[[[12.582115175029864,46.15471906593523],[12.582138817061422,46.154179541425115],[12.581361204120915,46.154163081762256],[12.581408501326722,46.15308403317669],[12.582963697545148,46.15311694598485],[12.58289279623399,46.154735520620996],[12.582115175029864,46.15471906593523]]]},"properties":{"nbr_class":"moderata","color":"#a6d96a"}},{"type":"Feature","geometry":{"type":"Polygon","coordinates":[[[12.631930602086355,46.15468242211698],[12.63195375727301,46.15414287796986],[12.632731398665634,46.154158993469416],[12.632708251065576,46.15469853791825],[12.631930602086355,46.15468242211698]]]},"properties":{"nbr_class":"sana","color":"#1a9641"}},{"type":"Feature","geometry":{"type":"Polygon","coordinates":[[[12.665301614341109,46.15698929906366],[12.665370105082456,46.15537062832678],[12.663814752379109,46.15533883546742],[12.663837596495917,46.15479927903057],[12.66617060377058,46.154846959497405],[12.666079314439289,46.15700518845634],[12.665301614341109,46.15698929906366]]]},"properties":{"nbr_class":"stress","color":"#ffffbf"}},{"type":"Feature","geometry":{"type":"Polygon","coordinates":[[[12.575941634579781,46.15350819403621],[12.575989036621358,46.1524291496491],[12.576766622054375,46.152445645381206],[12.576719235182352,46.15352469038599],[12.575941634579781,46.15350819403621]]]},"properties":{"nbr_class":"moderata","color":"#a6d96a"}},{"type":"Feature","geometry":{"type":"Polygon","coordinates":[[[12.60704618662889,46.15416392562975],[12.60787059429674,46.15310114102171],[12.608648207413554,46.15311742006821],[12.608624825308336,46.153656955177944],[12.610180068725093,46.153689498024434],[12.610156701123197,46.1542290336831],[12.60704618662889,46.15416392562975]]]},"properties":{"nbr_class":"moderata","color":"#a6d96a"}},{"type":"Feature","geometry":{"type":"Polygon","coordinates":[[[12.620172864638372,46.156598208641505],[12.6201961362824,46.15605866927312],[12.619418475196328,46.15604246799026],[12.619465031661939,46.15496338967941],[12.617933034247484,46.154391433830895],[12.617956325988922,46.153851895131744],[12.619511585465546,46.15388431112753],[12.619534861369154,46.15334477176121],[12.620312484523028,46.15336097152751],[12.620289216205427,46.15390051119713],[12.621821225876921,46.154472435695396],[12.621774716261765,46.15555151594607],[12.620997061427792,46.15553532553821],[12.620950533979077,46.15661440494166],[12.620172864638372,46.156598208641505]]]},"properties":{"nbr_class":"moderata","color":"#a6d96a"}},{"type":"Feature","geometry":{"type":"Polygon","coordinates":[[[12.670813860160697,46.155481736815034],[12.6708594111654,46.154402618530405],[12.671637077902048,46.15441846943253],[12.671591542072665,46.15549758831072],[12.670813860160697,46.155481736815034]]]},"properties":{"nbr_class":"degradata","color":"#fdae61"}},{"type":"Feature","geometry":{"type":"Polygon","coordinates":[[[12.589184509515205,46.15324838581772],[12.58920808125455,46.15270885835716],[12.589985678210489,46.15272526424645],[12.589962114056222,46.15326479201415],[12.589184509515205,46.15324838581772]]]},"properties":{"nbr_class":"moderata","color":"#a6d96a"}},{"type":"Feature","geometry":{"type":"Polygon","coordinates":[[[12.649839676898422,46.154512197149884],[12.649862656930305,46.15397264602805],[12.650640305951947,46.15398863965346],[12.65061733350699,46.154528191074746],[12.649839676898422,46.154512197149884]]]},"properties":{"nbr_class":"stress","color":"#ffffbf"}},{"type":"Feature","geometry":{"type":"Polygon","coordinates":[[[12.662282261588777,46.15476746562168],[12.662305120227078,46.15422790972053],[12.663082779765611,46.1542438187702],[12.663059928714604,46.154783374969206],[12.662282261588777,46.15476746562168]]]},"properties":{"nbr_class":"stress","color":"#ffffbf"}},{"type":"Feature","geometry":{"type":"Polygon","coordinates":[[[12.588430484974696,46.1526924471829],[12.588454063625012,46.15215291996911],[12.589231652320029,46.15216933083612],[12.58920808125455,46.15270885835716],[12.588430484974696,46.1526924471829]]]},"properties":{"nbr_class":"moderata","color":"#a6d96a"}},{"type":"Feature","geometry":{"type":"Polygon","coordinates":[[[12.660749803117264,46.154196075763004],[12.66077267627613,46.153656520397945],[12.661550326916055,46.15367243972169],[12.661527461344223,46.15421199538479],[12.660749803117264,46.154196075763004]]]},"properties":{"nbr_class":"sana","color":"#1a9641"}},{"type":"Feature","geometry":{"type":"Polygon","coordinates":[[[12.593779564174104,46.15496533126322],[12.594698309401252,46.15174452919876],[12.597031070961727,46.15179361818798],[12.596984081201848,46.15287267942452],[12.595405364756095,46.15337948740637],[12.595358340623493,46.15445854705508],[12.593779564174104,46.15496533126322]]]},"properties":{"nbr_class":"stress","color":"#ffffbf"}},{"type":"Feature","geometry":{"type":"Polygon","coordinates":[[[12.621844479687246,46.153932895479706],[12.621867732832763,46.1533933552038],[12.621090108344305,46.15337716600837],[12.621136627812476,46.15229808588203],[12.623469457764017,46.152346635793876],[12.623422983810363,46.15342571773821],[12.621844479687246,46.153932895479706]]]},"properties":{"nbr_class":"moderata","color":"#a6d96a"}},{"type":"Feature","geometry":{"type":"Polygon","coordinates":[[[12.643618447778413,46.154384055456504],[12.643641488504844,46.15384450673381],[12.642086203003016,46.15381241905209],[12.64213231282524,46.152733322627995],[12.64368756798156,46.1527654091082],[12.64366452857255,46.15330495795104],[12.645196776650224,46.15387657327235],[12.645173751097289,46.15441612259543],[12.643618447778413,46.154384055456504]]]},"properties":{"nbr_class":"stress","color":"#ffffbf"}},{"type":"Feature","geometry":{"type":"Polygon","coordinates":[[[12.645974421713703,46.15389259861291],[12.645997439021778,46.153353048929745],[12.648330355412925,46.15340109233689],[12.64835334930376,46.15286154169417],[12.649130981833778,46.15287754529207],[12.649085008567814,46.153956647116736],[12.645974421713703,46.15389259861291]]]},"properties":{"nbr_class":"stress","color":"#ffffbf"}},{"type":"Feature","geometry":{"type":"Polygon","coordinates":[[[12.651440919833977,46.15346507621234],[12.651463883378895,46.152925524371675],[12.652241518544896,46.152941506826814],[12.652218562586516,46.1534810589667],[12.651440919833977,46.15346507621234]]]},"properties":{"nbr_class":"degradata","color":"#fdae61"}},{"type":"Feature","geometry":{"type":"Polygon","coordinates":[[[12.631884289726967,46.15576151023071],[12.631930602086355,46.15468242211698],[12.6303753061207,46.15465017465697],[12.630491151295626,46.151952456338456],[12.631268761015642,46.1519685812018],[12.631245600891102,46.15250812528774],[12.6343560767549,46.15257257309452],[12.634332946312075,46.15311211832693],[12.635110574523205,46.15312821736644],[12.635156819575755,46.152049126238644],[12.635934433278262,46.15206521938996],[12.635841970873459,46.154223402610256],[12.634286683442513,46.15419120861134],[12.635018076484961,46.15528639890039],[12.634240417927577,46.15527029865519],[12.634217284178037,46.15580984358691],[12.631884289726967,46.15576151023071]],[[12.63268510280372,46.15523808230694],[12.633462760033758,46.15525419312404],[12.633485900708774,46.15471464843371],[12.632708251065576,46.15469853791825],[12.63268510280372,46.15523808230694]],[[12.631930602086355,46.15468242211698],[12.632708251065576,46.15469853791825],[12.632731398665634,46.154158993469416],[12.63195375727301,46.15414287796986],[12.631930602086355,46.15468242211698]]]},"properties":{"nbr_class":"moderata","color":"#a6d96a"}},{"type":"Feature","geometry":{"type":"Polygon","coordinates":[[[12.57980598027509,46.154130146581124],[12.579876970579818,46.15251157546173],[12.579099382429884,46.1524951008688],[12.57914672108623,46.15141605376995],[12.580725520871924,46.150909472180466],[12.58065455940844,46.15252804476982],[12.581432148915534,46.15254450879309],[12.581408501326722,46.15308403317669],[12.580630904234816,46.153067568845174],[12.58058359185873,46.15414661681425],[12.57980598027509,46.154130146581124]]]},"properties":{"nbr_class":"moderata","color":"#a6d96a"}},{"type":"Feature","geometry":{"type":"Polygon","coordinates":[[[12.572148594831331,46.15126755017912],[12.572172331400518,46.150728029319076],[12.573727450640355,46.15076106649036],[12.573703729238995,46.15130058796893],[12.572148594831331,46.15126755017912]]]},"properties":{"nbr_class":"moderata","color":"#a6d96a"}},{"type":"Feature","geometry":{"type":"Polygon","coordinates":[[[12.586922481409447,46.15158055572103],[12.586946073880405,46.15104102900104],[12.590056366631476,46.15110668058046],[12.59003280449809,46.1516462085296],[12.586922481409447,46.15158055572103]]]},"properties":{"nbr_class":"moderata","color":"#a6d96a"}},{"type":"Feature","geometry":{"type":"Polygon","coordinates":[[[12.603251798090454,46.15192428962328],[12.60327523128488,46.15138475646797],[12.60405281761797,46.15140106630972],[12.604029392008401,46.151940599770384],[12.603251798090454,46.15192428962328]]]},"properties":{"nbr_class":"moderata","color":"#a6d96a"}},{"type":"Feature","geometry":{"type":"Polygon","coordinates":[[[12.607139774397139,46.15200578750877],[12.607163169667029,46.15146625282764],[12.608718349718544,46.15149881437699],[12.608694969618634,46.152038349667734],[12.607139774397139,46.15200578750877]]]},"properties":{"nbr_class":"moderata","color":"#a6d96a"}},{"type":"Feature","geometry":{"type":"Polygon","coordinates":[[[12.650686248871562,46.152909536630844],[12.650709219346263,46.15236998502951],[12.651486846267298,46.152385972471016],[12.651463883378895,46.152925524371675],[12.650686248871562,46.152909536630844]]]},"properties":{"nbr_class":"degradata","color":"#fdae61"}},{"type":"Feature","geometry":{"type":"Polygon","coordinates":[[[12.666239063918027,46.15322828714924],[12.666261882662344,46.152688729580035],[12.667039522715067,46.15270461130709],[12.667016711557512,46.15324416917365],[12.666239063918027,46.15322828714924]]]},"properties":{"nbr_class":"stress","color":"#ffffbf"}},{"type":"Feature","geometry":{"type":"Polygon","coordinates":[[[12.67401556973157,46.1533868695245],[12.67403831260721,46.1528473089862],[12.674815959193207,46.15286313785428],[12.674793223904562,46.15340269868896],[12.67401556973157,46.1533868695245]]]},"properties":{"nbr_class":"degradata","color":"#fdae61"}},{"type":"Feature","geometry":{"type":"Polygon","coordinates":[[[12.577544208166946,46.15246213582852],[12.577591577160915,46.151383089963986],[12.576814006217083,46.151366600134104],[12.576837697282503,46.150827077419684],[12.578416499901824,46.150320527785205],[12.578321794958857,46.15247862099106],[12.577544208166946,46.15246213582852]]]},"properties":{"nbr_class":"moderata","color":"#a6d96a"}},{"type":"Feature","geometry":{"type":"Polygon","coordinates":[[[12.592365553911423,46.15169539264585],[12.592412631998394,46.1506163348455],[12.593967771312428,46.15064909660552],[12.593944247774049,46.1511886261493],[12.594721826027557,46.15120499940888],[12.594698309401252,46.15174452919876],[12.592365553911423,46.15169539264585]]]},"properties":{"nbr_class":"stress","color":"#ffffbf"}},{"type":"Feature","geometry":{"type":"Polygon","coordinates":[[[12.597054564834169,46.151254087479074],[12.597078058034977,46.150714556709744],[12.5978556314007,46.1507309085241],[12.597832145784343,46.15127043959958],[12.597054564834169,46.151254087479074]]]},"properties":{"nbr_class":"stress","color":"#ffffbf"}},{"type":"Feature","geometry":{"type":"Polygon","coordinates":[[[12.602497645623895,46.151368441341326],[12.602521085733036,46.15082890843108],[12.603298663809401,46.15084522325227],[12.60327523128488,46.15138475646797],[12.602497645623895,46.151368441341326]]]},"properties":{"nbr_class":"moderata","color":"#a6d96a"}},{"type":"Feature","geometry":{"type":"Polygon","coordinates":[[[12.632046371399952,46.151984700779835],[12.632069523276883,46.151445156331924],[12.632847126739746,46.15146127032295],[12.632823982448334,46.152000815072554],[12.632046371399952,46.151984700779835]]]},"properties":{"nbr_class":"moderata","color":"#a6d96a"}},{"type":"Feature","geometry":{"type":"Polygon","coordinates":[[[12.66029220257711,46.16498717047563],[12.66111576923831,46.16392398707126],[12.660337974407728,46.163908062083415],[12.660383743620828,46.16282895345141],[12.659605964628375,46.16281302377226],[12.659720414160908,46.16011525263433],[12.658942673775243,46.160099319159244],[12.659080037151195,46.156861993605155],[12.658302342955153,46.15684605663339],[12.657570462323347,46.155751006571144],[12.656015107568047,46.15571910738963],[12.656060948205601,46.154640000540255],[12.657616272611111,46.15467189852731],[12.657662080279476,46.1535927902436],[12.656884432922158,46.15357684449023],[12.656907343360823,46.15303729055699],[12.655329140179267,46.15354493712584],[12.655374990747827,46.15246583039413],[12.656930253144488,46.15249773656377],[12.657753687758731,46.151434572956624],[12.659308923752725,46.15146644621852],[12.659194488631895,46.154164220661265],[12.659972145546414,46.15418015085516],[12.660704054837625,46.155275186313276],[12.663037077010262,46.155322931108294],[12.663014224652558,46.155862487187456],[12.66379190760916,46.15587839184436],[12.663769062186043,46.15641794816138],[12.665301614341109,46.15698929906366],[12.665255950583022,46.15806841258869],[12.663700521997473,46.15803661675289],[12.663677673961462,46.15857617283022],[12.662145096033543,46.15800479976995],[12.662099368952516,46.15908391067325],[12.661321641776409,46.15906799365561],[12.661253023483464,46.16068665866696],[12.660475274195218,46.16067073546802],[12.660429510216595,46.1617498445796],[12.661985039809133,46.16178168688261],[12.661939303574968,46.16286079694681],[12.66271708453622,46.16287671076305],[12.662694223029062,46.163416266003196],[12.661916434477048,46.16340035188901],[12.661847823259654,46.16501901635597],[12.66029220257711,46.16498717047563]],[[12.659766189392723,46.1590361437595],[12.660543915256406,46.15905207135103],[12.660589672692973,46.15797296163996],[12.65981196200699,46.157957034644845],[12.659766189392723,46.1590361437595]],[[12.662167958593509,46.157465244228405],[12.663723369380223,46.15749706061565],[12.663746216109738,46.15695750441847],[12.662213681752458,46.15638613296552],[12.662167958593509,46.157465244228405]],[[12.660635427513045,46.15689385168913],[12.66141312367842,46.156909772801306],[12.66143599251921,46.15637021743788],[12.660658303941952,46.15635429662379],[12.660635427513045,46.15689385168913]]]},"properties":{"nbr_class":"stress","color":"#ffffbf"}},{"type":"Feature","geometry":{"type":"Polygon","coordinates":[[[12.662350835543123,46.15314879773845],[12.662396548245237,46.15206968551664],[12.663174177436748,46.15208559337489],[12.663197025221422,46.15154603687626],[12.665529893968502,46.15159372784394],[12.665484243264146,46.15267284256715],[12.662350835543123,46.15314879773845]]]},"properties":{"nbr_class":"sana","color":"#1a9641"}},{"type":"Feature","geometry":{"type":"Polygon","coordinates":[[[12.635934433278262,46.15206521938996],[12.635980660515669,46.15098612741904],[12.637512761449829,46.151557843278724],[12.637489662672026,46.152097389836435],[12.635934433278262,46.15206521938996]]]},"properties":{"nbr_class":"moderata","color":"#a6d96a"}},{"type":"Feature","geometry":{"type":"Polygon","coordinates":[[[12.644488227715334,46.15224189521679],[12.643756682256619,46.15114676221927],[12.645311894541008,46.151178825756105],[12.645288872279291,46.15171837537946],[12.6460664869978,46.151734399519924],[12.646043471663804,46.15227394938326],[12.644488227715334,46.15224189521679]]]},"properties":{"nbr_class":"stress","color":"#ffffbf"}},{"type":"Feature","geometry":{"type":"Polygon","coordinates":[[[12.651486846267298,46.152385972471016],[12.650755158325577,46.15129088164678],[12.65231038248235,46.15132285004708],[12.652287428492789,46.15186240236699],[12.653065049144772,46.15187837893814],[12.65304210208509,46.15241793149718],[12.651486846267298,46.152385972471016]]]},"properties":{"nbr_class":"moderata","color":"#a6d96a"}},{"type":"Feature","geometry":{"type":"Polygon","coordinates":[[[12.569109632862853,46.14958285213809],[12.569133397729212,46.14904333233434],[12.56991093153429,46.14905987377069],[12.569887174251086,46.14959939388412],[12.569109632862853,46.14958285213809]]]},"properties":{"nbr_class":"moderata","color":"#a6d96a"}},{"type":"Feature","geometry":{"type":"Polygon","coordinates":[[[12.660040785821598,46.15256148547461],[12.660132297031097,46.15040326412795],[12.66090990149742,46.15041918694882],[12.660887032261838,46.150958742673524],[12.662442258333602,46.15099057305512],[12.662419403616125,46.151530129315844],[12.66164178266639,46.15151421646985],[12.66161891970931,46.1520537723727],[12.660040785821598,46.15256148547461]]]},"properties":{"nbr_class":"stress","color":"#ffffbf"}},{"type":"Feature","geometry":{"type":"Polygon","coordinates":[[[12.656221369796816,46.15086312467817],[12.65624428454632,46.15032357074368],[12.65702188572964,46.15033951999115],[12.656998978565731,46.150879074224264],[12.656221369796816,46.15086312467817]]]},"properties":{"nbr_class":"stress","color":"#ffffbf"}},{"type":"Feature","geometry":{"type":"Polygon","coordinates":[[[12.576885077381597,46.14974803180913],[12.576956142451232,46.14812946293895],[12.578511194015986,46.14816243361031],[12.578440174445506,46.14978100433233],[12.576885077381597,46.14974803180913]]]},"properties":{"nbr_class":"moderata","color":"#a6d96a"}},{"type":"Feature","geometry":{"type":"Polygon","coordinates":[[[12.588571946766159,46.14945528299283],[12.588619095304866,46.148376227778904],[12.589396630912072,46.14839263649537],[12.589349497540232,46.14947169232371],[12.588571946766159,46.14945528299283]]]},"properties":{"nbr_class":"moderata","color":"#a6d96a"}},{"type":"Feature","geometry":{"type":"Polygon","coordinates":[[[12.662442258333602,46.15099057305512],[12.662487965808408,46.14991146035387],[12.66326556465636,46.14992736702081],[12.6632198723529,46.1510064803177],[12.662442258333602,46.15099057305512]]]},"properties":{"nbr_class":"sana","color":"#1a9641"}},{"type":"Feature","geometry":{"type":"Polygon","coordinates":[[[12.659354693220942,46.15038733602173],[12.65937757697369,46.14984778083342],[12.660155173198373,46.14986370864141],[12.660132297031097,46.15040326412795],[12.659354693220942,46.15038733602173]]]},"properties":{"nbr_class":"stress","color":"#ffffbf"}},{"type":"Feature","geometry":{"type":"Polygon","coordinates":[[[12.650640305951947,46.15398863965346],[12.650663277740131,46.15344908817217],[12.649130981833778,46.15287754529207],[12.649176952471096,46.15179844322729],[12.648399335113318,46.15178244022863],[12.648422327032087,46.15124288940582],[12.646844102376452,46.15175041837494],[12.646158541754211,46.149576199466104],[12.649222920479955,46.15071934092239],[12.64924590349877,46.1501797896799],[12.651578691256258,46.15022776426822],[12.651624609812268,46.14914865980676],[12.652402191878565,46.149164640167385],[12.653087995548422,46.1513388263191],[12.653865609272657,46.151354797305686],[12.653888547434578,46.15081524432764],[12.655443761685172,46.1508471698467],[12.65542083869476,46.15138672342249],[12.653842670454944,46.151894350223735],[12.653796790852041,46.15297345587988],[12.65457442799275,46.152989422477795],[12.654551494794125,46.15352897551483],[12.652218562586516,46.1534810589667],[12.652195605971817,46.15402061104658],[12.650640305951947,46.15398863965346]],[[12.651440919833977,46.15346507621234],[12.652218562586516,46.1534810589667],[12.652241518544896,46.152941506826814],[12.651463883378895,46.152925524371675],[12.651440919833977,46.15346507621234]],[[12.650686248871562,46.152909536630844],[12.651463883378895,46.152925524371675],[12.651486846267298,46.152385972471016],[12.650709219346263,46.15236998502951],[12.650686248871562,46.152909536630844]],[[12.651486846267298,46.152385972471016],[12.65304210208509,46.15241793149718],[12.653065049144772,46.15187837893814],[12.652287428492789,46.15186240236699],[12.65231038248235,46.15132285004708],[12.650755158325577,46.15129088164678],[12.651486846267298,46.152385972471016]]]},"properties":{"nbr_class":"stress","color":"#ffffbf"}},{"type":"Feature","geometry":{"type":"Polygon","coordinates":[[[12.596370983667924,46.14907960785887],[12.596417979192346,46.14800054638885],[12.597195513965351,46.148016901956794],[12.597148533607841,46.14909596403923],[12.596370983667924,46.14907960785887]]]},"properties":{"nbr_class":"sana","color":"#1a9641"}},{"type":"Feature","geometry":{"type":"Polygon","coordinates":[[[12.64844531829355,46.15070333852296],[12.648468308897726,46.150163787580084],[12.646913121674123,46.15013176752494],[12.64693612679126,46.14959221712151],[12.650046473535618,46.14965623489251],[12.650069447655412,46.149116683230474],[12.651624609812268,46.14914865980676],[12.651578691256258,46.15022776426822],[12.64924590349877,46.1501797896799],[12.649222920479955,46.15071934092239],[12.64844531829355,46.15070333852296]]]},"properties":{"nbr_class":"moderata","color":"#a6d96a"}},{"type":"Feature","geometry":{"type":"Polygon","coordinates":[[[12.59794956715243,46.14857278361808],[12.597973049412058,46.14803325224053],[12.598750585532244,46.14804959724006],[12.59872711085601,46.14858912892362],[12.59794956715243,46.14857278361808]]]},"properties":{"nbr_class":"sana","color":"#1a9641"}},{"type":"Feature","geometry":{"type":"Polygon","coordinates":[[[12.636049996416066,46.1493674890117],[12.636073107061433,46.148827942755666],[12.636850675916357,46.14884402881447],[12.636827572855543,46.14938357537168],[12.636049996416066,46.1493674890117]]]},"properties":{"nbr_class":"stress","color":"#ffffbf"}},{"type":"Feature","geometry":{"type":"Polygon","coordinates":[[[12.65548960570001,46.14976806251516],[12.655512526724479,46.149228508759435],[12.656290112080056,46.149244462694774],[12.656267198640723,46.149784016749216],[12.65548960570001,46.14976806251516]]]},"properties":{"nbr_class":"stress","color":"#ffffbf"}},{"type":"Feature","geometry":{"type":"Polygon","coordinates":[[[12.674929625886945,46.150165332783324],[12.674952357275956,46.14962577158961],[12.675729958996522,46.14964159339426],[12.675707235193231,46.150181154884194],[12.674929625886945,46.150165332783324]]]},"properties":{"nbr_class":"degradata","color":"#fdae61"}},{"type":"Feature","geometry":{"type":"Polygon","coordinates":[[[12.622076981230075,46.148537490009986],[12.622100227728836,46.14799794913172],[12.622877777035383,46.14801413001195],[12.622854538120535,46.14855367119316],[12.622076981230075,46.148537490009986]]]},"properties":{"nbr_class":"moderata","color":"#a6d96a"}},{"type":"Feature","geometry":{"type":"Polygon","coordinates":[[[12.653179774603153,46.14918061524296],[12.653202717726986,46.14864106232393],[12.654757869980427,46.14867299602207],[12.654734942026325,46.14921254953901],[12.653179774603153,46.14918061524296]]]},"properties":{"nbr_class":"stress","color":"#ffffbf"}},{"type":"Feature","geometry":{"type":"Polygon","coordinates":[[[12.63451797134035,46.148795754783706],[12.634564220985864,46.147716663296514],[12.636096217046125,46.14828839643951],[12.636073107061433,46.148827942755666],[12.63451797134035,46.148795754783706]]]},"properties":{"nbr_class":"stress","color":"#ffffbf"}},{"type":"Feature","geometry":{"type":"Polygon","coordinates":[[[12.602661712316714,46.14759170970165],[12.602685147735686,46.147052176368746],[12.60346267272577,46.14706848905195],[12.603439244889906,46.14760802269026],[12.602661712316714,46.14759170970165]]]},"properties":{"nbr_class":"sana","color":"#1a9641"}},{"type":"Feature","geometry":{"type":"Polygon","coordinates":[[[12.628320640831426,46.14812724820721],[12.628343825995394,46.147587704847986],[12.629121373044084,46.147603843149824],[12.629098195464001,46.148143386811206],[12.628320640831426,46.14812724820721]]]},"properties":{"nbr_class":"moderata","color":"#a6d96a"}},{"type":"Feature","geometry":{"type":"Polygon","coordinates":[[[12.64775970557988,46.148529127905284],[12.647782701139624,46.147989577021946],[12.64933782900381,46.14802158410964],[12.649314848613036,46.148561135592246],[12.64775970557988,46.148529127905284]]]},"properties":{"nbr_class":"moderata","color":"#a6d96a"}},{"type":"Feature","geometry":{"type":"Polygon","coordinates":[[[12.677307872375343,46.14913365900545],[12.67733057970873,46.1485940968037],[12.678108168213049,46.1486099021603],[12.678085468465019,46.14914946465799],[12.677307872375343,46.14913365900545]]]},"properties":{"nbr_class":"degradata","color":"#fdae61"}},{"type":"Feature","geometry":{"type":"Polygon","coordinates":[[[12.58553256322998,46.147771013603645],[12.58560336995375,46.146152433836846],[12.586380872524472,46.14616886245954],[12.586310088548442,46.1477874431491],[12.58553256322998,46.147771013603645]]]},"properties":{"nbr_class":"stress","color":"#ffffbf"}},{"type":"Feature","geometry":{"type":"Polygon","coordinates":[[[12.641539159847365,46.148400885763856],[12.641585271657632,46.14732178873909],[12.643117333383099,46.14789342892488],[12.643094292317006,46.14843297800808],[12.641539159847365,46.148400885763856]]]},"properties":{"nbr_class":"stress","color":"#ffffbf"}},{"type":"Feature","geometry":{"type":"Polygon","coordinates":[[[12.570029707763833,46.14636227229406],[12.570053460972611,46.14582275181686],[12.571608439637428,46.145855815123134],[12.571584701592437,46.146395336219335],[12.570029707763833,46.14636227229406]]]},"properties":{"nbr_class":"stress","color":"#ffffbf"}},{"type":"Feature","geometry":{"type":"Polygon","coordinates":[[[12.583247241990223,46.14664264199255],[12.583270866303732,46.14610311626643],[12.584048366843161,46.14611956074027],[12.584024750111945,46.146659086774264],[12.583247241990223,46.14664264199255]]]},"properties":{"nbr_class":"stress","color":"#ffffbf"}},{"type":"Feature","geometry":{"type":"Polygon","coordinates":[[[12.586357278540273,46.146708389416574],[12.586380872524472,46.14616886245954],[12.587158375771857,46.14618528579852],[12.587134789370047,46.14672481306301],[12.586357278540273,46.146708389416574]]]},"properties":{"nbr_class":"degradata","color":"#fdae61"}},{"type":"Feature","geometry":{"type":"Polygon","coordinates":[[[12.587134789370047,46.14672481306301],[12.587158375771857,46.14618528579852],[12.587935879695689,46.14620170385375],[12.587912300876289,46.14674123142563],[12.587134789370047,46.14672481306301]]]},"properties":{"nbr_class":"stress","color":"#ffffbf"}},{"type":"Feature","geometry":{"type":"Polygon","coordinates":[[[12.65244809263978,46.14808553486749],[12.652471042036247,46.147545982127546],[12.653248602006991,46.14756195630587],[12.653225660194924,46.14810150934489],[12.65244809263978,46.14808553486749]]]},"properties":{"nbr_class":"stress","color":"#ffffbf"}},{"type":"Feature","geometry":{"type":"Polygon","coordinates":[[[12.667794359851325,46.153260045912106],[12.667817163422093,46.15272048774829],[12.667039522715067,46.15270461130709],[12.667085143073713,46.15162549539429],[12.66630751819387,46.151609614261936],[12.66635315111607,46.15053049870422],[12.66479793366391,46.15049872177255],[12.664843594319125,46.14941960716512],[12.66642159560729,46.14891182491841],[12.666467222006986,46.14783270876168],[12.668022366224259,46.147864461578955],[12.668045163276618,46.14732490281625],[12.670377861752069,46.14737249151386],[12.670309536903725,46.14899117029538],[12.669531947337022,46.14897531179034],[12.6702639837492,46.15007028918371],[12.669486379011596,46.150054430084815],[12.669440808080584,46.15113354813978],[12.6686631888248,46.15111768316143],[12.668594804783204,46.15273635890366],[12.669372446798189,46.15275222477313],[12.669349658401064,46.15329178353116],[12.667794359851325,46.153260045912106]]]},"properties":{"nbr_class":"sana","color":"#1a9641"}},{"type":"Feature","geometry":{"type":"Polygon","coordinates":[[[12.574694697417614,46.146461400666524],[12.574742112174174,46.14538235593988],[12.577074570691542,46.145431846943815],[12.57705088639761,46.14597137026399],[12.575495898209402,46.14593838092724],[12.575472198074303,46.14647790356922],[12.574694697417614,46.146461400666524]]]},"properties":{"nbr_class":"sana","color":"#1a9641"}},{"type":"Feature","geometry":{"type":"Polygon","coordinates":[[[12.644695478566687,46.147385949685784],[12.644718503147617,46.14684639988202],[12.646273595397433,46.146878448047666],[12.646250585984424,46.14741799845146],[12.644695478566687,46.147385949685784]]]},"properties":{"nbr_class":"moderata","color":"#a6d96a"}},{"type":"Feature","geometry":{"type":"Polygon","coordinates":[[[12.573774891408734,46.149682023351424],[12.5737986107758,46.14914250169105],[12.572267270891954,46.148569945272726],[12.572314736566828,46.14749090288588],[12.571537223466693,46.147474378229916],[12.571513483385896,46.14801389914428],[12.568403407466029,46.147947746444075],[12.567720998085067,46.14577311723136],[12.570053460972611,46.14582275181686],[12.570029707763833,46.14636227229406],[12.571584701592437,46.146395336219335],[12.571632177003865,46.1453162939663],[12.574742112174174,46.14538235593988],[12.574694697417614,46.146461400666524],[12.575472198074303,46.14647790356922],[12.575495898209402,46.14593838092724],[12.57705088639761,46.14597137026399],[12.577074570691542,46.145431846943815],[12.579407035322085,46.14548129039631],[12.579430696193928,46.144941766089914],[12.580208178179843,46.14495823636536],[12.580137216281049,46.146576810027966],[12.58091472169125,46.146593275944745],[12.58089107395503,46.14713280068612],[12.579336048648251,46.14709986295218],[12.57931238507079,46.14763938701636],[12.574647279950197,46.1475404451508],[12.574670989022774,46.147000922938965],[12.57389348146381,46.14698441444355],[12.573846047475808,46.14806345818851],[12.574623570199861,46.14807996730206],[12.574552436882039,46.14969853339223],[12.573774891408734,46.149682023351424]]]},"properties":{"nbr_class":"moderata","color":"#a6d96a"}},{"type":"Feature","geometry":{"type":"Polygon","coordinates":[[[12.598750585532244,46.14804959724006],[12.59877405953742,46.147510065496085],[12.597996531000412,46.147493720802565],[12.598066971738065,46.145875126126185],[12.599645447727616,46.145368276101955],[12.599528122325694,46.148065936955376],[12.598750585532244,46.14804959724006]]]},"properties":{"nbr_class":"stress","color":"#ffffbf"}},{"type":"Feature","geometry":{"type":"Polygon","coordinates":[[[12.586380872524472,46.14616886245954],[12.586428058469554,46.145089808364006],[12.587205546552815,46.14510623108805],[12.587158375771857,46.14618528579852],[12.586380872524472,46.14616886245954]]]},"properties":{"nbr_class":"stress","color":"#ffffbf"}},{"type":"Feature","geometry":{"type":"Polygon","coordinates":[[[12.587158375771857,46.14618528579852],[12.587205546552815,46.14510623108805],[12.587983035312472,46.145122648528535],[12.587935879695689,46.14620170385375],[12.587158375771857,46.14618528579852]]]},"properties":{"nbr_class":"degradata","color":"#fdae61"}},{"type":"Feature","geometry":{"type":"Polygon","coordinates":[[[12.578629546433023,46.145464814528985],[12.57865321488658,46.14492529053104],[12.579430696193928,46.144941766089914],[12.579407035322085,46.14548129039631],[12.578629546433023,46.145464814528985]]]},"properties":{"nbr_class":"stress","color":"#ffffbf"}},{"type":"Feature","geometry":{"type":"Polygon","coordinates":[[[12.582516997662077,46.145547141030214],[12.582540628206822,46.145007615491],[12.583318112904838,46.145024064632594],[12.583294489941927,46.145563590479775],[12.582516997662077,46.145547141030214]]]},"properties":{"nbr_class":"stress","color":"#ffffbf"}},{"type":"Feature","geometry":{"type":"Polygon","coordinates":[[[12.678153565762289,46.147530776985505],[12.678176263563545,46.14699121430838],[12.678953829964104,46.14700701349233],[12.67893113974758,46.14754657646527],[12.678153565762289,46.147530776985505]]]},"properties":{"nbr_class":"degradata","color":"#fdae61"}},{"type":"Feature","geometry":{"type":"Polygon","coordinates":[[[12.633393334038981,46.15687282683409],[12.633416476698885,46.15633328232422],[12.630305791066549,46.156268804926036],[12.630352135098464,46.155189718140164],[12.628773639759231,46.155696991751704],[12.628843198346376,46.154078363114586],[12.629620837081022,46.15409449975694],[12.629690366944223,46.15247586967186],[12.628912750967796,46.15245973393583],[12.62893593384933,46.151920190755895],[12.630491151295626,46.151952456338456],[12.630514318343524,46.15141291249424],[12.632069523276883,46.151445156331924],[12.632046371399952,46.151984700779835],[12.632823982448334,46.152000815072554],[12.632847126739746,46.15146127032295],[12.634402335656755,46.15149348244927],[12.634425464115832,46.15095393703644],[12.635203061984171,46.15097003487032],[12.63522618219689,46.15043048909596],[12.634448591913706,46.150414391563466],[12.634494845525943,46.1493353004371],[12.63527242063946,46.14935139736684],[12.635249301748646,46.14989094326147],[12.636804469134246,46.14992312186876],[12.636827572855543,46.14938357537168],[12.637605149957674,46.14939965644676],[12.637697527901247,46.14724146865294],[12.636919981136133,46.147225388782125],[12.636943081555247,46.14668584198443],[12.63772062073665,46.1467019215542],[12.637766804427025,46.14562282717639],[12.638544329103924,46.14563890085985],[12.63849816058037,46.146717995839545],[12.640030172169787,46.147289676558266],[12.639984030022946,46.14836877238058],[12.640761594604395,46.1483848317146],[12.641493045400544,46.1494799825483],[12.643071250592204,46.14897252703119],[12.643048208208672,46.14951207599423],[12.644603373660475,46.14954414830019],[12.64533491614455,46.15063927607269],[12.643002121465331,46.150591173740075],[12.642956032086792,46.15167027124564],[12.643733644823572,46.15168631124231],[12.643710606731892,46.15222586020529],[12.642155366747676,46.152193774325816],[12.642178420011028,46.15165422596356],[12.63984558775197,46.15160605840517],[12.63979943505087,46.15268515326593],[12.640577060314023,46.15270121500549],[12.640553990560033,46.15324076264644],[12.642086203003016,46.15381241905209],[12.64204009054417,46.15489151523585],[12.641262433611582,46.15487546286525],[12.641285497757478,46.15433591510396],[12.640507849073336,46.15431985774805],[12.64048477734058,46.154859405208704],[12.638151812499265,46.15481120052345],[12.638128717345788,46.155350747021494],[12.637351056136321,46.1553346679202],[12.636527172952471,46.15639767514425],[12.634194149767083,46.15634938845846],[12.634171014694694,46.156888933269876],[12.633393334038981,46.15687282683409]],[[12.631884289726967,46.15576151023071],[12.634217284178037,46.15580984358691],[12.634240417927577,46.15527029865519],[12.635018076484961,46.15528639890039],[12.634286683442513,46.15419120861134],[12.635841970873459,46.154223402610256],[12.635934433278262,46.15206521938996],[12.635156819575755,46.152049126238644],[12.635110574523205,46.15312821736644],[12.634332946312075,46.15311211832693],[12.6343560767549,46.15257257309452],[12.631245600891102,46.15250812528774],[12.631268761015642,46.1519685812018],[12.630491151295626,46.151952456338456],[12.6303753061207,46.15465017465697],[12.631930602086355,46.15468242211698],[12.631884289726967,46.15576151023071]],[[12.635934433278262,46.15206521938996],[12.637489662672026,46.152097389836435],[12.637512761449829,46.151557843278724],[12.635980660515669,46.15098612741904],[12.635934433278262,46.15206521938996]]]},"properties":{"nbr_class":"sana","color":"#1a9641"}},{"type":"Feature","geometry":{"type":"Polygon","coordinates":[[[12.656313024864334,46.14870490858035],[12.656381759287095,46.14708624587725],[12.655604204269915,46.147070293136665],[12.655627122018279,46.14653073908101],[12.65718221754161,46.146562638680244],[12.657205119467115,46.14602308396739],[12.657982660630308,46.14603902554162],[12.657959766288693,46.146578580552955],[12.659491985924758,46.147150003992536],[12.659446224306773,46.148229114908744],[12.656313024864334,46.14870490858035]]]},"properties":{"nbr_class":"stress","color":"#ffffbf"}},{"type":"Feature","geometry":{"type":"Polygon","coordinates":[[[12.639298778094386,46.14619451707983],[12.639321854442878,46.145654969259084],[12.64009938044367,46.14567103237408],[12.640076311678527,46.14621058049556],[12.639298778094386,46.14619451707983]]]},"properties":{"nbr_class":"stress","color":"#ffffbf"}},{"type":"Feature","geometry":{"type":"Polygon","coordinates":[[[12.583835791955925,46.15097529286744],[12.583859414088762,46.15043576731762],[12.583081852884947,46.15041932038064],[12.58312911029218,46.14934026971527],[12.583906656328603,46.14935671603643],[12.583930276435652,46.14881719030504],[12.583152737982603,46.148800744291776],[12.583176364997593,46.148261218807775],[12.582398834805327,46.148244767818326],[12.58244610197473,46.14716571728468],[12.581668587625874,46.147149261627334],[12.581786781637366,46.14445163577421],[12.585674170605555,46.144533853525466],[12.58569776947361,46.14399432663399],[12.58725271463704,46.14402717613559],[12.586380872524472,46.14616886245954],[12.58560336995375,46.146152433836846],[12.58553256322998,46.147771013603645],[12.587064026118993,46.14834339449351],[12.587016847246701,46.14942244847802],[12.586239298501749,46.149406023294105],[12.586192101764379,46.15048507642157],[12.586969665676916,46.15050150222053],[12.586946073880405,46.15104102900104],[12.583835791955925,46.15097529286744]],[[12.583247241990223,46.14664264199255],[12.584024750111945,46.146659086774264],[12.584048366843161,46.14611956074027],[12.583270866303732,46.14610311626643],[12.583247241990223,46.14664264199255]],[[12.582516997662077,46.145547141030214],[12.583294489941927,46.145563590479775],[12.583318112904838,46.145024064632594],[12.582540628206822,46.145007615491],[12.582516997662077,46.145547141030214]]]},"properties":{"nbr_class":"moderata","color":"#a6d96a"}},{"type":"Feature","geometry":{"type":"Polygon","coordinates":[[[12.607571938333377,46.17793597266471],[12.60759535054382,46.177396440270364],[12.606817395858409,46.17738014750281],[12.6068408149945,46.17684061535314],[12.606062868576188,46.17682431760104],[12.605331789472334,46.17572895129967],[12.603775930376347,46.17569633056907],[12.60382282471559,46.174617268289424],[12.603044911365203,46.17460095060111],[12.603068365123049,46.17406141967623],[12.602290460039526,46.17404509700438],[12.602266998687728,46.17458462762367],[12.600711175352387,46.17455196580138],[12.600734651892017,46.17401243579361],[12.59840094472285,46.17396340430988],[12.598494935288038,46.171805287346636],[12.597717064619479,46.17178893416549],[12.59774056817372,46.17124940507981],[12.595406982992829,46.17120031472413],[12.5954540336392,46.17012125820964],[12.59467618844644,46.170104884793986],[12.59469972035257,46.169565356752614],[12.593167593593199,46.1689930671816],[12.59319113933662,46.168453539632715],[12.594746782146222,46.16848630048858],[12.59479384124856,46.167407243982744],[12.594016034688524,46.167390866812035],[12.594840897659772,46.166328187235145],[12.591706177965882,46.16680217645709],[12.591729736197593,46.16626264928011],[12.590951947521038,46.1662462515726],[12.591022640945049,46.164627670599806],[12.590244875714836,46.1646112685261],[12.590268446431658,46.164071741721315],[12.589490689467265,46.16405533466763],[12.589514267099581,46.163515808109516],[12.587982362515454,46.16294345275168],[12.588029544764947,46.161864400562294],[12.586474096284876,46.161831551905735],[12.585743598142134,46.16073606906143],[12.584965890771684,46.1607196321321],[12.584989509887869,46.16018010705599],[12.584211810782913,46.16016366514811],[12.584235436811557,46.15962414031933],[12.583457745972046,46.15960769343308],[12.58348137891272,46.15906816885168],[12.582703696338607,46.159051716987285],[12.582727336190878,46.15851219265337],[12.581195642602086,46.15793974990459],[12.581242949274174,46.15686070216665],[12.58046529908251,46.15684423567729],[12.580488958990538,46.156304712025786],[12.57971131706384,46.15628824055919],[12.57973498388154,46.155748717155504],[12.578957350219763,46.15573224071188],[12.578981023946703,46.155192717556105],[12.577449462053467,46.15462022683075],[12.576766622054375,46.152445645381206],[12.575187743601463,46.15295217054716],[12.575211451868116,46.152412648632236],[12.573680007159489,46.1518401093869],[12.573727450640355,46.15076106649036],[12.571394772801666,46.1507115028068],[12.571418516275958,46.15017198219552],[12.570640965941744,46.15015545070837],[12.56991093153429,46.14905987377069],[12.568355864605712,46.14902678561393],[12.567625890189891,46.147931195059364],[12.566848373595718,46.1479146383908],[12.566872159171483,46.14737511933474],[12.566094650841904,46.147358557692414],[12.56611844331994,46.146819038885745],[12.565340943254908,46.14680247226986],[12.56461105711552,46.14570686381583],[12.567720998085067,46.14577311723136],[12.568403407466029,46.147947746444075],[12.571513483385896,46.14801389914428],[12.571537223466693,46.147474378229916],[12.572314736566828,46.14749090288588],[12.572267270891954,46.148569945272726],[12.573044799838149,46.14858646526342],[12.573021073566073,46.149125986675195],[12.574552436882039,46.14969853339223],[12.574623570199861,46.14807996730206],[12.573846047475808,46.14806345818851],[12.57389348146381,46.14698441444355],[12.574670989022774,46.147000922938965],[12.574647279950197,46.1475404451508],[12.57931238507079,46.14763938701636],[12.579336048648251,46.14709986295218],[12.58089107395503,46.14713280068612],[12.58091472169125,46.146593275944745],[12.580137216281049,46.146576810027966],[12.580208178179843,46.14495823636536],[12.581763144186509,46.1449911610659],[12.581668587625874,46.147149261627334],[12.58244610197473,46.14716571728468],[12.582398834805327,46.148244767818326],[12.583930276435652,46.14881719030504],[12.583906656328603,46.14935671603643],[12.58312911029218,46.14934026971527],[12.583081852884947,46.15041932038064],[12.583859414088762,46.15043576731762],[12.583835791955925,46.15097529286744],[12.586946073880405,46.15104102900104],[12.586969665676916,46.15050150222053],[12.586192101764379,46.15048507642157],[12.586239298501749,46.149406023294105],[12.587016847246701,46.14942244847802],[12.587064026118993,46.14834339449351],[12.586286492540761,46.14832696992461],[12.586310088548442,46.1477874431491],[12.588642668563367,46.147836700081214],[12.589467325917317,46.146774052299264],[12.590244839451668,46.14679045481025],[12.59019772528743,46.14786951161566],[12.592530315440364,46.14791868928661],[12.5925538501103,46.14737915999345],[12.595687453096845,46.14690512443759],[12.596417979192346,46.14800054638885],[12.59564044509325,46.14798418553673],[12.595616940083582,46.148523715995644],[12.594061858741433,46.148490977825965],[12.59399129417833,46.1501095670013],[12.591658608972129,46.15006041735452],[12.591611517062642,46.15113947466214],[12.59083394150927,46.151123080263645],[12.590763275842294,46.15274166485075],[12.59231847313263,46.152774450204376],[12.592294931733743,46.15331397889294],[12.591517325165709,46.15329758855178],[12.591470225177877,46.154376645133816],[12.592247846916862,46.15439303608872],[12.592200759407685,46.15547209304264],[12.593756035255069,46.155504860323404],[12.593685444461734,46.15712344714129],[12.59524076852791,46.157156195119214],[12.595334827548887,46.154998076788786],[12.596866595046901,46.15557033145846],[12.596913591524183,46.154491270826156],[12.598468845120813,46.1545239734557],[12.598445362390029,46.155063504414336],[12.59766772766884,46.15504715543617],[12.598398394914335,46.15614256615035],[12.596843095800535,46.15610986168396],[12.59677259403026,46.15772845199796],[12.600660960669572,46.15781017811125],[12.600637496672237,46.15834970962516],[12.601415179607477,46.15836603929549],[12.601438636017429,46.15782650747585],[12.602216312038111,46.157842831554404],[12.60233354609524,46.15514517002233],[12.601555908008352,46.155128847471815],[12.602380435025927,46.15406610498681],[12.601602812111043,46.15404978304746],[12.601626263156694,46.15351025074471],[12.598515808568376,46.153444911357205],[12.598609727408142,46.15128678643528],[12.60094247631911,46.151335795233436],[12.600965931597418,46.15079626293439],[12.60174350832897,46.150812588325124],[12.601012840142475,46.14971719815512],[12.601790401705534,46.149733522934575],[12.602614839468886,46.148670776186314],[12.605748440884742,46.14819646444449],[12.605795251726647,46.147117395396954],[12.605017724721469,46.14710109856606],[12.605134778030662,46.1444034264165],[12.606689756886883,46.1444360117437],[12.606642967899718,46.14551508200474],[12.60742047349883,46.145531367352646],[12.607326917830592,46.14768950837018],[12.608881991704358,46.14772206565247],[12.609612793302597,46.148817408342275],[12.611945456652805,46.14886619060728],[12.611968802407684,46.14832665373661],[12.612746350613417,46.14834290361835],[12.612793024954057,46.147263829087635],[12.614348093039242,46.14729631178149],[12.614278126029403,46.148914925311594],[12.615055683826453,46.148931159643936],[12.615032367740469,46.14947069767067],[12.616610801426528,46.1489636124549],[12.616564198925015,46.15004268966327],[12.617341773896182,46.15005890874917],[12.617295183899497,46.15113798632377],[12.618072774708287,46.15115420073201],[12.618026197218013,46.152233278672696],[12.618803803865164,46.152249488402866],[12.618780521706842,46.1527890275863],[12.619558136607331,46.152805232334636],[12.61967450281759,46.15010753429803],[12.618896925842689,46.15009133106656],[12.618920204673246,46.14955179158185],[12.617365067895609,46.14951936987147],[12.617434945898491,46.147900752876744],[12.619767583810447,46.147949374784226],[12.619744314560084,46.14848891475305],[12.620521869449632,46.14850511178992],[12.620545131116153,46.14796557151785],[12.622123473563052,46.14745840819324],[12.622169963237937,46.14637932613557],[12.622947489794038,46.14639550610701],[12.62292425287211,46.14693504746887],[12.624479323150023,46.146967392164704],[12.62450254490535,46.14642785019727],[12.62608080860593,46.14592063051787],[12.626057602680694,46.14646017315067],[12.626835132566837,46.14647632670103],[12.62681193356159,46.14701586957606],[12.6275894716965,46.14703201814449],[12.628320640831426,46.14812724820721],[12.626765533561473,46.148094955145524],[12.626742332566552,46.14863449783999],[12.623655327008441,46.14803030560769],[12.623608863682486,46.149109388515576],[12.624386429489984,46.14912555943231],[12.625117560319065,46.15022080894219],[12.62745030924196,46.15026927594471],[12.627427113178733,46.15080881870073],[12.62587193139465,46.150776512045816],[12.625848719498022,46.15131605413677],[12.627403916452357,46.15134836139657],[12.62735752101006,46.152427446607675],[12.628135135656338,46.15244359291443],[12.628866383216343,46.15353882011519],[12.62420061029907,46.153441891077186],[12.623376507199314,46.154504799441646],[12.624154148860487,46.15452097338624],[12.624130917144939,46.155060514450454],[12.626463868885583,46.1551090054779],[12.62651028613352,46.15402992147356],[12.627287922872407,46.15404607397288],[12.627195116069359,46.15620424295045],[12.62797278382085,46.15622039137344],[12.628704075205736,46.157315619847154],[12.630259444384562,46.15734789147121],[12.630236270049728,46.157887434653546],[12.631013963224218,46.157903562838115],[12.630967627743116,46.1589826496262],[12.634078467790292,46.15904711191415],[12.634055329410364,46.15958665642484],[12.635610768594452,46.15961885645189],[12.635587644730641,46.160158401505335],[12.634032190368858,46.16012620087541],[12.634763652328457,46.16122139315748],[12.636319138373922,46.161253584419086],[12.63638848918158,46.159634948535285],[12.637943932344923,46.15966711684171],[12.638629276926245,46.161841377736124],[12.640962539699307,46.16188957829395],[12.640985612419472,46.16135003131382],[12.639453205660523,46.16077835705866],[12.63949937815893,46.15969926400095],[12.63796703278152,46.15912757082459],[12.638837112557678,46.15698546087307],[12.640392483812974,46.1570175944504],[12.640369408781808,46.15755714161058],[12.641147102990352,46.15757320077041],[12.641170170433575,46.15703365330956],[12.642725545659605,46.15706575516882],[12.643457144247192,46.15816089483336],[12.6465679659807,46.15822501637072],[12.64739168720064,46.157161933873276],[12.646613995292677,46.15714591730524],[12.646637008961658,46.156606367682436],[12.645081642302182,46.156574319287124],[12.645150724886042,46.15495567185844],[12.646729057058073,46.1544481685907],[12.64668303432572,46.15552726825667],[12.64979371486359,46.155591299213484],[12.649816696209525,46.15505174821169],[12.651372025259919,46.15508373137424],[12.652195605971817,46.15402061104658],[12.652973256969611,46.154036588814286],[12.652927356945368,46.155115693392354],[12.654459755442685,46.15568718706301],[12.65441388183248,46.15676629247715],[12.655191572741954,46.15678225588134],[12.655145711685021,46.15786136165329],[12.655923418428797,46.15787732036861],[12.655900494505484,46.158416873463395],[12.655122780173105,46.158400914449295],[12.655076915182265,46.159480019861334],[12.656632374860374,46.1595119337978],[12.656609456559929,46.160051487011366],[12.658187837168207,46.15954382658635],[12.65816493404638,46.16008338039704],[12.658942673775243,46.160099319159244],[12.658896880746306,46.16117842719762],[12.658119125838105,46.16116248783857],[12.657295545578883,46.162225649796795],[12.655762937200421,46.16165419077257],[12.655717079520963,46.16273329606244],[12.65649485522774,46.16274925217957],[12.656471932995148,46.16328880503328],[12.658027501562414,46.16332070200201],[12.658004593856033,46.16386025539296],[12.659537287054444,46.16443168573555],[12.659491498732102,46.16551079341132],[12.660269315680175,46.16552672458183],[12.66017776154771,46.16768494040706],[12.661733458150502,46.16771678926883],[12.661687707528245,46.16879589801439],[12.662465571999775,46.168811815108484],[12.662328349994645,46.172049141694856],[12.66155043996101,46.17203322281253],[12.660726754304909,46.17309640583107],[12.659170907142757,46.17306454042658],[12.65919381079868,46.17252498745807],[12.657660899643846,46.171953549061136],[12.657729650280569,46.170334891406924],[12.656196815073162,46.16976343459952],[12.65626560340428,46.16814477801768],[12.655487751782019,46.16812881891279],[12.655510687506919,46.16758926689769],[12.653977951675254,46.16701778194299],[12.654023850213731,46.165938678808594],[12.653246030934694,46.16592270503446],[12.65411563941641,46.163780471819855],[12.653337850502425,46.16376449924199],[12.653314896595042,46.16430405078012],[12.6502037171626,46.16424010639431],[12.650180732234485,46.16477965667519],[12.637735998690468,46.16452302829065],[12.63782842025405,46.16236484602563],[12.636272901197197,46.162332674707656],[12.63620354047421,46.16395130968955],[12.63698132244175,46.16396739889585],[12.636958208469192,46.1645069440708],[12.635402630016143,46.16447475976805],[12.635448887662434,46.16339567056318],[12.629226721855204,46.1632667266755],[12.629249910406982,46.16272718439703],[12.628472150262256,46.16271104292003],[12.628425757315506,46.16379012681237],[12.626870208662346,46.16375782678719],[12.626846996013326,46.16429736803833],[12.623759119348508,46.163693163287824],[12.623735876338301,46.16423270332829],[12.62451365525742,46.164248877437046],[12.624350988713648,46.16802565815388],[12.622795325266583,46.1679933004084],[12.621970966855253,46.16905619144845],[12.62041527704379,46.16902380076122],[12.620298870252636,46.171721491287286],[12.619520988384894,46.17170528649426],[12.619474405820997,46.172784361676115],[12.617918613716489,46.17275193500947],[12.617895306247876,46.1732914719029],[12.61636282428673,46.17271948718693],[12.615538269408656,46.17378232724594],[12.61398245361917,46.173749846473484],[12.613959106846798,46.17428938172678],[12.61473702200083,46.174305625061685],[12.614596972914184,46.177542837139924],[12.613819012191051,46.1775265919802],[12.613795660744621,46.178066126811366],[12.612239726117387,46.1780336200139],[12.612263092754963,46.17749408579133],[12.607571938333377,46.17793597266471]],[[12.613204546729051,46.17373359815358],[12.61398245361917,46.173749846473484],[12.614005799723914,46.17321031115989],[12.613227900427647,46.173194063144216],[12.613204546729051,46.17373359815358]],[[12.610894206559811,46.17314528736317],[12.611672103845377,46.17316155124584],[12.611742206494634,46.17154294768198],[12.610209839553336,46.17097088242208],[12.610894206559811,46.17314528736317]],[[12.615631589073608,46.17162418319739],[12.61796522665424,46.17167286104183],[12.618011836926195,46.170593786833095],[12.616479427563716,46.170021804853214],[12.616456108242039,46.17056134144052],[12.615678244903393,46.17054511081138],[12.615631589073608,46.17162418319739]],[[12.596231879506854,46.17013762633707],[12.597009726049187,46.17015398917626],[12.597033235179303,46.169614460215556],[12.596255396229,46.16959809768272],[12.596231879506854,46.17013762633707]],[[12.591729736197593,46.16626264928011],[12.592507525549959,46.166279041700115],[12.592554624812085,46.165199986550945],[12.591776850640239,46.16518359474471],[12.591729736197593,46.16626264928011]],[[12.59418077348692,46.16361416928385],[12.595736281018684,46.16364691404589],[12.595759797262488,46.16310738497273],[12.594204304909463,46.16307464082376],[12.59418077348692,46.16361416928385]],[[12.654847550881781,46.164875543322275],[12.656403162364647,46.16490746323455],[12.657226801652875,46.16384430925388],[12.656449010107119,46.163828357827015],[12.656471932995148,46.16328880503328],[12.654916367058258,46.16325688691388],[12.654893428988668,46.163796439109994],[12.655671219218977,46.16381240111239],[12.654847550881781,46.164875543322275]],[[12.622203578691304,46.16366079981384],[12.623782361694133,46.163153623187156],[12.623805603375203,46.16261408302625],[12.622273349273293,46.16204218114887],[12.622366367406862,46.159884022085656],[12.620834203716935,46.15931210239608],[12.620810935668828,46.15985164170623],[12.619255506600664,46.15981924018026],[12.619232222710046,46.160358778823536],[12.621565390079484,46.16040737409235],[12.621495602714653,46.16202599239016],[12.620717856823358,46.16200979834439],[12.620694585448613,46.162549337353326],[12.621472338929424,46.16256553170228],[12.622203578691304,46.16366079981384]],[[12.629249910406982,46.16272718439703],[12.630805432691801,46.16275945148921],[12.630851777447603,46.16168036554348],[12.631629524407833,46.16169649055483],[12.630898119553258,46.160601279357074],[12.63012038843626,46.160585149662616],[12.629296285521503,46.16164809965952],[12.627740796256003,46.161615812627325],[12.627717593851187,46.16215535442165],[12.629273098295739,46.16218764205836],[12.629249910406982,46.16272718439703]],[[12.638583083966877,46.16292046971114],[12.639360852742213,46.16293654245282],[12.639383941962036,46.16239699619443],[12.63860618077676,46.16238092375368],[12.638583083966877,46.16292046971114]],[[12.641694163041588,46.16298472895331],[12.64247193446511,46.16300078054526],[12.6425180515245,46.161921685563],[12.64407356599552,46.161953771683],[12.644027479296453,46.16303286786677],[12.646360801500938,46.16308095919287],[12.646498917077349,46.15984366451857],[12.643364956305279,46.16031908744139],[12.644188771213608,46.159256030172344],[12.64263333263581,46.15922394705592],[12.64265638688046,46.15868439917427],[12.639545548017088,46.15862017070285],[12.639522463418029,46.159159717381954],[12.640300179729705,46.15917578273056],[12.64027710205939,46.15971532965035],[12.641809488694047,46.160286992549636],[12.641740295281066,46.1619056345721],[12.640962539699307,46.16188957829395],[12.641694163041588,46.16298472895331]],[[12.588053134877942,46.16132487437685],[12.59038628990719,46.16137410679017],[12.590480552558763,46.1592159977567],[12.59125824190201,46.15923239675986],[12.59130535401057,46.15815334126623],[12.589750006349558,46.158120539201995],[12.589679291651501,46.15973912050931],[12.588123901170231,46.159706295457596],[12.588053134877942,46.16132487437685]],[[12.63238411516518,46.162252153885746],[12.633161871043844,46.162268268624594],[12.633185020321571,46.16172872471622],[12.632407272032562,46.16171261027909],[12.63238411516518,46.162252153885746]],[[12.651119361258303,46.161018795680086],[12.653452610194872,46.1610667406514],[12.653475560164633,46.160527188753285],[12.652697817450067,46.160511212682515],[12.652720774353037,46.15997166102352],[12.650387572929635,46.15992370198648],[12.651119361258303,46.161018795680086]],[[12.647253636900018,46.16039923214847],[12.649586853179597,46.16044725552837],[12.649678798277519,46.158289053322015],[12.648123380809565,46.158257045419674],[12.647253636900018,46.16039923214847]],[[12.62627817334979,46.159425339087164],[12.627833599241464,46.15945764484805],[12.627856798329498,46.15891810275276],[12.626301387614616,46.15888579759671],[12.62627817334979,46.159425339087164]],[[12.588194661392965,46.15808771599389],[12.591328909054655,46.15761381342872],[12.591376017122542,46.156534757572274],[12.589844283179279,46.15596242994551],[12.588194661392965,46.15808771599389]],[[12.651966003722151,46.15941612854505],[12.652743730599623,46.15943210930451],[12.652766686189853,46.158892557525505],[12.651988966901323,46.15887657706525],[12.651966003722151,46.15941612854505]],[[12.58279825169262,46.156893619288404],[12.583575903918968,46.1569100699208],[12.583599533481534,46.15637054503676],[12.582821888841586,46.156354094712356],[12.58279825169262,46.156893619288404]],[[12.627125504001615,46.15782286905156],[12.627903194515733,46.157839018381594],[12.627949588049011,46.15675993376967],[12.626394238036964,46.15672763103287],[12.627125504001615,46.15782286905156]],[[12.620927269257022,46.15715394455303],[12.621704946852402,46.157170135870295],[12.621728203987105,46.15663059595578],[12.620950533979077,46.15661440494166],[12.620927269257022,46.15715394455303]],[[12.622482625114918,46.15718632190138],[12.623260304044347,46.157202502646314],[12.623283546004274,46.15666296212582],[12.622505874662243,46.15664678168385],[12.622482625114918,46.15718632190138]],[[12.610063224034638,46.1563871757146],[12.611618545996214,46.15641970046407],[12.611641901096915,46.155880164437754],[12.610086594308973,46.155847640297225],[12.610063224034638,46.1563871757146]],[[12.620172864638372,46.156598208641505],[12.620950533979077,46.15661440494166],[12.621821225876921,46.154472435695396],[12.621043586216139,46.15445624589377],[12.621066847612731,46.153916705981196],[12.619534861369154,46.15334477176121],[12.619511585465546,46.15388431112753],[12.617956325988922,46.153851895131744],[12.617933034247484,46.154391433830895],[12.619465031661939,46.15496338967941],[12.619418475196328,46.15604246799026],[12.6201961362824,46.15605866927312],[12.620172864638372,46.156598208641505]],[[12.624061218012978,46.15667913728174],[12.624838890688139,46.15669530715156],[12.624862116809137,46.15615576596529],[12.624084451721208,46.156139596398205],[12.624061218012978,46.15667913728174]],[[12.648970063901352,46.15665440062788],[12.650525437158935,46.15668639615969],[12.650571386646652,46.15560729373726],[12.64979371486359,46.155591299213484],[12.648970063901352,46.15665440062788]],[[12.582115175029864,46.15471906593523],[12.58289279623399,46.154735520620996],[12.582963697545148,46.15311694598485],[12.581408501326722,46.15308403317669],[12.581361204120915,46.154163081762256],[12.582138817061422,46.154179541425115],[12.582115175029864,46.15471906593523]],[[12.57980598027509,46.154130146581124],[12.58058359185873,46.15414661681425],[12.580630904234816,46.153067568845174],[12.581408501326722,46.15308403317669],[12.581432148915534,46.15254450879309],[12.58065455940844,46.15252804476982],[12.580725520871924,46.150909472180466],[12.57914672108623,46.15141605376995],[12.579099382429884,46.1524951008688],[12.579876970579818,46.15251157546173],[12.57980598027509,46.154130146581124]],[[12.60704618662889,46.15416392562975],[12.610156701123197,46.1542290336831],[12.610180068725093,46.153689498024434],[12.608624825308336,46.153656955177944],[12.608648207413554,46.15311742006821],[12.60787059429674,46.15310114102171],[12.60704618662889,46.15416392562975]],[[12.589184509515205,46.15324838581772],[12.589962114056222,46.15326479201415],[12.589985678210489,46.15272526424645],[12.58920808125455,46.15270885835716],[12.589184509515205,46.15324838581772]],[[12.621844479687246,46.153932895479706],[12.623422983810363,46.15342571773821],[12.623469457764017,46.152346635793876],[12.621136627812476,46.15229808588203],[12.621090108344305,46.15337716600837],[12.621867732832763,46.1533933552038],[12.621844479687246,46.153932895479706]],[[12.577544208166946,46.15246213582852],[12.578321794958857,46.15247862099106],[12.578416499901824,46.150320527785205],[12.576837697282503,46.150827077419684],[12.576814006217083,46.151366600134104],[12.577591577160915,46.151383089963986],[12.577544208166946,46.15246213582852]],[[12.588430484974696,46.1526924471829],[12.58920808125455,46.15270885835716],[12.589231652320029,46.15216933083612],[12.588454063625012,46.15215291996911],[12.588430484974696,46.1526924471829]],[[12.586922481409447,46.15158055572103],[12.59003280449809,46.1516462085296],[12.590056366631476,46.15110668058046],[12.586946073880405,46.15104102900104],[12.586922481409447,46.15158055572103]],[[12.603251798090454,46.15192428962328],[12.604029392008401,46.151940599770384],[12.60405281761797,46.15140106630972],[12.60327523128488,46.15138475646797],[12.603251798090454,46.15192428962328]],[[12.607139774397139,46.15200578750877],[12.608694969618634,46.152038349667734],[12.608718349718544,46.15149881437699],[12.607163169667029,46.15146625282764],[12.607139774397139,46.15200578750877]],[[12.602497645623895,46.151368441341326],[12.60327523128488,46.15138475646797],[12.603298663809401,46.15084522325227],[12.602521085733036,46.15082890843108],[12.602497645623895,46.151368441341326]],[[12.576885077381597,46.14974803180913],[12.578440174445506,46.14978100433233],[12.578511194015986,46.14816243361031],[12.576956142451232,46.14812946293895],[12.576885077381597,46.14974803180913]],[[12.588571946766159,46.14945528299283],[12.589349497540232,46.14947169232371],[12.589396630912072,46.14839263649537],[12.588619095304866,46.148376227778904],[12.588571946766159,46.14945528299283]],[[12.622076981230075,46.148537490009986],[12.622854538120535,46.14855367119316],[12.622877777035383,46.14801413001195],[12.622100227728836,46.14799794913172],[12.622076981230075,46.148537490009986]]]},"properties":{"nbr_class":"sana","color":"#1a9641"}},{"type":"Feature","geometry":{"type":"Polygon","coordinates":[[[12.665735289839665,46.1467377086241],[12.666558466980527,46.145674475729464],[12.668113550523508,46.14570622616881],[12.668067959677265,46.14678534399364],[12.665735289839665,46.1467377086241]]]},"properties":{"nbr_class":"sana","color":"#1a9641"}},{"type":"Feature","geometry":{"type":"Polygon","coordinates":[[[12.602778882712519,46.144894042433364],[12.602802314782082,46.14435450879857],[12.604357289609485,46.14438712582747],[12.604333872703993,46.144926660072926],[12.602778882712519,46.144894042433364]]]},"properties":{"nbr_class":"sana","color":"#1a9641"}},{"type":"Feature","geometry":{"type":"Polygon","coordinates":[[[12.630745952399451,46.14601747074288],[12.630769112163255,46.14547792623683],[12.629991594118849,46.145461799711725],[12.630014760803457,46.14492225544741],[12.631569782390766,46.144954502609785],[12.631523478691175,46.14603359228571],[12.630745952399451,46.14601747074288]]]},"properties":{"nbr_class":"moderata","color":"#a6d96a"}},{"type":"Feature","geometry":{"type":"Polygon","coordinates":[[[12.639321854442878,46.145654969259084],[12.639344930131703,46.14511542137823],[12.64012244854936,46.14513148419248],[12.64009938044367,46.14567103237408],[12.639321854442878,46.145654969259084]]]},"properties":{"nbr_class":"moderata","color":"#a6d96a"}},{"type":"Feature","geometry":{"type":"Polygon","coordinates":[[[12.64009938044367,46.14567103237408],[12.64012244854936,46.14513148419248],[12.640899967628615,46.14514754172259],[12.640876907106085,46.145687090204824],[12.64009938044367,46.14567103237408]]]},"properties":{"nbr_class":"stress","color":"#ffffbf"}},{"type":"Feature","geometry":{"type":"Polygon","coordinates":[[[12.653248602006991,46.14756195630587],[12.653294483663611,46.14648285004782],[12.654072029124167,46.146498818343446],[12.653340362697026,46.14540374354978],[12.654895423941177,46.145435673660835],[12.654803723922274,46.14759388880827],[12.653248602006991,46.14756195630587]]]},"properties":{"nbr_class":"stress","color":"#ffffbf"}},{"type":"Feature","geometry":{"type":"Polygon","coordinates":[[[12.661092831847217,46.146102738993264],[12.661115695199435,46.145563182729084],[12.661893232059823,46.14557909758263],[12.661870376291393,46.146118654144786],[12.661092831847217,46.146102738993264]]]},"properties":{"nbr_class":"moderata","color":"#a6d96a"}},{"type":"Feature","geometry":{"type":"Polygon","coordinates":[[[12.659537744926368,46.146070892836526],[12.66036102927696,46.14500770656502],[12.661916087174877,46.14503954096055],[12.661092831847217,46.146102738993264],[12.659537744926368,46.146070892836526]]]},"properties":{"nbr_class":"stress","color":"#ffffbf"}},{"type":"Feature","geometry":{"type":"Polygon","coordinates":[[[12.587205546552815,46.14510623108805],[12.58725271463704,46.14402717613559],[12.586475241717041,46.14401075402645],[12.586498832329248,46.14347122676693],[12.588053763682959,46.143504065087036],[12.587983035312472,46.145122648528535],[12.587205546552815,46.14510623108805]]]},"properties":{"nbr_class":"stress","color":"#ffffbf"}},{"type":"Feature","geometry":{"type":"Polygon","coordinates":[[[12.627566279611674,46.14757156126167],[12.6275894716965,46.14703201814449],[12.62681193356159,46.14701586957606],[12.62608080860593,46.14592063051787],[12.625303286968505,46.145904471985816],[12.624479323150023,46.146967392164704],[12.62292425287211,46.14693504746887],[12.622947489794038,46.14639550610701],[12.622169963237937,46.14637932613557],[12.622193207078656,46.1458397850164],[12.622970726051706,46.14585596468489],[12.623017196574361,46.14477688166003],[12.621462189625747,46.14474451825079],[12.621485439055558,46.14420497725392],[12.625372923512213,46.14428584463376],[12.625349711994525,46.14482538714465],[12.6269047256036,46.14485769771475],[12.626881528587818,46.14539724077038],[12.629214076738883,46.14544566790251],[12.629167726216542,46.14652475564651],[12.629945258762815,46.14654088805979],[12.62992209009134,46.147080432143575],[12.628367010496572,46.147048161428565],[12.628343825995394,46.147587704847986],[12.627566279611674,46.14757156126167]]]},"properties":{"nbr_class":"moderata","color":"#a6d96a"}},{"type":"Feature","geometry":{"type":"Polygon","coordinates":[[[12.654895423941177,46.145435673660835],[12.65491834730754,46.144896119724],[12.65569587133255,46.14491207655421],[12.655672955549573,46.145451630789786],[12.654895423941177,46.145435673660835]]]},"properties":{"nbr_class":"stress","color":"#ffffbf"}},{"type":"Feature","geometry":{"type":"Polygon","coordinates":[[[12.66500338605443,46.145642704151925],[12.665026210834965,46.14510314633897],[12.667358810454415,46.14515079488634],[12.667336008425016,46.14569035359141],[12.66500338605443,46.145642704151925]]]},"properties":{"nbr_class":"stress","color":"#ffffbf"}},{"type":"Feature","geometry":{"type":"Polygon","coordinates":[[[12.599645447727616,46.145368276101955],[12.599715834919904,46.14374967886509],[12.601270789206026,46.14378233755118],[12.601294235099104,46.143242804406675],[12.602825746181836,46.143814975103396],[12.602802314782082,46.14435450879857],[12.602024828376292,46.14433819235873],[12.601977948403114,46.14541725895696],[12.601200447505382,46.14540093662239],[12.60124734264273,46.1443218706353],[12.600469857581611,46.14430554362833],[12.600422947280142,46.145384609004054],[12.599645447727616,46.145368276101955]]]},"properties":{"nbr_class":"stress","color":"#ffffbf"}},{"type":"Feature","geometry":{"type":"Polygon","coordinates":[[[12.638544329103924,46.14563890085985],[12.637812985476991,46.14454373255811],[12.63939107953043,46.144036325436225],[12.64012244854936,46.14513148419248],[12.638544329103924,46.14563890085985]]]},"properties":{"nbr_class":"stress","color":"#ffffbf"}},{"type":"Feature","geometry":{"type":"Polygon","coordinates":[[[12.60204826735783,46.14379865896903],[12.602071705669362,46.14325912551895],[12.602849176911802,46.14327544134785],[12.602825746181836,46.143814975103396],[12.60204826735783,46.14379865896903]]]},"properties":{"nbr_class":"degradata","color":"#fdae61"}},{"type":"Feature","geometry":{"type":"Polygon","coordinates":[[[12.602825746181836,46.143814975103396],[12.602849176911802,46.14327544134785],[12.603626648826207,46.14329175189336],[12.603603225677832,46.14383128595428],[12.602825746181836,46.143814975103396]]]},"properties":{"nbr_class":"stress","color":"#ffffbf"}},{"type":"Feature","geometry":{"type":"Polygon","coordinates":[[[12.637035476628277,46.14452765419249],[12.637058573745795,46.14398810709421],[12.63861357694016,46.14402025793948],[12.638590494987929,46.14455980563971],[12.637035476628277,46.14452765419249]]]},"properties":{"nbr_class":"degradata","color":"#fdae61"}},{"type":"Feature","geometry":{"type":"Polygon","coordinates":[[[12.588784093963953,46.14459953262487],[12.588878364089506,46.14244141977761],[12.590433269174959,46.14247422516974],[12.590386165783803,46.143553282942705],[12.591163634501958,46.14356967832801],[12.591210722730912,46.14249061994115],[12.591988176962058,46.14250700942945],[12.591894028137398,46.1446651271887],[12.591116543580886,46.14464873647299],[12.59114008937795,46.14410920743073],[12.590362613078367,46.144092811738474],[12.590339059699662,46.14463234047378],[12.588784093963953,46.14459953262487]]]},"properties":{"nbr_class":"stress","color":"#ffffbf"}},{"type":"Feature","geometry":{"type":"Polygon","coordinates":[[[12.590386165783803,46.143553282942705],[12.590433269174959,46.14247422516974],[12.591210722730912,46.14249061994115],[12.591163634501958,46.14356967832801],[12.590386165783803,46.143553282942705]]]},"properties":{"nbr_class":"degradata","color":"#fdae61"}},{"type":"Feature","geometry":{"type":"Polygon","coordinates":[[[12.644787572941276,46.14522775011038],[12.644810594889535,46.144688200066376],[12.644033080088597,46.144672169257355],[12.644079137176274,46.143593069589436],[12.64561112405802,46.144164675187184],[12.645565095985567,46.145243775935306],[12.644787572941276,46.14522775011038]]]},"properties":{"nbr_class":"moderata","color":"#a6d96a"}},{"type":"Feature","geometry":{"type":"Polygon","coordinates":[[[12.602071705669362,46.14325912551895],[12.602095143310919,46.14271959200849],[12.602872606972005,46.142735907531936],[12.602849176911802,46.14327544134785],[12.602071705669362,46.14325912551895]]]},"properties":{"nbr_class":"stress","color":"#ffffbf"}},{"type":"Feature","geometry":{"type":"Polygon","coordinates":[[[12.602849176911802,46.14327544134785],[12.602872606972005,46.142735907531936],[12.603650071305035,46.14275221777208],[12.603626648826207,46.14329175189336],[12.602849176911802,46.14327544134785]]]},"properties":{"nbr_class":"degradata","color":"#fdae61"}},{"type":"Feature","geometry":{"type":"Polygon","coordinates":[[[12.61684377397144,46.14356822279667],[12.616867067563248,46.14302868349936],[12.617644543954118,46.14304489863821],[12.61762125794411,46.1435844382391],[12.61684377397144,46.14356822279667]]]},"properties":{"nbr_class":"sana","color":"#1a9641"}},{"type":"Feature","geometry":{"type":"Polygon","coordinates":[[[12.630061092185967,46.14384316673831],[12.630084256883919,46.143303622293494],[12.63086174459821,46.14331974761096],[12.630838587482465,46.14385929235767],[12.630061092185967,46.14384316673831]]]},"properties":{"nbr_class":"moderata","color":"#a6d96a"}},{"type":"Feature","geometry":{"type":"Polygon","coordinates":[[[12.603626648826207,46.14329175189336],[12.603673493114337,46.14221268359043],[12.604450950537908,46.14222898824202],[12.604404121412358,46.14330805715548],[12.603626648826207,46.14329175189336]]]},"properties":{"nbr_class":"stress","color":"#ffffbf"}},{"type":"Feature","geometry":{"type":"Polygon","coordinates":[[[12.640168582782467,46.144052387649026],[12.640214714378038,46.14297329086518],[12.640992203126824,46.14298934719278],[12.640946086696054,46.14406844457786],[12.640168582782467,46.144052387649026]]]},"properties":{"nbr_class":"stress","color":"#ffffbf"}},{"type":"Feature","geometry":{"type":"Polygon","coordinates":[[[12.660978505281454,46.148800519415026],[12.661001371901975,46.14826096345055],[12.660223797776336,46.148245041822115],[12.660269544225326,46.147165930309534],[12.661047103181916,46.147181851341784],[12.660315288058802,46.14608681855717],[12.661870376291393,46.146118654144786],[12.661916087174877,46.14503954096055],[12.662693617107191,46.14505545023175],[12.662716463985516,46.144515893251885],[12.661161419943118,46.14448407002092],[12.66118428133463,46.14394451357693],[12.662739310210725,46.14397633621208],[12.662762155782847,46.14343677911236],[12.665872191064116,46.14350035978183],[12.666604085554743,46.144595358853955],[12.665826559931682,46.14457947630219],[12.665803743387107,46.14511903447253],[12.665026210834965,46.14510314633897],[12.664980560621386,46.146182261904976],[12.664203013556328,46.14616636789183],[12.664889252363652,46.14834049231805],[12.662556522120598,46.14829279085251],[12.66253367066984,46.14883234741289],[12.660978505281454,46.148800519415026]]]},"properties":{"nbr_class":"sana","color":"#1a9641"}},{"type":"Feature","geometry":{"type":"Polygon","coordinates":[[[12.58965581629442,46.14245782511522],[12.58967937456094,46.14191829644506],[12.590456819860728,46.14193469619255],[12.590433269174959,46.14247422516974],[12.58965581629442,46.14245782511522]]]},"properties":{"nbr_class":"moderata","color":"#a6d96a"}},{"type":"Feature","geometry":{"type":"Polygon","coordinates":[[[12.590433269174959,46.14247422516974],[12.590456819860728,46.14193469619255],[12.591234265835903,46.14195109065703],[12.591210722730912,46.14249061994115],[12.590433269174959,46.14247422516974]]]},"properties":{"nbr_class":"stress","color":"#ffffbf"}},{"type":"Feature","geometry":{"type":"Polygon","coordinates":[[[12.602095143310919,46.14271959200849],[12.602118580282516,46.142180058437646],[12.603673493114337,46.14221268359043],[12.603650071305035,46.14275221777208],[12.602095143310919,46.14271959200849]]]},"properties":{"nbr_class":"moderata","color":"#a6d96a"}},{"type":"Feature","geometry":{"type":"Polygon","coordinates":[[[12.658851742938552,46.14389673999295],[12.658874626425172,46.14335718438347],[12.660429636200869,46.14338903812722],[12.660406767879978,46.1439285943331],[12.658851742938552,46.14389673999295]]]},"properties":{"nbr_class":"sana","color":"#1a9641"}},{"type":"Feature","geometry":{"type":"Polygon","coordinates":[[[12.651808257784188,46.14483223956052],[12.65190006602148,46.1426740279972],[12.653455048805275,46.142705976254746],[12.653363301230092,46.14486419021077],[12.651808257784188,46.14483223956052]]]},"properties":{"nbr_class":"sana","color":"#1a9641"}},{"type":"Feature","geometry":{"type":"Polygon","coordinates":[[[12.591210722730912,46.14249061994115],[12.591257808267937,46.14141156131244],[12.592035247337694,46.14142795018708],[12.591988176962058,46.14250700942945],[12.591210722730912,46.14249061994115]]]},"properties":{"nbr_class":"degradata","color":"#fdae61"}},{"type":"Feature","geometry":{"type":"Polygon","coordinates":[[[12.654186683872913,46.14380105015362],[12.654232541183971,46.14272194245774],[12.655787527913873,46.142753859012096],[12.655741700933282,46.143832967903116],[12.654186683872913,46.14380105015362]]]},"properties":{"nbr_class":"stress","color":"#ffffbf"}},{"type":"Feature","geometry":{"type":"Polygon","coordinates":[[[12.646434642872235,46.1431015935398],[12.646457647023732,46.14256204265561],[12.647235133474481,46.14257805641291],[12.647212136905248,46.1431176075969],[12.646434642872235,46.1431015935398]]]},"properties":{"nbr_class":"moderata","color":"#a6d96a"}},{"type":"Feature","geometry":{"type":"Polygon","coordinates":[[[12.629283597553842,46.143827035835145],[12.629376282700132,46.14166885890285],[12.630153747004833,46.141684988598044],[12.630107420919698,46.14276407778852],[12.631685530058478,46.14225677736718],[12.631616083443117,46.14387541269322],[12.630838587482465,46.14385929235767],[12.63086174459821,46.14331974761096],[12.629283597553842,46.143827035835145]]]},"properties":{"nbr_class":"stress","color":"#ffffbf"}},{"type":"Feature","geometry":{"type":"Polygon","coordinates":[[[12.677466810077407,46.145356722336984],[12.676734687829702,46.14426178876238],[12.67751221500785,46.1442775970362],[12.677557617342375,46.14319847149615],[12.679135328346412,46.14269050755586],[12.679067271317265,46.144309197730585],[12.67828974283711,46.14429340002561],[12.679021896721801,46.1453883242147],[12.677466810077407,46.145356722336984]]]},"properties":{"nbr_class":"moderata","color":"#a6d96a"}},{"type":"Feature","geometry":{"type":"Polygon","coordinates":[[[12.660429636200869,46.14338903812722],[12.66047537088153,46.14230992553563],[12.661252861588132,46.14232584388534],[12.661230002157115,46.142865400509145],[12.662785000701902,46.14289722195271],[12.662762155782847,46.14343677911236],[12.660429636200869,46.14338903812722]]]},"properties":{"nbr_class":"stress","color":"#ffffbf"}},{"type":"Feature","geometry":{"type":"Polygon","coordinates":[[[12.657342517272342,46.142785754430896],[12.657365414615464,46.14224619929826],[12.658920391435995,46.142278072984624],[12.658897509257645,46.14281762871402],[12.657342517272342,46.142785754430896]]]},"properties":{"nbr_class":"stress","color":"#ffffbf"}},{"type":"Feature","geometry":{"type":"Polygon","coordinates":[[[12.593519566414212,46.143079302700535],[12.593543087449063,46.14253977255665],[12.591988176962058,46.14250700942945],[12.592035247337694,46.14142795018708],[12.593590127501784,46.141460712087536],[12.593613646519705,46.1409211817623],[12.596723384618189,46.14098664094218],[12.596746872642804,46.14044710933103],[12.597524301271656,46.14046346061264],[12.597477339711883,46.14154252438682],[12.59436756859568,46.141477085113344],[12.594297030250729,46.14309567664598],[12.593519566414212,46.143079302700535]]]},"properties":{"nbr_class":"stress","color":"#ffffbf"}},{"type":"Feature","geometry":{"type":"Polygon","coordinates":[[[12.600540218005431,46.14268694511178],[12.600587121602663,46.141607879132096],[12.60136456875726,46.141624204610785],[12.6013880119697,46.14108467122472],[12.604521189206666,46.140610384419105],[12.604474364096745,46.141689453694745],[12.603696914254144,46.141673149348414],[12.603673493114337,46.14221268359043],[12.600540218005431,46.14268694511178]]]},"properties":{"nbr_class":"sana","color":"#1a9641"}},{"type":"Feature","geometry":{"type":"Polygon","coordinates":[[[12.665849375824012,46.14403991807196],[12.665872191064116,46.14350035978183],[12.662762155782847,46.14343677911236],[12.662785000701902,46.14289722195271],[12.665117503432466,46.14294491448805],[12.66516314581676,46.14186579820314],[12.665940632871315,46.14188168455199],[12.665895005652018,46.14296080143179],[12.666672508525894,46.142976683091476],[12.666626893863793,46.14405580032636],[12.665849375824012,46.14403991807196]]]},"properties":{"nbr_class":"moderata","color":"#a6d96a"}},{"type":"Feature","geometry":{"type":"Polygon","coordinates":[[[12.605251814610806,46.141705752757964],[12.606076060583321,46.140642976042045],[12.607630934643883,46.140675546533195],[12.606806717652441,46.141738335035],[12.605251814610806,46.141705752757964]]]},"properties":{"nbr_class":"stress","color":"#ffffbf"}},{"type":"Feature","geometry":{"type":"Polygon","coordinates":[[[12.661230002157115,46.142865400509145],[12.661252861588132,46.14232584388534],[12.662807844967917,46.14235766473313],[12.66283068858091,46.141818107453624],[12.664385659416695,46.14184990657045],[12.663562500957191,46.142913124748496],[12.661230002157115,46.142865400509145]]]},"properties":{"nbr_class":"degradata","color":"#fdae61"}},{"type":"Feature","geometry":{"type":"Polygon","coordinates":[[[12.663562500957191,46.142913124748496],[12.663585337640667,46.14237356723118],[12.66516314581676,46.14186579820314],[12.665117503432466,46.14294491448805],[12.663562500957191,46.142913124748496]]]},"properties":{"nbr_class":"stress","color":"#ffffbf"}},{"type":"Feature","geometry":{"type":"Polygon","coordinates":[[[12.59516851422087,46.140953921918005],[12.595192017406056,46.14041439091938],[12.596746872642804,46.14044710933103],[12.596723384618189,46.14098664094218],[12.59516851422087,46.140953921918005]]]},"properties":{"nbr_class":"degradata","color":"#fdae61"}},{"type":"Feature","geometry":{"type":"Polygon","coordinates":[[[12.64103831692111,46.14191024956734],[12.641084428079095,46.140831151701555],[12.642639346906014,46.140863246101816],[12.642616306819471,46.141402795665655],[12.64103831692111,46.14191024956734]]]},"properties":{"nbr_class":"stress","color":"#ffffbf"}},{"type":"Feature","geometry":{"type":"Polygon","coordinates":[[[12.670560032702493,46.14305601212887],[12.670582801142094,46.14251645193634],[12.669805302582613,46.142500596993884],[12.669850852674108,46.1414214770229],[12.671405820116336,46.14145318043661],[12.671383060560762,46.14199274104562],[12.672160552843444,46.14200858512338],[12.67211504694579,46.14308770675513],[12.670560032702493,46.14305601212887]]]},"properties":{"nbr_class":"moderata","color":"#a6d96a"}},{"type":"Feature","geometry":{"type":"Polygon","coordinates":[[[12.625512178685328,46.14104858830407],[12.625535385558896,46.140509045371736],[12.626312831376776,46.14052520087885],[12.62628963208419,46.14106474411365],[12.625512178685328,46.14104858830407]]]},"properties":{"nbr_class":"moderata","color":"#a6d96a"}},{"type":"Feature","geometry":{"type":"Polygon","coordinates":[[[12.658165791803926,46.14172258329233],[12.658188680256062,46.14118302774135],[12.659743628060971,46.14121488966695],[12.659720754772788,46.14175444581448],[12.658165791803926,46.14172258329233]]]},"properties":{"nbr_class":"sana","color":"#1a9641"}},{"type":"Feature","geometry":{"type":"Polygon","coordinates":[[[12.597524301271656,46.14046346061264],[12.597547781044796,46.13992392863492],[12.599126089104255,46.13941708208769],[12.599079160549238,46.14049614732742],[12.597524301271656,46.14046346061264]]]},"properties":{"nbr_class":"stress","color":"#ffffbf"}},{"type":"Feature","geometry":{"type":"Polygon","coordinates":[[[12.604521189206666,46.140610384419105],[12.605345431832001,46.139547612744686],[12.606122852695409,46.13956390530463],[12.606076060583321,46.140642976042045],[12.604521189206666,46.140610384419105]]]},"properties":{"nbr_class":"sana","color":"#1a9641"}},{"type":"Feature","geometry":{"type":"Polygon","coordinates":[[[12.664385659416695,46.14184990657045],[12.664431314355683,46.14077079064097],[12.665208785591663,46.1407866816786],[12.66516314581676,46.14186579820314],[12.664385659416695,46.14184990657045]]]},"properties":{"nbr_class":"moderata","color":"#a6d96a"}},{"type":"Feature","geometry":{"type":"Polygon","coordinates":[[[12.623980495919948,46.140476718508104],[12.624003717291625,46.13993717612079],[12.625558591769112,46.139969502379216],[12.625535385558896,46.140509045371736],[12.623980495919948,46.140476718508104]]]},"properties":{"nbr_class":"moderata","color":"#a6d96a"}},{"type":"Feature","geometry":{"type":"Polygon","coordinates":[[[12.659743628060971,46.14121488966695],[12.659766500695314,46.140675333459484],[12.660543968000063,46.14069125619868],[12.660521102947515,46.14123081270427],[12.659743628060971,46.14121488966695]]]},"properties":{"nbr_class":"stress","color":"#ffffbf"}},{"type":"Feature","geometry":{"type":"Polygon","coordinates":[[[12.63538800518027,46.1466536669917],[12.635434234370836,46.14557457442074],[12.634656712344333,46.145558479600474],[12.634726073922936,46.14393984119701],[12.636281073142134,46.143972023745704],[12.636304177181795,46.14343247688842],[12.634749193127309,46.14340029494225],[12.63479542955346,46.14232120225232],[12.6332404784791,46.14228900037686],[12.63328674258815,46.14120990865215],[12.632509283209052,46.14119380039226],[12.632578697156514,46.13957516325884],[12.63413357109217,46.13960737268612],[12.634087326112114,46.140686465374635],[12.634864779236533,46.14070256276642],[12.634841663336296,46.14124210932186],[12.636396586736252,46.14127428885803],[12.636442787551294,46.14019519448212],[12.637997683276467,46.140227351680544],[12.637974598361321,46.14076689950062],[12.638752054798214,46.140782970475875],[12.638682818838047,46.14240161447815],[12.639460298681579,46.14241768107246],[12.639483370412869,46.141878132831],[12.64103831692111,46.14191024956734],[12.641015260353516,46.142449798410105],[12.640237779186807,46.14243374238312],[12.639414153240383,46.14349677737507],[12.638636658232576,46.14348071017915],[12.63861357694016,46.14402025793948],[12.637058573745795,46.14398810709421],[12.637012378850487,46.14506720123066],[12.636234863081393,46.1450511172799],[12.63616554303638,46.14666975713026],[12.63538800518027,46.1466536669917]]]},"properties":{"nbr_class":"stress","color":"#ffffbf"}},{"type":"Feature","geometry":{"type":"Polygon","coordinates":[[[12.599126089104255,46.13941708208769],[12.599149552375733,46.13887754937722],[12.599926960284149,46.138893883892905],[12.599903504592413,46.13943341690919],[12.599126089104255,46.13941708208769]]]},"properties":{"nbr_class":"stress","color":"#ffffbf"}},{"type":"Feature","geometry":{"type":"Polygon","coordinates":[[[12.606122852695409,46.13956390530463],[12.606146247748343,46.13902436984539],[12.606923661702725,46.13904065681765],[12.606900274229746,46.13958019258182],[12.606122852695409,46.13956390530463]]]},"properties":{"nbr_class":"sana","color":"#1a9641"}},{"type":"Feature","geometry":{"type":"Polygon","coordinates":[[[12.659766500695314,46.140675333459484],[12.659789372675842,46.14013577719206],[12.660566832399011,46.14015169963316],[12.660543968000063,46.14069125619868],[12.659766500695314,46.140675333459484]]]},"properties":{"nbr_class":"degradata","color":"#fdae61"}},{"type":"Feature","geometry":{"type":"Polygon","coordinates":[[[12.672983533910164,46.14094530145297],[12.673006277000693,46.14040574013108],[12.675338691479512,46.14045322214175],[12.675315971134971,46.140992784352655],[12.672983533910164,46.14094530145297]]]},"properties":{"nbr_class":"moderata","color":"#a6d96a"}},{"type":"Feature","geometry":{"type":"Polygon","coordinates":[[[12.663653843774366,46.14075489431972],[12.663699511266456,46.13967577874581],[12.664476966684598,46.13969167447184],[12.664431314355683,46.14077079064097],[12.663653843774366,46.14075489431972]]]},"properties":{"nbr_class":"moderata","color":"#a6d96a"}},{"type":"Feature","geometry":{"type":"Polygon","coordinates":[[[12.599926960284149,46.138893883892905],[12.599950415305448,46.13835435081622],[12.600727816306955,46.13837067974364],[12.600704368865205,46.138910213126024],[12.599926960284149,46.138893883892905]]]},"properties":{"nbr_class":"stress","color":"#ffffbf"}},{"type":"Feature","geometry":{"type":"Polygon","coordinates":[[[12.606923661702725,46.13904065681765],[12.606947048507209,46.138501120993155],[12.608501863268268,46.138533678480144],[12.608478491623337,46.13907321491418],[12.606923661702725,46.13904065681765]]]},"properties":{"nbr_class":"sana","color":"#1a9641"}},{"type":"Feature","geometry":{"type":"Polygon","coordinates":[[[12.608478491623337,46.13907321491418],[12.608501863268268,46.138533678480144],[12.609279271654254,46.13854994929976],[12.609255907589137,46.13908948603843],[12.608478491623337,46.13907321491418]]]},"properties":{"nbr_class":"moderata","color":"#a6d96a"}},{"type":"Feature","geometry":{"type":"Polygon","coordinates":[[[12.63568844768022,46.13963956098111],[12.63571155401764,46.139100013944],[12.637266418095049,46.13913218050438],[12.637243326918933,46.13967172814372],[12.63568844768022,46.13963956098111]]]},"properties":{"nbr_class":"stress","color":"#ffffbf"}},{"type":"Feature","geometry":{"type":"Polygon","coordinates":[[[12.660566832399011,46.14015169963316],[12.660589696144385,46.13961214300768],[12.661367148941894,46.1396280598673],[12.661344292777907,46.14016761679078],[12.660566832399011,46.14015169963316]]]},"properties":{"nbr_class":"degradata","color":"#fdae61"}},{"type":"Feature","geometry":{"type":"Polygon","coordinates":[[[12.665231604500649,46.14024712332647],[12.665254422757357,46.139707564914424],[12.666031879484516,46.13972345007359],[12.666009068809332,46.14026300878304],[12.665231604500649,46.14024712332647]]]},"properties":{"nbr_class":"moderata","color":"#a6d96a"}},{"type":"Feature","geometry":{"type":"Polygon","coordinates":[[[12.607654315873503,46.14013601058488],[12.607677696434799,46.13959647457624],[12.608455119310346,46.1396127512879],[12.609279271654254,46.13854994929976],[12.610834090436057,46.138582475091205],[12.610857438674092,46.13804293768325],[12.611634841489808,46.138059192350724],[12.611588159505903,46.13913826771493],[12.610810741530637,46.13912201243881],[12.610787391957803,46.13966154972612],[12.607654315873503,46.14013601058488]]]},"properties":{"nbr_class":"stress","color":"#ffffbf"}},{"type":"Feature","geometry":{"type":"Polygon","coordinates":[[[12.638020767531744,46.13968780380035],[12.638066934062785,46.13860870785963],[12.639621786951786,46.1386408421202],[12.639575650743195,46.139719939264204],[12.638020767531744,46.13968780380035]]]},"properties":{"nbr_class":"sana","color":"#1a9641"}},{"type":"Feature","geometry":{"type":"Polygon","coordinates":[[[12.600727816306955,46.13837067974364],[12.600751263078505,46.13783114630086],[12.601528657173054,46.13784746964021],[12.601505217980861,46.138387003388594],[12.600727816306955,46.13837067974364]]]},"properties":{"nbr_class":"stress","color":"#ffffbf"}},{"type":"Feature","geometry":{"type":"Polygon","coordinates":[[[12.608501863268268,46.138533678480144],[12.608525234245162,46.137994141985764],[12.609302635051552,46.13801041250076],[12.609279271654254,46.13854994929976],[12.608501863268268,46.138533678480144]]]},"properties":{"nbr_class":"sana","color":"#1a9641"}},{"type":"Feature","geometry":{"type":"Polygon","coordinates":[[[12.632601833816253,46.1390356174274],[12.632624969814655,46.138496071535805],[12.633402391289952,46.138512178287854],[12.633379262871877,46.139051724481014],[12.632601833816253,46.1390356174274]]]},"properties":{"nbr_class":"sana","color":"#1a9641"}},{"type":"Feature","geometry":{"type":"Polygon","coordinates":[[[12.664476966684598,46.13969167447184],[12.664499791870337,46.139152116297396],[12.66527724036181,46.13916800644248],[12.665254422757357,46.139707564914424],[12.664476966684598,46.13969167447184]]]},"properties":{"nbr_class":"moderata","color":"#a6d96a"}},{"type":"Feature","geometry":{"type":"Polygon","coordinates":[[[12.656609456559929,46.160051487011366],[12.656632374860374,46.1595119337978],[12.655076915182265,46.159480019861334],[12.655122780173105,46.158400914449295],[12.655900494505484,46.158416873463395],[12.655923418428797,46.15787732036861],[12.655145711685021,46.15786136165329],[12.654459755442685,46.15568718706301],[12.652927356945368,46.155115693392354],[12.652973256969611,46.154036588814286],[12.652195605971817,46.15402061104658],[12.652218562586516,46.1534810589667],[12.654551494794125,46.15352897551483],[12.65457442799275,46.152989422477795],[12.653796790852041,46.15297345587988],[12.653842670454944,46.151894350223735],[12.654620292423088,46.1519103162238],[12.655443761685172,46.1508471698467],[12.653888547434578,46.15081524432764],[12.653865609272657,46.151354797305686],[12.653087995548422,46.1513388263191],[12.652402191878565,46.149164640167385],[12.651624609812268,46.14914865980676],[12.651647568105739,46.14860910748601],[12.650092421118426,46.1485771315084],[12.650138366074197,46.1474980278842],[12.650915924069631,46.1475140179167],[12.651739394716584,46.14645089760293],[12.650961851230548,46.14643491345368],[12.65098481382632,46.14589536113216],[12.649429743997619,46.145863377578955],[12.649475697553276,46.144784273953455],[12.650253216971567,46.144800267773356],[12.650276185181157,46.14426071557112],[12.649498673345876,46.144244722050665],[12.649544622960729,46.14316561806502],[12.647989631597811,46.14313361637016],[12.648058596587218,46.1415149617389],[12.647281124640868,46.14149895386478],[12.647304119238068,46.14095940250067],[12.64808158360278,46.14097541007507],[12.648150540707064,46.139356754723394],[12.649682456044216,46.1399283046675],[12.6496135424575,46.14154696163635],[12.650391016380993,46.14156295365969],[12.650368051454034,46.142102506162004],[12.65114553361809,46.142118493201046],[12.651168490963103,46.141578940399405],[12.65194596620361,46.1415949218555],[12.651991863761642,46.14051581547378],[12.652769324496989,46.14053179104802],[12.652723442102298,46.14161089802795],[12.654278395873343,46.1416428345219],[12.654301322234954,46.14110328046401],[12.655078792525032,46.14111924048667],[12.655032954310348,46.14219834914011],[12.655810440421671,46.142214304476624],[12.655787527913873,46.142753859012096],[12.656565022264644,46.14276980936345],[12.656587927190118,46.14223025452934],[12.657365414615464,46.14224619929826],[12.657342517272342,46.142785754430896],[12.658897509257645,46.14281762871402],[12.658165791803926,46.14172258329233],[12.659720754772788,46.14175444581448],[12.660543968000063,46.14069125619868],[12.662098904576588,46.14072308582638],[12.66212175381231,46.14018352866492],[12.662899215502001,46.14019943525558],[12.662030352950332,46.142341756951176],[12.66047537088153,46.14230992553563],[12.660429636200869,46.14338903812722],[12.662762155782847,46.14343677911236],[12.662739310210725,46.14397633621208],[12.66118428133463,46.14394451357693],[12.661161419943118,46.14448407002092],[12.662716463985516,46.144515893251885],[12.662693617107191,46.14505545023175],[12.66036102927696,46.14500770656502],[12.660338158994785,46.145547262591066],[12.659560623446094,46.14553133716859],[12.659537744926368,46.146070892836526],[12.661069967841387,46.14664229519749],[12.661047103181916,46.147181851341784],[12.660269544225326,46.147165930309534],[12.660223797776336,46.148245041822115],[12.661001371901975,46.14826096345055],[12.660978505281454,46.148800519415026],[12.66253367066984,46.14883234741289],[12.662556522120598,46.14829279085251],[12.664889252363652,46.14834049231805],[12.664934907797678,46.147261377231324],[12.66415734556421,46.14724548262301],[12.664203013556328,46.14616636789183],[12.664980560621386,46.146182261904976],[12.66500338605443,46.145642704151925],[12.666558466980527,46.145674475729464],[12.665735289839665,46.1467377086241],[12.668067959677265,46.14678534399364],[12.668113550523508,46.14570622616881],[12.667336008425016,46.14569035359141],[12.667358810454415,46.14515079488634],[12.665803743387107,46.14511903447253],[12.666626893863793,46.14405580032636],[12.668159138763173,46.144627108104416],[12.66813634496915,46.14516666716655],[12.672024027344923,46.14524594930032],[12.672001270818415,46.145785509786975],[12.67044618074083,46.14575381219351],[12.669623076171854,46.146817074482854],[12.671955755813686,46.14686463058071],[12.671978513641344,46.14632507021377],[12.673533621497985,46.14635674726179],[12.6735791048655,46.14527762516219],[12.672046783220893,46.144706388753804],[12.672069538446342,46.14416682814743],[12.673624585632584,46.144198502823194],[12.674493033605856,46.142056085652996],[12.676070738101673,46.14154816386552],[12.676116164275944,46.14046903891129],[12.676893637723762,46.140484850397115],[12.676916342255161,46.13994528753422],[12.677693808772275,46.13996109344041],[12.677739200724965,46.1388819669433],[12.679294105385429,46.138913561721694],[12.679271424896418,46.1394531255917],[12.680803681347841,46.14002426422881],[12.680758347456273,46.14110339285217],[12.679203379539256,46.1410718168429],[12.67924874375907,46.13999268940191],[12.677671111822749,46.140500656599244],[12.67675739690483,46.14372222631824],[12.675179635427618,46.144230156361544],[12.675066004473583,46.14692796472353],[12.673510878839009,46.14689630822181],[12.672687814562225,46.147959593191175],[12.671910238206522,46.147943751134996],[12.671864717996739,46.14902287144986],[12.671087127123704,46.14900702351522],[12.67104158914012,46.1500861429972],[12.6702639837492,46.15007028918371],[12.670218427989951,46.15114940783254],[12.670996048552686,46.1511652622397],[12.671728141749815,46.1522602309578],[12.673283416485749,46.15229191453045],[12.673237916210951,46.153371035073995],[12.672460263342924,46.15335519533745],[12.672437504642692,46.15389475522288],[12.670104527194969,46.15384720340685],[12.67008174508204,46.15438676234209],[12.668526414876053,46.154355034106906],[12.668503616936771,46.15489459238821],[12.667725945227122,46.154878720044195],[12.667566288281602,46.15865562425618],[12.66678856410802,46.15863974454482],[12.666879830915507,46.15648151511514],[12.666102137750897,46.156465631306475],[12.66617060377058,46.154846959497405],[12.663837596495917,46.15479927903057],[12.663814752379109,46.15533883546742],[12.665370105082456,46.15537062832678],[12.665301614341109,46.15698929906366],[12.664523914897853,46.156973404384374],[12.664546753385949,46.15643384782958],[12.663769062186043,46.15641794816138],[12.663037077010262,46.155322931108294],[12.660704054837625,46.155275186313276],[12.660726929304438,46.154735631068114],[12.659194488631895,46.154164220661265],[12.659308923752725,46.15146644621852],[12.657753687758731,46.151434572956624],[12.656930253144488,46.15249773656377],[12.655374990747827,46.15246583039413],[12.655329140179267,46.15354493712584],[12.656106786222017,46.15356089345098],[12.656129704247359,46.15302133981637],[12.657662080279476,46.1535927902436],[12.657616272611111,46.15467189852731],[12.656060948205601,46.154640000540255],[12.656015107568047,46.15571910738963],[12.657570462323347,46.155751006571144],[12.65754755619713,46.15629056050311],[12.659080037151195,46.156861993605155],[12.658942673775243,46.160099319159244],[12.65816493404638,46.16008338039704],[12.658187837168207,46.15954382658635],[12.656609456559929,46.160051487011366]],[[12.655877569926725,46.158956426498214],[12.656655292505544,46.158972380524254],[12.656678209495462,46.15843282719074],[12.655900494505484,46.158416873463395],[12.655877569926725,46.158956426498214]],[[12.657433015741773,46.15898832926341],[12.658210739635189,46.15900427271568],[12.658233641447353,46.15846471878505],[12.657455925142825,46.15844877563128],[12.657433015741773,46.15898832926341]],[[12.657501741979912,46.15736966818713],[12.658279443107311,46.1573856107439],[12.658302342955153,46.15684605663339],[12.657524649415993,46.156830114375104],[12.657501741979912,46.15736966818713]],[[12.662282261588777,46.15476746562168],[12.663059928714604,46.154783374969206],[12.663082779765611,46.1542438187702],[12.662305120227078,46.15422790972053],[12.662282261588777,46.15476746562168]],[[12.660749803117264,46.154196075763004],[12.661527461344223,46.15421199538479],[12.661550326916055,46.15367243972169],[12.66077267627613,46.153656520397945],[12.660749803117264,46.154196075763004]],[[12.662350835543123,46.15314879773845],[12.665484243264146,46.15267284256715],[12.665529893968502,46.15159372784394],[12.663197025221422,46.15154603687626],[12.663174177436748,46.15208559337489],[12.662396548245237,46.15206968551664],[12.662350835543123,46.15314879773845]],[[12.666239063918027,46.15322828714924],[12.667016711557512,46.15324416917365],[12.667039522715067,46.15270461130709],[12.666261882662344,46.152688729580035],[12.666239063918027,46.15322828714924]],[[12.667794359851325,46.153260045912106],[12.669349658401064,46.15329178353116],[12.669372446798189,46.15275222477313],[12.668594804783204,46.15273635890366],[12.6686631888248,46.15111768316143],[12.669440808080584,46.15113354813978],[12.669486379011596,46.150054430084815],[12.6702639837492,46.15007028918371],[12.67028676065204,46.14953072976948],[12.669509163499995,46.14951487096752],[12.669531947337022,46.14897531179034],[12.670309536903725,46.14899117029538],[12.670377861752069,46.14737249151386],[12.668045163276618,46.14732490281625],[12.668022366224259,46.147864461578955],[12.666467222006986,46.14783270876168],[12.66642159560729,46.14891182491841],[12.664843594319125,46.14941960716512],[12.66479793366391,46.15049872177255],[12.66635315111607,46.15053049870422],[12.66630751819387,46.151609614261936],[12.667085143073713,46.15162549539429],[12.667039522715067,46.15270461130709],[12.667817163422093,46.15272048774829],[12.667794359851325,46.153260045912106]],[[12.660040785821598,46.15256148547461],[12.660818420632067,46.152577409487996],[12.660841291829184,46.15203785394311],[12.66161891970931,46.1520537723727],[12.662442258333602,46.15099057305512],[12.660887032261838,46.150958742673524],[12.66090990149742,46.15041918694882],[12.660132297031097,46.15040326412795],[12.660040785821598,46.15256148547461]],[[12.656221369796816,46.15086312467817],[12.656998978565731,46.150879074224264],[12.65702188572964,46.15033951999115],[12.65624428454632,46.15032357074368],[12.656221369796816,46.15086312467817]],[[12.662442258333602,46.15099057305512],[12.6632198723529,46.1510064803177],[12.66326556465636,46.14992736702081],[12.662487965808408,46.14991146035387],[12.662442258333602,46.15099057305512]],[[12.659354693220942,46.15038733602173],[12.660132297031097,46.15040326412795],[12.660155173198373,46.14986370864141],[12.65937757697369,46.14984778083342],[12.659354693220942,46.15038733602173]],[[12.65548960570001,46.14976806251516],[12.656267198640723,46.149784016749216],[12.656290112080056,46.149244462694774],[12.655512526724479,46.149228508759435],[12.65548960570001,46.14976806251516]],[[12.653179774603153,46.14918061524296],[12.654734942026325,46.14921254953901],[12.654757869980427,46.14867299602207],[12.653202717726986,46.14864106232393],[12.653179774603153,46.14918061524296]],[[12.656313024864334,46.14870490858035],[12.659446224306773,46.148229114908744],[12.659491985924758,46.147150003992536],[12.658714428280435,46.14713407239079],[12.657982660630308,46.14603902554162],[12.657205119467115,46.14602308396739],[12.65718221754161,46.146562638680244],[12.655627122018279,46.14653073908101],[12.655604204269915,46.147070293136665],[12.656381759287095,46.14708624587725],[12.656313024864334,46.14870490858035]],[[12.65244809263978,46.14808553486749],[12.653225660194924,46.14810150934489],[12.653248602006991,46.14756195630587],[12.652471042036247,46.147545982127546],[12.65244809263978,46.14808553486749]],[[12.653248602006991,46.14756195630587],[12.654803723922274,46.14759388880827],[12.654895423941177,46.145435673660835],[12.653340362697026,46.14540374354978],[12.653317423508206,46.14594329682881],[12.654094961384992,46.14595926482547],[12.654072029124167,46.146498818343446],[12.653294483663611,46.14648285004782],[12.653248602006991,46.14756195630587]],[[12.654895423941177,46.145435673660835],[12.655672955549573,46.145451630789786],[12.65569587133255,46.14491207655421],[12.65491834730754,46.144896119724],[12.654895423941177,46.145435673660835]],[[12.651808257784188,46.14483223956052],[12.653363301230092,46.14486419021077],[12.653455048805275,46.142705976254746],[12.65190006602148,46.1426740279972],[12.651808257784188,46.14483223956052]],[[12.654186683872913,46.14380105015362],[12.655741700933282,46.143832967903116],[12.655787527913873,46.142753859012096],[12.654232541183971,46.14272194245774],[12.654186683872913,46.14380105015362]],[[12.658851742938552,46.14389673999295],[12.660406767879978,46.1439285943331],[12.660429636200869,46.14338903812722],[12.658874626425172,46.14335718438347],[12.658851742938552,46.14389673999295]]]},"properties":{"nbr_class":"moderata","color":"#a6d96a"}},{"type":"Feature","geometry":{"type":"Polygon","coordinates":[[[12.658257341686932,46.13956436072865],[12.659080548370907,46.138501181200155],[12.661412859309882,46.13854894584051],[12.660589696144385,46.13961214300768],[12.658257341686932,46.13956436072865]]]},"properties":{"nbr_class":"degradata","color":"#fdae61"}},{"type":"Feature","geometry":{"type":"Polygon","coordinates":[[[12.635734659694585,46.138560466846776],[12.635757764711085,46.138020919689424],[12.63653518125795,46.13803700500879],[12.636512083821657,46.138576552467306],[12.635734659694585,46.138560466846776]]]},"properties":{"nbr_class":"stress","color":"#ffffbf"}},{"type":"Feature","geometry":{"type":"Polygon","coordinates":[[[12.648173525094437,46.138817202819425],[12.648196508824823,46.13827765085544],[12.648973935943708,46.138293651648425],[12.648950959793908,46.13883320391199],[12.648173525094437,46.138817202819425]]]},"properties":{"nbr_class":"moderata","color":"#a6d96a"}},{"type":"Feature","geometry":{"type":"Polygon","coordinates":[[[12.67149685183291,46.139294937401964],[12.671519608135737,46.13875537649365],[12.673074502371678,46.13878705580629],[12.673051761231429,46.13932661730773],[12.67149685183291,46.139294937401964]]]},"properties":{"nbr_class":"moderata","color":"#a6d96a"}},{"type":"Feature","geometry":{"type":"Polygon","coordinates":[[[12.675384130220214,46.139374097540454],[12.675406848616424,46.13883453515005],[12.676184298668026,46.13885035103121],[12.676161587853212,46.139389913717736],[12.675384130220214,46.139374097540454]]]},"properties":{"nbr_class":"moderata","color":"#a6d96a"}},{"type":"Feature","geometry":{"type":"Polygon","coordinates":[[[12.632069523276883,46.151445156331924],[12.63211582504514,46.15036606725566],[12.629005478517447,46.15030156085496],[12.629028658748068,46.14976201743429],[12.627473504642062,46.14972973312848],[12.62749669937906,46.149190190252064],[12.628274268515018,46.149206334745145],[12.628320640831426,46.14812724820721],[12.629098195464001,46.148143386811206],[12.628367010496572,46.147048161428565],[12.62992209009134,46.147080432143575],[12.629945258762815,46.14654088805979],[12.629167726216542,46.14652475564651],[12.629214076738883,46.14544566790251],[12.626881528587818,46.14539724077038],[12.6269047256036,46.14485769771475],[12.625349711994525,46.14482538714465],[12.625372923512213,46.14428584463376],[12.621485439055558,46.14420497725392],[12.621462189625747,46.14474451825079],[12.623017196574361,46.14477688166003],[12.622970726051706,46.14585596468489],[12.622193207078656,46.1458397850164],[12.622169963237937,46.14637932613557],[12.6190598636823,46.146314553408175],[12.619083137854979,46.14577501350167],[12.619860654160187,46.145791214306435],[12.620684687151542,46.14472832862034],[12.618352183731924,46.14467972802592],[12.618375463491004,46.144140188242055],[12.61915295638121,46.144156393420644],[12.619199498739095,46.143077313065355],[12.620754456193614,46.14310970635834],[12.620800965564458,46.14203062454912],[12.621578430129057,46.14204681266411],[12.621624921678697,46.14096773000779],[12.62084747227642,46.14095154249894],[12.620963727424979,46.13825383631932],[12.622518551091972,46.13828620302384],[12.622472081346759,46.13936528688837],[12.62402693799954,46.13939763367326],[12.623295963925035,46.138302378452046],[12.624850791589209,46.13833471346033],[12.624827579788812,46.13887425633094],[12.625605002199583,46.138890416213535],[12.625558591769112,46.139969502379216],[12.626336030006225,46.13998565758387],[12.626359227972566,46.13944611422867],[12.627890908476113,46.14001795214399],[12.627937273423795,46.13893886416419],[12.62871469849511,46.138955002915324],[12.628784218207034,46.137336369587786],[12.63031586744784,46.13790817453607],[12.630223231166832,46.140066354361075],[12.628668348708448,46.14003409149945],[12.628645172821436,46.14057363570124],[12.627867725008263,46.140557496043606],[12.627774984509596,46.14271567104025],[12.628552462648276,46.142731811906586],[12.62848292306139,46.1443504434287],[12.630037926825821,46.14438271112295],[12.630061092185967,46.14384316673831],[12.630838587482465,46.14385929235767],[12.63081542970474,46.144398837044214],[12.632370437454892,46.14443107303501],[12.632393580067708,46.143891527744934],[12.633171077356018,46.14390763751281],[12.633124806634017,46.14498672863605],[12.632347294180507,46.14497061826493],[12.632324150244528,46.14551016343471],[12.63310167028096,46.145526274107446],[12.633078533266502,46.14606581951869],[12.634633590496227,46.146098025614684],[12.633763537212188,46.14824010745851],[12.63220842063991,46.14820788838122],[12.632185272733878,46.148747433190074],[12.63371727107573,46.1493191982225],[12.633671002293875,46.1503982887459],[12.632893413337616,46.1503821806433],[12.632847126739746,46.15146127032295],[12.632069523276883,46.151445156331924]],[[12.630745952399451,46.14601747074288],[12.631523478691175,46.14603359228571],[12.631569782390766,46.144954502609785],[12.630014760803457,46.14492225544741],[12.630745952399451,46.14601747074288]],[[12.625512178685328,46.14104858830407],[12.62628963208419,46.14106474411365],[12.626312831376776,46.14052520087885],[12.625535385558896,46.140509045371736],[12.625512178685328,46.14104858830407]],[[12.623980495919948,46.140476718508104],[12.625535385558896,46.140509045371736],[12.625558591769112,46.139969502379216],[12.624003717291625,46.13993717612079],[12.623980495919948,46.140476718508104]]]},"properties":{"nbr_class":"sana","color":"#1a9641"}},{"type":"Feature","geometry":{"type":"Polygon","coordinates":[[[12.645818217822166,46.13930871884792],[12.645887237238151,46.137690065653885],[12.64666465479872,46.13770608199593],[12.646595658124266,46.13932473608958],[12.645818217822166,46.13930871884792]]]},"properties":{"nbr_class":"moderata","color":"#a6d96a"}},{"type":"Feature","geometry":{"type":"Polygon","coordinates":[[[12.662922056503145,46.139659877736385],[12.66299057558925,46.13804120481922],[12.663768007609491,46.13805710493556],[12.663699511266456,46.13967577874581],[12.662922056503145,46.139659877736385]]]},"properties":{"nbr_class":"degradata","color":"#fdae61"}},{"type":"Feature","geometry":{"type":"Polygon","coordinates":[[[12.631847549002847,46.13847995950089],[12.6318938341757,46.13740086814054],[12.633448646142835,46.13743308572111],[12.63342551904693,46.13797263203456],[12.631847549002847,46.13847995950089]]]},"properties":{"nbr_class":"stress","color":"#ffffbf"}},{"type":"Feature","geometry":{"type":"Polygon","coordinates":[[[12.60310687074229,46.137340566052075],[12.603130293436665,46.13680103157202],[12.60390767438883,46.13681733845359],[12.603884259273451,46.137356873238936],[12.60310687074229,46.137340566052075]]]},"properties":{"nbr_class":"stress","color":"#ffffbf"}},{"type":"Feature","geometry":{"type":"Polygon","coordinates":[[[12.637289508611127,46.13859263280492],[12.63731259846719,46.138053085045364],[12.63653518125795,46.13803700500879],[12.636558278034034,46.13749745749017],[12.638113097954628,46.13752961167846],[12.638066934062785,46.13860870785963],[12.637289508611127,46.13859263280492]]]},"properties":{"nbr_class":"sana","color":"#1a9641"}},{"type":"Feature","geometry":{"type":"Polygon","coordinates":[[[12.66527724036181,46.13916800644248],[12.66534568926187,46.137549330667206],[12.666123115665089,46.13756521463676],[12.66605468950766,46.13918389130422],[12.66527724036181,46.13916800644248]]]},"properties":{"nbr_class":"moderata","color":"#a6d96a"}},{"type":"Feature","geometry":{"type":"Polygon","coordinates":[[[12.617053392329192,46.13871236695115],[12.617076679929221,46.1381728271114],[12.61474445944391,46.138124158195154],[12.614767769117085,46.137584619206315],[12.610880786244762,46.13750340021501],[12.61090413314809,46.13696386268645],[12.611681520805117,46.13698011674529],[12.61170485946211,46.13644057885212],[12.61325962162572,46.13647307051448],[12.61323629812684,46.13701260901597],[12.617123253132398,46.13709374725113],[12.617099966863615,46.1376332872114],[12.61943217062034,46.13768190767382],[12.61940890642494,46.1382214484841],[12.620186316591482,46.13823764504304],[12.620163059311022,46.13877718609631],[12.617053392329192,46.13871236695115]]]},"properties":{"nbr_class":"sana","color":"#1a9641"}},{"type":"Feature","geometry":{"type":"Polygon","coordinates":[[[12.648973935943708,46.138293651648425],[12.649019886273091,46.1372145469412],[12.652129540693029,46.137278494888484],[12.652106596177529,46.13781804846937],[12.648973935943708,46.138293651648425]]]},"properties":{"nbr_class":"moderata","color":"#a6d96a"}},{"type":"Feature","geometry":{"type":"Polygon","coordinates":[[[12.63578086906716,46.137481372471946],[12.635803972762835,46.13694182519434],[12.636581374149934,46.136957909911416],[12.636558278034034,46.13749745749017],[12.63578086906716,46.137481372471946]]]},"properties":{"nbr_class":"sana","color":"#1a9641"}},{"type":"Feature","geometry":{"type":"Polygon","coordinates":[[[12.658325997229992,46.13794569317632],[12.658348881102718,46.13740613720562],[12.65912630160937,46.13742206872216],[12.659103425317097,46.13796162499113],[12.658325997229992,46.13794569317632]]]},"properties":{"nbr_class":"degradata","color":"#fdae61"}},{"type":"Feature","geometry":{"type":"Polygon","coordinates":[[[12.663699511266456,46.13967577874581],[12.663768007609491,46.13805710493556],[12.664545440284494,46.13807299976878],[12.66459108608904,46.13699388300052],[12.66536850425753,46.13700977195564],[12.66527724036181,46.13916800644248],[12.663699511266456,46.13967577874581]]]},"properties":{"nbr_class":"stress","color":"#ffffbf"}},{"type":"Feature","geometry":{"type":"Polygon","coordinates":[[[12.663768007609491,46.13805710493556],[12.663813668575049,46.13697798876248],[12.66459108608904,46.13699388300052],[12.664545440284494,46.13807299976878],[12.663768007609491,46.13805710493556]]]},"properties":{"nbr_class":"degradata","color":"#fdae61"}},{"type":"Feature","geometry":{"type":"Polygon","coordinates":[[[12.636581374149934,46.136957909911416],[12.636604469605674,46.13641836227255],[12.637381864075524,46.136434441405974],[12.637358776199365,46.13697398934588],[12.636581374149934,46.136957909911416]]]},"properties":{"nbr_class":"stress","color":"#ffffbf"}},{"type":"Feature","geometry":{"type":"Polygon","coordinates":[[[12.674674849222688,46.137739589617645],[12.674697573251493,46.137200027343965],[12.675474999908749,46.13721584761989],[12.675452283460666,46.13775541018977],[12.674674849222688,46.137739589617645]]]},"properties":{"nbr_class":"moderata","color":"#a6d96a"}},{"type":"Feature","geometry":{"type":"Polygon","coordinates":[[[12.683981469323228,46.138468653551676],[12.684026736087443,46.137389521968274],[12.685604222907392,46.136881463969814],[12.68555898776071,46.1379605968526],[12.683981469323228,46.138468653551676]]]},"properties":{"nbr_class":"stress","color":"#ffffbf"}},{"type":"Feature","geometry":{"type":"Polygon","coordinates":[[[12.60626321298286,46.13632669164396],[12.606286604023897,46.13578715582263],[12.609396081963013,46.13585226470152],[12.609419442021563,46.1353127276009],[12.61095082495282,46.13588478744838],[12.6109274793841,46.13642432509757],[12.60626321298286,46.13632669164396]]]},"properties":{"nbr_class":"sana","color":"#1a9641"}},{"type":"Feature","geometry":{"type":"Polygon","coordinates":[[[12.628006815875635,46.13732023174308],[12.628029995367758,46.13678068748234],[12.626475207858402,46.13674839654974],[12.625744217572999,46.13565315627164],[12.627298973435648,46.135685456559685],[12.627275787689497,46.136225000638575],[12.628853731957843,46.13571773571865],[12.628784218207034,46.137336369587786],[12.628006815875635,46.13732023174308]]]},"properties":{"nbr_class":"sana","color":"#1a9641"}},{"type":"Feature","geometry":{"type":"Polygon","coordinates":[[[12.66459108608904,46.13699388300052],[12.664613908012768,46.13645432452653],[12.665391318601054,46.136470213184154],[12.66536850425753,46.13700977195564],[12.66459108608904,46.13699388300052]]]},"properties":{"nbr_class":"moderata","color":"#a6d96a"}},{"type":"Feature","geometry":{"type":"Polygon","coordinates":[[[12.683158735834404,46.13953202155425],[12.683181378415638,46.138992456207106],[12.682403922510002,46.13897668787698],[12.682517163612856,46.136278861720704],[12.68329458161373,46.136294628574746],[12.683981469323228,46.138468653551676],[12.68555898776071,46.1379605968526],[12.68551375002786,46.13903972949638],[12.683958834970637,46.13900821925372],[12.683936199971027,46.139547784895996],[12.683158735834404,46.13953202155425]]]},"properties":{"nbr_class":"degradata","color":"#fdae61"}},{"type":"Feature","geometry":{"type":"Polygon","coordinates":[[[12.638629276926245,46.161841377736124],[12.637943932344923,46.15966711684171],[12.63638848918158,46.159634948535285],[12.636319138373922,46.161253584419086],[12.634763652328457,46.16122139315748],[12.634032190368858,46.16012620087541],[12.635587644730641,46.160158401505335],[12.635610768594452,46.15961885645189],[12.634055329410364,46.15958665642484],[12.634078467790292,46.15904711191415],[12.630967627743116,46.1589826496262],[12.631013963224218,46.157903562838115],[12.630236270049728,46.157887434653546],[12.630259444384562,46.15734789147121],[12.628704075205736,46.157315619847154],[12.6287272640532,46.15677607720886],[12.627195116069359,46.15620424295045],[12.627287922872407,46.15404607397288],[12.62651028613352,46.15402992147356],[12.626463868885583,46.1551090054779],[12.624130917144939,46.155060514450454],[12.624154148860487,46.15452097338624],[12.623376507199314,46.154504799441646],[12.62420061029907,46.153441891077186],[12.628866383216343,46.15353882011519],[12.628889567423474,46.1529992770556],[12.62735752101006,46.152427446607675],[12.627403916452357,46.15134836139657],[12.625848719498022,46.15131605413677],[12.62587193139465,46.150776512045816],[12.627427113178733,46.15080881870073],[12.62745030924196,46.15026927594471],[12.625117560319065,46.15022080894219],[12.624386429489984,46.14912555943231],[12.623608863682486,46.149109388515576],[12.623655327008441,46.14803030560769],[12.625210428953233,46.14806264094566],[12.625187212790273,46.14860218303511],[12.628320640831426,46.14812724820721],[12.628274268515018,46.149206334745145],[12.62749669937906,46.149190190252064],[12.627473504642062,46.14972973312848],[12.629028658748068,46.14976201743429],[12.629005478517447,46.15030156085496],[12.63211582504514,46.15036606725566],[12.632069523276883,46.151445156331924],[12.62893593384933,46.151920190755895],[12.628912750967796,46.15245973393583],[12.629690366944223,46.15247586967186],[12.628773639759231,46.155696991751704],[12.630352135098464,46.155189718140164],[12.630305791066549,46.156268804926036],[12.633416476698885,46.15633328232422],[12.633393334038981,46.15687282683409],[12.634171014694694,46.156888933269876],[12.634194149767083,46.15634938845846],[12.636527172952471,46.15639767514425],[12.636550284601391,46.155858129368646],[12.637327952735339,46.15587421405708],[12.638151812499265,46.15481120052345],[12.64048477734058,46.154859405208704],[12.640507849073336,46.15431985774805],[12.64204009054417,46.15489151523585],[12.642086203003016,46.15381241905209],[12.641308561243978,46.15379636728257],[12.641331624071105,46.15325681940109],[12.63979943505087,46.15268515326593],[12.63984558775197,46.15160605840517],[12.642178420011028,46.15165422596356],[12.642155366747676,46.152193774325816],[12.643710606731892,46.15222586020529],[12.643733644823572,46.15168631124231],[12.642956032086792,46.15167027124564],[12.643002121465331,46.150591173740075],[12.64533491614455,46.15063927607269],[12.644603373660475,46.14954414830019],[12.643048208208672,46.14951207599423],[12.643071250592204,46.14897252703119],[12.641493045400544,46.1494799825483],[12.641516102953535,46.14894043418612],[12.639984030022946,46.14836877238058],[12.640030172169787,46.147289676558266],[12.63849816058037,46.146717995839545],[12.638544329103924,46.14563890085985],[12.637766804427025,46.14562282717639],[12.63772062073665,46.1467019215542],[12.636943081555247,46.14668584198443],[12.636919981136133,46.147225388782125],[12.637697527901247,46.14724146865294],[12.637605149957674,46.14939965644676],[12.636827572855543,46.14938357537168],[12.636804469134246,46.14992312186876],[12.635249301748646,46.14989094326147],[12.63527242063946,46.14935139736684],[12.634494845525943,46.1493353004371],[12.634448591913706,46.150414391563466],[12.63522618219689,46.15043048909596],[12.635203061984171,46.15097003487032],[12.634425464115832,46.15095393703644],[12.634402335656755,46.15149348244927],[12.632847126739746,46.15146127032295],[12.63371727107573,46.1493191982225],[12.63293969728904,46.149303090723045],[12.63220842063991,46.14820788838122],[12.633763537212188,46.14824010745851],[12.634633590496227,46.146098025614684],[12.633078533266502,46.14606581951869],[12.63310167028096,46.145526274107446],[12.632324150244528,46.14551016343471],[12.632347294180507,46.14497061826493],[12.633124806634017,46.14498672863605],[12.633171077356018,46.14390763751281],[12.632393580067708,46.143891527744934],[12.632370437454892,46.14443107303501],[12.63081542970474,46.144398837044214],[12.630838587482465,46.14385929235767],[12.631616083443117,46.14387541269322],[12.631685530058478,46.14225677736718],[12.630107420919698,46.14276407778852],[12.630153747004833,46.141684988598044],[12.629376282700132,46.14166885890285],[12.629283597553842,46.143827035835145],[12.630061092185967,46.14384316673831],[12.630037926825821,46.14438271112295],[12.62848292306139,46.1443504434287],[12.628552462648276,46.142731811906586],[12.627774984509596,46.14271567104025],[12.627867725008263,46.140557496043606],[12.628645172821436,46.14057363570124],[12.628668348708448,46.14003409149945],[12.630223231166832,46.140066354361075],[12.63031586744784,46.13790817453607],[12.628784218207034,46.137336369587786],[12.628853731957843,46.13571773571865],[12.629631112215726,46.13573386737468],[12.629654274562501,46.13519432232926],[12.631209021912861,46.135226569190635],[12.631139578361335,46.13684520595762],[12.63347177257769,46.13689353934755],[12.633448646142835,46.13743308572111],[12.634226053121344,46.1374491865874],[12.63427229017084,46.136370093177234],[12.635049682653115,46.13638618815817],[12.635026572038285,46.136925735194666],[12.635803972762835,46.13694182519434],[12.63578086906716,46.137481372471946],[12.636558278034034,46.13749745749017],[12.637289508611127,46.13859263280492],[12.638066934062785,46.13860870785963],[12.638113097954628,46.13752961167846],[12.641222745737133,46.13759385666213],[12.641199694441482,46.138133405985585],[12.641977115620438,46.138149454325024],[12.642000159335934,46.13760990470111],[12.64355498851583,46.13764198493069],[12.642685425103332,46.13978414679395],[12.644240316248549,46.13981621885967],[12.644171243452453,46.14143486953281],[12.643393774805679,46.141418835240984],[12.643278602403962,46.144116583660534],[12.64250109650702,46.14410054258363],[12.642455007771055,46.14517964093029],[12.64398702036762,46.145751268685025],[12.643163413539266,46.14681433057829],[12.64394095801315,46.14683036787241],[12.643917925848298,46.14736991737601],[12.645450014290477,46.1479415267547],[12.644626400874449,46.14900459873669],[12.646158541754211,46.149576199466104],[12.646844102376452,46.15175041837494],[12.648422327032087,46.15124288940582],[12.648399335113318,46.15178244022863],[12.649176952471096,46.15179844322729],[12.649130981833778,46.15287754529207],[12.649908615023119,46.152893543604314],[12.650640305951947,46.15398863965346],[12.652195605971817,46.15402061104658],[12.652172648700777,46.15456016306648],[12.651394990774513,46.15454417971361],[12.651372025259919,46.15508373137424],[12.649816696209525,46.15505174821169],[12.64979371486359,46.155591299213484],[12.64668303432572,46.15552726825667],[12.646729057058073,46.1544481685907],[12.645150724886042,46.15495567185844],[12.645081642302182,46.156574319287124],[12.646637008961658,46.156606367682436],[12.646613995292677,46.15714591730524],[12.64739168720064,46.157161933873276],[12.6465679659807,46.15822501637072],[12.643457144247192,46.15816089483336],[12.642725545659605,46.15706575516882],[12.641170170433575,46.15703365330956],[12.641147102990352,46.15757320077041],[12.640369408781808,46.15755714161058],[12.640392483812974,46.1570175944504],[12.638837112557678,46.15698546087307],[12.63796703278152,46.15912757082459],[12.638744747768563,46.15914364674662],[12.638721654920703,46.15968319306474],[12.63949937815893,46.15969926400095],[12.639453205660523,46.16077835705866],[12.640985612419472,46.16135003131382],[12.640962539699307,46.16188957829395],[12.638629276926245,46.161841377736124]],[[12.643618447778413,46.154384055456504],[12.645173751097289,46.15441612259543],[12.645196776650224,46.15387657327235],[12.644419132247197,46.15386054264598],[12.64368756798156,46.1527654091082],[12.64213231282524,46.152733322627995],[12.642086203003016,46.15381241905209],[12.643641488504844,46.15384450673381],[12.643618447778413,46.154384055456504]],[[12.649839676898422,46.154512197149884],[12.65061733350699,46.154528191074746],[12.650640305951947,46.15398863965346],[12.649862656930305,46.15397264602805],[12.649839676898422,46.154512197149884]],[[12.645974421713703,46.15389259861291],[12.649085008567814,46.153956647116736],[12.649130981833778,46.15287754529207],[12.64835334930376,46.15286154169417],[12.648330355412925,46.15340109233689],[12.645997439021778,46.153353048929745],[12.645974421713703,46.15389259861291]],[[12.644488227715334,46.15224189521679],[12.646043471663804,46.15227394938326],[12.6460664869978,46.151734399519924],[12.645288872279291,46.15171837537946],[12.645311894541008,46.151178825756105],[12.643756682256619,46.15114676221927],[12.644488227715334,46.15224189521679]],[[12.636049996416066,46.1493674890117],[12.636827572855543,46.14938357537168],[12.636850675916357,46.14884402881447],[12.636073107061433,46.148827942755666],[12.636049996416066,46.1493674890117]],[[12.63451797134035,46.148795754783706],[12.636073107061433,46.148827942755666],[12.636096217046125,46.14828839643951],[12.634564220985864,46.147716663296514],[12.63451797134035,46.148795754783706]],[[12.641539159847365,46.148400885763856],[12.643094292317006,46.14843297800808],[12.643117333383099,46.14789342892488],[12.641585271657632,46.14732178873909],[12.641539159847365,46.148400885763856]],[[12.63538800518027,46.1466536669917],[12.63616554303638,46.14666975713026],[12.636234863081393,46.1450511172799],[12.637012378850487,46.14506720123066],[12.637035476628277,46.14452765419249],[12.637812985476991,46.14454373255811],[12.638544329103924,46.14563890085985],[12.639321854442878,46.145654969259084],[12.639298778094386,46.14619451707983],[12.640876907106085,46.145687090204824],[12.640899967628615,46.14514754172259],[12.64012244854936,46.14513148419248],[12.63939107953043,46.144036325436225],[12.63861357694016,46.14402025793948],[12.638636658232576,46.14348071017915],[12.639414153240383,46.14349677737507],[12.639437226290758,46.14295722925381],[12.640214714378038,46.14297329086518],[12.64103831692111,46.14191024956734],[12.639483370412869,46.141878132831],[12.639460298681579,46.14241768107246],[12.638682818838047,46.14240161447815],[12.638752054798214,46.140782970475875],[12.637974598361321,46.14076689950062],[12.637997683276467,46.140227351680544],[12.636442787551294,46.14019519448212],[12.636396586736252,46.14127428885803],[12.634841663336296,46.14124210932186],[12.634864779236533,46.14070256276642],[12.634087326112114,46.140686465374635],[12.63413357109217,46.13960737268612],[12.632578697156514,46.13957516325884],[12.632509283209052,46.14119380039226],[12.63328674258815,46.14120990865215],[12.6332404784791,46.14228900037686],[12.63479542955346,46.14232120225232],[12.634749193127309,46.14340029494225],[12.636304177181795,46.14343247688842],[12.636281073142134,46.143972023745704],[12.634726073922936,46.14393984119701],[12.634656712344333,46.145558479600474],[12.635434234370836,46.14557457442074],[12.63538800518027,46.1466536669917]],[[12.640168582782467,46.144052387649026],[12.640946086696054,46.14406844457786],[12.640992203126824,46.14298934719278],[12.640214714378038,46.14297329086518],[12.640168582782467,46.144052387649026]],[[12.64103831692111,46.14191024956734],[12.6418157911672,46.141926300010155],[12.642639346906014,46.140863246101816],[12.641084428079095,46.140831151701555],[12.64103831692111,46.14191024956734]],[[12.63568844768022,46.13963956098111],[12.637243326918933,46.13967172814372],[12.637266418095049,46.13913218050438],[12.63571155401764,46.139100013944],[12.63568844768022,46.13963956098111]],[[12.638020767531744,46.13968780380035],[12.639575650743195,46.139719939264204],[12.639621786951786,46.1386408421202],[12.638066934062785,46.13860870785963],[12.638020767531744,46.13968780380035]],[[12.632601833816253,46.1390356174274],[12.633379262871877,46.139051724481014],[12.633402391289952,46.138512178287854],[12.632624969814655,46.138496071535805],[12.632601833816253,46.1390356174274]],[[12.631847549002847,46.13847995950089],[12.632624969814655,46.138496071535805],[12.633448646142835,46.13743308572111],[12.6318938341757,46.13740086814054],[12.631847549002847,46.13847995950089]],[[12.635734659694585,46.138560466846776],[12.636512083821657,46.138576552467306],[12.63653518125795,46.13803700500879],[12.635757764711085,46.138020919689424],[12.635734659694585,46.138560466846776]]]},"properties":{"nbr_class":"moderata","color":"#a6d96a"}},{"type":"Feature","geometry":{"type":"Polygon","coordinates":[[[12.659903722772064,46.13743799495574],[12.659972324985496,46.13581932489459],[12.66152712379768,46.13585115972473],[12.661481419962245,46.136930274350846],[12.659903722772064,46.13743799495574]]]},"properties":{"nbr_class":"degradata","color":"#fdae61"}},{"type":"Feature","geometry":{"type":"Polygon","coordinates":[[[12.638959727058712,46.13592703522343],[12.63898279845668,46.13538748656154],[12.639760179753496,46.13540354924588],[12.639737115934748,46.13594309820851],[12.638959727058712,46.13592703522343]]]},"properties":{"nbr_class":"sana","color":"#1a9641"}},{"type":"Feature","geometry":{"type":"Polygon","coordinates":[[[12.672388043311312,46.13661297337339],[12.672410788781777,46.13607341186918],[12.673188198322686,46.136089247401344],[12.67316546043244,46.13662880920204],[12.672388043311312,46.13661297337339]]]},"properties":{"nbr_class":"moderata","color":"#a6d96a"}},{"type":"Feature","geometry":{"type":"Polygon","coordinates":[[[12.662281680175637,46.13640662685666],[12.662327367545123,46.13532751151495],[12.663104761009704,46.135343415425524],[12.663081925231145,46.13588297342409],[12.664636729284162,46.13591476599262],[12.664613908012768,46.13645432452653],[12.662281680175637,46.13640662685666]]]},"properties":{"nbr_class":"moderata","color":"#a6d96a"}},{"type":"Feature","geometry":{"type":"Polygon","coordinates":[[[12.6078880914158,46.13474064778318],[12.60791146529516,46.13420111117117],[12.608688812380384,46.134217384835814],[12.608665446079085,46.13475692175251],[12.6078880914158,46.13474064778318]]]},"properties":{"nbr_class":"stress","color":"#ffffbf"}},{"type":"Feature","geometry":{"type":"Polygon","coordinates":[[[12.6211032116732,46.135016586915924],[12.621126456722319,46.13447704513787],[12.62190381516878,46.134493229010374],[12.621880577698123,46.13503277109143],[12.6211032116732,46.135016586915924]]]},"properties":{"nbr_class":"stress","color":"#ffffbf"}},{"type":"Feature","geometry":{"type":"Polygon","coordinates":[[[12.65919492656293,46.13580339955551],[12.659217800239775,46.13526384304674],[12.659995191082729,46.13527976808766],[12.659972324985496,46.13581932489459],[12.65919492656293,46.13580339955551]]]},"properties":{"nbr_class":"moderata","color":"#a6d96a"}},{"type":"Feature","geometry":{"type":"Polygon","coordinates":[[[12.68555898776071,46.1379605968526],[12.685604222907392,46.136881463969814],[12.684026736087443,46.137389521968274],[12.684094631381688,46.13577082414491],[12.684872043100494,46.13578658013792],[12.684894665991314,46.13524701378227],[12.685672070778754,46.135262764197456],[12.685626839510977,46.13634189743877],[12.686404260107544,46.13635764316071],[12.68633643109976,46.13797634345897],[12.68555898776071,46.1379605968526]]]},"properties":{"nbr_class":"degradata","color":"#fdae61"}},{"type":"Feature","geometry":{"type":"Polygon","coordinates":[[[12.65661083146084,46.14169069963527],[12.656633735076834,46.141151144681224],[12.655101710649657,46.140579686069984],[12.655147544933596,46.13950057705666],[12.653592650499375,46.13946865352087],[12.653569718522574,46.140008207459836],[12.651237359060794,46.13996028163443],[12.652060705178922,46.138897155451154],[12.656725342994015,46.138992924265345],[12.656771143024846,46.13791381369759],[12.655216291446566,46.13788191308679],[12.65526211918019,46.13680280347364],[12.656816940437425,46.13683470288994],[12.65686273523193,46.13575559184241],[12.655307944294014,46.135723693620555],[12.65613114676999,46.13466053468251],[12.657685908703684,46.13469242114513],[12.657640131685929,46.13577153302942],[12.658417528796335,46.13578746893379],[12.658371764321336,46.13686658117497],[12.659149177247754,46.136882512393235],[12.65912630160937,46.13742206872216],[12.657571461252324,46.137390200406145],[12.657479891513528,46.13954842273562],[12.656702441996693,46.13953247945928],[12.65667954034474,46.14007203459324],[12.657456997442843,46.14008797816808],[12.657434102717717,46.140627533540574],[12.659766500695314,46.140675333459484],[12.659743628060971,46.14121488966695],[12.658188680256062,46.14118302774135],[12.658165791803926,46.14172258329233],[12.65661083146084,46.14169069963527]]]},"properties":{"nbr_class":"moderata","color":"#a6d96a"}},{"type":"Feature","geometry":{"type":"Polygon","coordinates":[[[12.658371764321336,46.13686658117497],[12.657685908703684,46.13469242114513],[12.66001805652638,46.13474021122078],[12.659995191082729,46.13527976808766],[12.659217800239775,46.13526384304674],[12.659149177247754,46.136882512393235],[12.658371764321336,46.13686658117497]]]},"properties":{"nbr_class":"sana","color":"#1a9641"}},{"type":"Feature","geometry":{"type":"Polygon","coordinates":[[[12.620349098942432,46.13446085598337],[12.620372350905384,46.13392131444817],[12.621149701107049,46.13393750329958],[12.621126456722319,46.13447704513787],[12.620349098942432,46.13446085598337]]]},"properties":{"nbr_class":"stress","color":"#ffffbf"}},{"type":"Feature","geometry":{"type":"Polygon","coordinates":[[[12.636673752012156,46.134799718995225],[12.636696844827483,46.13426017111588],[12.637474208981168,46.13427624904521],[12.637451123744558,46.13481579722557],[12.636673752012156,46.134799718995225]]]},"properties":{"nbr_class":"moderata","color":"#a6d96a"}},{"type":"Feature","geometry":{"type":"Polygon","coordinates":[[[12.677097955143852,46.13562878247756],[12.67712065383497,46.13508921907628],[12.677898052124966,46.135105022319316],[12.677875361013774,46.13564458601647],[12.677097955143852,46.13562878247756]]]},"properties":{"nbr_class":"moderata","color":"#a6d96a"}},{"type":"Feature","geometry":{"type":"Polygon","coordinates":[[[12.677875361013774,46.13564458601647],[12.677898052124966,46.135105022319316],[12.679452850656899,46.13513661295719],[12.679430174705628,46.13567617724581],[12.677875361013774,46.13564458601647]]]},"properties":{"nbr_class":"stress","color":"#ffffbf"}},{"type":"Feature","geometry":{"type":"Polygon","coordinates":[[[12.625790617392099,46.13457406914272],[12.625860212147607,46.13295543799785],[12.62663755185444,46.13297158927102],[12.626567979833448,46.13459022132307],[12.625790617392099,46.13457406914272]]]},"properties":{"nbr_class":"sana","color":"#1a9641"}},{"type":"Feature","geometry":{"type":"Polygon","coordinates":[[[12.670901490966989,46.13496260295487],[12.670947007674805,46.13388348071397],[12.674056523258741,46.13394682866396],[12.674033795547464,46.1344863910004],[12.670901490966989,46.13496260295487]]]},"properties":{"nbr_class":"moderata","color":"#a6d96a"}},{"type":"Feature","geometry":{"type":"Polygon","coordinates":[[[12.634387871231224,46.133672358599384],[12.6344109854612,46.13313281150341],[12.63518833247095,46.133148904676446],[12.635165225819186,46.13368845207373],[12.634387871231224,46.133672358599384]]]},"properties":{"nbr_class":"stress","color":"#ffffbf"}},{"type":"Feature","geometry":{"type":"Polygon","coordinates":[[[12.639052008694023,46.13376884021525],[12.639075077454361,46.13322929131295],[12.63985242843646,46.13324535279442],[12.639829367254476,46.13378490199742],[12.639052008694023,46.13376884021525]]]},"properties":{"nbr_class":"degradata","color":"#fdae61"}},{"type":"Feature","geometry":{"type":"Polygon","coordinates":[[[12.68025291862174,46.13461283570799],[12.680275585697157,46.13407327100421],[12.681052971429345,46.134089052525276],[12.681030311933513,46.134628617524555],[12.68025291862174,46.13461283570799]]]},"properties":{"nbr_class":"sana","color":"#1a9641"}},{"type":"Feature","geometry":{"type":"Polygon","coordinates":[[[12.686404260107544,46.13635764316071],[12.686472083299018,46.1347389423247],[12.687249481803358,46.134754681879485],[12.687272080661673,46.13421511451996],[12.688849447508003,46.13370700918378],[12.688804280756107,46.134786145140716],[12.687226882299072,46.13529424917926],[12.687181681352492,46.13637338359958],[12.686404260107544,46.13635764316071]]]},"properties":{"nbr_class":"degradata","color":"#fdae61"}},{"type":"Feature","geometry":{"type":"Polygon","coordinates":[[[12.637451123744558,46.13481579722557],[12.637474208981168,46.13427624904521],[12.63825157379685,46.1342923216924],[12.638320802812881,46.132673675887915],[12.639875488959309,46.132705803531316],[12.63985242843646,46.13324535279442],[12.640629780079859,46.133261408993924],[12.64058367221371,46.13434050794107],[12.637451123744558,46.13481579722557]],[[12.639052008694023,46.13376884021525],[12.639829367254476,46.13378490199742],[12.63985242843646,46.13324535279442],[12.639075077454361,46.13322929131295],[12.639052008694023,46.13376884021525]]]},"properties":{"nbr_class":"stress","color":"#ffffbf"}},{"type":"Feature","geometry":{"type":"Polygon","coordinates":[[[12.635965680143297,46.1331649925676],[12.635988778556607,46.132625444809],[12.636766119313293,46.13264152711712],[12.63674302847803,46.13318107517683],[12.635965680143297,46.1331649925676]]]},"properties":{"nbr_class":"stress","color":"#ffffbf"}},{"type":"Feature","geometry":{"type":"Polygon","coordinates":[[[12.63985242843646,46.13324535279442],[12.639875488959309,46.132705803531316],[12.640652833024546,46.132721859430205],[12.640629780079859,46.133261408993924],[12.63985242843646,46.13324535279442]]]},"properties":{"nbr_class":"moderata","color":"#a6d96a"}},{"type":"Feature","geometry":{"type":"Polygon","coordinates":[[[12.684162520853993,46.13415212578365],[12.684185149384437,46.1336125595437],[12.68573991283227,46.1336440638873],[12.685717299460821,46.13418363071711],[12.684162520853993,46.13415212578365]]]},"properties":{"nbr_class":"sana","color":"#1a9641"}},{"type":"Feature","geometry":{"type":"Polygon","coordinates":[[[12.685717299460821,46.13418363071711],[12.68573991283227,46.1336440638873],[12.686517295529022,46.13365980813529],[12.686494689737103,46.13419937525986],[12.685717299460821,46.13418363071711]]]},"properties":{"nbr_class":"moderata","color":"#a6d96a"}},{"type":"Feature","geometry":{"type":"Polygon","coordinates":[[[12.662030352950332,46.142341756951176],[12.662899215502001,46.14019943525558],[12.66212175381231,46.14018352866492],[12.662098904576588,46.14072308582638],[12.660543968000063,46.14069125619868],[12.660566832399011,46.14015169963316],[12.659789372675842,46.14013577719206],[12.659766500695314,46.140675333459484],[12.657434102717717,46.140627533540574],[12.657456997442843,46.14008797816808],[12.65667954034474,46.14007203459324],[12.656702441996693,46.13953247945928],[12.657479891513528,46.13954842273562],[12.657571461252324,46.137390200406145],[12.659103425317097,46.13796162499113],[12.65919492656293,46.13580339955551],[12.659972324985496,46.13581932489459],[12.660040921316467,46.13420065429395],[12.6584861706036,46.13416880012236],[12.658554806525139,46.13255013077132],[12.659332158817454,46.1325660596036],[12.659286417347596,46.13364517316071],[12.66006378545302,46.133661097307176],[12.660109511765603,46.1325819831538],[12.660886865369367,46.13259790142193],[12.660864010118374,46.13313745882663],[12.662418734449055,46.133169280112384],[12.660772582581417,46.135295687845996],[12.662327367545123,46.13532751151495],[12.662281680175637,46.13640662685666],[12.664613908012768,46.13645432452653],[12.66459108608904,46.13699388300052],[12.663813668575049,46.13697798876248],[12.663768007609491,46.13805710493556],[12.66299057558925,46.13804120481922],[12.662922056503145,46.139659877736385],[12.663699511266456,46.13967577874581],[12.664385659416695,46.14184990657045],[12.66283068858091,46.141818107453624],[12.662807844967917,46.14235766473313],[12.662030352950332,46.142341756951176]],[[12.660566832399011,46.14015169963316],[12.661344292777907,46.14016761679078],[12.661367148941894,46.1396280598673],[12.660589696144385,46.13961214300768],[12.660566832399011,46.14015169963316]],[[12.658257341686932,46.13956436072865],[12.660589696144385,46.13961214300768],[12.661412859309882,46.13854894584051],[12.659080548370907,46.138501181200155],[12.658257341686932,46.13956436072865]],[[12.659903722772064,46.13743799495574],[12.661481419962245,46.136930274350846],[12.66152712379768,46.13585115972473],[12.659972324985496,46.13581932489459],[12.659903722772064,46.13743799495574]]]},"properties":{"nbr_class":"stress","color":"#ffffbf"}},{"type":"Feature","geometry":{"type":"Polygon","coordinates":[[[12.623504976696676,46.13344649535523],[12.623528197019183,46.13290695248781],[12.622750859974458,46.13289078008767],[12.622797313783556,46.131811694777745],[12.624328746810926,46.13238357637593],[12.624282321985138,46.13346266277632],[12.623504976696676,46.13344649535523]]]},"properties":{"nbr_class":"sana","color":"#1a9641"}},{"type":"Feature","geometry":{"type":"Polygon","coordinates":[[[12.63210208471291,46.132544954041336],[12.632125220354823,46.132005407729544],[12.632902550219828,46.132021516145045],[12.632879422155627,46.13256106275843],[12.63210208471291,46.132544954041336]]]},"properties":{"nbr_class":"moderata","color":"#a6d96a"}},{"type":"Feature","geometry":{"type":"Polygon","coordinates":[[[12.632879422155627,46.13256106275843],[12.632902550219828,46.132021516145045],[12.633679880748039,46.13203761927888],[12.633656760261573,46.13257716619375],[12.632879422155627,46.13256106275843]]]},"properties":{"nbr_class":"stress","color":"#ffffbf"}},{"type":"Feature","geometry":{"type":"Polygon","coordinates":[[[12.636766119313293,46.13264152711712],[12.636789209488583,46.132101978997305],[12.638343877832444,46.1321341271662],[12.638320802812881,46.132673675887915],[12.636766119313293,46.13264152711712]]]},"properties":{"nbr_class":"stress","color":"#ffffbf"}},{"type":"Feature","geometry":{"type":"Polygon","coordinates":[[[12.649203661324371,46.13289812571126],[12.64922663025121,46.132358572787396],[12.650003974656626,46.13237456500352],[12.64998101330801,46.13291411822679],[12.649203661324371,46.13289812571126]]]},"properties":{"nbr_class":"stress","color":"#ffffbf"}},{"type":"Feature","geometry":{"type":"Polygon","coordinates":[[[12.660772582581417,46.135295687845996],[12.66079544044565,46.13475613068107],[12.661572825020412,46.13477204485888],[12.661618523630635,46.133692929753295],[12.662395893702392,46.13370883805291],[12.662418734449055,46.133169280112384],[12.660864010118374,46.13313745882663],[12.660886865369367,46.13259790142193],[12.666328358934742,46.13270918139979],[12.666237146222175,46.13486741899299],[12.667014535379305,46.13488329619311],[12.666991738151248,46.13542285573892],[12.664659549903247,46.1353752073988],[12.66470518918458,46.134296090031434],[12.665482569454209,46.134311977499216],[12.665505380537377,46.133772418428215],[12.66395063581073,46.13374063880522],[12.663927809569335,46.13428019728122],[12.66315043060869,46.134264299248585],[12.662327367545123,46.13532751151495],[12.660772582581417,46.135295687845996]]]},"properties":{"nbr_class":"moderata","color":"#a6d96a"}},{"type":"Feature","geometry":{"type":"Polygon","coordinates":[[[12.681075630277496,46.13354948746623],[12.681098288477996,46.13300992234737],[12.681875659701419,46.13302569799513],[12.681853009080097,46.13356526340934],[12.681075630277496,46.13354948746623]]]},"properties":{"nbr_class":"sana","color":"#1a9641"}},{"type":"Feature","geometry":{"type":"Polygon","coordinates":[[[12.625106077609448,46.132399737910035],[12.625152484626776,46.131320650663646],[12.625929800935909,46.13133680631117],[12.625883409073364,46.132415894162484],[12.625106077609448,46.132399737910035]]]},"properties":{"nbr_class":"sana","color":"#1a9641"}},{"type":"Feature","geometry":{"type":"Polygon","coordinates":[[[12.627461255104205,46.13190864632218],[12.62748443554935,46.1313691017618],[12.628261753853225,46.13138524156488],[12.628238580985435,46.13192478642743],[12.627461255104205,46.13190864632218]]]},"properties":{"nbr_class":"moderata","color":"#a6d96a"}},{"type":"Feature","geometry":{"type":"Polygon","coordinates":[[[12.653113358860452,46.13243848104865],[12.653136289240514,46.131898926568724],[12.653913629357804,46.13191489207619],[12.65389070655587,46.132454446855036],[12.653113358860452,46.13243848104865]]]},"properties":{"nbr_class":"moderata","color":"#a6d96a"}},{"type":"Feature","geometry":{"type":"Polygon","coordinates":[[[12.65777745488887,46.132534196657],[12.65780033979982,46.13199464038507],[12.65857768385782,46.132010574201075],[12.658554806525139,46.13255013077132],[12.65777745488887,46.132534196657]]]},"properties":{"nbr_class":"stress","color":"#ffffbf"}},{"type":"Feature","geometry":{"type":"Polygon","coordinates":[[[12.660109511765603,46.1325819831538],[12.66013237394168,46.1320424259872],[12.660909719967108,46.13205834395731],[12.660886865369367,46.13259790142193],[12.660109511765603,46.1325819831538]]]},"properties":{"nbr_class":"moderata","color":"#a6d96a"}},{"type":"Feature","geometry":{"type":"Polygon","coordinates":[[[12.634457211939235,46.13205371713102],[12.634503435774876,46.130974622518124],[12.63603497340268,46.1315463491114],[12.636011876309727,46.13208589699026],[12.634457211939235,46.13205371713102]]]},"properties":{"nbr_class":"stress","color":"#ffffbf"}},{"type":"Feature","geometry":{"type":"Polygon","coordinates":[[[12.649935088641858,46.13399322449328],[12.649958051303095,46.13345367139005],[12.648426309999405,46.13288212791371],[12.647694926842853,46.13178702012466],[12.650026935348961,46.131835011720234],[12.650049895385044,46.131295458376925],[12.651604555859205,46.13132742576636],[12.651581610978782,46.13186697970817],[12.652358949780767,46.131882955779375],[12.652336011822603,46.13242250996029],[12.651558665442538,46.13240653358997],[12.652290133939363,46.13350161814214],[12.651512772402489,46.13348564117358],[12.651489824898638,46.13402519487536],[12.649935088641858,46.13399322449328]],[[12.649203661324371,46.13289812571126],[12.64998101330801,46.13291411822679],[12.650003974656626,46.13237456500352],[12.64922663025121,46.132358572787396],[12.649203661324371,46.13289812571126]]]},"properties":{"nbr_class":"moderata","color":"#a6d96a"}},{"type":"Feature","geometry":{"type":"Polygon","coordinates":[[[12.659286417347596,46.13364517316071],[12.659332158817454,46.1325660596036],[12.658554806525139,46.13255013077132],[12.658600560536625,46.13147101757086],[12.66013237394168,46.1320424259872],[12.66006378545302,46.133661097307176],[12.659286417347596,46.13364517316071]]]},"properties":{"nbr_class":"degradata","color":"#fdae61"}},{"type":"Feature","geometry":{"type":"Polygon","coordinates":[[[12.615047433233634,46.131110146638186],[12.615070734247267,46.13057060686568],[12.615848034313206,46.130586830867394],[12.615824740876334,46.131126370943655],[12.615047433233634,46.131110146638186]]]},"properties":{"nbr_class":"stress","color":"#ffffbf"}},{"type":"Feature","geometry":{"type":"Polygon","coordinates":[[[12.659355028571845,46.132026502735116],[12.659400766119669,46.13094738881831],[12.660178096333526,46.13096331147417],[12.66013237394168,46.1320424259872],[12.659355028571845,46.132026502735116]]]},"properties":{"nbr_class":"moderata","color":"#a6d96a"}},{"type":"Feature","geometry":{"type":"Polygon","coordinates":[[[12.684985151088389,46.13308874776208],[12.685030389757525,46.13200961439342],[12.684253031095114,46.13199386046525],[12.684275657038533,46.13145429398624],[12.687362469635673,46.13205684448445],[12.68731727644048,46.133135979621684],[12.684985151088389,46.13308874776208]]]},"properties":{"nbr_class":"degradata","color":"#fdae61"}},{"type":"Feature","geometry":{"type":"Polygon","coordinates":[[[12.639944666573292,46.13108715538144],[12.639990781687375,46.130008056314395],[12.640768087865041,46.13002411071036],[12.640721987905339,46.131103210378555],[12.639944666573292,46.13108715538144]]]},"properties":{"nbr_class":"stress","color":"#ffffbf"}},{"type":"Feature","geometry":{"type":"Polygon","coordinates":[[[12.658600560536625,46.13147101757086],[12.658646311932696,46.130391904130576],[12.659423633913148,46.130407831769986],[12.659377897672575,46.13148694580669],[12.658600560536625,46.13147101757086]]]},"properties":{"nbr_class":"stress","color":"#ffffbf"}},{"type":"Feature","geometry":{"type":"Polygon","coordinates":[[[12.645408934615771,46.13065987784209],[12.64543193880324,46.130120326176566],[12.646986561062084,46.1301523557471],[12.646963572029131,46.13069190801229],[12.645408934615771,46.13065987784209]]]},"properties":{"nbr_class":"stress","color":"#ffffbf"}},{"type":"Feature","geometry":{"type":"Polygon","coordinates":[[[12.64538095737721,46.14956017652566],[12.64540397700637,46.14902062666206],[12.644626400874449,46.14900459873669],[12.645450014290477,46.1479415267547],[12.644672453327534,46.14792549942947],[12.64394095801315,46.14683036787241],[12.643163413539266,46.14681433057829],[12.64398702036762,46.145751268685025],[12.642455007771055,46.14517964093029],[12.64250109650702,46.14410054258363],[12.643278602403962,46.144116583660534],[12.643393774805679,46.141418835240984],[12.644171243452453,46.14143486953281],[12.644240316248549,46.13981621885967],[12.642685425103332,46.13978414679395],[12.64355498851583,46.13764198493069],[12.642000159335934,46.13760990470111],[12.641977115620438,46.138149454325024],[12.641199694441482,46.138133405985585],[12.641222745737133,46.13759385666213],[12.638113097954628,46.13752961167846],[12.63813617891091,46.13699006349772],[12.638913582284353,46.13700613236692],[12.638936655001276,46.13646658382524],[12.639714051456748,46.136482647111045],[12.639690986319476,46.13702219595348],[12.641245796373894,46.13705430727859],[12.641337992332538,46.134896109143575],[12.644424481416065,46.13549981442184],[12.644470516128177,46.134420712711794],[12.645247886892074,46.13443673781927],[12.645201867338079,46.13551584012939],[12.646733645556798,46.13608742736189],[12.64666465479872,46.13770608199593],[12.648196508824823,46.13827765085544],[12.648265456074276,46.13665899460325],[12.647488052354891,46.13664298942628],[12.647534029062513,46.135563885557275],[12.649088806841954,46.135595889430164],[12.649134750604656,46.13451678412268],[12.646802630399138,46.13446877218747],[12.646871609326364,46.13285011647263],[12.646094259978723,46.13283410282912],[12.646117259218238,46.132294551103904],[12.646894600987746,46.132310564447614],[12.647717909612249,46.131247467679856],[12.646163255725217,46.13121544747333],[12.646186252992727,46.130675895567975],[12.648518212079415,46.13072391705615],[12.649341465038479,46.12966080726776],[12.650896078731837,46.129692783424616],[12.650873128241546,46.13023233724726],[12.65320507644845,46.130280262768956],[12.653159218965184,46.1313593720288],[12.656268553065654,46.13142320117229],[12.656245653652768,46.131962756907264],[12.657022996398064,46.131978701287125],[12.657000103908873,46.13251825726064],[12.655445403918538,46.132486362621854],[12.655422495618163,46.13302591793826],[12.654645139029872,46.133009962397125],[12.653821934218795,46.13407311083164],[12.6530445637877,46.13405714412848],[12.652998697128492,46.13513625254837],[12.654553468964547,46.13516818186799],[12.654576387463466,46.134628627090244],[12.655353766788224,46.13464458352758],[12.655399586663002,46.13356547319468],[12.656176951486861,46.13358142375233],[12.656199852863393,46.13304186819728],[12.657754569323808,46.133073752868974],[12.657685908703684,46.13469242114513],[12.65613114676999,46.13466053468251],[12.656108243429603,46.135200090057644],[12.65533085586856,46.13518413860406],[12.655307944294014,46.135723693620555],[12.65686273523193,46.13575559184241],[12.656816940437425,46.13683470288994],[12.65526211918019,46.13680280347364],[12.655216291446566,46.13788191308679],[12.656771143024846,46.13791381369759],[12.656725342994015,46.138992924265345],[12.652060705178922,46.138897155451154],[12.651237359060794,46.13996028163443],[12.653569718522574,46.140008207459836],[12.653592650499375,46.13946865352087],[12.655147544933596,46.13950057705666],[12.655101710649657,46.140579686069984],[12.655879174015368,46.140595640510355],[12.65661083146084,46.14169069963527],[12.658165791803926,46.14172258329233],[12.658142902697497,46.14226213878336],[12.656587927190118,46.14223025452934],[12.656565022264644,46.14276980936345],[12.655787527913873,46.142753859012096],[12.655810440421671,46.142214304476624],[12.655032954310348,46.14219834914011],[12.655078792525032,46.14111924048667],[12.654301322234954,46.14110328046401],[12.654278395873343,46.1416428345219],[12.652723442102298,46.14161089802795],[12.652769324496989,46.14053179104802],[12.651991863761642,46.14051581547378],[12.65194596620361,46.1415949218555],[12.650368051454034,46.142102506162004],[12.650391016380993,46.14156295365969],[12.6496135424575,46.14154696163635],[12.649682456044216,46.1399283046675],[12.648150540707064,46.139356754723394],[12.64808158360278,46.14097541007507],[12.647304119238068,46.14095940250067],[12.647281124640868,46.14149895386478],[12.648058596587218,46.1415149617389],[12.647989631597811,46.14313361637016],[12.649544622960729,46.14316561806502],[12.649498673345876,46.144244722050665],[12.650276185181157,46.14426071557112],[12.650253216971567,46.144800267773356],[12.649475697553276,46.144784273953455],[12.649429743997619,46.145863377578955],[12.65098481382632,46.14589536113216],[12.650961851230548,46.14643491345368],[12.651739394716584,46.14645089760293],[12.65171643904828,46.14699045016372],[12.650138366074197,46.1474980278842],[12.650092421118426,46.1485771315084],[12.651647568105739,46.14860910748601],[12.651624609812268,46.14914865980676],[12.650069447655412,46.149116683230474],[12.650046473535618,46.14965623489251],[12.64538095737721,46.14956017652566]],[[12.64775970557988,46.148529127905284],[12.649314848613036,46.148561135592246],[12.64933782900381,46.14802158410964],[12.647782701139624,46.147989577021946],[12.64775970557988,46.148529127905284]],[[12.644695478566687,46.147385949685784],[12.646250585984424,46.14741799845146],[12.646273595397433,46.146878448047666],[12.644718503147617,46.14684639988202],[12.644695478566687,46.147385949685784]],[[12.644787572941276,46.14522775011038],[12.645565095985567,46.145243775935306],[12.64561112405802,46.144164675187184],[12.644079137176274,46.143593069589436],[12.644033080088597,46.144672169257355],[12.644810594889535,46.144688200066376],[12.644787572941276,46.14522775011038]],[[12.646434642872235,46.1431015935398],[12.647212136905248,46.1431176075969],[12.647235133474481,46.14257805641291],[12.646457647023732,46.14256204265561],[12.646434642872235,46.1431015935398]],[[12.645818217822166,46.13930871884792],[12.646595658124266,46.13932473608958],[12.64666465479872,46.13770608199593],[12.645887237238151,46.137690065653885],[12.645818217822166,46.13930871884792]],[[12.648173525094437,46.138817202819425],[12.648950959793908,46.13883320391199],[12.648973935943708,46.138293651648425],[12.648196508824823,46.13827765085544],[12.648173525094437,46.138817202819425]],[[12.648973935943708,46.138293651648425],[12.650528792157992,46.138325637385385],[12.650551752490246,46.13778608446294],[12.652106596177529,46.13781804846937],[12.652129540693029,46.137278494888484],[12.649019886273091,46.1372145469412],[12.648973935943708,46.138293651648425]],[[12.649935088641858,46.13399322449328],[12.651489824898638,46.13402519487536],[12.651512772402489,46.13348564117358],[12.652290133939363,46.13350161814214],[12.65231307320881,46.13296206408122],[12.651535719250447,46.13294608741179],[12.651558665442538,46.13240653358997],[12.652336011822603,46.13242250996029],[12.651604555859205,46.13132742576636],[12.650049895385044,46.131295458376925],[12.650026935348961,46.131835011720234],[12.647694926842853,46.13178702012466],[12.647671943416555,46.13232657250943],[12.649203661324371,46.13289812571126],[12.649935088641858,46.13399322449328]],[[12.653113358860452,46.13243848104865],[12.65389070655587,46.132454446855036],[12.653913629357804,46.13191489207619],[12.653136289240514,46.131898926568724],[12.653113358860452,46.13243848104865]]]},"properties":{"nbr_class":"sana","color":"#1a9641"}},{"type":"Feature","geometry":{"type":"Polygon","coordinates":[[[12.639167345902452,46.13107109510274],[12.639190411366277,46.130531545899935],[12.63841309893411,46.13051548064045],[12.638459243037941,46.129436382656095],[12.640791136856716,46.129484560786125],[12.640768087865041,46.13002411071036],[12.639990781687375,46.130008056314395],[12.639944666573292,46.13108715538144],[12.639167345902452,46.13107109510274]]]},"properties":{"nbr_class":"moderata","color":"#a6d96a"}},{"type":"Feature","geometry":{"type":"Polygon","coordinates":[[[12.646963572029131,46.13069190801229],[12.647786853979257,46.12962880998523],[12.649341465038479,46.12966080726776],[12.648518212079415,46.13072391705615],[12.646963572029131,46.13069190801229]]]},"properties":{"nbr_class":"moderata","color":"#a6d96a"}},{"type":"Feature","geometry":{"type":"Polygon","coordinates":[[[12.646986561062084,46.1301523557471],[12.647009549437989,46.12961280342188],[12.647786853979257,46.12962880998523],[12.647763873180427,46.130168362610135],[12.646986561062084,46.1301523557471]]]},"properties":{"nbr_class":"stress","color":"#ffffbf"}},{"type":"Feature","geometry":{"type":"Polygon","coordinates":[[[12.660200956549339,46.13042375412774],[12.660223816111776,46.12988419672137],[12.66100113182602,46.12990011349943],[12.660978279841054,46.130439671203796],[12.660200956549339,46.13042375412774]]]},"properties":{"nbr_class":"stress","color":"#ffffbf"}},{"type":"Feature","geometry":{"type":"Polygon","coordinates":[[[12.660978279841054,46.130439671203796],[12.66100113182602,46.12990011349943],[12.661778448195543,46.1299160249959],[12.661755603788073,46.130455582998174],[12.660978279841054,46.130439671203796]]]},"properties":{"nbr_class":"moderata","color":"#a6d96a"}},{"type":"Feature","geometry":{"type":"Polygon","coordinates":[[[12.678856895976141,46.13080430618314],[12.678879573672859,46.13026474165196],[12.67965690505405,46.130280531668625],[12.679634234935362,46.130820096495434],[12.678856895976141,46.13080430618314]]]},"properties":{"nbr_class":"moderata","color":"#a6d96a"}},{"type":"Feature","geometry":{"type":"Polygon","coordinates":[[[12.647419082365062,46.13826164477947],[12.64744207301882,46.13772209305512],[12.64666465479872,46.13770608199593],[12.646733645556798,46.13608742736189],[12.645201867338079,46.13551584012939],[12.645247886892074,46.13443673781927],[12.644470516128177,46.134420712711794],[12.644424481416065,46.13549981442184],[12.641337992332538,46.134896109143575],[12.641245796373894,46.13705430727859],[12.639690986319476,46.13702219595348],[12.639714051456748,46.136482647111045],[12.638936655001276,46.13646658382524],[12.638113097954628,46.13752961167846],[12.636558278034034,46.13749745749017],[12.636581374149934,46.136957909911416],[12.635803972762835,46.13694182519434],[12.635850178173076,46.13586273045875],[12.636627564401275,46.135878814573566],[12.637451123744558,46.13481579722557],[12.639005869195206,46.13484793783954],[12.639028939274313,46.13430838905745],[12.64058367221371,46.13434050794107],[12.640629780079859,46.133261408993924],[12.64140713238434,46.13327745991145],[12.641361039675212,46.13435655945962],[12.642915776580736,46.13438864665013],[12.642961838975685,46.133309545900495],[12.643739193262114,46.133325580972006],[12.643808259183459,46.1317069284964],[12.644585591395915,46.131722957385556],[12.644631616898481,46.13064385483466],[12.64307698344376,46.13061179297515],[12.643053955866543,46.13115134368036],[12.639921608027702,46.13162670482481],[12.639944666573292,46.13108715538144],[12.640721987905339,46.131103210378555],[12.640768087865041,46.13002411071036],[12.64154539470365,46.13004015982493],[12.641568436118435,46.129500609600235],[12.643123036623763,46.12953269138453],[12.643146062226595,46.128993140499105],[12.644677639770165,46.12956475204353],[12.644654628663172,46.13010430346911],[12.64543193880324,46.130120326176566],[12.646163255725217,46.13121544747333],[12.647717909612249,46.131247467679856],[12.647694926842853,46.13178702012466],[12.646117259218238,46.132294551103904],[12.646094259978723,46.13283410282912],[12.646871609326364,46.13285011647263],[12.646802630399138,46.13446877218747],[12.649134750604656,46.13451678412268],[12.649088806841954,46.135595889430164],[12.647534029062513,46.135563885557275],[12.647488052354891,46.13664298942628],[12.648265456074276,46.13665899460325],[12.648196508824823,46.13827765085544],[12.647419082365062,46.13826164477947]],[[12.636581374149934,46.136957909911416],[12.637358776199365,46.13697398934588],[12.637381864075524,46.136434441405974],[12.636604469605674,46.13641836227255],[12.636581374149934,46.136957909911416]],[[12.638959727058712,46.13592703522343],[12.639737115934748,46.13594309820851],[12.639760179753496,46.13540354924588],[12.63898279845668,46.13538748656154],[12.638959727058712,46.13592703522343]]]},"properties":{"nbr_class":"moderata","color":"#a6d96a"}},{"type":"Feature","geometry":{"type":"Polygon","coordinates":[[[12.671838128085488,46.13120151749206],[12.671906365779279,46.12958283189393],[12.672683683722397,46.129598669150376],[12.672660946052188,46.13013823137279],[12.673438272224942,46.130154063643985],[12.67339281009072,46.13123318850211],[12.671838128085488,46.13120151749206]]]},"properties":{"nbr_class":"moderata","color":"#a6d96a"}},{"type":"Feature","geometry":{"type":"Polygon","coordinates":[[[12.690494483857725,46.13158017515129],[12.690562175929433,46.12996146828535],[12.691339509460898,46.12997717877863],[12.691271840124305,46.13159588652703],[12.690494483857725,46.13158017515129]]]},"properties":{"nbr_class":"stress","color":"#ffffbf"}},{"type":"Feature","geometry":{"type":"Polygon","coordinates":[[[12.633772356085984,46.12987943101803],[12.633818589790534,46.128800336526766],[12.634595875519716,46.128816432570716],[12.634549656968309,46.129895527664694],[12.633772356085984,46.12987943101803]]]},"properties":{"nbr_class":"stress","color":"#ffffbf"}},{"type":"Feature","geometry":{"type":"Polygon","coordinates":[[[12.64543193880324,46.130120326176566],[12.645454942333227,46.129580774451014],[12.646232245555908,46.12959679157712],[12.646278235490122,46.128517687346076],[12.647832813606508,46.128549704555304],[12.647786853979257,46.12962880998523],[12.647009549437989,46.12961280342188],[12.646986561062084,46.1301523557471],[12.64543193880324,46.130120326176566]]]},"properties":{"nbr_class":"moderata","color":"#a6d96a"}},{"type":"Feature","geometry":{"type":"Polygon","coordinates":[[[12.647786853979257,46.12962880998523],[12.647832813606508,46.128549704555304],[12.649364430026706,46.129121253983755],[12.649341465038479,46.12966080726776],[12.647786853979257,46.12962880998523]]]},"properties":{"nbr_class":"stress","color":"#ffffbf"}},{"type":"Feature","geometry":{"type":"Polygon","coordinates":[[[12.648587131744627,46.12910525828267],[12.648610103653192,46.128565705238124],[12.649387394358582,46.12858170063974],[12.649364430026706,46.129121253983755],[12.648587131744627,46.12910525828267]]]},"properties":{"nbr_class":"degradata","color":"#fdae61"}},{"type":"Feature","geometry":{"type":"Polygon","coordinates":[[[12.649364430026706,46.129121253983755],[12.649387394358582,46.12858170063974],[12.650164685722457,46.128597690760124],[12.650141728967297,46.129137244403516],[12.649364430026706,46.129121253983755]]]},"properties":{"nbr_class":"stress","color":"#ffffbf"}},{"type":"Feature","geometry":{"type":"Polygon","coordinates":[[[12.685120859337909,46.12985134693901],[12.685143475116915,46.12931177992601],[12.685920796536898,46.129327527097736],[12.685898188335674,46.12986709440556],[12.685120859337909,46.12985134693901]]]},"properties":{"nbr_class":"sana","color":"#1a9641"}},{"type":"Feature","geometry":{"type":"Polygon","coordinates":[[[12.618110124403003,46.132254093965166],[12.6181333964397,46.13171455309878],[12.616578762661351,46.13168213028744],[12.617402636448643,46.130619263027185],[12.61662533504707,46.1306030495879],[12.615894619189762,46.12950775053406],[12.616671904770705,46.12952396864729],[12.616695188634298,46.12898442808658],[12.618249746646608,46.129016847863014],[12.61907354692938,46.12795396670704],[12.619850812451624,46.12797016278641],[12.619804307327737,46.12904924651562],[12.620581588668566,46.12906543792048],[12.620628078640593,46.127986353585015],[12.622182613017833,46.12801871933983],[12.622205841856065,46.12747917647581],[12.622983102468227,46.12749535112919],[12.622959881205672,46.128034894296036],[12.623737150059368,46.128051063971405],[12.623690720695258,46.1291301507299],[12.62135887067595,46.12908162404434],[12.62133563226967,46.12962116642475],[12.620558342686008,46.129604979997836],[12.621289153464554,46.13070025100485],[12.619711289104734,46.13120741325108],[12.619664776005243,46.13228649625736],[12.618110124403003,46.132254093965166]]]},"properties":{"nbr_class":"stress","color":"#ffffbf"}},{"type":"Feature","geometry":{"type":"Polygon","coordinates":[[[12.625222090179061,46.12970201934256],[12.624491212804331,46.12860677207793],[12.626823048081976,46.1286552344837],[12.626869415512202,46.12757614518495],[12.628423945384558,46.12760842584185],[12.628354438701582,46.12922706151281],[12.626022576705752,46.12917862988616],[12.625999383757637,46.129718174082704],[12.625222090179061,46.12970201934256]]]},"properties":{"nbr_class":"sana","color":"#1a9641"}},{"type":"Feature","geometry":{"type":"Polygon","coordinates":[[[12.652473629737969,46.129185183974776],[12.653296783551326,46.12812204352935],[12.654074070627777,46.12813800694459],[12.654028233540332,46.12921711728213],[12.652473629737969,46.129185183974776]]]},"properties":{"nbr_class":"stress","color":"#ffffbf"}},{"type":"Feature","geometry":{"type":"Polygon","coordinates":[[[12.639305728797378,46.127833798984454],[12.639328790306159,46.12729424942106],[12.64088332623611,46.12732636048832],[12.64086027987931,46.1278659106529],[12.639305728797378,46.127833798984454]]]},"properties":{"nbr_class":"stress","color":"#ffffbf"}},{"type":"Feature","geometry":{"type":"Polygon","coordinates":[[[12.64163755641166,46.12788195856563],[12.641660595192432,46.12734240810061],[12.642437864809363,46.127358450431984],[12.642414833604636,46.12789800119735],[12.64163755641166,46.12788195856563]]]},"properties":{"nbr_class":"stress","color":"#ffffbf"}},{"type":"Feature","geometry":{"type":"Polygon","coordinates":[[[12.642414833604636,46.12789800119735],[12.642437864809363,46.127358450431984],[12.643215135086685,46.127374487482435],[12.643192111458031,46.12791403854806],[12.642414833604636,46.12789800119735]]]},"properties":{"nbr_class":"moderata","color":"#a6d96a"}},{"type":"Feature","geometry":{"type":"Polygon","coordinates":[[[12.651742211370786,46.12809010085535],[12.651765151661108,46.1275505464935],[12.654096988188972,46.127598451685834],[12.654074070627777,46.12813800694459],[12.651742211370786,46.12809010085535]]]},"properties":{"nbr_class":"sana","color":"#1a9641"}},{"type":"Feature","geometry":{"type":"Polygon","coordinates":[[[12.67117455218828,46.12848786591768],[12.67119730306283,46.127948304108806],[12.671974597622278,46.127964145757105],[12.67195185432466,46.12850370786256],[12.67117455218828,46.12848786591768]]]},"properties":{"nbr_class":"moderata","color":"#a6d96a"}},{"type":"Feature","geometry":{"type":"Polygon","coordinates":[[[12.68050222082093,46.1286776206776],[12.680524880770772,46.128138055316086],[12.681302183141776,46.1281538335873],[12.681279530769142,46.128693399244234],[12.68050222082093,46.1286776206776]]]},"properties":{"nbr_class":"moderata","color":"#a6d96a"}},{"type":"Feature","geometry":{"type":"Polygon","coordinates":[[[12.658714934123303,46.128773233520505],[12.658783550430268,46.12715456237085],[12.659560826949408,46.127170488221154],[12.659492233372125,46.128789160265335],[12.658714934123303,46.128773233520505]]]},"properties":{"nbr_class":"degradata","color":"#fdae61"}},{"type":"Feature","geometry":{"type":"Polygon","coordinates":[[[12.66029239087907,46.12826552414259],[12.660338104124147,46.12718640879037],[12.661115381954268,46.12720232407852],[12.661069683862191,46.12828144002669],[12.66029239087907,46.12826552414259]]]},"properties":{"nbr_class":"moderata","color":"#a6d96a"}},{"type":"Feature","geometry":{"type":"Polygon","coordinates":[[[12.627669855261752,46.12705274311192],[12.627693029745059,46.12651319800985],[12.629247530644143,46.12654546689685],[12.629224371311683,46.12708501260306],[12.627669855261752,46.12705274311192]]]},"properties":{"nbr_class":"sana","color":"#1a9641"}},{"type":"Feature","geometry":{"type":"Polygon","coordinates":[[[12.63848231410074,46.128896833573755],[12.63850538450416,46.128357284431324],[12.637728103040363,46.12834121509383],[12.637774257021242,46.12726211723033],[12.638551523332962,46.127278185966134],[12.639374911346463,46.126215150114],[12.642483925244152,46.12627934872101],[12.642437864809363,46.127358450431984],[12.641660595192432,46.12734240810061],[12.64163755641166,46.12788195856563],[12.642414833604636,46.12789800119735],[12.642368769220408,46.128977102547886],[12.640814185189637,46.12894501080179],[12.640837232863827,46.12840546075739],[12.640059949416111,46.1283894072631],[12.640036894165487,46.12892895700696],[12.63848231410074,46.128896833573755]],[[12.639305728797378,46.127833798984454],[12.64086027987931,46.1278659106529],[12.64088332623611,46.12732636048832],[12.639328790306159,46.12729424942106],[12.639305728797378,46.127833798984454]]]},"properties":{"nbr_class":"moderata","color":"#a6d96a"}},{"type":"Feature","geometry":{"type":"Polygon","coordinates":[[[12.65791475454363,46.12929685812601],[12.658052030655204,46.126059517436474],[12.660383814756278,46.12610729319839],[12.660246675020863,46.12934463925505],[12.65791475454363,46.12929685812601]],[[12.658714934123303,46.128773233520505],[12.659492233372125,46.128789160265335],[12.659560826949408,46.127170488221154],[12.658783550430268,46.12715456237085],[12.658714934123303,46.128773233520505]]]},"properties":{"nbr_class":"stress","color":"#ffffbf"}},{"type":"Feature","geometry":{"type":"Polygon","coordinates":[[[12.685920796536898,46.129327527097736],[12.685988617263614,46.12770882481573],[12.68676591659979,46.127724565821524],[12.686811112033368,46.126645430078675],[12.687588396863854,46.12666116521377],[12.68752062547554,46.12827986962225],[12.686743317914175,46.12826413360332],[12.686698118605182,46.12934326898769],[12.685920796536898,46.129327527097736]]]},"properties":{"nbr_class":"sana","color":"#1a9641"}},{"type":"Feature","geometry":{"type":"Polygon","coordinates":[[[12.633448646142835,46.13743308572111],[12.63347177257769,46.13689353934755],[12.631139578361335,46.13684520595762],[12.631209021912861,46.135226569190635],[12.629654274562501,46.13519432232926],[12.629631112215726,46.13573386737468],[12.628853731957843,46.13571773571865],[12.628923239748168,46.13409910130791],[12.627391709793413,46.13352727964225],[12.627438073996515,46.132448190822394],[12.626660741202459,46.13243204513328],[12.62670711791017,46.13135295667722],[12.625929800935909,46.13133680631117],[12.626753491966939,46.130273867980385],[12.630640011037102,46.13035453756764],[12.630709453504434,46.12873589954021],[12.63148673658093,46.12875201670844],[12.631579286972622,46.126593830622674],[12.630802034199439,46.12657771466137],[12.630848320578178,46.125498621860984],[12.6331800354365,46.125546952093195],[12.632971930446338,46.13040287594404],[12.63374923824264,46.130418978173445],[12.63370300057369,46.13149807230388],[12.632925677623,46.13148196947152],[12.63210208471291,46.132544954041336],[12.633633639114269,46.13311671304847],[12.63358739483705,46.13419580657748],[12.635142118506973,46.134227999410875],[12.635165225819186,46.13368845207373],[12.637497293557953,46.133736700804725],[12.637474208981168,46.13427624904521],[12.636696844827483,46.13426017111588],[12.637428037848096,46.13535534534581],[12.635850178173076,46.13586273045875],[12.635803972762835,46.13694182519434],[12.63427229017084,46.136370093177234],[12.634226053121344,46.1374491865874],[12.633448646142835,46.13743308572111]],[[12.627461255104205,46.13190864632218],[12.628238580985435,46.13192478642743],[12.628261753853225,46.13138524156488],[12.62748443554935,46.1313691017618],[12.627461255104205,46.13190864632218]]]},"properties":{"nbr_class":"sana","color":"#1a9641"}},{"type":"Feature","geometry":{"type":"Polygon","coordinates":[[[12.628493446108271,46.12598978962929],[12.628516611692005,46.12545024410474],[12.630071083618926,46.12548250122267],[12.63004793318522,46.12602204735114],[12.628493446108271,46.12598978962929]]]},"properties":{"nbr_class":"stress","color":"#ffffbf"}},{"type":"Feature","geometry":{"type":"Polygon","coordinates":[[[12.633934162490512,46.12610259924618],[12.633957275048738,46.125563051609646],[12.635511756261119,46.12559523480106],[12.635488658853246,46.12613478304013],[12.633934162490512,46.12610259924618]]]},"properties":{"nbr_class":"sana","color":"#1a9641"}},{"type":"Feature","geometry":{"type":"Polygon","coordinates":[[[12.652588293307927,46.126487410670194],[12.652611224055704,46.12594785582927],[12.655720252458018,46.126011694146854],[12.655697352013288,46.126551250182985],[12.652588293307927,46.126487410670194]]]},"properties":{"nbr_class":"stress","color":"#ffffbf"}},{"type":"Feature","geometry":{"type":"Polygon","coordinates":[[[12.672020082267478,46.12688502136661],[12.67204282361511,46.126345459081584],[12.672820096097144,46.12636129455905],[12.67279736232582,46.12690085714056],[12.672020082267478,46.12688502136661]]]},"properties":{"nbr_class":"moderata","color":"#a6d96a"}},{"type":"Feature","geometry":{"type":"Polygon","coordinates":[[[12.626184908783834,46.12540181882478],[12.626208096429739,46.124862274146665],[12.626985322493164,46.12487842088475],[12.626962142421975,46.12541796586516],[12.626184908783834,46.12540181882478]]]},"properties":{"nbr_class":"sana","color":"#1a9641"}},{"type":"Feature","geometry":{"type":"Polygon","coordinates":[[[12.687588396863854,46.12666116521377],[12.687610986035335,46.12612159695813],[12.68838826393702,46.12613732651742],[12.688365682342086,46.12667689506756],[12.687588396863854,46.12666116521377]]]},"properties":{"nbr_class":"sana","color":"#1a9641"}},{"type":"Feature","geometry":{"type":"Polygon","coordinates":[[[12.634757619646429,46.12503959784763],[12.634780723308877,46.12450004978951],[12.637112402658444,46.12454829900764],[12.637089321720339,46.12508784796906],[12.634757619646429,46.12503959784763]]]},"properties":{"nbr_class":"stress","color":"#ffffbf"}},{"type":"Feature","geometry":{"type":"Polygon","coordinates":[[[12.648747921317922,46.12532838571023],[12.648770888631148,46.12478883224551],[12.649548126305751,46.12480482555097],[12.649525166567702,46.125344379315145],[12.648747921317922,46.12532838571023]]]},"properties":{"nbr_class":"moderata","color":"#a6d96a"}},{"type":"Feature","geometry":{"type":"Polygon","coordinates":[[[12.634003498183615,46.124483956156176],[12.634026608760312,46.12394440833924],[12.634803826311055,46.12396050167128],[12.634780723308877,46.12450004978951],[12.634003498183615,46.124483956156176]]]},"properties":{"nbr_class":"stress","color":"#ffffbf"}},{"type":"Feature","geometry":{"type":"Polygon","coordinates":[[[12.660429522775647,46.12502817736665],[12.660452375805605,46.124488619360875],[12.662006856363465,46.124520441676985],[12.661984018484153,46.125060000278545],[12.660429522775647,46.12502817736665]]]},"properties":{"nbr_class":"moderata","color":"#a6d96a"}},{"type":"Feature","geometry":{"type":"Polygon","coordinates":[[[12.634780723308877,46.12450004978951],[12.634826928652982,46.12342095349292],[12.63560413929182,46.12343704124354],[12.635581044524217,46.1239765897231],[12.637135482936925,46.1240087499861],[12.637158562555806,46.12346920090444],[12.639490202414333,46.12351740079464],[12.63946714551871,46.1240569507787],[12.63791270313604,46.12402482219723],[12.637889630432172,46.124564371519675],[12.634780723308877,46.12450004978951]]]},"properties":{"nbr_class":"moderata","color":"#a6d96a"}},{"type":"Feature","geometry":{"type":"Polygon","coordinates":[[[12.684501880908048,46.12605862590911],[12.684524499739036,46.125519058772696],[12.68374723265438,46.12550330310254],[12.68379248352883,46.12442416924041],[12.686124241272783,46.12447141863846],[12.686079035853849,46.12555055426988],[12.684501880908048,46.12605862590911]]]},"properties":{"nbr_class":"sana","color":"#1a9641"}},{"type":"Feature","geometry":{"type":"Polygon","coordinates":[[[12.633249391872203,46.123928309727006],[12.633272509362714,46.123388762151315],[12.634049718676543,46.123404860462166],[12.634026608760312,46.12394440833924],[12.633249391872203,46.123928309727006]]]},"properties":{"nbr_class":"stress","color":"#ffffbf"}},{"type":"Feature","geometry":{"type":"Polygon","coordinates":[[[12.634026608760312,46.12394440833924],[12.634049718676543,46.123404860462166],[12.634826928652982,46.12342095349292],[12.634803826311055,46.12396050167128],[12.634026608760312,46.12394440833924]]]},"properties":{"nbr_class":"degradata","color":"#fdae61"}},{"type":"Feature","geometry":{"type":"Polygon","coordinates":[[[12.635581044524217,46.1239765897231],[12.63560413929182,46.12343704124354],[12.637158562555806,46.12346920090444],[12.637135482936925,46.1240087499861],[12.635581044524217,46.1239765897231]]]},"properties":{"nbr_class":"sana","color":"#1a9641"}},{"type":"Feature","geometry":{"type":"Polygon","coordinates":[[[12.65578894986538,46.12439302567867],[12.655057524654502,46.12329796290165],[12.65738918725484,46.12334579755572],[12.65734342255483,46.12442491136163],[12.65578894986538,46.12439302567867]]]},"properties":{"nbr_class":"moderata","color":"#a6d96a"}},{"type":"Feature","geometry":{"type":"Polygon","coordinates":[[[12.634049718676543,46.123404860462166],[12.634873131356189,46.12234185695578],[12.636404437126293,46.12291357487327],[12.636381350592833,46.12345312371406],[12.634049718676543,46.123404860462166]]]},"properties":{"nbr_class":"stress","color":"#ffffbf"}},{"type":"Feature","geometry":{"type":"Polygon","coordinates":[[[12.635627233399413,46.12289749270385],[12.635650326847022,46.12235794410404],[12.636427522999984,46.12237402597238],[12.636404437126293,46.12291357487327],[12.635627233399413,46.12289749270385]]]},"properties":{"nbr_class":"degradata","color":"#fdae61"}},{"type":"Feature","geometry":{"type":"Polygon","coordinates":[[[12.680706137056317,46.12382153027147],[12.680728791178206,46.12328196437185],[12.683060495683575,46.12332927536831],[12.683037864287547,46.123868842153726],[12.680706137056317,46.12382153027147]]]},"properties":{"nbr_class":"sana","color":"#1a9641"}},{"type":"Feature","geometry":{"type":"Polygon","coordinates":[[[12.686124241272783,46.12447141863846],[12.686146843013285,46.12393185073313],[12.683815107996118,46.1238846022197],[12.683837731816814,46.12334503513921],[12.686946682834567,46.123408021416296],[12.686901495150574,46.12448715787606],[12.686124241272783,46.12447141863846]]]},"properties":{"nbr_class":"sana","color":"#1a9641"}},{"type":"Feature","geometry":{"type":"Polygon","coordinates":[[[12.600637496672237,46.15834970962516],[12.600660960669572,46.15781017811125],[12.59677259403026,46.15772845199796],[12.596843095800535,46.15610986168396],[12.598398394914335,46.15614256615035],[12.598421878987876,46.15560303531255],[12.597644236680482,46.1555866860283],[12.598468845120813,46.1545239734557],[12.596913591524183,46.154491270826156],[12.596866595046901,46.15557033145846],[12.595334827548887,46.154998076788786],[12.59524076852791,46.157156195119214],[12.593685444461734,46.15712344714129],[12.593756035255069,46.155504860323404],[12.592200759407685,46.15547209304264],[12.592247846916862,46.15439303608872],[12.591470225177877,46.154376645133816],[12.591517325165709,46.15329758855178],[12.592294931733743,46.15331397889294],[12.59231847313263,46.152774450204376],[12.590763275842294,46.15274166485075],[12.59083394150927,46.151123080263645],[12.591611517062642,46.15113947466214],[12.591658608972129,46.15006041735452],[12.59399129417833,46.1501095670013],[12.594061858741433,46.148490977825965],[12.595616940083582,46.148523715995644],[12.596441475946984,46.147461015563195],[12.595663949430998,46.147444655017374],[12.595687453096845,46.14690512443759],[12.594132417253123,46.14687238810662],[12.594108898421565,46.147411918073516],[12.5925538501103,46.14737915999345],[12.592530315440364,46.14791868928661],[12.59019772528743,46.14786951161566],[12.590244839451668,46.14679045481025],[12.589467325917317,46.146774052299264],[12.588642668563367,46.147836700081214],[12.586310088548442,46.1477874431491],[12.586357278540273,46.146708389416574],[12.587912300876289,46.14674123142563],[12.588053763682959,46.143504065087036],[12.587276297667941,46.1434876485686],[12.58729988002473,46.142948120941135],[12.588854797568624,46.142980948080144],[12.588784093963953,46.14459953262487],[12.590339059699662,46.14463234047378],[12.590362613078367,46.144092811738474],[12.591894028137398,46.1446651271887],[12.591988176962058,46.14250700942945],[12.593543087449063,46.14253977255665],[12.593519566414212,46.143079302700535],[12.594297030250729,46.14309567664598],[12.59436756859568,46.141477085113344],[12.597477339711883,46.14154252438682],[12.597524301271656,46.14046346061264],[12.599079160549238,46.14049614732742],[12.599126089104255,46.13941708208769],[12.599903504592413,46.13943341690919],[12.600727816306955,46.13837067974364],[12.601505217980861,46.138387003388594],[12.60232948288283,46.1373242535829],[12.603884259273451,46.137356873238936],[12.60390767438883,46.13681733845359],[12.604685056012457,46.13683364005295],[12.605509236215484,46.13577086539773],[12.606286604023897,46.13578715582263],[12.607110737422797,46.134724368531984],[12.608665446079085,46.13475692175251],[12.608712178013837,46.13367784785879],[12.610266859038438,46.13371037873365],[12.61029020884874,46.133170841087264],[12.61106754278783,46.13318709829775],[12.611090884353281,46.132647560286685],[12.611868211384206,46.13266381191128],[12.61189154470524,46.13212427353565],[12.612668864827954,46.13214051957453],[12.61349281995295,46.13107768218338],[12.615824740876334,46.131126370943655],[12.615094034594946,46.13003106703288],[12.616648620241637,46.13006350914774],[12.61662533504707,46.1306030495879],[12.617402636448643,46.130619263027185],[12.616578762661351,46.13168213028744],[12.619664776005243,46.13228649625736],[12.619711289104734,46.13120741325108],[12.621289153464554,46.13070025100485],[12.620558342686008,46.129604979997836],[12.62133563226967,46.12962116642475],[12.62135887067595,46.12908162404434],[12.623690720695258,46.1291301507299],[12.623737150059368,46.128051063971405],[12.622959881205672,46.128034894296036],[12.622983102468227,46.12749535112919],[12.622205841856065,46.12747917647581],[12.622182613017833,46.12801871933983],[12.620628078640593,46.127986353585015],[12.620581588668566,46.12906543792048],[12.619804307327737,46.12904924651562],[12.619874064016747,46.12743062083145],[12.621428581909955,46.12746299654172],[12.621451817659755,46.12692345392039],[12.623029543002405,46.12641626461483],[12.623052762274073,46.125876721267325],[12.622275524387648,46.12586054752239],[12.622321976089676,46.12478146125231],[12.621544754018593,46.124765282832726],[12.621614449315992,46.123146653884575],[12.623168848679166,46.123179003626525],[12.623215278596792,46.12209991614868],[12.626324024719668,46.12216454985313],[12.626347208389904,46.12162500481383],[12.62790157029373,46.12165728938296],[12.627855232584869,46.12273638061021],[12.624746450847915,46.12267178793469],[12.624700049898895,46.1237508765026],[12.625477259483716,46.12376703319625],[12.625500452715725,46.12322748863992],[12.628609267406716,46.1232920614048],[12.628632429680453,46.12275251557936],[12.629409627440142,46.12276864526858],[12.629340161355461,46.12438728347029],[12.63011738250152,46.12440340878525],[12.630094233391018,46.12494295503404],[12.630871462775438,46.12495907537055],[12.630940885399065,46.123340435538296],[12.631718092723759,46.12335654968936],[12.631694960084761,46.123896096661966],[12.634026608760312,46.12394440833924],[12.634757619646429,46.12503959784763],[12.637866557068895,46.12510392078202],[12.637843483046186,46.125643469984254],[12.637066240122586,46.1256273968704],[12.637020074948047,46.1267064944927],[12.636242817535598,46.12669041549625],[12.636196634570636,46.127769512276025],[12.634642091429292,46.12773733723621],[12.634595875519716,46.128816432570716],[12.63537316191153,46.12883252333357],[12.635326958513309,46.12991161903006],[12.636881563590471,46.12994378591686],[12.636058069835487,46.13100680117243],[12.637612706545259,46.13103895870067],[12.637589625267266,46.131578507241706],[12.639144279779371,46.13161064424544],[12.639121212997011,46.13215019332804],[12.63989854882305,46.132166254208116],[12.639875488959309,46.132705803531316],[12.638320802812881,46.132673675887915],[12.63825157379685,46.1342923216924],[12.637474208981168,46.13427624904521],[12.637497293557953,46.133736700804725],[12.635165225819186,46.13368845207373],[12.635142118506973,46.134227999410875],[12.63358739483705,46.13419580657748],[12.633633639114269,46.13311671304847],[12.632856293430372,46.13310060931166],[12.632879422155627,46.13256106275843],[12.633656760261573,46.13257716619375],[12.633679880748039,46.13203761927888],[12.632902550219828,46.132021516145045],[12.632925677623,46.13148196947152],[12.63370300057369,46.13149807230388],[12.63374923824264,46.130418978173445],[12.632971930446338,46.13040287594404],[12.6331800354365,46.125546952093195],[12.630848320578178,46.125498621860984],[12.630802034199439,46.12657771466137],[12.631579286972622,46.126593830622674],[12.63148673658093,46.12875201670844],[12.630709453504434,46.12873589954021],[12.630640011037102,46.13035453756764],[12.626753491966939,46.130273867980385],[12.626730305269911,46.130813412358904],[12.62595299587274,46.13079726229521],[12.625929800935909,46.13133680631117],[12.62670711791017,46.13135295667722],[12.626660741202459,46.13243204513328],[12.627438073996515,46.132448190822394],[12.627391709793413,46.13352727964225],[12.628923239748168,46.13409910130791],[12.628853731957843,46.13571773571865],[12.628076352364412,46.135701598780315],[12.628053174197342,46.13624114316142],[12.627275787689497,46.136225000638575],[12.627298973435648,46.135685456559685],[12.625744217572999,46.13565315627164],[12.626475207858402,46.13674839654974],[12.628029995367758,46.13678068748234],[12.628006815875635,46.13732023174308],[12.628784218207034,46.137336369587786],[12.62871469849511,46.138955002915324],[12.627937273423795,46.13893886416419],[12.627890908476113,46.14001795214399],[12.627113468908632,46.140001807505456],[12.627136659294397,46.1394622638479],[12.625558591769112,46.139969502379216],[12.625605002199583,46.138890416213535],[12.624827579788812,46.13887425633094],[12.624850791589209,46.13833471346033],[12.623295963925035,46.138302378452046],[12.62402693799954,46.13939763367326],[12.622472081346759,46.13936528688837],[12.622518551091972,46.13828620302384],[12.620963727424979,46.13825383631932],[12.62084747227642,46.14095154249894],[12.621624921678697,46.14096773000779],[12.621578430129057,46.14204681266411],[12.620800965564458,46.14203062454912],[12.620754456193614,46.14310970635834],[12.619199498739095,46.143077313065355],[12.61915295638121,46.144156393420644],[12.618375463491004,46.144140188242055],[12.618352183731924,46.14467972802592],[12.620684687151542,46.14472832862034],[12.62066142947454,46.14526786925388],[12.619083137854979,46.14577501350167],[12.6190598636823,46.146314553408175],[12.622169963237937,46.14637932613557],[12.622123473563052,46.14745840819324],[12.62134593250691,46.14744222233157],[12.620521869449632,46.14850511178992],[12.619744314560084,46.14848891475305],[12.619767583810447,46.147949374784226],[12.617434945898491,46.147900752876744],[12.617365067895609,46.14951936987147],[12.618920204673246,46.14955179158185],[12.618896925842689,46.15009133106656],[12.61967450281759,46.15010753429803],[12.619558136607331,46.152805232334636],[12.618026197218013,46.152233278672696],[12.618072774708287,46.15115420073201],[12.617295183899497,46.15113798632377],[12.616610801426528,46.1489636124549],[12.615833242292235,46.1489473886917],[12.615809933790384,46.14948692702228],[12.614278126029403,46.148914925311594],[12.614348093039242,46.14729631178149],[12.612793024954057,46.147263829087635],[12.612746350613417,46.14834290361835],[12.611968802407684,46.14832665373661],[12.611945456652805,46.14886619060728],[12.609612793302597,46.148817408342275],[12.608881991704358,46.14772206565247],[12.607326917830592,46.14768950837018],[12.60742047349883,46.145531367352646],[12.606642967899718,46.14551508200474],[12.606689756886883,46.1444360117437],[12.605134778030662,46.1444034264165],[12.605017724721469,46.14710109856606],[12.605795251726647,46.147117395396954],[12.605748440884742,46.14819646444449],[12.602614839468886,46.148670776186314],[12.602591402039984,46.149210309338066],[12.601012840142475,46.14971719815512],[12.600989386205198,46.15025673057496],[12.601766955352396,46.15027305566004],[12.60094247631911,46.151335795233436],[12.598609727408142,46.15128678643528],[12.598515808568376,46.153444911357205],[12.601626263156694,46.15351025074471],[12.601602812111043,46.15404978304746],[12.602380435025927,46.15406610498681],[12.602356990895714,46.154605637534765],[12.601579360394936,46.15458931528983],[12.601555908008352,46.155128847471815],[12.60233354609524,46.15514517002233],[12.602216312038111,46.157842831554404],[12.600637496672237,46.15834970962516]],[[12.593779564174104,46.15496533126322],[12.595358340623493,46.15445854705508],[12.595405364756095,46.15337948740637],[12.596984081201848,46.15287267942452],[12.597031070961727,46.15179361818798],[12.594698309401252,46.15174452919876],[12.593779564174104,46.15496533126322]],[[12.592365553911423,46.15169539264585],[12.594698309401252,46.15174452919876],[12.594721826027557,46.15120499940888],[12.593944247774049,46.1511886261493],[12.593967771312428,46.15064909660552],[12.592412631998394,46.1506163348455],[12.592365553911423,46.15169539264585]],[[12.597054564834169,46.151254087479074],[12.597832145784343,46.15127043959958],[12.5978556314007,46.1507309085241],[12.597078058034977,46.150714556709744],[12.597054564834169,46.151254087479074]],[[12.596370983667924,46.14907960785887],[12.597148533607841,46.14909596403923],[12.597195513965351,46.148016901956794],[12.596417979192346,46.14800054638885],[12.596370983667924,46.14907960785887]],[[12.59794956715243,46.14857278361808],[12.59872711085601,46.14858912892362],[12.598750585532244,46.14804959724006],[12.597973049412058,46.14803325224053],[12.59794956715243,46.14857278361808]],[[12.598750585532244,46.14804959724006],[12.599528122325694,46.148065936955376],[12.599645447727616,46.145368276101955],[12.598066971738065,46.145875126126185],[12.597996531000412,46.147493720802565],[12.59877405953742,46.147510065496085],[12.598750585532244,46.14804959724006]],[[12.602661712316714,46.14759170970165],[12.603439244889906,46.14760802269026],[12.60346267272577,46.14706848905195],[12.602685147735686,46.147052176368746],[12.602661712316714,46.14759170970165]],[[12.599645447727616,46.145368276101955],[12.600422947280142,46.145384609004054],[12.600469857581611,46.14430554362833],[12.60124734264273,46.1443218706353],[12.601200447505382,46.14540093662239],[12.601977948403114,46.14541725895696],[12.602024828376292,46.14433819235873],[12.602802314782082,46.14435450879857],[12.602825746181836,46.143814975103396],[12.604404121412358,46.14330805715548],[12.604450950537908,46.14222898824202],[12.603673493114337,46.14221268359043],[12.603696914254144,46.141673149348414],[12.604474364096745,46.141689453694745],[12.604521189206666,46.140610384419105],[12.602966320515662,46.140577771664475],[12.602942893134275,46.1411173057219],[12.6013880119697,46.14108467122472],[12.60136456875726,46.141624204610785],[12.600587121602663,46.141607879132096],[12.600540218005431,46.14268694511178],[12.602095143310919,46.14271959200849],[12.602071705669362,46.14325912551895],[12.601294235099104,46.143242804406675],[12.601270789206026,46.14378233755118],[12.599715834919904,46.14374967886509],[12.599645447727616,46.145368276101955]],[[12.602778882712519,46.144894042433364],[12.604333872703993,46.144926660072926],[12.604357289609485,46.14438712582747],[12.602802314782082,46.14435450879857],[12.602778882712519,46.144894042433364]],[[12.61684377397144,46.14356822279667],[12.61762125794411,46.1435844382391],[12.617644543954118,46.14304489863821],[12.616867067563248,46.14302868349936],[12.61684377397144,46.14356822279667]],[[12.605251814610806,46.141705752757964],[12.606806717652441,46.141738335035],[12.607630934643883,46.140675546533195],[12.606076060583321,46.140642976042045],[12.605251814610806,46.141705752757964]],[[12.604521189206666,46.140610384419105],[12.606076060583321,46.140642976042045],[12.606122852695409,46.13956390530463],[12.605345431832001,46.139547612744686],[12.604521189206666,46.140610384419105]],[[12.607654315873503,46.14013601058488],[12.610787391957803,46.13966154972612],[12.610810741530637,46.13912201243881],[12.611588159505903,46.13913826771493],[12.611634841489808,46.138059192350724],[12.610857438674092,46.13804293768325],[12.610834090436057,46.138582475091205],[12.609279271654254,46.13854994929976],[12.609302635051552,46.13801041250076],[12.608525234245162,46.137994141985764],[12.608501863268268,46.138533678480144],[12.606947048507209,46.138501120993155],[12.606923661702725,46.13904065681765],[12.608478491623337,46.13907321491418],[12.607654315873503,46.14013601058488]],[[12.606122852695409,46.13956390530463],[12.606900274229746,46.13958019258182],[12.606923661702725,46.13904065681765],[12.606146247748343,46.13902436984539],[12.606122852695409,46.13956390530463]],[[12.617053392329192,46.13871236695115],[12.620163059311022,46.13877718609631],[12.620186316591482,46.13823764504304],[12.61940890642494,46.1382214484841],[12.61943217062034,46.13768190767382],[12.617099966863615,46.1376332872114],[12.617123253132398,46.13709374725113],[12.61323629812684,46.13701260901597],[12.61325962162572,46.13647307051448],[12.61170485946211,46.13644057885212],[12.611681520805117,46.13698011674529],[12.61090413314809,46.13696386268645],[12.610880786244762,46.13750340021501],[12.614767769117085,46.137584619206315],[12.61474445944391,46.138124158195154],[12.617076679929221,46.1381728271114],[12.617053392329192,46.13871236695115]],[[12.60626321298286,46.13632669164396],[12.6109274793841,46.13642432509757],[12.61095082495282,46.13588478744838],[12.609419442021563,46.1353127276009],[12.609396081963013,46.13585226470152],[12.606286604023897,46.13578715582263],[12.60626321298286,46.13632669164396]],[[12.6211032116732,46.135016586915924],[12.621880577698123,46.13503277109143],[12.62190381516878,46.134493229010374],[12.621126456722319,46.13447704513787],[12.6211032116732,46.135016586915924]],[[12.620349098942432,46.13446085598337],[12.621126456722319,46.13447704513787],[12.621149701107049,46.13393750329958],[12.620372350905384,46.13392131444817],[12.620349098942432,46.13446085598337]],[[12.625790617392099,46.13457406914272],[12.626567979833448,46.13459022132307],[12.62663755185444,46.13297158927102],[12.625860212147607,46.13295543799785],[12.625790617392099,46.13457406914272]],[[12.623504976696676,46.13344649535523],[12.624282321985138,46.13346266277632],[12.624328746810926,46.13238357637593],[12.622797313783556,46.131811694777745],[12.622750859974458,46.13289078008767],[12.623528197019183,46.13290695248781],[12.623504976696676,46.13344649535523]],[[12.634387871231224,46.133672358599384],[12.635165225819186,46.13368845207373],[12.63518833247095,46.133148904676446],[12.6344109854612,46.13313281150341],[12.634387871231224,46.133672358599384]],[[12.635965680143297,46.1331649925676],[12.63674302847803,46.13318107517683],[12.636766119313293,46.13264152711712],[12.635988778556607,46.132625444809],[12.635965680143297,46.1331649925676]],[[12.625106077609448,46.132399737910035],[12.625883409073364,46.132415894162484],[12.625929800935909,46.13133680631117],[12.625152484626776,46.131320650663646],[12.625106077609448,46.132399737910035]],[[12.636766119313293,46.13264152711712],[12.638320802812881,46.132673675887915],[12.638343877832444,46.1321341271662],[12.636789209488583,46.132101978997305],[12.636766119313293,46.13264152711712]],[[12.634457211939235,46.13205371713102],[12.636011876309727,46.13208589699026],[12.63603497340268,46.1315463491114],[12.634503435774876,46.130974622518124],[12.634457211939235,46.13205371713102]],[[12.625222090179061,46.12970201934256],[12.625999383757637,46.129718174082704],[12.626022576705752,46.12917862988616],[12.628354438701582,46.12922706151281],[12.628423945384558,46.12760842584185],[12.626869415512202,46.12757614518495],[12.626823048081976,46.1286552344837],[12.624491212804331,46.12860677207793],[12.625222090179061,46.12970201934256]],[[12.633772356085984,46.12987943101803],[12.634549656968309,46.129895527664694],[12.634595875519716,46.128816432570716],[12.633818589790534,46.128800336526766],[12.633772356085984,46.12987943101803]],[[12.627669855261752,46.12705274311192],[12.629224371311683,46.12708501260306],[12.629247530644143,46.12654546689685],[12.627693029745059,46.12651319800985],[12.627669855261752,46.12705274311192]],[[12.628493446108271,46.12598978962929],[12.63004793318522,46.12602204735114],[12.630071083618926,46.12548250122267],[12.628516611692005,46.12545024410474],[12.628493446108271,46.12598978962929]],[[12.633934162490512,46.12610259924618],[12.635488658853246,46.12613478304013],[12.635511756261119,46.12559523480106],[12.633957275048738,46.125563051609646],[12.633934162490512,46.12610259924618]],[[12.626184908783834,46.12540181882478],[12.626962142421975,46.12541796586516],[12.626985322493164,46.12487842088475],[12.626208096429739,46.124862274146665],[12.626184908783834,46.12540181882478]]]},"properties":{"nbr_class":"moderata","color":"#a6d96a"}},{"type":"Feature","geometry":{"type":"Polygon","coordinates":[[[12.68841084488656,46.125597757907556],[12.689278402900852,46.12345520567691],[12.690855441178336,46.122947065655715],[12.691587580725656,46.124041912436724],[12.690033081000394,46.124010492639805],[12.689987952631371,46.12508963133555],[12.68841084488656,46.125597757907556]]]},"properties":{"nbr_class":"sana","color":"#1a9641"}},{"type":"Feature","geometry":{"type":"Polygon","coordinates":[[[12.636381350592833,46.12345312371406],[12.63645060821393,46.12183447701134],[12.637227797455083,46.12185055329876],[12.637158562555806,46.12346920090444],[12.636381350592833,46.12345312371406]]]},"properties":{"nbr_class":"moderata","color":"#a6d96a"}},{"type":"Feature","geometry":{"type":"Polygon","coordinates":[[[12.639397970878036,46.12567560037031],[12.639444087964137,46.12459650070266],[12.640221317721942,46.1246125573736],[12.640267417022988,46.12353345686435],[12.639490202414333,46.12351740079464],[12.63955936914772,46.12189875048187],[12.640336561034273,46.121914805649816],[12.640290465685432,46.122993906519596],[12.64106767338069,46.12300995700863],[12.64095246135464,46.12570770963406],[12.639397970878036,46.12567560037031]]]},"properties":{"nbr_class":"moderata","color":"#a6d96a"}},{"type":"Feature","geometry":{"type":"Polygon","coordinates":[[[12.632495300711714,46.12337265856038],[12.632518425115606,46.122833111226036],[12.631741224701667,46.12281700265661],[12.631787486674313,46.12173790841063],[12.632564671940868,46.121754016376904],[12.632541548858649,46.122293563831555],[12.634873131356189,46.12234185695578],[12.634049718676543,46.123404860462166],[12.632495300711714,46.12337265856038]]]},"properties":{"nbr_class":"moderata","color":"#a6d96a"}},{"type":"Feature","geometry":{"type":"Polygon","coordinates":[[[12.634873131356189,46.12234185695578],[12.634896231717512,46.12180230859701],[12.635673419634669,46.121818395444095],[12.635650326847022,46.12235794410404],[12.634873131356189,46.12234185695578]]]},"properties":{"nbr_class":"moderata","color":"#a6d96a"}},{"type":"Feature","geometry":{"type":"Polygon","coordinates":[[[12.635650326847022,46.12235794410404],[12.635673419634669,46.121818395444095],[12.63645060821393,46.12183447701134],[12.636427522999984,46.12237402597238],[12.635650326847022,46.12235794410404]]]},"properties":{"nbr_class":"stress","color":"#ffffbf"}},{"type":"Feature","geometry":{"type":"Polygon","coordinates":[[[12.641361039675212,46.13435655945962],[12.64140713238434,46.13327745991145],[12.640629780079859,46.133261408993924],[12.63989854882305,46.132166254208116],[12.639121212997011,46.13215019332804],[12.639144279779371,46.13161064424544],[12.636058069835487,46.13100680117243],[12.636881563590471,46.12994378591686],[12.635326958513309,46.12991161903006],[12.634642091429292,46.12773733723621],[12.636196634570636,46.127769512276025],[12.636242817535598,46.12669041549625],[12.637020074948047,46.1267064944927],[12.637066240122586,46.1256273968704],[12.637843483046186,46.125643469984254],[12.637112402658444,46.12454829900764],[12.637889630432172,46.124564371519675],[12.63791270313604,46.12402482219723],[12.63946714551871,46.1240569507787],[12.639490202414333,46.12351740079464],[12.640267417022988,46.12353345686435],[12.639397970878036,46.12567560037031],[12.64095246135464,46.12570770963406],[12.64106767338069,46.12300995700863],[12.640290465685432,46.122993906519596],[12.640336561034273,46.121914805649816],[12.645022727467296,46.1214714734528],[12.64499972622296,46.12201102577923],[12.646554119897566,46.12204305691609],[12.646531133143869,46.122582609782164],[12.642645116034414,46.122502490840326],[12.64255301096003,46.124660695704],[12.643330243360234,46.1246767312533],[12.64326118036998,46.12629538517099],[12.644815692601801,46.12632744222873],[12.644792685440498,46.12686699401468],[12.644015421418944,46.12685096782614],[12.643969389971623,46.12793007061775],[12.6447466691452,46.12794609740639],[12.644769677621639,46.12740654574056],[12.646324222795558,46.12743858287485],[12.646370207472401,46.12635947816345],[12.647147465896703,46.126375488209646],[12.647124481462601,46.126915040895106],[12.648679015439702,46.126947045744316],[12.648701984722221,46.12640749245965],[12.647924724980047,46.12639149297505],[12.6479477011817,46.125851939929895],[12.647170449673919,46.12583593546413],[12.647193432794273,46.12529638265859],[12.646416189520838,46.125280373211865],[12.645684941476787,46.124185253892456],[12.648016625846871,46.12423328043427],[12.648039599422077,46.123693727148996],[12.649594043813366,46.12372571784259],[12.649571085387631,46.12426527172679],[12.65034831614557,46.1242812594524],[12.650325364638675,46.12482081357593],[12.651879843278634,46.12485277378416],[12.651856906266262,46.12539232844605],[12.649525166567702,46.125344379315145],[12.650210597264458,46.12751858329329],[12.648633074905213,46.12802615213355],[12.648610103653192,46.128565705238124],[12.646278235490122,46.128517687346076],[12.646232245555908,46.12959679157712],[12.645454942333227,46.129580774451014],[12.64543193880324,46.130120326176566],[12.643900337866937,46.12954872435469],[12.643923355893026,46.1290091731691],[12.643146062226595,46.128993140499105],[12.643123036623763,46.12953269138453],[12.641568436118435,46.129500609600235],[12.64154539470365,46.13004015982493],[12.640768087865041,46.13002411071036],[12.640791136856716,46.129484560786125],[12.638459243037941,46.129436382656095],[12.63841309893411,46.13051548064045],[12.639944666573292,46.13108715538144],[12.639921608027702,46.13162670482481],[12.641476266507835,46.131658810138546],[12.641499309898373,46.131119260094096],[12.643053955866543,46.13115134368036],[12.64307698344376,46.13061179297515],[12.644631616898481,46.13064385483466],[12.644585591395915,46.131722957385556],[12.643808259183459,46.1317069284964],[12.643739193262114,46.133325580972006],[12.642961838975685,46.133309545900495],[12.642915776580736,46.13438864665013],[12.641361039675212,46.13435655945962]],[[12.63848231410074,46.128896833573755],[12.640036894165487,46.12892895700696],[12.640059949416111,46.1283894072631],[12.640837232863827,46.12840546075739],[12.640814185189637,46.12894501080179],[12.642368769220408,46.128977102547886],[12.642414833604636,46.12789800119735],[12.643192111458031,46.12791403854806],[12.643215135086685,46.127374487482435],[12.642437864809363,46.127358450431984],[12.642483925244152,46.12627934872101],[12.639374911346463,46.126215150114],[12.639351851155846,46.12675469979757],[12.637774257021242,46.12726211723033],[12.637728103040363,46.12834121509383],[12.63850538450416,46.128357284431324],[12.63848231410074,46.128896833573755]],[[12.648747921317922,46.12532838571023],[12.649525166567702,46.125344379315145],[12.649548126305751,46.12480482555097],[12.648770888631148,46.12478883224551],[12.648747921317922,46.12532838571023]]]},"properties":{"nbr_class":"sana","color":"#1a9641"}},{"type":"Feature","geometry":{"type":"Polygon","coordinates":[[[12.632541548858649,46.122293563831555],[12.632587794362284,46.121214468862135],[12.633364972718422,46.12123057124716],[12.633318742361787,46.122309666819525],[12.632541548858649,46.122293563831555]]]},"properties":{"nbr_class":"stress","color":"#ffffbf"}},{"type":"Feature","geometry":{"type":"Polygon","coordinates":[[[12.633318742361787,46.122309666819525],[12.633364972718422,46.12123057124716],[12.634142151737294,46.12124666835249],[12.634095936527705,46.1223257645276],[12.633318742361787,46.122309666819525]]]},"properties":{"nbr_class":"degradata","color":"#fdae61"}},{"type":"Feature","geometry":{"type":"Polygon","coordinates":[[[12.64888571535199,46.12209106402142],[12.648908678727262,46.12155151019654],[12.649685870955327,46.121567501705535],[12.649662915153938,46.12210705582983],[12.64888571535199,46.12209106402142]]]},"properties":{"nbr_class":"sana","color":"#1a9641"}},{"type":"Feature","geometry":{"type":"Polygon","coordinates":[[[12.686192044556474,46.12285271474319],[12.686214644359206,46.12231314665861],[12.68699186793573,46.12232888471754],[12.68696927570799,46.122868453096785],[12.686192044556474,46.12285271474319]]]},"properties":{"nbr_class":"sana","color":"#1a9641"}},{"type":"Feature","geometry":{"type":"Polygon","coordinates":[[[12.630094233391018,46.12494295503404],[12.63011738250152,46.12440340878525],[12.629340161355461,46.12438728347029],[12.629409627440142,46.12276864526858],[12.628632429680453,46.12275251557936],[12.628609267406716,46.1232920614048],[12.625500452715725,46.12322748863992],[12.625477259483716,46.12376703319625],[12.624700049898895,46.1237508765026],[12.624746450847915,46.12267178793469],[12.627855232584869,46.12273638061021],[12.62790157029373,46.12165728938296],[12.628678752242164,46.12167342374796],[12.629502239622509,46.12061046015722],[12.631056576545992,46.12064270128133],[12.631033439639076,46.12118224825304],[12.63261091612292,46.120674921287204],[12.631741224701667,46.12281700265661],[12.632518425115606,46.122833111226036],[12.633249391872203,46.123928309727006],[12.631694960084761,46.123896096661966],[12.631718092723759,46.12335654968936],[12.630940885399065,46.123340435538296],[12.630871462775438,46.12495907537055],[12.630094233391018,46.12494295503404]]]},"properties":{"nbr_class":"sana","color":"#1a9641"}},{"type":"Feature","geometry":{"type":"Polygon","coordinates":[[[12.634095936527705,46.1223257645276],[12.634142151737294,46.12124666835249],[12.633364972718422,46.12123057124716],[12.633388086905883,46.12069102337076],[12.634942430459722,46.1207232116991],[12.634919331418685,46.12126276017812],[12.635696511762376,46.12127884672403],[12.635673419634669,46.121818395444095],[12.634095936527705,46.1223257645276]]]},"properties":{"nbr_class":"stress","color":"#ffffbf"}},{"type":"Feature","geometry":{"type":"Polygon","coordinates":[[[12.665229853447245,46.121886223083315],[12.665252657114381,46.12134666293193],[12.66913865579978,46.121426011783754],[12.669115890003647,46.121965573420745],[12.665229853447245,46.121886223083315]]]},"properties":{"nbr_class":"moderata","color":"#a6d96a"}},{"type":"Feature","geometry":{"type":"Polygon","coordinates":[[[12.683105756535289,46.12225014161815],[12.683128385991022,46.12171057465341],[12.68468281345672,46.12174208714456],[12.684660199150379,46.1222816546993],[12.683105756535289,46.12225014161815]]]},"properties":{"nbr_class":"sana","color":"#1a9641"}},{"type":"Feature","geometry":{"type":"Polygon","coordinates":[[[12.634942430459722,46.1207232116991],[12.634965528840652,46.12018366315995],[12.63574269403807,46.12019974910354],[12.635719603230168,46.12073929794384],[12.634942430459722,46.1207232116991]]]},"properties":{"nbr_class":"stress","color":"#ffffbf"}},{"type":"Feature","geometry":{"type":"Polygon","coordinates":[[[12.65204038401198,46.12107588947101],[12.652063315780845,46.120536334329124],[12.652840495493042,46.12055230412033],[12.652817571297724,46.121091859561204],[12.65204038401198,46.12107588947101]]]},"properties":{"nbr_class":"stress","color":"#ffffbf"}},{"type":"Feature","geometry":{"type":"Polygon","coordinates":[[[12.675356287627876,46.121552695379414],[12.675378992180319,46.12101313131076],[12.67848779342848,46.12107634520013],[12.678465119173133,46.12161591045231],[12.675356287627876,46.121552695379414]]]},"properties":{"nbr_class":"moderata","color":"#a6d96a"}},{"type":"Feature","geometry":{"type":"Polygon","coordinates":[[[12.654349038138008,46.1216633398805],[12.654417765282512,46.12004467176482],[12.655194939392477,46.12006062541794],[12.655126234968817,46.12167929442969],[12.654349038138008,46.1216633398805]]]},"properties":{"nbr_class":"stress","color":"#ffffbf"}},{"type":"Feature","geometry":{"type":"Polygon","coordinates":[[[12.631033439639076,46.12118224825304],[12.63030255157108,46.12008703662894],[12.631856874675702,46.12011926659053],[12.63188000268757,46.119579719196864],[12.63421146959913,46.119628023638825],[12.634188364305492,46.120167571936854],[12.634965528840652,46.12018366315995],[12.634942430459722,46.1207232116991],[12.633388086905883,46.12069102337076],[12.633364972718422,46.12123057124716],[12.632587794362284,46.121214468862135],[12.63261091612292,46.120674921287204],[12.631033439639076,46.12118224825304]]]},"properties":{"nbr_class":"moderata","color":"#a6d96a"}},{"type":"Feature","geometry":{"type":"Polygon","coordinates":[[[12.631079712791722,46.12010315424946],[12.631102848376289,46.119563607157446],[12.63188000268757,46.119579719196864],[12.631856874675702,46.12011926659053],[12.631079712791722,46.12010315424946]]]},"properties":{"nbr_class":"sana","color":"#1a9641"}},{"type":"Feature","geometry":{"type":"Polygon","coordinates":[[[12.635673419634669,46.121818395444095],[12.635696511762376,46.12127884672403],[12.634919331418685,46.12126276017812],[12.634942430459722,46.1207232116991],[12.635719603230168,46.12073929794384],[12.6349886265615,46.119644114560685],[12.638097261031122,46.11970842545375],[12.638074193601671,46.12024797525706],[12.638851361445939,46.12026404008245],[12.638828300930392,46.120803590126414],[12.637273950757026,46.12077145459444],[12.637250874435795,46.12131100397665],[12.635673419634669,46.121818395444095]]]},"properties":{"nbr_class":"moderata","color":"#a6d96a"}},{"type":"Feature","geometry":{"type":"Polygon","coordinates":[[[12.645822909414651,46.120947938674966],[12.645845901771027,46.12040838592854],[12.647400251322486,46.12044040470702],[12.647423227875494,46.11990085130111],[12.649754734423418,46.11994883897256],[12.649777687600832,46.1194092846082],[12.651332013444273,46.11944124939253],[12.650508958329128,46.12050437890739],[12.645822909414651,46.120947938674966]]]},"properties":{"nbr_class":"sana","color":"#1a9641"}},{"type":"Feature","geometry":{"type":"Polygon","coordinates":[[[12.652840495493042,46.12055230412033],[12.652863419033242,46.12001274861946],[12.652086246894372,46.11999677912725],[12.652109177352589,46.11945722386535],[12.653663507141331,46.11948915697224],[12.653617675862513,46.12056826863174],[12.652840495493042,46.12055230412033]]]},"properties":{"nbr_class":"sana","color":"#1a9641"}},{"type":"Feature","geometry":{"type":"Polygon","coordinates":[[[12.665275460129832,46.12080710272063],[12.66529826249362,46.12026754244944],[12.661412355891542,46.12018806457188],[12.66143519547088,46.11964850572876],[12.667652593293539,46.11977560459489],[12.667629814301982,46.12031516581759],[12.668406999544656,46.12033102971383],[12.668384227475899,46.12087059117366],[12.665275460129832,46.12080710272063]]]},"properties":{"nbr_class":"moderata","color":"#a6d96a"}},{"type":"Feature","geometry":{"type":"Polygon","coordinates":[[[12.678510467035835,46.12053677988815],[12.678533139995222,46.11999721451637],[12.680087514224823,46.12002878859778],[12.680064856413257,46.12056835456072],[12.678510467035835,46.12053677988815]]]},"properties":{"nbr_class":"moderata","color":"#a6d96a"}},{"type":"Feature","geometry":{"type":"Polygon","coordinates":[[[12.653686421798444,46.11894960105251],[12.653709335800725,46.1184100450728],[12.655263637926112,46.118441955866395],[12.655240739069312,46.11898151244355],[12.653686421798444,46.11894960105251]]]},"properties":{"nbr_class":"sana","color":"#1a9641"}},{"type":"Feature","geometry":{"type":"Polygon","coordinates":[[[12.65990370663222,46.119077119907665],[12.659926560052034,46.11853756154055],[12.66070371603425,46.11855347734139],[12.660680870187349,46.11909303600649],[12.65990370663222,46.119077119907665]]]},"properties":{"nbr_class":"stress","color":"#ffffbf"}},{"type":"Feature","geometry":{"type":"Polygon","coordinates":[[[12.658280771869904,46.12066394482407],[12.65759509603762,46.118489782461054],[12.660726561228284,46.11801391861638],[12.66070371603425,46.11855347734139],[12.659926560052034,46.11853756154055],[12.65990370663222,46.119077119907665],[12.660680870187349,46.11909303600649],[12.660635176534859,46.120172153156865],[12.659857997833253,46.120156236462044],[12.659835142454053,46.12069579464934],[12.658280771869904,46.12066394482407]]]},"properties":{"nbr_class":"moderata","color":"#a6d96a"}},{"type":"Feature","geometry":{"type":"Polygon","coordinates":[[[12.64438357829384,46.11821813684451],[12.644406582509628,46.11767858439765],[12.645960853697453,46.117710621295764],[12.645937864626152,46.11825017434242],[12.64438357829384,46.11821813684451]]]},"properties":{"nbr_class":"stress","color":"#ffffbf"}},{"type":"Feature","geometry":{"type":"Polygon","coordinates":[[[12.645960853697453,46.117710621295764],[12.645983842111809,46.11717106818907],[12.648315231120032,46.11721908304335],[12.648292265421933,46.11775863704898],[12.645960853697453,46.117710621295764]]]},"properties":{"nbr_class":"stress","color":"#ffffbf"}},{"type":"Feature","geometry":{"type":"Polygon","coordinates":[[[12.648292265421933,46.11775863704898],[12.648315231120032,46.11721908304335],[12.649092362106591,46.11723507743654],[12.649069403980624,46.11777463174162],[12.648292265421933,46.11775863704898]]]},"properties":{"nbr_class":"moderata","color":"#a6d96a"}},{"type":"Feature","geometry":{"type":"Polygon","coordinates":[[[12.648246332056818,46.11883774488016],[12.6491153195765,46.11669552307144],[12.650669568380144,46.11672749542181],[12.650623683072505,46.117806605289175],[12.652177964795607,46.1178385577197],[12.652132107155518,46.11891766854347],[12.648246332056818,46.11883774488016]]]},"properties":{"nbr_class":"sana","color":"#1a9641"}},{"type":"Feature","geometry":{"type":"Polygon","coordinates":[[[12.636658345454713,46.116978533656926],[12.63668142407248,46.116438984094756],[12.638235651765479,46.11647112537175],[12.638212588290866,46.11701067553568],[12.636658345454713,46.116978533656926]]]},"properties":{"nbr_class":"moderata","color":"#a6d96a"}},{"type":"Feature","geometry":{"type":"Polygon","coordinates":[[[12.645983842111809,46.11717106818907],[12.646006829869243,46.11663151502234],[12.648338196161856,46.1166795289777],[12.648315231120032,46.11721908304335],[12.645983842111809,46.11717106818907]]]},"properties":{"nbr_class":"degradata","color":"#fdae61"}},{"type":"Feature","geometry":{"type":"Polygon","coordinates":[[[12.648315231120032,46.11721908304335],[12.648338196161856,46.1166795289777],[12.6491153195765,46.11669552307144],[12.649092362106591,46.11723507743654],[12.648315231120032,46.11721908304335]]]},"properties":{"nbr_class":"stress","color":"#ffffbf"}},{"type":"Feature","geometry":{"type":"Polygon","coordinates":[[[12.665412264538416,46.117569740194945],[12.66543506299271,46.117030179564345],[12.666212200837535,46.11704605751657],[12.66618940995567,46.117585618444444],[12.665412264538416,46.117569740194945]]]},"properties":{"nbr_class":"moderata","color":"#a6d96a"}},{"type":"Feature","geometry":{"type":"Polygon","coordinates":[[[12.667743702750306,46.11761735910523],[12.667766478487247,46.11707779758312],[12.669320758748933,46.1171095165324],[12.669297998157006,46.11764907864836],[12.667743702750306,46.11761735910523]]]},"properties":{"nbr_class":"moderata","color":"#a6d96a"}},{"type":"Feature","geometry":{"type":"Polygon","coordinates":[[[12.645206713760276,46.11715505267946],[12.645252703761674,46.1160759468856],[12.647584045362873,46.11612397577877],[12.647561073405623,46.11666352960492],[12.646006829869243,46.11663151502234],[12.645983842111809,46.11717106818907],[12.645206713760276,46.11715505267946]]]},"properties":{"nbr_class":"stress","color":"#ffffbf"}},{"type":"Feature","geometry":{"type":"Polygon","coordinates":[[[12.662303689408237,46.11750617440329],[12.661572219241066,46.11641115141157],[12.6654578607955,46.11649061887385],[12.66543506299271,46.117030179564345],[12.662303689408237,46.11750617440329]]]},"properties":{"nbr_class":"moderata","color":"#a6d96a"}},{"type":"Feature","geometry":{"type":"Polygon","coordinates":[[[12.661504678871157,46.173112330599054],[12.661527559743242,46.17257277673577],[12.66310626068451,46.172065055287845],[12.66333487501457,46.16666950679928],[12.664112710427464,46.166685412124636],[12.664158410265191,46.16560630111219],[12.663380590036292,46.16559039638244],[12.663403446566768,46.165050841084124],[12.6664918748841,46.16565398357235],[12.666605999175617,46.162956200529024],[12.665828214937378,46.16294031315122],[12.665919532984983,46.160782086828135],[12.665141779762957,46.16076619535283],[12.665210284213634,46.159147525874076],[12.666742926789874,46.159718858900284],[12.66678856410802,46.15863974454482],[12.667566288281602,46.15865562425618],[12.667725945227122,46.154878720044195],[12.668503616936771,46.15489459238821],[12.668526414876053,46.154355034106906],[12.67008174508204,46.15438676234209],[12.670104527194969,46.15384720340685],[12.672437504642692,46.15389475522288],[12.672460263342924,46.15335519533745],[12.673237916210951,46.153371035073995],[12.673283416485749,46.15229191453045],[12.671728141749815,46.1522602309578],[12.6717509060846,46.151720671189466],[12.670218427989951,46.15114940783254],[12.6702639837492,46.15007028918371],[12.67104158914012,46.1500861429972],[12.671910238206522,46.147943751134996],[12.672687814562225,46.147959593191175],[12.673510878839009,46.14689630822181],[12.675066004473583,46.14692796472353],[12.675179635427618,46.144230156361544],[12.67675739690483,46.14372222631824],[12.677671111822749,46.140500656599244],[12.67924874375907,46.13999268940191],[12.679203379539256,46.1410718168429],[12.680758347456273,46.14110339285217],[12.680803681347841,46.14002426422881],[12.680026212228316,46.14000847945719],[12.679294105385429,46.138913561721694],[12.68087167732577,46.13840557084533],[12.680962329559717,46.136247312163626],[12.681739746261446,46.13626308958365],[12.681785053331408,46.13518395929329],[12.682562455522472,46.13519973083975],[12.682585100506332,46.1346601653096],[12.68569468544299,46.134723197487155],[12.685717299460821,46.13418363071711],[12.686494689737103,46.13419937525986],[12.685762525557363,46.13310449699774],[12.68731727644048,46.133135979621684],[12.687362469635673,46.13205684448445],[12.684275657038533,46.13145429398624],[12.684253031095114,46.13199386046525],[12.685030389757525,46.13200961439342],[12.684985151088389,46.13308874776208],[12.683430404096683,46.13305723344343],[12.683520939478669,46.13089896882714],[12.687407660247436,46.13097770910824],[12.687430254584589,46.13043814133052],[12.688207593104732,46.130453873246],[12.688252764685782,46.12937473692225],[12.689829983023866,46.128866614889404],[12.689897688154199,46.127247908010375],[12.690674983151222,46.12726362231444],[12.690765217322346,46.1251053444628],[12.692342290423493,46.124597184673895],[12.692387372048737,46.123518044094226],[12.691610128791755,46.12350234241102],[12.691700314612262,46.121344061711106],[12.69327727086732,46.12083588653338],[12.693344856089926,46.11921717343904],[12.694122040042043,46.11923286221065],[12.69418959675006,46.117614147697886],[12.694966758627391,46.11762983030861],[12.695011778069228,46.11655068641443],[12.695788925446013,46.116566363158405],[12.69581142662939,46.11602679082829],[12.698142849911674,46.11607378850307],[12.698120371446395,46.1166133617131],[12.696543579214426,46.11712160718671],[12.696476092596724,46.11874032452024],[12.695698914281925,46.11872465188212],[12.695608892827819,46.12088293965097],[12.694031955421108,46.12139114739201],[12.693986909248702,46.122470289624545],[12.69476413929331,46.12248597487806],[12.694741622816764,46.12302554619846],[12.693964385196931,46.12300986065129],[12.693896809179092,46.12462857337332],[12.692319748644524,46.12513675487418],[12.69222957508577,46.127295035078255],[12.691452278795149,46.127279331337064],[12.691384619128495,46.12889803998114],[12.689807413356975,46.129406183729635],[12.689762272087885,46.130485321230935],[12.688984932272568,46.130469599879476],[12.688939773266052,46.13154873655316],[12.688162418941392,46.13153300933079],[12.688139830891304,46.132072577283566],[12.6889171927947,46.13208830480041],[12.688849447508003,46.13370700918378],[12.688072062867105,46.13369128078354],[12.687249481803358,46.134754681879485],[12.686472083299018,46.1347389423247],[12.686404260107544,46.13635764316071],[12.685626839510977,46.13634189743877],[12.685672070778754,46.135262764197456],[12.684094631381688,46.13577082414491],[12.684026736087443,46.137389521968274],[12.683249302276018,46.13737375980701],[12.68329458161373,46.136294628574746],[12.682517163612856,46.136278861720704],[12.682403922510002,46.13897668787698],[12.683181378415638,46.138992456207106],[12.683158735834404,46.13953202155425],[12.684736292174785,46.13902397701681],[12.68469103669203,46.14010310883168],[12.683913564324373,46.14008735047852],[12.683868291089844,46.14116648146423],[12.683090804207051,46.14115071723705],[12.682222703076722,46.143293206618466],[12.681445187161986,46.14327743064206],[12.681399860660933,46.144356559138856],[12.680622330229394,46.14434077728722],[12.679754078998787,46.146483244062914],[12.678176263563545,46.14699121430838],[12.678108168213049,46.1486099021603],[12.67733057970873,46.1485940968037],[12.67726245576099,46.1502127832295],[12.676484845151318,46.15019697169959],[12.676416692601888,46.151815656698865],[12.675639059885276,46.151799838995025],[12.675593606431338,46.152878961436414],[12.67403831260721,46.1528473089862],[12.674770487965896,46.1539422594638],[12.673992826205692,46.15392643000297],[12.67312415414063,46.156068835385454],[12.67156877318152,46.15603714766003],[12.67154600363937,46.15657670694945],[12.669967824746461,46.157084556120196],[12.669899464727536,46.15870323166852],[12.670677191517184,46.15871909023204],[12.6706544111304,46.15925864892534],[12.669098943026295,46.15922692591739],[12.669121738591576,46.15868736781803],[12.667543477537915,46.15919518176117],[12.667520666142009,46.15973473920628],[12.669853888123873,46.159782348401386],[12.669808308913833,46.16086146489472],[12.669030552419626,46.160845599856096],[12.66893935581794,46.163003830936034],[12.668161569616116,46.162987959421436],[12.667956270794628,46.167843973173284],[12.667178416921013,46.16782809369531],[12.667087125666798,46.169986319282955],[12.666309242075222,46.16997043332667],[12.66626357734445,46.171049545166206],[12.66548567922032,46.171033653325814],[12.665462838281398,46.17157320885817],[12.664684933218478,46.17155731143094],[12.664662084032049,46.172096866605735],[12.663884172030382,46.17208096359147],[12.663060529972908,46.17314416426641],[12.661504678871157,46.173112330599054]],[[12.666628822076028,46.16241664374064],[12.668207184402013,46.16190884459556],[12.66825279657942,46.16082972953012],[12.666674465919137,46.1613375299842],[12.666628822076028,46.16241664374064]],[[12.670813860160697,46.155481736815034],[12.671591542072665,46.15549758831072],[12.671637077902048,46.15441846943253],[12.6708594111654,46.154402618530405],[12.670813860160697,46.155481736815034]],[[12.674929625886945,46.150165332783324],[12.675707235193231,46.150181154884194],[12.675729958996522,46.14964159339426],[12.674952357275956,46.14962577158961],[12.674929625886945,46.150165332783324]],[[12.677466810077407,46.145356722336984],[12.679021896721801,46.1453883242147],[12.679044584343819,46.14484876100255],[12.678267048280016,46.144832963001775],[12.67828974283711,46.14429340002561],[12.679067271317265,46.144309197730585],[12.679135328346412,46.14269050755586],[12.677557617342375,46.14319847149615],[12.67751221500785,46.1442775970362],[12.676734687829702,46.14426178876238],[12.677466810077407,46.145356722336984]]]},"properties":{"nbr_class":"stress","color":"#ffffbf"}},{"type":"Feature","geometry":{"type":"Polygon","coordinates":[[[12.634303884171139,46.117469829845405],[12.63512719902611,46.11640682170235],[12.633596084871542,46.11583508977698],[12.633642299377465,46.11475599276128],[12.635973565828152,46.114804257393764],[12.635858138180009,46.11750200400017],[12.634303884171139,46.117469829845405]]]},"properties":{"nbr_class":"moderata","color":"#a6d96a"}},{"type":"Feature","geometry":{"type":"Polygon","coordinates":[[[12.641367147614258,46.115995793152834],[12.641413210699422,46.11491669011997],[12.642944384822822,46.11548831839556],[12.642921368093738,46.11602787048249],[12.641367147614258,46.115995793152834]]]},"properties":{"nbr_class":"moderata","color":"#a6d96a"}},{"type":"Feature","geometry":{"type":"Polygon","coordinates":[[[12.639835976790247,46.11542414382242],[12.639859023145803,46.11488459287686],[12.640636116592361,46.11490064413772],[12.640613077807817,46.115440195383776],[12.639835976790247,46.11542414382242]]]},"properties":{"nbr_class":"moderata","color":"#a6d96a"}},{"type":"Feature","geometry":{"type":"Polygon","coordinates":[[[12.689549202105363,46.11698037130026],[12.68957176451409,46.116440801380655],[12.688794622306292,46.11642508240084],[12.688839760334206,46.115345942971075],[12.69037146156024,46.11591694480753],[12.69032635253275,46.11699608529484],[12.689549202105363,46.11698037130026]]]},"properties":{"nbr_class":"moderata","color":"#a6d96a"}},{"type":"Feature","geometry":{"type":"Polygon","coordinates":[[[12.635973565828152,46.114804257393764],[12.635996649378782,46.114264707892126],[12.636773731948894,46.11428078524488],[12.636750655968944,46.114820335047526],[12.635973565828152,46.114804257393764]]]},"properties":{"nbr_class":"moderata","color":"#a6d96a"}},{"type":"Feature","geometry":{"type":"Polygon","coordinates":[[[12.652292597429915,46.115140779610286],[12.652315521991374,46.114601223808414],[12.65309261840884,46.1146171903111],[12.653069701418545,46.11515674641191],[12.652292597429915,46.115140779610286]]]},"properties":{"nbr_class":"moderata","color":"#a6d96a"}},{"type":"Feature","geometry":{"type":"Polygon","coordinates":[[[12.681823009069172,46.11574380697763],[12.68184564590991,46.11520423988593],[12.68262276714171,46.11522000578983],[12.682600137873022,46.11575957317672],[12.681823009069172,46.11574380697763]]]},"properties":{"nbr_class":"degradata","color":"#fdae61"}},{"type":"Feature","geometry":{"type":"Polygon","coordinates":[[[12.681800371581536,46.11628337400956],[12.681823009069172,46.11574380697763],[12.683399889022299,46.11523576641459],[12.683422510072473,46.11469619867287],[12.68497674063536,46.114727703495085],[12.684931528176556,46.115806840098486],[12.68415439742693,46.11579108973715],[12.684131782656156,46.11633065765433],[12.681800371581536,46.11628337400956]]]},"properties":{"nbr_class":"stress","color":"#ffffbf"}},{"type":"Feature","geometry":{"type":"Polygon","coordinates":[[[12.660086515705716,46.114760651292414],[12.660109363901519,46.11422109244578],[12.660886459308205,46.114237005863004],[12.660863618683589,46.114776565007574],[12.660086515705716,46.114760651292414]]]},"properties":{"nbr_class":"moderata","color":"#a6d96a"}},{"type":"Feature","geometry":{"type":"Polygon","coordinates":[[[12.688614044393672,46.12074163773077],[12.688681765948987,46.11912292993002],[12.68790458652281,46.11910720419871],[12.688107784510184,46.1142510802207],[12.6896620077016,46.11428252110509],[12.689616887397278,46.11536166136231],[12.691171143463714,46.115393082307044],[12.691193688794076,46.114853511620026],[12.6919708102249,46.1148692138795],[12.69192573406432,46.11594835578183],[12.691148597489066,46.11593265293436],[12.691126050870112,46.116472223501965],[12.69268033981193,46.11650362450542],[12.692635274932503,46.11758276663734],[12.68952663905185,46.117519941160126],[12.68948151101038,46.11859908070069],[12.690258684157191,46.11861479557791],[12.69099075762464,46.11970964565368],[12.690213568683665,46.11969393546804],[12.690168450631406,46.120773075119295],[12.688614044393672,46.12074163773077]],[[12.689549202105363,46.11698037130026],[12.69032635253275,46.11699608529484],[12.69037146156024,46.11591694480753],[12.688839760334206,46.115345942971075],[12.688794622306292,46.11642508240084],[12.68957176451409,46.116440801380655],[12.689549202105363,46.11698037130026]]]},"properties":{"nbr_class":"sana","color":"#1a9641"}},{"type":"Feature","geometry":{"type":"Polygon","coordinates":[[[12.67332007472437,46.11449090262492],[12.673342793557637,46.113951338667],[12.674896992084609,46.113982980150546],[12.67487428839409,46.114522544700876],[12.67332007472437,46.11449090262492]]]},"properties":{"nbr_class":"moderata","color":"#a6d96a"}},{"type":"Feature","geometry":{"type":"Polygon","coordinates":[[[12.698187804915163,46.114994641904005],[12.698210281453417,46.114455068515],[12.698987401119815,46.11447072296838],[12.698964932153658,46.11501029665048],[12.698187804915163,46.114994641904005]]]},"properties":{"nbr_class":"moderata","color":"#a6d96a"}},{"type":"Feature","geometry":{"type":"Polygon","coordinates":[[[12.695833927169755,46.115487218438496],[12.695878926321537,46.114408073479886],[12.69665604405406,46.11442374377074],[12.696678535093714,46.11388417090854],[12.697455645899243,46.11389983562697],[12.697433162431428,46.11443940878245],[12.698964932153658,46.11501029665048],[12.698942462545396,46.11554987027294],[12.695833927169755,46.115487218438496]]]},"properties":{"nbr_class":"sana","color":"#1a9641"}},{"type":"Feature","geometry":{"type":"Polygon","coordinates":[[[12.653846806064216,46.11517270793474],[12.653869715483316,46.1146331515351],[12.654646813214594,46.11464910748039],[12.654669714408048,46.11410955072205],[12.653892624247769,46.11409359507549],[12.653938439812825,46.113014481976315],[12.657823821470409,46.11309420443756],[12.657800951868257,46.11363376250972],[12.656246782095469,46.11360188876383],[12.65620101064668,46.11468100353476],[12.655423911602455,46.11466505814695],[12.65540101732581,46.115204615143924],[12.653846806064216,46.11517270793474]]]},"properties":{"nbr_class":"moderata","color":"#a6d96a"}},{"type":"Feature","geometry":{"type":"Polygon","coordinates":[[[12.646144742619784,46.11339419476098],[12.646167725779415,46.11285464117394],[12.646944794221303,46.11287064900673],[12.64692181863201,46.11341020289347],[12.646144742619784,46.11339419476098]]]},"properties":{"nbr_class":"moderata","color":"#a6d96a"}},{"type":"Feature","geometry":{"type":"Polygon","coordinates":[[[12.638350959253147,46.11377337365058],[12.638397077635465,46.11269427254141],[12.637620016453328,46.112678206647935],[12.637643082225996,46.112138656303976],[12.639197190111583,46.11217078221125],[12.639174139478662,46.112710333156684],[12.639951201982706,46.11272638849376],[12.639928158261231,46.11326593967968],[12.638350959253147,46.11377337365058]]]},"properties":{"nbr_class":"moderata","color":"#a6d96a"}},{"type":"Feature","geometry":{"type":"Polygon","coordinates":[[[12.66474914339137,46.11485605440085],[12.66477194615971,46.1143164937681],[12.663217749456361,46.114284714442306],[12.664040466204908,46.11322148589423],[12.662486301093468,46.113189697201236],[12.66246347691577,46.11372925706123],[12.66090929928014,46.1136974466585],[12.660932138599417,46.11315788739407],[12.66170921951916,46.11317379493692],[12.661732050615239,46.11263423531473],[12.66328619927701,46.112666033969475],[12.663309014579934,46.11212647369204],[12.66641728946923,46.112190006470485],[12.666394504448107,46.11272956793739],[12.667948660953972,46.11276130325037],[12.667925890423216,46.11330086525157],[12.665594633932004,46.113253253472955],[12.665526250295096,46.11487193644293],[12.66474914339137,46.11485605440085]]]},"properties":{"nbr_class":"moderata","color":"#a6d96a"}},{"type":"Feature","geometry":{"type":"Polygon","coordinates":[[[12.674896992084609,46.113982980150546],[12.674965099263622,46.112364286140554],[12.67574217679064,46.11238009807597],[12.675674092324561,46.11399879297408],[12.674896992084609,46.113982980150546]]]},"properties":{"nbr_class":"moderata","color":"#a6d96a"}},{"type":"Feature","geometry":{"type":"Polygon","coordinates":[[[12.670234404321487,46.11388799235436],[12.669502820071067,46.11279301744925],[12.671079721395396,46.11228514728577],[12.67101150065276,46.11390383685068],[12.670234404321487,46.11388799235436]]]},"properties":{"nbr_class":"moderata","color":"#a6d96a"}},{"type":"Feature","geometry":{"type":"Polygon","coordinates":[[[12.650076019225533,46.112395072410045],[12.650098963221964,46.11185551720548],[12.65087601981482,46.11187149804818],[12.65085308338841,46.11241105355196],[12.650076019225533,46.112395072410045]]]},"properties":{"nbr_class":"sana","color":"#1a9641"}},{"type":"Feature","geometry":{"type":"Polygon","coordinates":[[[12.67256569527105,46.11393551000702],[12.672588421026239,46.11339594628559],[12.673365511741702,46.11341177464924],[12.673433662398896,46.11179308223685],[12.675764870315662,46.11184053299028],[12.67574217679064,46.11238009807597],[12.674965099263622,46.112364286140554],[12.674896992084609,46.113982980150546],[12.67256569527105,46.11393551000702]]]},"properties":{"nbr_class":"stress","color":"#ffffbf"}},{"type":"Feature","geometry":{"type":"Polygon","coordinates":[[[12.672588421026239,46.11339594628559],[12.67265659439551,46.11177725476221],[12.673433662398896,46.11179308223685],[12.673365511741702,46.11341177464924],[12.672588421026239,46.11339594628559]]]},"properties":{"nbr_class":"moderata","color":"#a6d96a"}},{"type":"Feature","geometry":{"type":"Polygon","coordinates":[[[12.645275697776725,46.115536393898594],[12.645390657996423,46.112838628062846],[12.646167725779415,46.11285464117394],[12.646190708282308,46.112315087526845],[12.644636588515603,46.11228305662606],[12.64545962624463,46.11121996784081],[12.647013717050159,46.11125198698627],[12.6477448306845,46.112347097314824],[12.650076019225533,46.112395072410045],[12.65005307457347,46.11293462755463],[12.650830146306582,46.112950608995725],[12.650807208569317,46.11349016437948],[12.64925305062002,46.1134581956204],[12.64920714289601,46.11453730501083],[12.648430049766876,46.11452131211479],[12.647607016663681,46.11558442189258],[12.645275697776725,46.115536393898594]],[[12.646144742619784,46.11339419476098],[12.64692181863201,46.11341020289347],[12.646944794221303,46.11287064900673],[12.646167725779415,46.11285464117394],[12.646144742619784,46.11339419476098]]]},"properties":{"nbr_class":"sana","color":"#1a9641"}},{"type":"Feature","geometry":{"type":"Polygon","coordinates":[[[12.650898955585834,46.111331942484405],[12.650921890701477,46.11079238686062],[12.653253019006014,46.11084029592575],[12.653230106599278,46.11137985244649],[12.650898955585834,46.111331942484405]]]},"properties":{"nbr_class":"stress","color":"#ffffbf"}},{"type":"Feature","geometry":{"type":"Polygon","coordinates":[[[12.66488595022784,46.11161868970574],[12.664908749086912,46.11107912871357],[12.666462857558267,46.11111088335697],[12.666440073839278,46.11165044494367],[12.66488595022784,46.11161868970574]]]},"properties":{"nbr_class":"moderata","color":"#a6d96a"}},{"type":"Feature","geometry":{"type":"Polygon","coordinates":[[[12.68815293252177,46.11317194090184],[12.688175505559967,46.11263237115281],[12.687398417649018,46.11261664367547],[12.687488733634044,46.11045836525985],[12.688265791262632,46.110474091559425],[12.688198077953126,46.11209280134407],[12.688975158940291,46.11210852324833],[12.688930028651022,46.11318766339482],[12.68815293252177,46.11317194090184]]]},"properties":{"nbr_class":"sana","color":"#1a9641"}},{"type":"Feature","geometry":{"type":"Polygon","coordinates":[[[12.638489306493558,46.11053606960183],[12.638535416969706,46.10945696777144],[12.639312433396825,46.10947302658274],[12.639266338058507,46.11055212901442],[12.638489306493558,46.11053606960183]]]},"properties":{"nbr_class":"moderata","color":"#a6d96a"}},{"type":"Feature","geometry":{"type":"Polygon","coordinates":[[[12.694437255133682,46.111678856555116],[12.69448227556741,46.11059971193505],[12.696013908346961,46.111170637171824],[12.695991412949875,46.11171021003903],[12.694437255133682,46.111678856555116]]]},"properties":{"nbr_class":"moderata","color":"#a6d96a"}},{"type":"Feature","geometry":{"type":"Polygon","coordinates":[[[12.649413706994546,46.10968131086328],[12.649436655282072,46.10914175565791],[12.650213673370414,46.1091577402824],[12.650190732651806,46.10969729578704],[12.649413706994546,46.10968131086328]]]},"properties":{"nbr_class":"moderata","color":"#a6d96a"}},{"type":"Feature","geometry":{"type":"Polygon","coordinates":[[[12.688997723117721,46.11156895308549],[12.68906541178146,46.10995024223865],[12.689842463133862,46.1099659576873],[12.689887570546585,46.10888681623566],[12.690664607406003,46.108902525817825],[12.690619515132871,46.1099816678577],[12.691396567778268,46.10999737274984],[12.691328947247538,46.11161608624395],[12.688997723117721,46.11156895308549]]]},"properties":{"nbr_class":"stress","color":"#ffffbf"}},{"type":"Feature","geometry":{"type":"Polygon","coordinates":[[[12.650190732651806,46.10969729578704],[12.650213673370414,46.1091577402824],[12.649436655282072,46.10914175565791],[12.649482549890017,46.1080626450671],[12.65103655644993,46.108094607841615],[12.65096775896674,46.109713275433045],[12.650190732651806,46.10969729578704]]]},"properties":{"nbr_class":"stress","color":"#ffffbf"}},{"type":"Feature","geometry":{"type":"Polygon","coordinates":[[[12.656292550928443,46.11252277375301],[12.656338317145789,46.11144365850233],[12.657115371422984,46.11145959682093],[12.657183993136426,46.10984092259999],[12.658760915699393,46.10933322282322],[12.658783772505247,46.108793663973245],[12.65800675476363,46.108777737701914],[12.658829484157684,46.107714546093476],[12.663514322971634,46.10727042849893],[12.663491513535355,46.10780998931559],[12.665822537054751,46.1078576396796],[12.665799749672852,46.10839720132847],[12.667331010861535,46.108968504627285],[12.667308237315748,46.10950806675064],[12.665754172955628,46.10947632444652],[12.665776961639818,46.10893676291743],[12.663445892707504,46.108889110769184],[12.66346870344732,46.10834955007234],[12.662691689346365,46.108333655764945],[12.662668871037667,46.1088732161642],[12.661091995561858,46.1093809708649],[12.661069160810543,46.10992053054886],[12.661846196310156,46.1099364363049],[12.661754881058924,46.11209467563261],[12.660977815280086,46.1120787686854],[12.660954977266057,46.11261832806969],[12.658623761147918,46.112570574664105],[12.658646621872846,46.11203101617383],[12.657869558714244,46.11201508811338],[12.657846690419065,46.11255464630544],[12.656292550928443,46.11252277375301]]]},"properties":{"nbr_class":"moderata","color":"#a6d96a"}},{"type":"Feature","geometry":{"type":"Polygon","coordinates":[[[12.654944477692252,46.10763486494368],[12.654967370380204,46.10709530740562],[12.655744362793378,46.107111253891965],[12.655721477673644,46.10765081172857],[12.654944477692252,46.10763486494368]]]},"properties":{"nbr_class":"moderata","color":"#a6d96a"}},{"type":"Feature","geometry":{"type":"Polygon","coordinates":[[[12.669707589315854,46.107936951400724],[12.669730338203701,46.1073973882071],[12.670507343044633,46.107413234421706],[12.670484601725441,46.107952797912006],[12.669707589315854,46.107936951400724]]]},"properties":{"nbr_class":"moderata","color":"#a6d96a"}},{"type":"Feature","geometry":{"type":"Polygon","coordinates":[[[12.679031781212037,46.108126761207124],[12.679054439274472,46.10758719445991],[12.679831451924246,46.10760297734286],[12.679808801430747,46.10814254438556],[12.679031781212037,46.108126761207124]]]},"properties":{"nbr_class":"moderata","color":"#a6d96a"}},{"type":"Feature","geometry":{"type":"Polygon","coordinates":[[[12.638604577743326,46.10783831457513],[12.638650681632281,46.10675921214375],[12.637873703706765,46.10674314955852],[12.637896762230763,46.10620359855341],[12.640227675286969,46.10625176957596],[12.640204639465507,46.106791321482916],[12.639427660218601,46.106775269451894],[12.63938157146532,46.10785437248452],[12.638604577743326,46.10783831457513]]]},"properties":{"nbr_class":"moderata","color":"#a6d96a"}},{"type":"Feature","geometry":{"type":"Polygon","coordinates":[[[12.654190378623285,46.107079355641936],[12.654213278225109,46.10653979834256],[12.65576724725922,46.1065716959954],[12.655744362793378,46.107111253891965],[12.654190378623285,46.107079355641936]]]},"properties":{"nbr_class":"degradata","color":"#fdae61"}},{"type":"Feature","geometry":{"type":"Polygon","coordinates":[[[12.655744362793378,46.107111253891965],[12.65576724725922,46.1065716959954],[12.656544232760409,46.10658763690594],[12.656521355862592,46.10712719510095],[12.655744362793378,46.107111253891965]]]},"properties":{"nbr_class":"stress","color":"#ffffbf"}},{"type":"Feature","geometry":{"type":"Polygon","coordinates":[[[12.69459481539584,46.10790184934041],[12.694617321432128,46.10736227664243],[12.695394339458188,46.107377953675424],[12.695371840991077,46.107917526666924],[12.69459481539584,46.10790184934041]]]},"properties":{"nbr_class":"moderata","color":"#a6d96a"}},{"type":"Feature","geometry":{"type":"Polygon","coordinates":[[[12.670507343044633,46.107413234421706],[12.670552823733662,46.10633410726154],[12.671329814089805,46.10634994760543],[12.67128434853749,46.107429075358745],[12.670507343044633,46.107413234421706]]]},"properties":{"nbr_class":"moderata","color":"#a6d96a"}},{"type":"Feature","geometry":{"type":"Polygon","coordinates":[[[12.65576724725922,46.1065716959954],[12.655790131071194,46.10603213803885],[12.656567109004573,46.106048078650964],[12.656544232760409,46.10658763690594],[12.65576724725922,46.1065716959954]]]},"properties":{"nbr_class":"moderata","color":"#a6d96a"}},{"type":"Feature","geometry":{"type":"Polygon","coordinates":[[[12.680631107500906,46.10707918755022],[12.680653749131498,46.10653962009254],[12.681430747942402,46.10655539182948],[12.68140811388036,46.10709495958243],[12.680631107500906,46.10707918755022]]]},"properties":{"nbr_class":"moderata","color":"#a6d96a"}},{"type":"Feature","geometry":{"type":"Polygon","coordinates":[[[12.647243417147253,46.105856443015796],[12.647266383547379,46.105316888288556],[12.64804334668558,46.10533288664925],[12.648020387852792,46.105872441676006],[12.647243417147253,46.105856443015796]]]},"properties":{"nbr_class":"stress","color":"#ffffbf"}},{"type":"Feature","geometry":{"type":"Polygon","coordinates":[[[12.671329814089805,46.10634994760543],[12.671352545891656,46.10581038363899],[12.672129529331407,46.105826218409035],[12.672106805097615,46.106365782671936],[12.671329814089805,46.10634994760543]]]},"properties":{"nbr_class":"moderata","color":"#a6d96a"}},{"type":"Feature","geometry":{"type":"Polygon","coordinates":[[[12.67987675096966,46.10652384307808],[12.679922047426446,46.105444708574126],[12.681476014126336,46.10547625614425],[12.681453381357722,46.10601582401675],[12.67987675096966,46.10652384307808]]]},"properties":{"nbr_class":"moderata","color":"#a6d96a"}},{"type":"Feature","geometry":{"type":"Polygon","coordinates":[[[12.673683498164973,46.10585787211721],[12.673706206613724,46.105318307201856],[12.675260162915416,46.1053499392085],[12.675237469602509,46.105889504716096],[12.673683498164973,46.10585787211721]]]},"properties":{"nbr_class":"moderata","color":"#a6d96a"}},{"type":"Feature","geometry":{"type":"Polygon","coordinates":[[[12.704763419366815,46.10648651320581],[12.70478582508127,46.105946936521036],[12.70556282876802,46.105962544064546],[12.705540430622387,46.106502121041544],[12.704763419366815,46.10648651320581]]]},"properties":{"nbr_class":"moderata","color":"#a6d96a"}},{"type":"Feature","geometry":{"type":"Polygon","coordinates":[[[12.649528441875308,46.10698353423623],[12.64957433123813,46.10590442316528],[12.650351303917496,46.105920405994326],[12.649620217978665,46.10482531185429],[12.651197060978655,46.10431771469477],[12.651151205817571,46.105396827322465],[12.651928172244286,46.10541279929833],[12.652659311816802,46.106507879580775],[12.649528441875308,46.10698353423623]]]},"properties":{"nbr_class":"sana","color":"#1a9641"}},{"type":"Feature","geometry":{"type":"Polygon","coordinates":[[[12.651928172244286,46.10541279929833],[12.651974012271106,46.10433368607261],[12.652750964220564,46.10434965217362],[12.652705139328052,46.10542876599717],[12.651928172244286,46.10541279929833]]]},"properties":{"nbr_class":"stress","color":"#ffffbf"}},{"type":"Feature","geometry":{"type":"Polygon","coordinates":[[[12.654259075465879,46.105460683563834],[12.654304870089636,46.1043815685452],[12.655081824008814,46.10439751881573],[12.655036044519507,46.10547663443161],[12.654259075465879,46.105460683563834]]]},"properties":{"nbr_class":"moderata","color":"#a6d96a"}},{"type":"Feature","geometry":{"type":"Polygon","coordinates":[[[12.702432389454957,46.10643965803199],[12.703254239846324,46.1053761294413],[12.70478582508127,46.105946936521036],[12.704763419366815,46.10648651320581],[12.702432389454957,46.10643965803199]]]},"properties":{"nbr_class":"sana","color":"#1a9641"}},{"type":"Feature","geometry":{"type":"Polygon","coordinates":[[[12.648066304862388,46.104793331562476],[12.648089262383241,46.10425377641567],[12.649643160365635,46.104285756108766],[12.649620217978665,46.10482531185429],[12.648066304862388,46.104793331562476]]]},"properties":{"nbr_class":"stress","color":"#ffffbf"}},{"type":"Feature","geometry":{"type":"Polygon","coordinates":[[[12.653482107068657,46.10544472741902],[12.653505012274957,46.10490517023841],[12.65272805210164,46.1048892091154],[12.652750964220564,46.10434965217362],[12.654304870089636,46.1043815685452],[12.654259075465879,46.105460683563834],[12.653482107068657,46.10544472741902]]]},"properties":{"nbr_class":"sana","color":"#1a9641"}},{"type":"Feature","geometry":{"type":"Polygon","coordinates":[[[12.656612859532036,46.104968961961106],[12.65663573381538,46.10442940352623],[12.657412689702335,46.10444533796619],[12.657389822986174,46.10498489669937],[12.656612859532036,46.104968961961106]]]},"properties":{"nbr_class":"degradata","color":"#fdae61"}},{"type":"Feature","geometry":{"type":"Polygon","coordinates":[[[12.672129529331407,46.105826218409035],[12.671398007546857,46.10473125552656],[12.673728914413637,46.10477874222667],[12.673706206613724,46.105318307201856],[12.672129529331407,46.105826218409035]]]},"properties":{"nbr_class":"moderata","color":"#a6d96a"}},{"type":"Feature","geometry":{"type":"Polygon","coordinates":[[[12.673706206613724,46.105318307201856],[12.673728914413637,46.10477874222667],[12.674505884671413,46.104794560572465],[12.674483184439193,46.10533412584381],[12.673706206613724,46.105318307201856]]]},"properties":{"nbr_class":"degradata","color":"#fdae61"}},{"type":"Feature","geometry":{"type":"Polygon","coordinates":[[[12.674483184439193,46.10533412584381],[12.674505884671413,46.104794560572465],[12.675282855579919,46.10481037364112],[12.675260162915416,46.1053499392085],[12.674483184439193,46.10533412584381]]]},"properties":{"nbr_class":"stress","color":"#ffffbf"}},{"type":"Feature","geometry":{"type":"Polygon","coordinates":[[[12.704008822036831,46.10593132369984],[12.70403123467967,46.10539174724775],[12.704808230155521,46.105407359776635],[12.70478582508127,46.105946936521036],[12.704008822036831,46.10593132369984]]]},"properties":{"nbr_class":"moderata","color":"#a6d96a"}},{"type":"Feature","geometry":{"type":"Polygon","coordinates":[[[12.653390479698528,46.10760295554157],[12.653459201207886,46.10598428453964],[12.655036044519507,46.10547663443161],[12.655081824008814,46.10439751881573],[12.654304870089636,46.1043815685452],[12.65432776642019,46.10384201094591],[12.655881659780869,46.103873905613],[12.655858778584134,46.10441346380942],[12.65663573381538,46.10442940352623],[12.657366955616649,46.10552445537261],[12.656589984595108,46.10550852033601],[12.65576724725922,46.1065716959954],[12.654213278225109,46.10653979834256],[12.654944477692252,46.10763486494368],[12.653390479698528,46.10760295554157]]]},"properties":{"nbr_class":"stress","color":"#ffffbf"}},{"type":"Feature","geometry":{"type":"Polygon","coordinates":[[[12.674505884671413,46.104794560572465],[12.674528584255036,46.104254995241284],[12.67530554759604,46.10427080801389],[12.675282855579919,46.10481037364112],[12.674505884671413,46.104794560572465]]]},"properties":{"nbr_class":"moderata","color":"#a6d96a"}},{"type":"Feature","geometry":{"type":"Polygon","coordinates":[[[12.693153365579208,46.105172617703346],[12.693175883536451,46.10463304529421],[12.694729841967824,46.104664412257264],[12.694707339146708,46.10520398525367],[12.693153365579208,46.105172617703346]]]},"properties":{"nbr_class":"stress","color":"#ffffbf"}},{"type":"Feature","geometry":{"type":"Polygon","coordinates":[[[12.669067106544441,46.10468372133261],[12.669889562219716,46.10362044417551],[12.671420737400254,46.10419169138057],[12.671398007546857,46.10473125552656],[12.669067106544441,46.10468372133261]]]},"properties":{"nbr_class":"moderata","color":"#a6d96a"}},{"type":"Feature","geometry":{"type":"Polygon","coordinates":[[[12.683829578459761,46.104983969101845],[12.683874795357942,46.103904831287565],[12.684651758922985,46.103920580439926],[12.684606557160144,46.104999718843914],[12.683829578459761,46.104983969101845]]]},"properties":{"nbr_class":"stress","color":"#ffffbf"}},{"type":"Feature","geometry":{"type":"Polygon","coordinates":[[[12.672974659525366,46.10422335386496],[12.672997373594914,46.10368378906633],[12.673774328067047,46.10369961209677],[12.673751621564737,46.104239177191644],[12.672974659525366,46.10422335386496]]]},"properties":{"nbr_class":"moderata","color":"#a6d96a"}},{"type":"Feature","geometry":{"type":"Polygon","coordinates":[[[12.682298246911177,46.10441288549861],[12.682320870172331,46.1038733171516],[12.683097832440984,46.10388907685812],[12.683075216747348,46.10442864550018],[12.682298246911177,46.10441288549861]]]},"properties":{"nbr_class":"stress","color":"#ffffbf"}},{"type":"Feature","geometry":{"type":"Polygon","coordinates":[[[12.69395286242949,46.1046487314144],[12.6939753721755,46.1041091586519],[12.694752344145975,46.1041248392012],[12.694729841967824,46.104664412257264],[12.69395286242949,46.1046487314144]]]},"properties":{"nbr_class":"degradata","color":"#fdae61"}},{"type":"Feature","geometry":{"type":"Polygon","coordinates":[[[12.640250710450246,46.1057122176089],[12.640319811991214,46.10409356134725],[12.638742881506726,46.10460100655985],[12.63883507084446,46.1024428000144],[12.641165826982215,46.102490948895564],[12.641119779027148,46.10357005409134],[12.641896714192317,46.10358609376628],[12.641873696794525,46.10412564657434],[12.64109675406285,46.10410960659912],[12.64102767522262,46.105728263761975],[12.640250710450246,46.1057122176089]]]},"properties":{"nbr_class":"moderata","color":"#a6d96a"}},{"type":"Feature","geometry":{"type":"Polygon","coordinates":[[[12.693175883536451,46.10463304529421],[12.693220917520769,46.10355390029687],[12.69399788127835,46.103569585829725],[12.69395286242949,46.1046487314144],[12.693175883536451,46.10463304529421]]]},"properties":{"nbr_class":"moderata","color":"#a6d96a"}},{"type":"Feature","geometry":{"type":"Polygon","coordinates":[[[12.656658607445165,46.1038898450314],[12.655927420213096,46.10279478904027],[12.658258219772954,46.10284258967529],[12.658235362583317,46.10338214888656],[12.656658607445165,46.1038898450314]]]},"properties":{"nbr_class":"sana","color":"#1a9641"}},{"type":"Feature","geometry":{"type":"Polygon","coordinates":[[[12.6939753721755,46.1041091586519],[12.69399788127835,46.103569585829725],[12.694774845681183,46.10358526608543],[12.694752344145975,46.1041248392012],[12.6939753721755,46.1041091586519]]]},"properties":{"nbr_class":"stress","color":"#ffffbf"}},{"type":"Feature","geometry":{"type":"Polygon","coordinates":[[[12.671398007546857,46.10473125552656],[12.671420737400254,46.10419169138057],[12.669889562219716,46.10362044417551],[12.669935048946753,46.10254131677057],[12.67148892306391,46.10257299858347],[12.671466195158757,46.10311256290902],[12.672243140761465,46.10312839619685],[12.672974659525366,46.10422335386496],[12.674528584255036,46.104254995241284],[12.674505884671413,46.104794560572465],[12.671398007546857,46.10473125552656]]]},"properties":{"nbr_class":"stress","color":"#ffffbf"}},{"type":"Feature","geometry":{"type":"Polygon","coordinates":[[[12.704076058044167,46.10431259416474],[12.70412087884725,46.103233440843276],[12.704897844050912,46.103249052203],[12.704853038383494,46.10432820610903],[12.704076058044167,46.10431259416474]]]},"properties":{"nbr_class":"sana","color":"#1a9641"}},{"type":"Feature","geometry":{"type":"Polygon","coordinates":[[[12.669112611005328,46.10360459476061],[12.669180862821252,46.10198590445355],[12.67228858078909,46.10204926689304],[12.672265861099854,46.10258883157487],[12.673042799787083,46.10260465928956],[12.672997373594914,46.10368378906633],[12.672220419773897,46.103667960758976],[12.67148892306391,46.10257299858347],[12.669935048946753,46.10254131677057],[12.669889562219716,46.10362044417551],[12.669112611005328,46.10360459476061]]]},"properties":{"nbr_class":"moderata","color":"#a6d96a"}},{"type":"Feature","geometry":{"type":"Polygon","coordinates":[[[12.673774328067047,46.10369961209677],[12.673842443681458,46.102080916453154],[12.674619376103998,46.10209673331828],[12.674573981476575,46.10317586439943],[12.675350929683223,46.10319167657996],[12.67539630917715,46.10211254490674],[12.676173242900704,46.102128351218546],[12.676127878540315,46.10320748348363],[12.677681778204969,46.103239081460366],[12.677659110186893,46.10377864809475],[12.673774328067047,46.10369961209677]]]},"properties":{"nbr_class":"moderata","color":"#a6d96a"}},{"type":"Feature","geometry":{"type":"Polygon","coordinates":[[[12.638858116532706,46.101903248227785],[12.638881161562523,46.10136369638109],[12.639658064483426,46.10137975068335],[12.639635027019178,46.10191930283061],[12.638858116532706,46.101903248227785]]]},"properties":{"nbr_class":"moderata","color":"#a6d96a"}},{"type":"Feature","geometry":{"type":"Polygon","coordinates":[[[12.646627251088363,46.10206355682444],[12.646650220461417,46.10152400197656],[12.647427129976103,46.10154000351702],[12.647404168168855,46.102079558664485],[12.646627251088363,46.10206355682444]]]},"properties":{"nbr_class":"stress","color":"#ffffbf"}},{"type":"Feature","geometry":{"type":"Polygon","coordinates":[[[12.662828585507445,46.10509629211106],[12.662897024787599,46.10347760947523],[12.662120079450796,46.10346171256898],[12.662165717511773,46.10238259110741],[12.66294264771539,46.102398487418434],[12.66298826803621,46.10131936512198],[12.664542100140094,46.101351140724496],[12.66451930543772,46.101890702497585],[12.665296230036,46.10190658268156],[12.665227864720721,46.10352526853333],[12.664450917422776,46.10350938745743],[12.664405322156071,46.10458851046446],[12.662828585507445,46.10509629211106]]]},"properties":{"nbr_class":"moderata","color":"#a6d96a"}},{"type":"Feature","geometry":{"type":"Polygon","coordinates":[[[12.676127878540315,46.10320748348363],[12.676173242900704,46.102128351218546],[12.677749778373284,46.10162038119834],[12.677681778204969,46.103239081460366],[12.676127878540315,46.10320748348363]]]},"properties":{"nbr_class":"stress","color":"#ffffbf"}},{"type":"Feature","geometry":{"type":"Polygon","coordinates":[[[12.70254452515063,46.103741778397996],[12.702611798878698,46.10212304990209],[12.704165697089097,46.102154287283355],[12.704143288288316,46.10269386409312],[12.703366331294555,46.10267824774861],[12.703321496636928,46.103757400604536],[12.70254452515063,46.103741778397996]]]},"properties":{"nbr_class":"sana","color":"#1a9641"}},{"type":"Feature","geometry":{"type":"Polygon","coordinates":[[[12.646650220461417,46.10152400197656],[12.646673189178221,46.10098444706864],[12.64745009112732,46.101000448309534],[12.647427129976103,46.10154000351702],[12.646650220461417,46.10152400197656]]]},"properties":{"nbr_class":"moderata","color":"#a6d96a"}},{"type":"Feature","geometry":{"type":"Polygon","coordinates":[[[12.65675009542917,46.10173161045246],[12.656772965791502,46.101192051657826],[12.657549876279871,46.10120798430795],[12.657527013483431,46.10174754340088],[12.65675009542917,46.10173161045246]]]},"properties":{"nbr_class":"moderata","color":"#a6d96a"}},{"type":"Feature","geometry":{"type":"Polygon","coordinates":[[[12.692792990742667,46.11380576813091],[12.693750245769493,46.10950488359092],[12.691419106667034,46.10945780146572],[12.691441644911768,46.108918230121915],[12.689887570546585,46.10888681623566],[12.690000327801041,46.1061889615615],[12.689223329433267,46.106173248172304],[12.689268442961108,46.105094106473],[12.69004542619236,46.105109819273835],[12.690912568850885,46.10296724032904],[12.690135615243781,46.10295153398186],[12.689313553910953,46.104014964534784],[12.686982653504476,46.10396779623441],[12.686869757774444,46.106665646216356],[12.686092754426127,46.106649911422416],[12.685270558641784,46.1077133097469],[12.683716524908741,46.10768181259168],[12.683784358977542,46.106063106677055],[12.683007365789132,46.10604735106775],[12.683029983421445,46.10550778260499],[12.684583955310043,46.10553928795628],[12.684606557160144,46.104999718843914],[12.685383536508443,46.10501546330871],[12.685496498235654,46.10231761537678],[12.687050383201104,46.102349085528395],[12.687027807280623,46.10288865582348],[12.68780475830119,46.102904383278485],[12.687827326654665,46.10236481268896],[12.688604270755164,46.102380534572696],[12.688649390394273,46.10130139262576],[12.689426320008033,46.10131710864415],[12.690158160896098,46.102411962509585],[12.691734583496542,46.101903797218974],[12.692466478003153,46.10299863719247],[12.694020389738064,46.10303001294785],[12.69399788127835,46.103569585829725],[12.693220917520769,46.10355390029687],[12.693130846978544,46.105712190052785],[12.695461831002428,46.105759234342884],[12.69548432689822,46.10521966111268],[12.696261315294615,46.105235331694246],[12.696216337997125,46.10631447868175],[12.698547352464406,46.10636146052084],[12.698614749331355,46.104742737311305],[12.700945701479169,46.10478966901508],[12.700968143113624,46.104250093613935],[12.701745120881816,46.10426572666766],[12.701677816759547,46.105884453570276],[12.700900816286515,46.10586881963846],[12.700034008099918,46.108011479788885],[12.69770292164592,46.1079645269788],[12.697635490514063,46.10958324823515],[12.696081390681464,46.10955191821218],[12.696126375690731,46.10847277194075],[12.694549801393935,46.108980994557314],[12.69528184069354,46.110075818036115],[12.697613012185526,46.11012282186794],[12.697545573345842,46.11174154240835],[12.695991412949875,46.11171021003903],[12.695946420227191,46.11278935559439],[12.694414743951935,46.11221842877561],[12.694369719658567,46.11329757303756],[12.692792990742667,46.11380576813091]],[[12.694437255133682,46.111678856555116],[12.695991412949875,46.11171021003903],[12.696013908346961,46.111170637171824],[12.69448227556741,46.11059971193505],[12.694437255133682,46.111678856555116]],[[12.69459481539584,46.10790184934041],[12.695371840991077,46.107917526666924],[12.695394339458188,46.107377953675424],[12.694617321432128,46.10736227664243],[12.69459481539584,46.10790184934041]]]},"properties":{"nbr_class":"sana","color":"#1a9641"}},{"type":"Feature","geometry":{"type":"Polygon","coordinates":[[[12.671216145337139,46.10904776653978],[12.671238880386872,46.10850820287262],[12.669684839777974,46.10847651453447],[12.669707589315854,46.107936951400724],[12.67128434853749,46.107429075358745],[12.671329814089805,46.10634994760543],[12.672106805097615,46.106365782671936],[12.672929229439225,46.105302483282685],[12.673706206613724,46.105318307201856],[12.673683498164973,46.10585787211721],[12.675237469602509,46.105889504716096],[12.67530554759604,46.10427080801389],[12.673751621564737,46.104239177191644],[12.673774328067047,46.10369961209677],[12.677659110186893,46.10377864809475],[12.677704445575376,46.10269951476616],[12.678481388815557,46.102715305543555],[12.678504047971591,46.10217573849391],[12.681657052996718,46.10115971101214],[12.681611797158558,46.10223884765383],[12.68238873607751,46.10225461175197],[12.682343492787089,46.10333374874483],[12.680789585330086,46.10330221409105],[12.680766947580796,46.10384178190743],[12.681543908552195,46.103857552168044],[12.681498646248272,46.104936688211964],[12.682275623003607,46.10495245378584],[12.682139865982126,46.108189862253965],[12.681362843816007,46.108174094908996],[12.681317571164477,46.10925322999642],[12.674324264650972,46.10911108106796],[12.674346969424024,46.108571516215434],[12.671216145337139,46.10904776653978]],[[12.679031781212037,46.108126761207124],[12.679808801430747,46.10814254438556],[12.679831451924246,46.10760297734286],[12.679054439274472,46.10758719445991],[12.679031781212037,46.108126761207124]],[[12.680631107500906,46.10707918755022],[12.68140811388036,46.10709495958243],[12.681430747942402,46.10655539182948],[12.680653749131498,46.10653962009254],[12.680631107500906,46.10707918755022]],[[12.67987675096966,46.10652384307808],[12.680653749131498,46.10653962009254],[12.681476014126336,46.10547625614425],[12.679922047426446,46.105444708574126],[12.67987675096966,46.10652384307808]]]},"properties":{"nbr_class":"sana","color":"#1a9641"}},{"type":"Feature","geometry":{"type":"Polygon","coordinates":[[[12.697083263926872,46.10417184918558],[12.697195651665067,46.10147397860953],[12.698749525734915,46.1015052892816],[12.698659677366516,46.10366358820668],[12.697083263926872,46.10417184918558]]]},"properties":{"nbr_class":"stress","color":"#ffffbf"}},{"type":"Feature","geometry":{"type":"Polygon","coordinates":[[[12.699436645636302,46.10367923679938],[12.699526463735738,46.10152093670245],[12.700303402380204,46.10153657884647],[12.700213614549822,46.10369488011487],[12.699436645636302,46.10367923679938]]]},"properties":{"nbr_class":"stress","color":"#ffffbf"}},{"type":"Feature","geometry":{"type":"Polygon","coordinates":[[[12.647427129976103,46.10154000351702],[12.64745009112732,46.101000448309534],[12.649780800922738,46.101048420375335],[12.649803738721685,46.10050886420971],[12.651334610740959,46.101080375371644],[12.651311687418037,46.10161993207551],[12.647427129976103,46.10154000351702]]]},"properties":{"nbr_class":"stress","color":"#ffffbf"}},{"type":"Feature","geometry":{"type":"Polygon","coordinates":[[[12.64745009112732,46.101000448309534],[12.647473051622528,46.10046089304202],[12.649803738721685,46.10050886420971],[12.649780800922738,46.101048420375335],[12.64745009112732,46.101000448309534]]]},"properties":{"nbr_class":"moderata","color":"#a6d96a"}},{"type":"Feature","geometry":{"type":"Polygon","coordinates":[[[12.664542100140094,46.101351140724496],[12.664564894191205,46.1008115788915],[12.665341803657457,46.10082745848087],[12.665319017172253,46.101367020611164],[12.664542100140094,46.101351140724496]]]},"properties":{"nbr_class":"moderata","color":"#a6d96a"}},{"type":"Feature","geometry":{"type":"Polygon","coordinates":[[[12.655950299448639,46.102255230663935],[12.655973178030498,46.10171567222766],[12.654419345200804,46.101683779948964],[12.654488022418223,46.10006510607148],[12.65526491580824,46.100081053953275],[12.655219146781684,46.10116017052872],[12.658303932193068,46.1017634710729],[12.658281076309528,46.10230303040408],[12.655950299448639,46.102255230663935]]]},"properties":{"nbr_class":"stress","color":"#ffffbf"}},{"type":"Feature","geometry":{"type":"Polygon","coordinates":[[[12.652998697128492,46.13513625254837],[12.6530445637877,46.13405714412848],[12.653821934218795,46.13407311083164],[12.653844858986389,46.13353355623277],[12.654622222496105,46.133549517354815],[12.655445403918538,46.132486362621854],[12.657000103908873,46.13251825726064],[12.657022996398064,46.131978701287125],[12.656245653652768,46.131962756907264],[12.656268553065654,46.13142320117229],[12.653159218965184,46.1313593720288],[12.65320507644845,46.130280262768956],[12.650873128241546,46.13023233724726],[12.650896078731837,46.129692783424616],[12.649341465038479,46.12966080726776],[12.650164685722457,46.128597690760124],[12.648610103653192,46.128565705238124],[12.648633074905213,46.12802615213355],[12.650210597264458,46.12751858329329],[12.649525166567702,46.125344379315145],[12.651856906266262,46.12539232844605],[12.651879843278634,46.12485277378416],[12.650325364638675,46.12482081357593],[12.649594043813366,46.12372571784259],[12.648039599422077,46.123693727148996],[12.648016625846871,46.12423328043427],[12.645684941476787,46.124185253892456],[12.645661944520326,46.12472480621854],[12.64643917955946,46.12474082064601],[12.646416189520838,46.125280373211865],[12.647193432794273,46.12529638265859],[12.647170449673919,46.12583593546413],[12.6479477011817,46.125851939929895],[12.648679015439702,46.126947045744316],[12.647124481462601,46.126915040895106],[12.647147465896703,46.126375488209646],[12.646370207472401,46.12635947816345],[12.646324222795558,46.12743858287485],[12.644769677621639,46.12740654574056],[12.6447466691452,46.12794609740639],[12.643969389971623,46.12793007061775],[12.644015421418944,46.12685096782614],[12.644792685440498,46.12686699401468],[12.644815692601801,46.12632744222873],[12.64326118036998,46.12629538517099],[12.643330243360234,46.1246767312533],[12.64255301096003,46.124660695704],[12.642645116034414,46.122502490840326],[12.646531133143869,46.122582609782164],[12.646554119897566,46.12204305691609],[12.64499972622296,46.12201102577923],[12.645022727467296,46.1214714734528],[12.640336561034273,46.121914805649816],[12.640359607720715,46.121375255124796],[12.641136792694448,46.12139130471236],[12.641159831148862,46.12085175382677],[12.640382653748539,46.12083570453968],[12.64120590608257,46.11977265187536],[12.642760232572149,46.1198047334091],[12.642714187930924,46.1208838365618],[12.64504572805431,46.120931921066315],[12.645137723829583,46.11877371091984],[12.643583423671307,46.1187416622634],[12.643836524407984,46.11280658600582],[12.643059458602975,46.1127905570599],[12.643082471386114,46.11225100461256],[12.642305413810867,46.11223497068856],[12.642282393457725,46.112774522835714],[12.640751300640453,46.11220288700615],[12.640774335475307,46.111663335399584],[12.6423514525438,46.111155866214055],[12.642374470923635,46.11061631388669],[12.641597436716987,46.11060027558537],[12.641643486641533,46.10952117135095],[12.640866468232955,46.109505128372504],[12.640958590460892,46.10734692038412],[12.64173557859612,46.10736296216121],[12.642558594286292,46.10629989310529],[12.644112543584685,46.10633194907288],[12.644089545601252,46.10687150248095],[12.642512567391307,46.10737899866105],[12.642489552957453,46.10791855134883],[12.644043547662989,46.1079506091169],[12.644020547708106,46.10849016234478],[12.642466537865994,46.10845810397653],[12.642420505710165,46.10953720905175],[12.644751566874218,46.10958529048822],[12.644774560574763,46.109045737080486],[12.645551574712668,46.10906175337075],[12.64550560179232,46.11014086072588],[12.647836693572447,46.11018887972902],[12.647859657653905,46.109649325182495],[12.648636681995173,46.109665320661755],[12.649367808452268,46.11076042109398],[12.650921890701477,46.11079238686062],[12.65103655644993,46.108094607841615],[12.649482549890017,46.1080626450671],[12.649436655282072,46.10914175565791],[12.648659637851596,46.109125765755735],[12.648751454718251,46.106967545531454],[12.647220450090908,46.106395997683],[12.647243417147253,46.105856443015796],[12.648020387852792,46.105872441676006],[12.64804334668558,46.10533288664925],[12.647266383547379,46.105316888288556],[12.64733527881068,46.10369822374667],[12.651219987576578,46.10377815829093],[12.651265838807308,46.102699045303225],[12.650488910871784,46.10268306954592],[12.650511843070774,46.10214351326114],[12.648181085907556,46.10209555522818],[12.64813517545717,46.10317466594199],[12.647358242586165,46.10315866877931],[12.646627251088363,46.10206355682444],[12.647404168168855,46.102079558664485],[12.647427129976103,46.10154000351702],[12.651311687418037,46.10161993207551],[12.650580635736679,46.10052484404679],[12.652134431738281,46.10055678789268],[12.65206568446668,46.10217545890119],[12.65284260615011,46.10219142380661],[12.652911330724454,46.100572751901446],[12.653688230367257,46.100588710634106],[12.653711129684377,46.100049152913634],[12.654488022418223,46.10006510607148],[12.654419345200804,46.101683779948964],[12.655973178030498,46.10171567222766],[12.655950299448639,46.102255230663935],[12.658281076309528,46.10230303040408],[12.658258219772954,46.10284258967529],[12.661365961691299,46.10290624998285],[12.661343134768142,46.10344581038596],[12.65978924736614,46.10341399018971],[12.65974356129528,46.10449310962466],[12.662074438781806,46.10454083379086],[12.662051617469245,46.105080394311926],[12.661274650085266,46.10506449123573],[12.660452008503809,46.106127702553685],[12.656567109004573,46.106048078650964],[12.656589984595108,46.10550852033601],[12.657366955616649,46.10552445537261],[12.657412689702335,46.10444533796619],[12.655858778584134,46.10441346380942],[12.655881659780869,46.103873905613],[12.65432776642019,46.10384201094591],[12.654304870089636,46.1043815685452],[12.651974012271106,46.10433368607261],[12.651928172244286,46.10541279929833],[12.652705139328052,46.10542876599717],[12.65272805210164,46.1048892091154],[12.654259075465879,46.105460683563834],[12.654236177172633,46.10600024098318],[12.653459201207886,46.10598428453964],[12.653390479698528,46.10760295554157],[12.65416747836714,46.10761891288134],[12.654098773672535,46.109237584239644],[12.653321752298112,46.109221626003595],[12.653275930758051,46.11030073934503],[12.654052967270758,46.110316698178615],[12.65398425275957,46.111935368637184],[12.653207193537817,46.111919408907234],[12.653161365450629,46.11299852164877],[12.651607218697292,46.11296658515845],[12.651584288530499,46.11350614084132],[12.650807208569317,46.11349016437948],[12.650761331128365,46.11456927496695],[12.649184188050105,46.11507685961602],[12.649138276390373,46.11615596864631],[12.650692510050547,46.11618794039811],[12.650669568380144,46.11672749542181],[12.653000946518256,46.116775414354365],[12.652978026908281,46.117314970215205],[12.656109459900918,46.11683923235702],[12.656086570579305,46.117378789412676],[12.656863708138266,46.117394731013974],[12.656772174601182,46.11955295983072],[12.655995006751464,46.11953701703554],[12.655949220912387,46.12061613048716],[12.657526465661098,46.12010845469891],[12.65748070880779,46.12118756922435],[12.655926327011478,46.121155687123],[12.655903432456292,46.12169524369888],[12.654326127780406,46.122202895799084],[12.654280305100908,46.12328200745632],[12.652725867964802,46.123250080724766],[12.652702940493544,46.12378963586566],[12.65348016630766,46.123805602170506],[12.653388480170568,46.125963823329855],[12.652611224055704,46.12594785582927],[12.652588293307927,46.126487410670194],[12.655697352013288,46.126551250182985],[12.655720252458018,46.126011694146854],[12.65416573694272,46.12597978554966],[12.654188651884102,46.12544023005096],[12.65652040341537,46.1254880841296],[12.656451724808619,46.12710675313361],[12.654897177676164,46.12707485390361],[12.654828447721822,46.12869352057617],[12.65638304031302,46.128725421597885],[12.656337247377394,46.12980453360758],[12.657114559811971,46.12982047679342],[12.657297655238878,46.12550402492768],[12.660406669092545,46.125567735312494],[12.660383814756278,46.12610729319839],[12.658052030655204,46.126059517436474],[12.65791475454363,46.12929685812601],[12.66102398315785,46.129360555735104],[12.660200956549339,46.13042375412774],[12.658646311932696,46.130391904130576],[12.65857768385782,46.132010574201075],[12.65780033979982,46.13199464038507],[12.65777745488887,46.132534196657],[12.658554806525139,46.13255013077132],[12.6584861706036,46.13416880012236],[12.660040921316467,46.13420065429395],[12.66001805652638,46.13474021122078],[12.657685908703684,46.13469242114513],[12.657754569323808,46.133073752868974],[12.656199852863393,46.13304186819728],[12.654553468964547,46.13516818186799],[12.652998697128492,46.13513625254837]],[[12.652473629737969,46.129185183974776],[12.654028233540332,46.12921711728213],[12.654096988188972,46.127598451685834],[12.651765151661108,46.1275505464935],[12.651742211370786,46.12809010085535],[12.653296783551326,46.12812204352935],[12.652473629737969,46.129185183974776]],[[12.64888571535199,46.12209106402142],[12.649662915153938,46.12210705582983],[12.649685870955327,46.121567501705535],[12.648908678727262,46.12155151019654],[12.64888571535199,46.12209106402142]],[[12.654349038138008,46.1216633398805],[12.655126234968817,46.12167929442969],[12.655194939392477,46.12006062541794],[12.654417765282512,46.12004467176482],[12.654349038138008,46.1216633398805]],[[12.645822909414651,46.120947938674966],[12.650508958329128,46.12050437890739],[12.651332013444273,46.11944124939253],[12.649777687600832,46.1194092846082],[12.649754734423418,46.11994883897256],[12.647423227875494,46.11990085130111],[12.647400251322486,46.12044040470702],[12.645845901771027,46.12040838592854],[12.645822909414651,46.120947938674966]],[[12.65204038401198,46.12107588947101],[12.652817571297724,46.121091859561204],[12.652840495493042,46.12055230412033],[12.652063315780845,46.120536334329124],[12.65204038401198,46.12107588947101]],[[12.652840495493042,46.12055230412033],[12.653617675862513,46.12056826863174],[12.653663507141331,46.11948915697224],[12.652109177352589,46.11945722386535],[12.652840495493042,46.12055230412033]],[[12.648246332056818,46.11883774488016],[12.652132107155518,46.11891766854347],[12.652177964795607,46.1178385577197],[12.650623683072505,46.117806605289175],[12.650669568380144,46.11672749542181],[12.647561073405623,46.11666352960492],[12.647584045362873,46.11612397577877],[12.645252703761674,46.1160759468856],[12.645206713760276,46.11715505267946],[12.645983842111809,46.11717106818907],[12.645960853697453,46.117710621295764],[12.648292265421933,46.11775863704898],[12.648246332056818,46.11883774488016]],[[12.653686421798444,46.11894960105251],[12.655240739069312,46.11898151244355],[12.655263637926112,46.118441955866395],[12.653709335800725,46.1184100450728],[12.653686421798444,46.11894960105251]],[[12.64438357829384,46.11821813684451],[12.645937864626152,46.11825017434242],[12.645960853697453,46.117710621295764],[12.644406582509628,46.11767858439765],[12.64438357829384,46.11821813684451]],[[12.645275697776725,46.115536393898594],[12.647607016663681,46.11558442189258],[12.647629987308067,46.115044867946374],[12.64920714289601,46.11453730501083],[12.64925305062002,46.1134581956204],[12.650807208569317,46.11349016437948],[12.650830146306582,46.112950608995725],[12.65005307457347,46.11293462755463],[12.650076019225533,46.112395072410045],[12.6477448306845,46.112347097314824],[12.647013717050159,46.11125198698627],[12.64545962624463,46.11121996784081],[12.645436637485474,46.1117595213082],[12.644659585501522,46.11174350351859],[12.644636588515603,46.11228305662606],[12.646190708282308,46.112315087526845],[12.646167725779415,46.11285464117394],[12.645390657996423,46.112838628062846],[12.645275697776725,46.115536393898594]],[[12.650076019225533,46.112395072410045],[12.65085308338841,46.11241105355196],[12.65087601981482,46.11187149804818],[12.650098963221964,46.11185551720548],[12.650076019225533,46.112395072410045]],[[12.650898955585834,46.111331942484405],[12.653230106599278,46.11137985244649],[12.653253019006014,46.11084029592575],[12.650921890701477,46.11079238686062],[12.650898955585834,46.111331942484405]],[[12.649528441875308,46.10698353423623],[12.652659311816802,46.106507879580775],[12.652682225899781,46.105968322818974],[12.651151205817571,46.105396827322465],[12.651197060978655,46.10431771469477],[12.649620217978665,46.10482531185429],[12.649597274936172,46.10536486753979],[12.650374240048128,46.10538085006962],[12.650351303917496,46.105920405994326],[12.64957433123813,46.10590442316528],[12.649528441875308,46.10698353423623]],[[12.648066304862388,46.104793331562476],[12.649620217978665,46.10482531185429],[12.649643160365635,46.104285756108766],[12.648089262383241,46.10425377641567],[12.648066304862388,46.104793331562476]],[[12.656658607445165,46.1038898450314],[12.657435555765149,46.10390577917304],[12.658258219772954,46.10284258967529],[12.655927420213096,46.10279478904027],[12.656658607445165,46.1038898450314]]]},"properties":{"nbr_class":"moderata","color":"#a6d96a"}},{"type":"Feature","geometry":{"type":"Polygon","coordinates":[[[12.655219146781684,46.10116017052872],[12.65526491580824,46.100081053953275],[12.656795835500413,46.10065249280321],[12.656772965791502,46.101192051657826],[12.655219146781684,46.10116017052872]]]},"properties":{"nbr_class":"moderata","color":"#a6d96a"}},{"type":"Feature","geometry":{"type":"Polygon","coordinates":[[[12.66298826803621,46.10131936512198],[12.66303388575025,46.100240242585855],[12.665364589491633,46.100287896290695],[12.664542100140094,46.101351140724496],[12.66298826803621,46.10131936512198]]]},"properties":{"nbr_class":"stress","color":"#ffffbf"}},{"type":"Feature","geometry":{"type":"Polygon","coordinates":[[[12.694842346429372,46.10196654638007],[12.694887343713866,46.10088739961142],[12.695664270926637,46.10090307312272],[12.695619288775532,46.101982220478256],[12.694842346429372,46.10196654638007]]]},"properties":{"nbr_class":"stress","color":"#ffffbf"}},{"type":"Feature","geometry":{"type":"Polygon","coordinates":[[[12.656772965791502,46.101192051657826],[12.656795835500413,46.10065249280321],[12.656018933233264,46.100636555175186],[12.656041809854214,46.100096996559],[12.657595599913158,46.10012886594222],[12.657549876279871,46.10120798430795],[12.656772965791502,46.101192051657826]]]},"properties":{"nbr_class":"stress","color":"#ffffbf"}},{"type":"Feature","geometry":{"type":"Polygon","coordinates":[[[12.676173242900704,46.102128351218546],[12.676218604668886,46.101049218714195],[12.676995523909898,46.101065019157694],[12.677040867954195,46.09998588582245],[12.677817772713224,46.100001680398044],[12.677749778373284,46.10162038119834],[12.676173242900704,46.102128351218546]]]},"properties":{"nbr_class":"moderata","color":"#a6d96a"}},{"type":"Feature","geometry":{"type":"Polygon","coordinates":[[[12.665319017172253,46.101367020611164],[12.665341803657457,46.10082745848087],[12.666118713776871,46.10084333279393],[12.666164269663009,46.09976420775927],[12.666941165304115,46.099780076201846],[12.666872853195917,46.101398764555256],[12.665319017172253,46.101367020611164]]]},"properties":{"nbr_class":"stress","color":"#ffffbf"}},{"type":"Feature","geometry":{"type":"Polygon","coordinates":[[[12.656041809854214,46.100096996559],[12.656064685821573,46.09955743788284],[12.657618460750053,46.09958930666942],[12.657595599913158,46.10012886594222],[12.656041809854214,46.100096996559]]]},"properties":{"nbr_class":"moderata","color":"#a6d96a"}},{"type":"Feature","geometry":{"type":"Polygon","coordinates":[[[12.639704137437375,46.100300646208574],[12.63975020775876,46.099221541493414],[12.640527081079789,46.09923758931776],[12.64055010768881,46.098698036569616],[12.642103841181676,46.09873011579046],[12.642057817564396,46.09980922242782],[12.641280935358719,46.09979318485473],[12.641257914998887,46.10033273778306],[12.639704137437375,46.100300646208574]]]},"properties":{"nbr_class":"moderata","color":"#a6d96a"}},{"type":"Feature","geometry":{"type":"Polygon","coordinates":[[[12.662234169713612,46.10076390846563],[12.662302616048455,46.09914522528458],[12.66307950085769,46.09916111981007],[12.663011077219068,46.10077980388387],[12.662234169713612,46.10076390846563]]]},"properties":{"nbr_class":"moderata","color":"#a6d96a"}},{"type":"Feature","geometry":{"type":"Polygon","coordinates":[[[12.651403376780232,46.09946170490005],[12.65142629748357,46.09892214795619],[12.652203173117654,46.0989381163442],[12.652180259979183,46.09947767358702],[12.651403376780232,46.09946170490005]]]},"properties":{"nbr_class":"moderata","color":"#a6d96a"}},{"type":"Feature","geometry":{"type":"Polygon","coordinates":[[[12.677749778373284,46.10162038119834],[12.677817772713224,46.100001680398044],[12.677040867954195,46.09998588582245],[12.677063539004717,46.0994463190651],[12.679394232533596,46.09949368607619],[12.679326285531593,46.10111238882924],[12.677749778373284,46.10162038119834]]]},"properties":{"nbr_class":"stress","color":"#ffffbf"}},{"type":"Feature","geometry":{"type":"Polygon","coordinates":[[[12.684033034154927,46.100127847055134],[12.684055637113957,46.099588277640024],[12.684832540146273,46.099604024433724],[12.684809944753079,46.10014359414364],[12.684033034154927,46.100127847055134]]]},"properties":{"nbr_class":"stress","color":"#ffffbf"}},{"type":"Feature","geometry":{"type":"Polygon","coordinates":[[[12.665341803657457,46.10082745848087],[12.665364589491633,46.100287896290695],[12.66303388575025,46.100240242585855],[12.663056693629784,46.09970068122791],[12.663833586657978,46.0997165707749],[12.663879185331977,46.098637447284354],[12.664656063883463,46.098653330960495],[12.664633272437179,46.099192893033106],[12.666164269663009,46.09976420775927],[12.666118713776871,46.10084333279393],[12.665341803657457,46.10082745848087]]]},"properties":{"nbr_class":"degradata","color":"#fdae61"}},{"type":"Feature","geometry":{"type":"Polygon","coordinates":[[[12.665387374674808,46.0997483340406],[12.665432943088241,46.09866920936074],[12.666963934705718,46.0992405132976],[12.666941165304115,46.099780076201846],[12.665387374674808,46.0997483340406]]]},"properties":{"nbr_class":"moderata","color":"#a6d96a"}},{"type":"Feature","geometry":{"type":"Polygon","coordinates":[[[12.663056693629784,46.09970068122791],[12.66307950085769,46.09916111981007],[12.662302616048455,46.09914522528458],[12.662325430189734,46.09860566410438],[12.663879185331977,46.098637447284354],[12.663833586657978,46.0997165707749],[12.663056693629784,46.09970068122791]]]},"properties":{"nbr_class":"stress","color":"#ffffbf"}},{"type":"Feature","geometry":{"type":"Polygon","coordinates":[[[12.664633272437179,46.099192893033106],[12.664656063883463,46.098653330960495],[12.665432943088241,46.09866920936074],[12.665410159207003,46.09920877173062],[12.664633272437179,46.099192893033106]]]},"properties":{"nbr_class":"stress","color":"#ffffbf"}},{"type":"Feature","geometry":{"type":"Polygon","coordinates":[[[12.695709250507376,46.09982392552847],[12.695731739333915,46.09928435164184],[12.69650864449285,46.09930001899648],[12.696486163232276,46.09983959317645],[12.695709250507376,46.09982392552847]]]},"properties":{"nbr_class":"sana","color":"#1a9641"}},{"type":"Feature","geometry":{"type":"Polygon","coordinates":[[[12.68167967994604,46.10062014260162],[12.680948031465885,46.099525237702466],[12.68172493190529,46.09954100560126],[12.681770181278827,46.098461868361795],[12.682547067235898,46.09847763039413],[12.68327873472954,46.09957252557005],[12.682501832993248,46.099556768223785],[12.682456596165748,46.10063590581438],[12.68167967994604,46.10062014260162]]]},"properties":{"nbr_class":"sana","color":"#1a9641"}},{"type":"Feature","geometry":{"type":"Polygon","coordinates":[[[12.701080341668096,46.10155221571367],[12.700348292447387,46.100457427854415],[12.69879444606852,46.10042613946114],[12.698839363835303,46.099346989402086],[12.69806245674376,46.09933133787661],[12.698084922230466,46.098791763050635],[12.70276874848759,46.09834601465817],[12.702723908945213,46.09942516788311],[12.701946998636991,46.09940954273979],[12.701924570338797,46.09994911897028],[12.703455992923972,46.100519941321316],[12.703433578477291,46.101059518017564],[12.701879711819924,46.10102827125242],[12.701857281599201,46.101567847304025],[12.701080341668096,46.10155221571367]]]},"properties":{"nbr_class":"sana","color":"#1a9641"}},{"type":"Feature","geometry":{"type":"Polygon","coordinates":[[[12.663901983691915,46.098097885449214],[12.663947578457792,46.09701876159923],[12.66472443431551,46.09703464438329],[12.664678854678597,46.098113768828],[12.663901983691915,46.098097885449214]]]},"properties":{"nbr_class":"sana","color":"#1a9641"}},{"type":"Feature","geometry":{"type":"Polygon","coordinates":[[[12.651495055664643,46.097303476764594],[12.651517973748767,46.09676391958073],[12.652294819125544,46.096779886772985],[12.652271908605424,46.09731944425577],[12.651495055664643,46.097303476764594]]]},"properties":{"nbr_class":"moderata","color":"#a6d96a"}},{"type":"Feature","geometry":{"type":"Polygon","coordinates":[[[12.672470314936202,46.09773274728398],[12.672493028784087,46.09719318206354],[12.673269891815329,46.097209006815284],[12.67324718553207,46.09774857233199],[12.672470314936202,46.09773274728398]]]},"properties":{"nbr_class":"sana","color":"#1a9641"}},{"type":"Feature","geometry":{"type":"Polygon","coordinates":[[[12.67480092867618,46.09778020660047],[12.674823619830113,46.09724064049152],[12.675600484813225,46.097256449416015],[12.67557780122399,46.09779601582093],[12.67480092867618,46.09778020660047]]]},"properties":{"nbr_class":"stress","color":"#ffffbf"}},{"type":"Feature","geometry":{"type":"Polygon","coordinates":[[[12.70430013644904,46.09891682517291],[12.704367347486988,46.09729809331292],[12.705921112074803,46.097329304326756],[12.705898724166303,46.09786888225738],[12.705121833986048,46.09785327909639],[12.705077041118676,46.09893243419456],[12.70430013644904,46.09891682517291]]]},"properties":{"nbr_class":"sana","color":"#1a9641"}},{"type":"Feature","geometry":{"type":"Polygon","coordinates":[[[12.641396027293027,46.09709541931202],[12.641442059463586,46.096016312674394],[12.642218888720338,46.09603234814589],[12.642172871676964,46.09711145538393],[12.641396027293027,46.09709541931202]]]},"properties":{"nbr_class":"moderata","color":"#a6d96a"}},{"type":"Feature","geometry":{"type":"Polygon","coordinates":[[[12.677931083662843,46.09730384453481],[12.677953743910432,46.09676427718274],[12.679507464595748,46.096795846958564],[12.679484819477329,46.09733541490168],[12.677931083662843,46.09730384453481]]]},"properties":{"nbr_class":"stress","color":"#ffffbf"}},{"type":"Feature","geometry":{"type":"Polygon","coordinates":[[[12.682592298893884,46.09739849232539],[12.682614913753683,46.09685892320135],[12.683391777664262,46.09687467907264],[12.683369170369174,46.09741424849166],[12.682592298893884,46.09739849232539]]]},"properties":{"nbr_class":"degradata","color":"#fdae61"}},{"type":"Feature","geometry":{"type":"Polygon","coordinates":[[[12.690315962426864,46.09863496053161],[12.690406120561441,46.09647667237337],[12.691182983377608,46.0964923751923],[12.691092855503223,46.09865066452653],[12.690315962426864,46.09863496053161]]]},"properties":{"nbr_class":"moderata","color":"#a6d96a"}},{"type":"Feature","geometry":{"type":"Polygon","coordinates":[[[12.706675614988312,46.09788448014215],[12.706720375035108,46.09680532363728],[12.70749725136803,46.096820915661986],[12.707452506451856,46.0979000727507],[12.706675614988312,46.09788448014215]]]},"properties":{"nbr_class":"sana","color":"#1a9641"}},{"type":"Feature","geometry":{"type":"Polygon","coordinates":[[[12.651540891178147,46.09622436233686],[12.651563807952803,46.095684805033],[12.652340638202219,46.09570077162739],[12.652317728991136,46.09624032923018],[12.651540891178147,46.09622436233686]]]},"properties":{"nbr_class":"moderata","color":"#a6d96a"}},{"type":"Feature","geometry":{"type":"Polygon","coordinates":[[[12.65309456746078,46.096256290848174],[12.653117469108269,46.09571673294656],[12.654671132889407,46.09574863975917],[12.654648246369181,46.09628819825813],[12.65309456746078,46.096256290848174]]]},"properties":{"nbr_class":"moderata","color":"#a6d96a"}},{"type":"Feature","geometry":{"type":"Polygon","coordinates":[[[12.705144229459922,46.0973137014579],[12.705166624293952,46.0967741237598],[12.705943499343677,46.096789726336546],[12.705921112074803,46.097329304326756],[12.705144229459922,46.0973137014579]]]},"properties":{"nbr_class":"stress","color":"#ffffbf"}},{"type":"Feature","geometry":{"type":"Polygon","coordinates":[[[12.646742091391385,46.099365781984666],[12.646788022919345,46.0982866716285],[12.646011159453224,46.098270666609736],[12.645988186452822,46.098810221518185],[12.644434446367335,46.0987781950542],[12.644457434496642,46.098238640745315],[12.643680573006614,46.098222619899694],[12.643726562423174,46.09714351170164],[12.644503408785013,46.0971595319474],[12.644572365292312,46.09554086830013],[12.64534918962228,46.09555688237104],[12.645372166248256,46.09501732740206],[12.646148983673637,46.09503333589816],[12.646057103485077,46.0971915566127],[12.649164500784693,46.09725554263805],[12.649987217523009,46.09619241272429],[12.650764054022032,46.09620839016822],[12.650718203380784,46.09728750399791],[12.651495055664643,46.097303476764594],[12.65142629748357,46.09892214795619],[12.648318801519295,46.0988582216462],[12.648295850556726,46.099397777393264],[12.646742091391385,46.099365781984666]]]},"properties":{"nbr_class":"moderata","color":"#a6d96a"}},{"type":"Feature","geometry":{"type":"Polygon","coordinates":[[[12.691092855503223,46.09865066452653],[12.691182983377608,46.0964923751923],[12.691959846839595,46.09650807273541],[12.691982369634344,46.0959684999587],[12.692759226177376,46.095984191932224],[12.692736710947182,46.09652376500272],[12.695844173829231,46.0965864813136],[12.69579920195849,46.097665629623926],[12.695022320140716,46.09764995787317],[12.694200434265609,46.098713427744144],[12.693423538606904,46.09869774485408],[12.693446048844882,46.09815817172865],[12.69189227459433,46.09812679070736],[12.691869749225496,46.09866636324526],[12.691092855503223,46.09865066452653]]]},"properties":{"nbr_class":"stress","color":"#ffffbf"}},{"type":"Feature","geometry":{"type":"Polygon","coordinates":[[[12.672538454533115,46.09611405144314],[12.672561166434297,46.095574486043176],[12.674114847762365,46.09560612849364],[12.674092150989168,46.09614569448602],[12.672538454533115,46.09611405144314]]]},"properties":{"nbr_class":"stress","color":"#ffffbf"}},{"type":"Feature","geometry":{"type":"Polygon","coordinates":[[[12.704389749886154,46.09675851590705],[12.704412151645283,46.09621893844156],[12.705189018488163,46.09623454600211],[12.705166624293952,46.0967741237598],[12.704389749886154,46.09675851590705]]]},"properties":{"nbr_class":"stress","color":"#ffffbf"}},{"type":"Feature","geometry":{"type":"Polygon","coordinates":[[[12.705166624293952,46.0967741237598],[12.705211412042573,46.0956949681848],[12.705988271962628,46.09571057017733],[12.705943499343677,46.096789726336546],[12.705166624293952,46.0967741237598]]]},"properties":{"nbr_class":"degradata","color":"#fdae61"}},{"type":"Feature","geometry":{"type":"Polygon","coordinates":[[[12.704412151645283,46.09621893844156],[12.704434552764397,46.09567936091646],[12.705211412042573,46.0956949681848],[12.705189018488163,46.09623454600211],[12.704412151645283,46.09621893844156]]]},"properties":{"nbr_class":"moderata","color":"#a6d96a"}},{"type":"Feature","geometry":{"type":"Polygon","coordinates":[[[12.667922894715167,46.094939868401596],[12.667945650699481,46.09440030466147],[12.66949929395638,46.094432009229656],[12.66947655309891,46.09497157356334],[12.667922894715167,46.094939868401596]]]},"properties":{"nbr_class":"stress","color":"#ffffbf"}},{"type":"Feature","geometry":{"type":"Polygon","coordinates":[[[12.705965885972944,46.09625014828674],[12.705233804957208,46.095155390307895],[12.708318855571898,46.09575734449995],[12.708296492276531,46.096296923485085],[12.705965885972944,46.09625014828674]]]},"properties":{"nbr_class":"stress","color":"#ffffbf"}},{"type":"Feature","geometry":{"type":"Polygon","coordinates":[[[12.683323953841258,46.09849338715038],[12.683391777664262,46.09687467907264],[12.682614913753683,46.09685892320135],[12.682569683387962,46.09793806138964],[12.681015927252545,46.09790653263922],[12.681061187877408,46.09682739563146],[12.680284325912142,46.09681162393289],[12.680329599079526,46.09573248727656],[12.682660141535013,46.09577978477399],[12.682727978361676,46.09416107668469],[12.68350480445193,46.09417683108114],[12.683482200386024,46.09471640079897],[12.685035869637323,46.09474789435561],[12.684968098949364,46.09636660491942],[12.685744957238743,46.09638234466863],[12.685699788682347,46.09746148533512],[12.684922915263622,46.097445744996534],[12.684100841094695,46.098509138630554],[12.683323953841258,46.09849338715038]]]},"properties":{"nbr_class":"stress","color":"#ffffbf"}},{"type":"Feature","geometry":{"type":"Polygon","coordinates":[[[12.696621041161585,46.09660214720167],[12.69664351856866,46.09606257266372],[12.695866658800977,46.09604690706894],[12.695934109861984,46.09442818397691],[12.696710946936955,46.094443848691824],[12.696665995333566,46.09552299806609],[12.697442848181055,46.09553865809189],[12.697397909138243,46.09661780781387],[12.696621041161585,46.09660214720167]]]},"properties":{"nbr_class":"sana","color":"#1a9641"}},{"type":"Feature","geometry":{"type":"Polygon","coordinates":[[[12.664815585776555,46.09487639477504],[12.664861157601058,46.09379726961152],[12.666414780512081,46.09382901578657],[12.665592412032058,46.09489227109454],[12.664815585776555,46.09487639477504]]]},"properties":{"nbr_class":"stress","color":"#ffffbf"}},{"type":"Feature","geometry":{"type":"Polygon","coordinates":[[[12.648525330678677,46.09400221722167],[12.648548275085286,46.093462660874394],[12.649325072454236,46.09347864737238],[12.649302135610247,46.094018204018944],[12.648525330678677,46.09400221722167]]]},"properties":{"nbr_class":"sana","color":"#1a9641"}},{"type":"Feature","geometry":{"type":"Polygon","coordinates":[[[12.67484631033577,46.09670107432274],[12.67489168940234,46.0956219418057],[12.675668531692653,46.09563774984231],[12.675736572740147,46.09401904973023],[12.676513392989655,46.09403485160382],[12.676468048066356,46.095113985663374],[12.678021720768943,46.09514557476775],[12.678067035437962,46.094066439525406],[12.678843857636334,46.09408222557337],[12.678866506436636,46.09354265756696],[12.680397503980421,46.09411378184367],[12.679530109067205,46.096256278955664],[12.677999062463458,46.09568514229922],[12.67797640351063,46.09622470977088],[12.67484631033577,46.09670107432274]]]},"properties":{"nbr_class":"stress","color":"#ffffbf"}},{"type":"Feature","geometry":{"type":"Polygon","coordinates":[[[12.650101870480595,46.093494628595565],[12.650124799106907,46.0929550715898],[12.650901590228006,46.0929710472391],[12.650878669164143,46.09351060454397],[12.650101870480595,46.093494628595565]]]},"properties":{"nbr_class":"sana","color":"#1a9641"}},{"type":"Feature","geometry":{"type":"Polygon","coordinates":[[[12.68350480445193,46.09417683108114],[12.68352740787207,46.09363726130356],[12.684304227046773,46.093653010129884],[12.684281631190075,46.09419258020232],[12.68350480445193,46.09417683108114]]]},"properties":{"nbr_class":"sana","color":"#1a9641"}},{"type":"Feature","geometry":{"type":"Polygon","coordinates":[[[12.706787510309933,46.09518658843304],[12.706854639830864,46.093567852692445],[12.709185134592754,46.09361460768598],[12.709118073149158,46.09523334605271],[12.706787510309933,46.09518658843304]]]},"properties":{"nbr_class":"sana","color":"#1a9641"}},{"type":"Feature","geometry":{"type":"Polygon","coordinates":[[[12.670321581202325,46.09336872416073],[12.670344312548036,46.09282915935082],[12.671121113116744,46.09284499755736],[12.671098389333865,46.093384562663786],[12.670321581202325,46.09336872416073]]]},"properties":{"nbr_class":"sana","color":"#1a9641"}},{"type":"Feature","geometry":{"type":"Polygon","coordinates":[[[12.672652007550717,46.093416223844876],[12.672674716207855,46.092876658145705],[12.673451518729829,46.09289248052748],[12.673428817635594,46.09343204652288],[12.672652007550717,46.093416223844876]]]},"properties":{"nbr_class":"stress","color":"#ffffbf"}},{"type":"Feature","geometry":{"type":"Polygon","coordinates":[[[12.687411510219933,46.09371595268298],[12.687434075177972,46.09317638137239],[12.688210890025426,46.09319210352821],[12.68818833263073,46.09373167513314],[12.687411510219933,46.09371595268298]]]},"properties":{"nbr_class":"sana","color":"#1a9641"}},{"type":"Feature","geometry":{"type":"Polygon","coordinates":[[[12.646148983673637,46.09503333589816],[12.646194919830716,46.093954225180646],[12.645418117531028,46.09393821728395],[12.645441092187871,46.09339866213481],[12.646994682320466,46.09343067205411],[12.64701764119634,46.09289111624567],[12.648571218836423,46.09292310446709],[12.648594161932117,46.092383547999766],[12.650924510637072,46.09243148987424],[12.650947430391362,46.09189193244938],[12.65250098435556,46.091923866728116],[12.652432268501947,46.09354254061633],[12.651655468504668,46.09352657521757],[12.65160963953804,46.09460569024528],[12.646948762601001,46.09450978349087],[12.646925801757359,46.09504933911921],[12.646148983673637,46.09503333589816]],[[12.648525330678677,46.09400221722167],[12.649302135610247,46.094018204018944],[12.649325072454236,46.09347864737238],[12.648548275085286,46.093462660874394],[12.648525330678677,46.09400221722167]],[[12.650101870480595,46.093494628595565],[12.650878669164143,46.09351060454397],[12.650901590228006,46.0929710472391],[12.650124799106907,46.0929550715898],[12.650101870480595,46.093494628595565]]]},"properties":{"nbr_class":"moderata","color":"#a6d96a"}},{"type":"Feature","geometry":{"type":"Polygon","coordinates":[[[12.668767966894091,46.093337031329604],[12.668813459186895,46.09225790283659],[12.66959025088977,46.09227375129622],[12.669544773722327,46.09335288038265],[12.668767966894091,46.093337031329604]]]},"properties":{"nbr_class":"sana","color":"#1a9641"}},{"type":"Feature","geometry":{"type":"Polygon","coordinates":[[[12.681196954236029,46.09358998317348],[12.681242204517526,46.09251084520927],[12.68201900662188,46.092526609270855],[12.681996389367258,46.093066178577985],[12.68277319968283,46.09308193765965],[12.682795809374488,46.092542368057465],[12.685126221519676,46.09258961276738],[12.685081046869126,46.09366875368099],[12.681196954236029,46.09358998317348]]]},"properties":{"nbr_class":"stress","color":"#ffffbf"}},{"type":"Feature","geometry":{"type":"Polygon","coordinates":[[[12.688965155688095,46.09374739230807],[12.688987705519429,46.09320782040888],[12.690563872506965,46.09269966579755],[12.69051880374167,46.09377881083205],[12.688965155688095,46.09374739230807]]]},"properties":{"nbr_class":"stress","color":"#ffffbf"}},{"type":"Feature","geometry":{"type":"Polygon","coordinates":[[[12.696710946936955,46.094443848691824],[12.696733421775484,46.09390427391519],[12.69595659226432,46.09388860949355],[12.696001555142129,46.09280946034784],[12.697555184554666,46.0928407827429],[12.697532718563671,46.093380357932006],[12.698309541799363,46.093396011509796],[12.698264623019316,46.09447516229521],[12.696710946936955,46.094443848691824]]]},"properties":{"nbr_class":"stress","color":"#ffffbf"}},{"type":"Feature","geometry":{"type":"Polygon","coordinates":[[[12.681996389367258,46.093066178577985],[12.68201900662188,46.092526609270855],[12.682795809374488,46.092542368057465],[12.68277319968283,46.09308193765965],[12.681996389367258,46.093066178577985]]]},"properties":{"nbr_class":"degradata","color":"#fdae61"}},{"type":"Feature","geometry":{"type":"Polygon","coordinates":[[[12.686657260977277,46.09316065394142],[12.686679832853773,46.09262108286555],[12.687456639491364,46.092636810002084],[12.687434075177972,46.09317638137239],[12.686657260977277,46.09316065394142]]]},"properties":{"nbr_class":"stress","color":"#ffffbf"}},{"type":"Feature","geometry":{"type":"Polygon","coordinates":[[[12.688210890025426,46.09319210352821],[12.688233446775696,46.092652531863564],[12.68901025470655,46.09266824844997],[12.688987705519429,46.09320782040888],[12.688210890025426,46.09319210352821]]]},"properties":{"nbr_class":"sana","color":"#1a9641"}},{"type":"Feature","geometry":{"type":"Polygon","coordinates":[[[12.66959025088977,46.09227375129622],[12.66961298849911,46.0917341866632],[12.672720131575934,46.09179752656784],[12.672697424216254,46.09233709238669],[12.66959025088977,46.09227375129622]]]},"properties":{"nbr_class":"stress","color":"#ffffbf"}},{"type":"Feature","geometry":{"type":"Polygon","coordinates":[[[12.68201900662188,46.092526609270855],[12.682041623230372,46.091987039903955],[12.682818418420233,46.092002798395534],[12.682795809374488,46.092542368057465],[12.68201900662188,46.092526609270855]]]},"properties":{"nbr_class":"stress","color":"#ffffbf"}},{"type":"Feature","geometry":{"type":"Polygon","coordinates":[[[12.682795809374488,46.092542368057465],[12.682818418420233,46.092002798395534],[12.683595214258107,46.09201855161224],[12.683572612775134,46.09255812156912],[12.682795809374488,46.092542368057465]]]},"properties":{"nbr_class":"moderata","color":"#a6d96a"}},{"type":"Feature","geometry":{"type":"Polygon","coordinates":[[[12.684349416823602,46.092573869805754],[12.68437201074378,46.09203429955404],[12.685148807877036,46.09205004222094],[12.685126221519676,46.09258961276738],[12.684349416823602,46.092573869805754]]]},"properties":{"nbr_class":"moderata","color":"#a6d96a"}},{"type":"Feature","geometry":{"type":"Polygon","coordinates":[[[12.71076113838098,46.093106171146566],[12.710805811286022,46.09202701065228],[12.71158262274501,46.092042573674085],[12.711537964966933,46.09312173475111],[12.71076113838098,46.093106171146566]]]},"properties":{"nbr_class":"degradata","color":"#fdae61"}},{"type":"Feature","geometry":{"type":"Polygon","coordinates":[[[12.683572612775134,46.09255812156912],[12.683595214258107,46.09201855161224],[12.682818418420233,46.092002798395534],[12.682863634574066,46.090923658892365],[12.684417196647777,46.090955158871374],[12.684394604018498,46.091494729242584],[12.686724974672273,46.0915419405346],[12.686679832853773,46.09262108286555],[12.685126221519676,46.09258961276738],[12.685148807877036,46.09205004222094],[12.683572612775134,46.09255812156912]]]},"properties":{"nbr_class":"sana","color":"#1a9641"}},{"type":"Feature","geometry":{"type":"Polygon","coordinates":[[[12.64555595562759,46.09070088548855],[12.645578926346797,46.09016132997917],[12.647909176420606,46.09020933155376],[12.647886228385163,46.0907488879618],[12.64555595562759,46.09070088548855]]]},"properties":{"nbr_class":"moderata","color":"#a6d96a"}},{"type":"Feature","geometry":{"type":"Polygon","coordinates":[[[12.66342153109677,46.09106769135289],[12.663444327901786,46.09052812897646],[12.66577462320768,46.090575766625214],[12.665751849088027,46.091115329893505],[12.66342153109677,46.09106769135289]]]},"properties":{"nbr_class":"stress","color":"#ffffbf"}},{"type":"Feature","geometry":{"type":"Polygon","coordinates":[[[12.647132425738016,46.090193336303045],[12.647155380678976,46.08965378013443],[12.648708867579712,46.08968576476287],[12.648685927760898,46.090225321530305],[12.647132425738016,46.090193336303045]]]},"properties":{"nbr_class":"stress","color":"#ffffbf"}},{"type":"Feature","geometry":{"type":"Polygon","coordinates":[[[12.649485612016377,46.089701749165975],[12.64950854361899,46.08916219203929],[12.651062019341984,46.089194144425],[12.651039102861224,46.089733702149886],[12.649485612016377,46.089701749165975]]]},"properties":{"nbr_class":"stress","color":"#ffffbf"}},{"type":"Feature","geometry":{"type":"Polygon","coordinates":[[[12.669623076171854,46.146817074482854],[12.669645856752359,46.14627751500631],[12.670423408395601,46.14629337202684],[12.67044618074083,46.14575381219351],[12.672001270818415,46.145785509786975],[12.672024027344923,46.14524594930032],[12.66813634496915,46.14516666716655],[12.668159138763173,46.144627108104416],[12.666626893863793,46.14405580032636],[12.666672508525894,46.142976683091476],[12.665895005652018,46.14296080143179],[12.665940632871315,46.14188168455199],[12.66516314581676,46.14186579820314],[12.665208785591663,46.1407866816786],[12.664431314355683,46.14077079064097],[12.664476966684598,46.13969167447184],[12.66605468950766,46.13918389130422],[12.666123115665089,46.13756521463676],[12.66534568926187,46.137549330667206],[12.665391318601054,46.136470213184154],[12.664613908012768,46.13645432452653],[12.664636729284162,46.13591476599262],[12.663081925231145,46.13588297342409],[12.663104761009704,46.135343415425524],[12.662327367545123,46.13532751151495],[12.66235021025045,46.13478795375419],[12.663927809569335,46.13428019728122],[12.66395063581073,46.13374063880522],[12.665505380537377,46.133772418428215],[12.665482569454209,46.134311977499216],[12.66470518918458,46.134296090031434],[12.664659549903247,46.1353752073988],[12.666991738151248,46.13542285573892],[12.667014535379305,46.13488329619311],[12.666237146222175,46.13486741899299],[12.666328358934742,46.13270918139979],[12.660886865369367,46.13259790142193],[12.660909719967108,46.13205834395731],[12.66013237394168,46.1320424259872],[12.660178096333526,46.13096331147417],[12.659400766119669,46.13094738881831],[12.659423633913148,46.130407831769986],[12.661755603788073,46.130455582998174],[12.661778448195543,46.1299160249959],[12.660246675020863,46.12934463925505],[12.66029239087907,46.12826552414259],[12.661069683862191,46.12828144002669],[12.661115381954268,46.12720232407852],[12.660338104124147,46.12718640879037],[12.660406669092545,46.125567735312494],[12.657297655238878,46.12550402492768],[12.657114559811971,46.12982047679342],[12.656337247377394,46.12980453360758],[12.65638304031302,46.128725421597885],[12.654828447721822,46.12869352057617],[12.654897177676164,46.12707485390361],[12.656451724808619,46.12710675313361],[12.65652040341537,46.1254880841296],[12.654188651884102,46.12544023005096],[12.65416573694272,46.12597978554966],[12.653388480170568,46.125963823329855],[12.65348016630766,46.123805602170506],[12.652702940493544,46.12378963586566],[12.652725867964802,46.123250080724766],[12.654280305100908,46.12328200745632],[12.654326127780406,46.122202895799084],[12.65510333218526,46.12221885064699],[12.655926327011478,46.121155687123],[12.65748070880779,46.12118756922435],[12.657526465661098,46.12010845469891],[12.655949220912387,46.12061613048716],[12.655995006751464,46.11953701703554],[12.656772174601182,46.11955295983072],[12.656863708138266,46.117394731013974],[12.656086570579305,46.117378789412676],[12.656109459900918,46.11683923235702],[12.652978026908281,46.117314970215205],[12.653000946518256,46.116775414354365],[12.650669568380144,46.11672749542181],[12.650692510050547,46.11618794039811],[12.649138276390373,46.11615596864631],[12.649184188050105,46.11507685961602],[12.650761331128365,46.11456927496695],[12.650807208569317,46.11349016437948],[12.651584288530499,46.11350614084132],[12.651607218697292,46.11296658515845],[12.653161365450629,46.11299852164877],[12.653207193537817,46.111919408907234],[12.65398425275957,46.111935368637184],[12.654052967270758,46.110316698178615],[12.653275930758051,46.11030073934503],[12.653321752298112,46.109221626003595],[12.654098773672535,46.109237584239644],[12.65416747836714,46.10761891288134],[12.655721477673644,46.10765081172857],[12.655744362793378,46.107111253891965],[12.656521355862592,46.10712719510095],[12.656567109004573,46.106048078650964],[12.660452008503809,46.106127702553685],[12.660474846256026,46.10558814274806],[12.662051617469245,46.105080394311926],[12.662074438781806,46.10454083379086],[12.65974356129528,46.10449310962466],[12.65978924736614,46.10341399018971],[12.661343134768142,46.10344581038596],[12.661365961691299,46.10290624998285],[12.658258219772954,46.10284258967529],[12.658303932193068,46.1017634710729],[12.657527013483431,46.10174754340088],[12.657618460750053,46.09958930666942],[12.656064685821573,46.09955743788284],[12.656041809854214,46.100096996559],[12.653711129684377,46.100049152913634],[12.653688230367257,46.100588710634106],[12.652911330724454,46.100572751901446],[12.65284260615011,46.10219142380661],[12.65206568446668,46.10217545890119],[12.652134431738281,46.10055678789268],[12.647473051622528,46.10046089304202],[12.64745009112732,46.101000448309534],[12.646673189178221,46.10098444706864],[12.646604281059037,46.10260311161228],[12.64738120570555,46.102619113751906],[12.647358242586165,46.10315866877931],[12.64813517545717,46.10317466594199],[12.648181085907556,46.10209555522818],[12.650511843070774,46.10214351326114],[12.650488910871784,46.10268306954592],[12.651265838807308,46.102699045303225],[12.651219987576578,46.10377815829093],[12.64733527881068,46.10369822374667],[12.647220450090908,46.106395997683],[12.648751454718251,46.106967545531454],[12.648659637851596,46.109125765755735],[12.649436655282072,46.10914175565791],[12.649413706994546,46.10968131086328],[12.65096775896674,46.109713275433045],[12.650921890701477,46.11079238686062],[12.649367808452268,46.11076042109398],[12.648636681995173,46.109665320661755],[12.647859657653905,46.109649325182495],[12.647836693572447,46.11018887972902],[12.64550560179232,46.11014086072588],[12.645551574712668,46.10906175337075],[12.644774560574763,46.109045737080486],[12.644751566874218,46.10958529048822],[12.642420505710165,46.10953720905175],[12.642466537865994,46.10845810397653],[12.644020547708106,46.10849016234478],[12.644043547662989,46.1079506091169],[12.642489552957453,46.10791855134883],[12.642512567391307,46.10737899866105],[12.643289556846238,46.107395029883634],[12.644112543584685,46.10633194907288],[12.642558594286292,46.10629989310529],[12.642535581167579,46.1068394459132],[12.640958590460892,46.10734692038412],[12.640866468232955,46.109505128372504],[12.641643486641533,46.10952117135095],[12.641597436716987,46.11060027558537],[12.642374470923635,46.11061631388669],[12.6423514525438,46.111155866214055],[12.641574410767818,46.11113982761246],[12.640751300640453,46.11220288700615],[12.641528356895575,46.112218931486424],[12.641505328972453,46.112758483333295],[12.642282393457725,46.112774522835714],[12.642305413810867,46.11223497068856],[12.643836524407984,46.11280658600582],[12.643583423671307,46.1187416622634],[12.645137723829583,46.11877371091984],[12.64504572805431,46.120931921066315],[12.642714187930924,46.1208838365618],[12.642760232572149,46.1198047334091],[12.64120590608257,46.11977265187536],[12.641182868944895,46.1203122028811],[12.640405699117768,46.120296153894486],[12.641136792694448,46.12139130471236],[12.63955936914772,46.12189875048187],[12.639490202414333,46.12351740079464],[12.637158562555806,46.12346920090444],[12.637227797455083,46.12185055329876],[12.63645060821393,46.12183447701134],[12.636473692768151,46.12129492799021],[12.637250874435795,46.12131100397665],[12.637273950757026,46.12077145459444],[12.638828300930392,46.120803590126414],[12.638097261031122,46.11970842545375],[12.6349886265615,46.119644114560685],[12.634965528840652,46.12018366315995],[12.634188364305492,46.120167571936854],[12.63421146959913,46.119628023638825],[12.63188000268757,46.119579719196864],[12.63194938275772,46.11796107665494],[12.632726515015232,46.11797718251038],[12.632795866422768,46.11635853852255],[12.633572976628097,46.11637463819463],[12.633596084871542,46.11583508977698],[12.63512719902611,46.11640682170235],[12.634303884171139,46.117469829845405],[12.635858138180009,46.11750200400017],[12.635973565828152,46.114804257393764],[12.633642299377465,46.11475599276128],[12.633665405639993,46.114216444163226],[12.634442486224115,46.11423253735129],[12.635265747733563,46.11316952667947],[12.63604281450123,46.1131856087085],[12.63608897698542,46.11210650928439],[12.637666147339578,46.1115991058999],[12.637873703706765,46.10674314955852],[12.638650681632281,46.10675921214375],[12.638604577743326,46.10783831457513],[12.63938157146532,46.10785437248452],[12.639427660218601,46.106775269451894],[12.640204639465507,46.106791321482916],[12.640227675286969,46.10625176957596],[12.637896762230763,46.10620359855341],[12.63796593384987,46.10458494517743],[12.63951982982429,46.10461706266557],[12.639542870579831,46.10407751081875],[12.640319811991214,46.10409356134725],[12.640250710450246,46.1057122176089],[12.64102767522262,46.105728263761975],[12.64109675406285,46.10410960659912],[12.641873696794525,46.10412564657434],[12.641896714192317,46.10358609376628],[12.641119779027148,46.10357005409134],[12.641165826982215,46.102490948895564],[12.63883507084446,46.1024428000144],[12.638858116532706,46.101903248227785],[12.639635027019178,46.10191930283061],[12.638904205933938,46.10082414447431],[12.642057817564396,46.09980922242782],[12.642103841181676,46.09873011579046],[12.641326974105342,46.09871407881787],[12.641396027293027,46.09709541931202],[12.642172871676964,46.09711145538393],[12.642264903134475,46.09495324066757],[12.643041717924326,46.09496927026368],[12.643110711928179,46.09335060769545],[12.643887504689227,46.09336663111661],[12.64393348228261,46.092287521837534],[12.64471026057827,46.09230353938425],[12.644756220421343,46.09122442926522],[12.645532984252169,46.09124044093789],[12.64555595562759,46.09070088548855],[12.647886228385163,46.0907488879618],[12.647909176420606,46.09020933155376],[12.651792939694733,46.090289228694495],[12.651815849268973,46.08974967073066],[12.653346449602228,46.09032115063126],[12.653415130995652,46.088702474766954],[12.654191864250686,46.08871842692801],[12.65403165143966,46.092495338528906],[12.655562350743013,46.09306679036564],[12.655493721716345,46.09468546747772],[12.656270540120042,46.09470140709902],[12.656179055855318,46.0968596436026],[12.656955905168935,46.096875579142115],[12.656910174244457,46.09795469763079],[12.656133309802335,46.09793876149458],[12.656156183155565,46.09739920257857],[12.653825616456883,46.09735136341154],[12.653802720410717,46.097890921431926],[12.652248997430751,46.09785900167857],[12.652203173117654,46.0989381163442],[12.654533803959687,46.098985989853254],[12.654556693749447,46.09844643165419],[12.65764132093381,46.09904974733668],[12.657664180464453,46.09851018794397],[12.659217927754241,46.098542034434104],[12.660040474096274,46.097478829011855],[12.66159419505586,46.097510642655784],[12.661548553599411,46.0985897646006],[12.662325430189734,46.09860566410438],[12.662234169713612,46.10076390846563],[12.663011077219068,46.10077980388387],[12.66294264771539,46.102398487418434],[12.662165717511773,46.10238259110741],[12.662120079450796,46.10346171256898],[12.662897024787599,46.10347760947523],[12.662828585507445,46.10509629211106],[12.664405322156071,46.10458851046446],[12.664450917422776,46.10350938745743],[12.665227864720721,46.10352526853333],[12.665296230036,46.10190658268156],[12.66451930543772,46.101890702497585],[12.664542100140094,46.101351140724496],[12.666872853195917,46.101398764555256],[12.666963934705718,46.0992405132976],[12.666187046629922,46.09922464515212],[12.665455726318546,46.09812964693097],[12.66934009430971,46.09820895830834],[12.66936283906569,46.097669394333856],[12.67013970705594,46.09768524048508],[12.668676974510202,46.095495287597195],[12.67178432674664,46.095558656904785],[12.67167072292976,46.09825648182436],[12.670893846071468,46.09824064592826],[12.670848384870336,46.099319774884165],[12.673179062789815,46.09936726852306],[12.67400135741168,46.09830395785718],[12.677108879162613,46.098367185371],[12.677131548270037,46.09782761843425],[12.679462173711928,46.097874982784994],[12.679416880240085,46.09895411837224],[12.677086209407515,46.09890675224796],[12.676995523909898,46.101065019157694],[12.676218604668886,46.101049218714195],[12.675350929683223,46.10319167657996],[12.674573981476575,46.10317586439943],[12.674619376103998,46.10209673331828],[12.673842443681458,46.102080916453154],[12.673774328067047,46.10369961209677],[12.672997373594914,46.10368378906633],[12.673042799787083,46.10260465928956],[12.672265861099854,46.10258883157487],[12.67228858078909,46.10204926689304],[12.669180862821252,46.10198590445355],[12.669112611005328,46.10360459476061],[12.669889562219716,46.10362044417551],[12.669067106544441,46.10468372133261],[12.671398007546857,46.10473125552656],[12.672129529331407,46.105826218409035],[12.670552823733662,46.10633410726154],[12.670507343044633,46.107413234421706],[12.669730338203701,46.1073973882071],[12.669707589315854,46.107936951400724],[12.668930577558433,46.10792109961178],[12.668885062694702,46.10900022522584],[12.667308237315748,46.10950806675064],[12.667262688271908,46.11058719081768],[12.668839545229803,46.11007935060042],[12.668771264154856,46.111698038213234],[12.669548328898763,46.11171389207977],[12.66957108233731,46.11117432930522],[12.670348140163375,46.11119017759667],[12.670393629950299,46.11011105127457],[12.672724761920822,46.110158562700235],[12.672679317553245,46.1112376908014],[12.67345637798637,46.11125351797971],[12.673433662398896,46.11179308223685],[12.67265659439551,46.11177725476221],[12.67256569527105,46.11393551000702],[12.673342793557637,46.113951338667],[12.67332007472437,46.11449090262492],[12.67487428839409,46.114522544700876],[12.674896992084609,46.113982980150546],[12.675674092324561,46.11399879297408],[12.675764870315662,46.11184053299028],[12.67965022985265,46.11191951201027],[12.679627574180705,46.11245907857463],[12.680404655608193,46.11247485883861],[12.680336707421157,46.11409355905926],[12.68111381221138,46.11410933493068],[12.68102323585447,46.11626760223597],[12.681800371581536,46.11628337400956],[12.681687174439073,46.11898120827251],[12.682464348679744,46.11899697624278],[12.682419080440999,46.12007611011992],[12.684750652498108,46.12012338412182],[12.684728040130558,46.12066295185583],[12.687059640745066,46.120710179221376],[12.687037050454244,46.121249747779835],[12.687814259529166,46.121265479969175],[12.687791676167311,46.121805048762454],[12.68623724351606,46.121773578514265],[12.68625984202706,46.12123401031018],[12.683928220634103,46.121186766219616],[12.683950841222167,46.12064719884032],[12.681619248389342,46.12059990811291],[12.681573961120701,46.121679041040935],[12.678465119173133,46.12161591045231],[12.679196993379898,46.12271083193611],[12.680751444652659,46.12274239841241],[12.680728791178206,46.12328196437185],[12.677619860932616,46.123218809114924],[12.678351738175715,46.12431373581611],[12.676797245352482,46.124282135882154],[12.676842629996752,46.12320300709928],[12.673733712761939,46.12313974623145],[12.673710990463707,46.123679309468386],[12.67215652060447,46.12364764675866],[12.672179258052749,46.12310808411453],[12.669847580879111,46.123060551335634],[12.670579300104622,46.124155524917754],[12.672911024685328,46.124203043634566],[12.672888293512802,46.12474260645546],[12.674442794976805,46.124774259789234],[12.674420078306003,46.1253138231429],[12.676751858113967,46.12536126442574],[12.676774552057518,46.12482170018386],[12.679883570607483,46.12488488011161],[12.679906233599986,46.12434531462703],[12.681460731623561,46.12437687231482],[12.68219270043165,46.12547177591911],[12.681415435294008,46.12545600440587],[12.681392786158275,46.125995570361724],[12.679838242679295,46.12596401090137],[12.67979291216004,46.12704314145197],[12.683679351492671,46.1271220034475],[12.682856789832229,46.12818537428526],[12.682079486162333,46.12816960657704],[12.681988903097242,46.13032787002734],[12.68121156976646,46.13031209585632],[12.681166259193787,46.1313912266321],[12.680388911356289,46.131375446588315],[12.680343583036136,46.13245457653405],[12.679566220691367,46.13243879061708],[12.679498200614994,46.134057484200554],[12.678720816183072,46.134041692114344],[12.677898052124966,46.135105022319316],[12.67712065383497,46.13508921907628],[12.67785266925397,46.1361841496538],[12.679407498106176,46.13621574147462],[12.679294105385429,46.138913561721694],[12.677739200724965,46.1388819669433],[12.677693808772275,46.13996109344041],[12.676916342255161,46.13994528753422],[12.676893637723762,46.140484850397115],[12.676116164275944,46.14046903891129],[12.676070738101673,46.14154816386552],[12.674493033605856,46.142056085652996],[12.673624585632584,46.144198502823194],[12.672069538446342,46.14416682814743],[12.672046783220893,46.144706388753804],[12.6735791048655,46.14527762516219],[12.673533621497985,46.14635674726179],[12.671978513641344,46.14632507021377],[12.671955755813686,46.14686463058071],[12.669623076171854,46.146817074482854]],[[12.670560032702493,46.14305601212887],[12.67211504694579,46.14308770675513],[12.672160552843444,46.14200858512338],[12.671383060560762,46.14199274104562],[12.671405820116336,46.14145318043661],[12.669850852674108,46.1414214770229],[12.669805302582613,46.142500596993884],[12.670582801142094,46.14251645193634],[12.670560032702493,46.14305601212887]],[[12.672983533910164,46.14094530145297],[12.675315971134971,46.140992784352655],[12.675338691479512,46.14045322214175],[12.673006277000693,46.14040574013108],[12.672983533910164,46.14094530145297]],[[12.665231604500649,46.14024712332647],[12.666009068809332,46.14026300878304],[12.666031879484516,46.13972345007359],[12.665254422757357,46.139707564914424],[12.665231604500649,46.14024712332647]],[[12.67149685183291,46.139294937401964],[12.673051761231429,46.13932661730773],[12.673074502371678,46.13878705580629],[12.671519608135737,46.13875537649365],[12.67149685183291,46.139294937401964]],[[12.675384130220214,46.139374097540454],[12.676161587853212,46.139389913717736],[12.676184298668026,46.13885035103121],[12.675406848616424,46.13883453515005],[12.675384130220214,46.139374097540454]],[[12.674674849222688,46.137739589617645],[12.675452283460666,46.13775541018977],[12.675474999908749,46.13721584761989],[12.674697573251493,46.137200027343965],[12.674674849222688,46.137739589617645]],[[12.672388043311312,46.13661297337339],[12.67316546043244,46.13662880920204],[12.673188198322686,46.136089247401344],[12.672410788781777,46.13607341186918],[12.672388043311312,46.13661297337339]],[[12.670901490966989,46.13496260295487],[12.674033795547464,46.1344863910004],[12.674056523258741,46.13394682866396],[12.670947007674805,46.13388348071397],[12.670901490966989,46.13496260295487]],[[12.671838128085488,46.13120151749206],[12.67339281009072,46.13123318850211],[12.673438272224942,46.130154063643985],[12.672660946052188,46.13013823137279],[12.672683683722397,46.129598669150376],[12.671906365779279,46.12958283189393],[12.671838128085488,46.13120151749206]],[[12.678856895976141,46.13080430618314],[12.679634234935362,46.130820096495434],[12.67965690505405,46.130280531668625],[12.678879573672859,46.13026474165196],[12.678856895976141,46.13080430618314]],[[12.67117455218828,46.12848786591768],[12.67195185432466,46.12850370786256],[12.671974597622278,46.127964145757105],[12.67119730306283,46.127948304108806],[12.67117455218828,46.12848786591768]],[[12.68050222082093,46.1286776206776],[12.681279530769142,46.128693399244234],[12.681302183141776,46.1281538335873],[12.680524880770772,46.128138055316086],[12.68050222082093,46.1286776206776]],[[12.672020082267478,46.12688502136661],[12.67279736232582,46.12690085714056],[12.672820096097144,46.12636129455905],[12.67204282361511,46.126345459081584],[12.672020082267478,46.12688502136661]],[[12.660429522775647,46.12502817736665],[12.661984018484153,46.125060000278545],[12.662006856363465,46.124520441676985],[12.660452375805605,46.124488619360875],[12.660429522775647,46.12502817736665]],[[12.65578894986538,46.12439302567867],[12.65734342255483,46.12442491136163],[12.65738918725484,46.12334579755572],[12.655057524654502,46.12329796290165],[12.65578894986538,46.12439302567867]],[[12.665229853447245,46.121886223083315],[12.669115890003647,46.121965573420745],[12.66913865579978,46.121426011783754],[12.665252657114381,46.12134666293193],[12.665229853447245,46.121886223083315]],[[12.675356287627876,46.121552695379414],[12.678465119173133,46.12161591045231],[12.67848779342848,46.12107634520013],[12.675378992180319,46.12101313131076],[12.675356287627876,46.121552695379414]],[[12.658280771869904,46.12066394482407],[12.659835142454053,46.12069579464934],[12.659857997833253,46.120156236462044],[12.660635176534859,46.120172153156865],[12.660726561228284,46.11801391861638],[12.65759509603762,46.118489782461054],[12.658280771869904,46.12066394482407]],[[12.665275460129832,46.12080710272063],[12.668384227475899,46.12087059117366],[12.668406999544656,46.12033102971383],[12.667629814301982,46.12031516581759],[12.667652593293539,46.11977560459489],[12.66143519547088,46.11964850572876],[12.661412355891542,46.12018806457188],[12.66529826249362,46.12026754244944],[12.665275460129832,46.12080710272063]],[[12.678510467035835,46.12053677988815],[12.680064856413257,46.12056835456072],[12.680087514224823,46.12002878859778],[12.678533139995222,46.11999721451637],[12.678510467035835,46.12053677988815]],[[12.636658345454713,46.116978533656926],[12.638212588290866,46.11701067553568],[12.638235651765479,46.11647112537175],[12.63668142407248,46.116438984094756],[12.636658345454713,46.116978533656926]],[[12.662303689408237,46.11750617440329],[12.66543506299271,46.117030179564345],[12.6654578607955,46.11649061887385],[12.661572219241066,46.11641115141157],[12.662303689408237,46.11750617440329]],[[12.665412264538416,46.117569740194945],[12.66618940995567,46.117585618444444],[12.666212200837535,46.11704605751657],[12.66543506299271,46.117030179564345],[12.665412264538416,46.117569740194945]],[[12.667743702750306,46.11761735910523],[12.669297998157006,46.11764907864836],[12.669320758748933,46.1171095165324],[12.667766478487247,46.11707779758312],[12.667743702750306,46.11761735910523]],[[12.641367147614258,46.115995793152834],[12.642921368093738,46.11602787048249],[12.642944384822822,46.11548831839556],[12.641413210699422,46.11491669011997],[12.641367147614258,46.115995793152834]],[[12.639835976790247,46.11542414382242],[12.640613077807817,46.115440195383776],[12.640636116592361,46.11490064413772],[12.639859023145803,46.11488459287686],[12.639835976790247,46.11542414382242]],[[12.635973565828152,46.114804257393764],[12.636750655968944,46.114820335047526],[12.636773731948894,46.11428078524488],[12.635996649378782,46.114264707892126],[12.635973565828152,46.114804257393764]],[[12.652292597429915,46.115140779610286],[12.653069701418545,46.11515674641191],[12.65309261840884,46.1146171903111],[12.652315521991374,46.114601223808414],[12.652292597429915,46.115140779610286]],[[12.653846806064216,46.11517270793474],[12.65540101732581,46.115204615143924],[12.655423911602455,46.11466505814695],[12.65620101064668,46.11468100353476],[12.656246782095469,46.11360188876383],[12.657800951868257,46.11363376250972],[12.657823821470409,46.11309420443756],[12.653938439812825,46.113014481976315],[12.653892624247769,46.11409359507549],[12.654669714408048,46.11410955072205],[12.653846806064216,46.11517270793474]],[[12.660086515705716,46.114760651292414],[12.660863618683589,46.114776565007574],[12.660886459308205,46.114237005863004],[12.660109363901519,46.11422109244578],[12.660086515705716,46.114760651292414]],[[12.66474914339137,46.11485605440085],[12.665526250295096,46.11487193644293],[12.665594633932004,46.113253253472955],[12.667925890423216,46.11330086525157],[12.667948660953972,46.11276130325037],[12.666394504448107,46.11272956793739],[12.66641728946923,46.112190006470485],[12.663309014579934,46.11212647369204],[12.66328619927701,46.112666033969475],[12.661732050615239,46.11263423531473],[12.66170921951916,46.11317379493692],[12.660932138599417,46.11315788739407],[12.66090929928014,46.1136974466585],[12.664040466204908,46.11322148589423],[12.663217749456361,46.114284714442306],[12.66477194615971,46.1143164937681],[12.66474914339137,46.11485605440085]],[[12.638350959253147,46.11377337365058],[12.639928158261231,46.11326593967968],[12.639197190111583,46.11217078221125],[12.637643082225996,46.112138656303976],[12.637620016453328,46.112678206647935],[12.638397077635465,46.11269427254141],[12.638350959253147,46.11377337365058]],[[12.670234404321487,46.11388799235436],[12.67101150065276,46.11390383685068],[12.671079721395396,46.11228514728577],[12.669502820071067,46.11279301744925],[12.670234404321487,46.11388799235436]],[[12.656292550928443,46.11252277375301],[12.657846690419065,46.11255464630544],[12.657869558714244,46.11201508811338],[12.658646621872846,46.11203101617383],[12.658623761147918,46.112570574664105],[12.660954977266057,46.11261832806969],[12.660977815280086,46.1120787686854],[12.661754881058924,46.11209467563261],[12.661846196310156,46.1099364363049],[12.661069160810543,46.10992053054886],[12.661091995561858,46.1093809708649],[12.661869023492203,46.109396876323146],[12.662691689346365,46.108333655764945],[12.66346870344732,46.10834955007234],[12.663445892707504,46.108889110769184],[12.665776961639818,46.10893676291743],[12.665754172955628,46.10947632444652],[12.667308237315748,46.10950806675064],[12.667331010861535,46.108968504627285],[12.666553985924136,46.108952636411274],[12.665822537054751,46.1078576396796],[12.663491513535355,46.10780998931559],[12.663514322971634,46.10727042849893],[12.658829484157684,46.107714546093476],[12.658806628658002,46.10825410506334],[12.658029618485127,46.10823817909018],[12.658760915699393,46.10933322282322],[12.657183993136426,46.10984092259999],[12.657115371422984,46.11145959682093],[12.656338317145789,46.11144365850233],[12.656292550928443,46.11252277375301]],[[12.66488595022784,46.11161868970574],[12.666440073839278,46.11165044494367],[12.666462857558267,46.11111088335697],[12.664908749086912,46.11107912871357],[12.66488595022784,46.11161868970574]],[[12.638489306493558,46.11053606960183],[12.639266338058507,46.11055212901442],[12.639312433396825,46.10947302658274],[12.638535416969706,46.10945696777144],[12.638489306493558,46.11053606960183]],[[12.646742091391385,46.099365781984666],[12.648295850556726,46.099397777393264],[12.648318801519295,46.0988582216462],[12.65142629748357,46.09892214795619],[12.651495055664643,46.097303476764594],[12.650718203380784,46.09728750399791],[12.650764054022032,46.09620839016822],[12.649987217523009,46.09619241272429],[12.649164500784693,46.09725554263805],[12.646057103485077,46.0971915566127],[12.646148983673637,46.09503333589816],[12.645372166248256,46.09501732740206],[12.64534918962228,46.09555688237104],[12.644572365292312,46.09554086830013],[12.644503408785013,46.0971595319474],[12.643726562423174,46.09714351170164],[12.643680573006614,46.098222619899694],[12.644457434496642,46.098238640745315],[12.644434446367335,46.0987781950542],[12.645988186452822,46.098810221518185],[12.646011159453224,46.098270666609736],[12.646788022919345,46.0982866716285],[12.646742091391385,46.099365781984666]],[[12.651403376780232,46.09946170490005],[12.652180259979183,46.09947767358702],[12.652203173117654,46.0989381163442],[12.65142629748357,46.09892214795619],[12.651403376780232,46.09946170490005]],[[12.651495055664643,46.097303476764594],[12.652271908605424,46.09731944425577],[12.652294819125544,46.096779886772985],[12.651517973748767,46.09676391958073],[12.651495055664643,46.097303476764594]],[[12.651540891178147,46.09622436233686],[12.652317728991136,46.09624032923018],[12.652340638202219,46.09570077162739],[12.651563807952803,46.095684805033],[12.651540891178147,46.09622436233686]],[[12.65309456746078,46.096256290848174],[12.654648246369181,46.09628819825813],[12.654671132889407,46.09574863975917],[12.653117469108269,46.09571673294656],[12.65309456746078,46.096256290848174]],[[12.646148983673637,46.09503333589816],[12.646925801757359,46.09504933911921],[12.646948762601001,46.09450978349087],[12.65160963953804,46.09460569024528],[12.651655468504668,46.09352657521757],[12.652432268501947,46.09354254061633],[12.65250098435556,46.091923866728116],[12.650947430391362,46.09189193244938],[12.650924510637072,46.09243148987424],[12.648594161932117,46.092383547999766],[12.648571218836423,46.09292310446709],[12.64701764119634,46.09289111624567],[12.646994682320466,46.09343067205411],[12.645441092187871,46.09339866213481],[12.645418117531028,46.09393821728395],[12.646194919830716,46.093954225180646],[12.646148983673637,46.09503333589816]]]},"properties":{"nbr_class":"sana","color":"#1a9641"}},{"type":"Feature","geometry":{"type":"Polygon","coordinates":[[[12.668059420869985,46.09170248506268],[12.668127675172252,46.090083792584885],[12.667350915021405,46.09006793476329],[12.667373672717076,46.08952837078116],[12.66894992047097,46.089020515920666],[12.668904435975152,46.090099645132106],[12.671234722294018,46.09014717112741],[12.671212001756768,46.09068673653312],[12.669635725458898,46.09119462197031],[12.66961298849911,46.0917341866632],[12.668059420869985,46.09170248506268]]]},"properties":{"nbr_class":"stress","color":"#ffffbf"}},{"type":"Feature","geometry":{"type":"Polygon","coordinates":[[[12.651838758188768,46.08921011270683],[12.651861666454142,46.08867055462301],[12.652638398396732,46.08868651733196],[12.652615497692127,46.08922607571463],[12.651838758188768,46.08921011270683]]]},"properties":{"nbr_class":"stress","color":"#ffffbf"}},{"type":"Feature","geometry":{"type":"Polygon","coordinates":[[[12.667373672717076,46.08952837078116],[12.667396429762636,46.08898880673915],[12.668173174790798,46.089004663966996],[12.668150425306473,46.089544228305876],[12.667373672717076,46.08952837078116]]]},"properties":{"nbr_class":"moderata","color":"#a6d96a"}},{"type":"Feature","geometry":{"type":"Polygon","coordinates":[[[12.676694746776352,46.08971831297306],[12.676717413085587,46.08917874537507],[12.678270919410991,46.08921032797468],[12.678248268224799,46.089749896163966],[12.676694746776352,46.08971831297306]]]},"properties":{"nbr_class":"stress","color":"#ffffbf"}},{"type":"Feature","geometry":{"type":"Polygon","coordinates":[[[12.678225616391513,46.090289464293456],[12.678270919410991,46.08921032797468],[12.676717413085587,46.08917874537507],[12.676694746776352,46.08971831297306],[12.6759179870265,46.089702513466015],[12.675963334120226,46.08862337880178],[12.67907031652538,46.08868654281844],[12.679002385651446,46.09030524827277],[12.678225616391513,46.090289464293456]]]},"properties":{"nbr_class":"moderata","color":"#a6d96a"}},{"type":"Feature","geometry":{"type":"Polygon","coordinates":[[[12.686038489955274,46.089367924511386],[12.686061064879958,46.08882835331186],[12.686837817935078,46.0888440836618],[12.686815250571964,46.08938365515583],[12.686038489955274,46.089367924511386]]]},"properties":{"nbr_class":"stress","color":"#ffffbf"}},{"type":"Feature","geometry":{"type":"Polygon","coordinates":[[[12.703127372604634,46.08971278027318],[12.70314978116951,46.08917320261735],[12.703926548404194,46.089188816928896],[12.703904147401389,46.089728394877056],[12.703127372604634,46.08971278027318]]]},"properties":{"nbr_class":"moderata","color":"#a6d96a"}},{"type":"Feature","geometry":{"type":"Polygon","coordinates":[[[12.682908848144516,46.08984451915012],[12.682976663656742,46.08822580908852],[12.683753406561252,46.08824156024085],[12.683685613733461,46.08986027118715],[12.682908848144516,46.08984451915012]]]},"properties":{"nbr_class":"stress","color":"#ffffbf"}},{"type":"Feature","geometry":{"type":"Polygon","coordinates":[[[12.683685613733461,46.08986027118715],[12.683753406561252,46.08824156024085],[12.684530150113401,46.088257306119],[12.684462379970112,46.08987601794967],[12.683685613733461,46.08986027118715]]]},"properties":{"nbr_class":"degradata","color":"#fdae61"}},{"type":"Feature","geometry":{"type":"Polygon","coordinates":[[[12.684462379970112,46.08987601794967],[12.684530150113401,46.088257306119],[12.685306894312975,46.0882730467229],[12.685239146854256,46.08989175943769],[12.684462379970112,46.08987601794967]]]},"properties":{"nbr_class":"stress","color":"#ffffbf"}},{"type":"Feature","geometry":{"type":"Polygon","coordinates":[[[12.666596920779927,46.089512507982185],[12.665865713180638,46.08841751295312],[12.666642449343163,46.08843338043222],[12.666665212649349,46.08789381656742],[12.668995402368159,46.087941386469744],[12.66894992047097,46.089020515920666],[12.667396429762636,46.08898880673915],[12.667373672717076,46.08952837078116],[12.666596920779927,46.089512507982185]]]},"properties":{"nbr_class":"sana","color":"#1a9641"}},{"type":"Feature","geometry":{"type":"Polygon","coordinates":[[[12.696913197370757,46.089587673554284],[12.69695813485014,46.08850852286742],[12.698511644551715,46.08853983002269],[12.698489191256332,46.08907940598209],[12.696913197370757,46.089587673554284]]]},"properties":{"nbr_class":"moderata","color":"#a6d96a"}},{"type":"Feature","geometry":{"type":"Polygon","coordinates":[[[12.661205309918373,46.088322197324054],[12.661228126149368,46.087782635540734],[12.662004850832226,46.08779853436627],[12.66198204216185,46.08833809644724],[12.661205309918373,46.088322197324054]]]},"properties":{"nbr_class":"moderata","color":"#a6d96a"}},{"type":"Feature","geometry":{"type":"Polygon","coordinates":[[[12.670480686985988,46.089591769234325],[12.670503413786474,46.08905220400541],[12.671280161421373,46.089068040136475],[12.670548865439791,46.087973073368005],[12.672102331116678,46.08800473917023],[12.672034198029605,46.08962343681509],[12.670480686985988,46.089591769234325]]]},"properties":{"nbr_class":"sana","color":"#1a9641"}},{"type":"Feature","geometry":{"type":"Polygon","coordinates":[[[12.700774620177125,46.090205481532045],[12.700864343899395,46.08804717429987],[12.701641094083303,46.088062803849915],[12.701551400608615,46.0902211122526],[12.700774620177125,46.090205481532045]]]},"properties":{"nbr_class":"moderata","color":"#a6d96a"}},{"type":"Feature","geometry":{"type":"Polygon","coordinates":[[[12.664312242813706,46.08838576217282],[12.664357814139573,46.087306636166254],[12.66513453387541,46.08732251359892],[12.665088977670747,46.08840164019999],[12.664312242813706,46.08838576217282]]]},"properties":{"nbr_class":"sana","color":"#1a9641"}},{"type":"Feature","geometry":{"type":"Polygon","coordinates":[[[12.660451402120415,46.087766731441334],[12.660474225260023,46.08722716989585],[12.661250941728595,46.08724307369749],[12.661228126149368,46.087782635540734],[12.660451402120415,46.087766731441334]]]},"properties":{"nbr_class":"moderata","color":"#a6d96a"}},{"type":"Feature","geometry":{"type":"Polygon","coordinates":[[[12.661228126149368,46.087782635540734],[12.661250941728595,46.08724307369749],[12.662027658851054,46.087258972225385],[12.662004850832226,46.08779853436627],[12.661228126149368,46.087782635540734]]]},"properties":{"nbr_class":"stress","color":"#ffffbf"}},{"type":"Feature","geometry":{"type":"Polygon","coordinates":[[[12.685306894312975,46.0882730467229],[12.685329475509011,46.08773347569848],[12.686882950727302,46.087764940494516],[12.686860384653517,46.08830451210802],[12.685306894312975,46.0882730467229]]]},"properties":{"nbr_class":"sana","color":"#1a9641"}},{"type":"Feature","geometry":{"type":"Polygon","coordinates":[[[12.689145536302085,46.089430815442384],[12.689235711151067,46.08727252557627],[12.690012444108383,46.08728823394643],[12.689922299504754,46.08944652498894],[12.689145536302085,46.089430815442384]]]},"properties":{"nbr_class":"stress","color":"#ffffbf"}},{"type":"Feature","geometry":{"type":"Polygon","coordinates":[[[12.672102331116678,46.08800473917023],[12.672147749930941,46.086925607107766],[12.673701187968838,46.08695725062898],[12.673678494007111,46.08749681728256],[12.672102331116678,46.08800473917023]]]},"properties":{"nbr_class":"stress","color":"#ffffbf"}},{"type":"Feature","geometry":{"type":"Polygon","coordinates":[[[12.659697509445552,46.08721126082041],[12.659720339493342,46.08667169951282],[12.660497047747674,46.08668760829041],[12.660474225260023,46.08722716989585],[12.659697509445552,46.08721126082041]]]},"properties":{"nbr_class":"moderata","color":"#a6d96a"}},{"type":"Feature","geometry":{"type":"Polygon","coordinates":[[[12.676008678623175,46.087544243898286],[12.676031349903162,46.08700467635682],[12.676808071847738,46.08702047438498],[12.676785408128373,46.087560042222215],[12.676008678623175,46.087544243898286]]]},"properties":{"nbr_class":"moderata","color":"#a6d96a"}},{"type":"Feature","geometry":{"type":"Polygon","coordinates":[[[12.696980602627042,46.087968947434504],[12.697003069762115,46.08742937194191],[12.697779809168328,46.08744502757053],[12.697757349594498,46.087984603356226],[12.696980602627042,46.087968947434504]]]},"properties":{"nbr_class":"moderata","color":"#a6d96a"}},{"type":"Feature","geometry":{"type":"Polygon","coordinates":[[[12.65348380650337,46.08708379836282],[12.653529586905657,46.08600468046014],[12.65430628235984,46.08602063112804],[12.654283400045376,46.08656019040799],[12.655836808040428,46.08659207652027],[12.655813940192282,46.0871316363372],[12.65348380650337,46.08708379836282]]]},"properties":{"nbr_class":"stress","color":"#ffffbf"}},{"type":"Feature","geometry":{"type":"Polygon","coordinates":[[[12.662004850832226,46.08779853436627],[12.662027658851054,46.087258972225385],[12.660474225260023,46.08722716989585],[12.66051986958339,46.08614804662505],[12.66284997559007,46.086195740422866],[12.662781576168777,46.08781442791791],[12.662004850832226,46.08779853436627]]]},"properties":{"nbr_class":"degradata","color":"#fdae61"}},{"type":"Feature","geometry":{"type":"Polygon","coordinates":[[[12.669794865991742,46.087417667443944],[12.669840328870713,46.086338537040525],[12.671393747882476,46.08637021161175],[12.671348315244883,46.087449343201186],[12.669794865991742,46.087417667443944]]]},"properties":{"nbr_class":"stress","color":"#ffffbf"}},{"type":"Feature","geometry":{"type":"Polygon","coordinates":[[[12.651953292971891,46.08651232168778],[12.651976197965507,46.08597276330398],[12.652752892107474,46.08598872451879],[12.65272999467355,46.0865282832014],[12.651953292971891,46.08651232168778]]]},"properties":{"nbr_class":"stress","color":"#ffffbf"}},{"type":"Feature","geometry":{"type":"Polygon","coordinates":[[[12.654283400045376,46.08656019040799],[12.65430628235984,46.08602063112804],[12.655859675235346,46.08605251664337],[12.655836808040428,46.08659207652027],[12.654283400045376,46.08656019040799]]]},"properties":{"nbr_class":"degradata","color":"#fdae61"}},{"type":"Feature","geometry":{"type":"Polygon","coordinates":[[[12.655836808040428,46.08659207652027],[12.655859675235346,46.08605251664337],[12.656636372656234,46.08606845149081],[12.656613513021126,46.08660801166602],[12.655836808040428,46.08659207652027]]]},"properties":{"nbr_class":"stress","color":"#ffffbf"}},{"type":"Feature","geometry":{"type":"Polygon","coordinates":[[[12.658943631893306,46.08665578546157],[12.658966468848847,46.08611622439197],[12.659743168888982,46.086132138145295],[12.659720339493342,46.08667169951282],[12.658943631893306,46.08665578546157]]]},"properties":{"nbr_class":"moderata","color":"#a6d96a"}},{"type":"Feature","geometry":{"type":"Polygon","coordinates":[[[12.659720339493342,46.08667169951282],[12.659743168888982,46.086132138145295],[12.66051986958339,46.08614804662505],[12.660497047747674,46.08668760829041],[12.659720339493342,46.08667169951282]]]},"properties":{"nbr_class":"stress","color":"#ffffbf"}},{"type":"Feature","geometry":{"type":"Polygon","coordinates":[[[12.707877479947134,46.08764807078479],[12.707899840583949,46.08710849113811],[12.709453322898593,46.0871396488575],[12.709430977384491,46.08767922908753],[12.707877479947134,46.08764807078479]]]},"properties":{"nbr_class":"moderata","color":"#a6d96a"}},{"type":"Feature","geometry":{"type":"Polygon","coordinates":[[[12.66198204216185,46.08833809644724],[12.662004850832226,46.08779853436627],[12.662781576168777,46.08781442791791],[12.662872774094604,46.085656177804694],[12.663649469844131,46.08567206489268],[12.663535508609732,46.08836987887164],[12.66198204216185,46.08833809644724]]]},"properties":{"nbr_class":"stress","color":"#ffffbf"}},{"type":"Feature","geometry":{"type":"Polygon","coordinates":[[[12.655813940192282,46.0871316363372],[12.655836808040428,46.08659207652027],[12.656613513021126,46.08660801166602],[12.656636372656234,46.08606845149081],[12.658212613326063,46.0855607445336],[12.65814407977978,46.08717942684831],[12.655813940192282,46.0871316363372]]]},"properties":{"nbr_class":"moderata","color":"#a6d96a"}},{"type":"Feature","geometry":{"type":"Polygon","coordinates":[[[12.706323985073334,46.087616891384585],[12.706368735953008,46.0865377331991],[12.70714546794697,46.086553324952554],[12.707100732189682,46.08763248372187],[12.706323985073334,46.087616891384585]]]},"properties":{"nbr_class":"moderata","color":"#a6d96a"}},{"type":"Feature","geometry":{"type":"Polygon","coordinates":[[[12.65508297846981,46.08603657652245],[12.655105852571092,46.08549701688401],[12.655882541777059,46.08551295670652],[12.655859675235346,46.08605251664337],[12.65508297846981,46.08603657652245]]]},"properties":{"nbr_class":"stress","color":"#ffffbf"}},{"type":"Feature","geometry":{"type":"Polygon","coordinates":[[[12.655859675235346,46.08605251664337],[12.655882541777059,46.08551295670652],[12.656659231638354,46.085528891255635],[12.656636372656234,46.08606845149081],[12.655859675235346,46.08605251664337]]]},"properties":{"nbr_class":"moderata","color":"#a6d96a"}},{"type":"Feature","geometry":{"type":"Polygon","coordinates":[[[12.656636372656234,46.08606845149081],[12.656659231638354,46.085528891255635],[12.65743592215476,46.08554482053133],[12.657413070732257,46.08608438106472],[12.656636372656234,46.08606845149081]]]},"properties":{"nbr_class":"sana","color":"#1a9641"}},{"type":"Feature","geometry":{"type":"Polygon","coordinates":[[[12.685374635965921,46.08665433347039],[12.68539721522684,46.08611476226672],[12.686173929830447,46.08613049641808],[12.68615135813,46.08667006791632],[12.685374635965921,46.08665433347039]]]},"properties":{"nbr_class":"sana","color":"#1a9641"}},{"type":"Feature","geometry":{"type":"Polygon","coordinates":[[[12.703971348490022,46.08810966085375],[12.704060940983178,46.08595134798813],[12.70483766349186,46.08596695527177],[12.704770492764823,46.08758569088703],[12.706323985073334,46.087616891384585],[12.706301608674679,46.08815647038794],[12.703971348490022,46.08810966085375]]]},"properties":{"nbr_class":"moderata","color":"#a6d96a"}},{"type":"Feature","geometry":{"type":"Polygon","coordinates":[[[12.704770492764823,46.08758569088703],[12.70483766349186,46.08596695527177],[12.707944559941295,46.086029331666],[12.707922200581994,46.08656891143185],[12.706368735953008,46.0865377331991],[12.706323985073334,46.087616891384585],[12.704770492764823,46.08758569088703]]]},"properties":{"nbr_class":"stress","color":"#ffffbf"}},{"type":"Feature","geometry":{"type":"Polygon","coordinates":[[[12.659743168888982,46.086132138145295],[12.6597888257239,46.08505301523043],[12.660565511299103,46.08506892311455],[12.66051986958339,46.08614804662505],[12.659743168888982,46.086132138145295]]]},"properties":{"nbr_class":"moderata","color":"#a6d96a"}},{"type":"Feature","geometry":{"type":"Polygon","coordinates":[[[12.660931464300285,46.094796934049604],[12.66099993450614,46.09317825067723],[12.660223134861544,46.09316234360007],[12.660314449590347,46.091004099455766],[12.659537680848858,46.09098818829532],[12.65958334942353,46.08990906645932],[12.658806596459558,46.08989315062037],[12.658875117112391,46.088274468310715],[12.658098387485936,46.0882585480917],[12.658121233959172,46.087718987499976],[12.65499147553024,46.088194814476495],[12.655813940192282,46.0871316363372],[12.65814407977978,46.08717942684831],[12.658212613326063,46.0855607445336],[12.65743592215476,46.08554482053133],[12.65745877292451,46.08500525993799],[12.6597888257239,46.08505301523043],[12.659743168888982,46.086132138145295],[12.658966468848847,46.08611622439197],[12.658943631893306,46.08665578546157],[12.660474225260023,46.08722716989585],[12.660451402120415,46.087766731441334],[12.661228126149368,46.087782635540734],[12.661959232839898,46.088877658468284],[12.663512714409517,46.0889094414877],[12.663489919558137,46.089449004043864],[12.664266668884132,46.08946488793978],[12.664243880942896,46.0900044507334],[12.663467124055567,46.089988566540114],[12.663398733640497,46.09160725366941],[12.664175513213118,46.09162313875486],[12.664084347125062,46.09378138861147],[12.663307537302364,46.093765502336396],[12.66248511092968,46.094828734165326],[12.660931464300285,46.094796934049604]]]},"properties":{"nbr_class":"sana","color":"#1a9641"}},{"type":"Feature","geometry":{"type":"Polygon","coordinates":[[[12.700154903105423,46.08641280930331],[12.700177338072619,46.085873232459974],[12.700954057369628,46.08588886611356],[12.70093162996312,46.08642844324958],[12.700154903105423,46.08641280930331]]]},"properties":{"nbr_class":"moderata","color":"#a6d96a"}},{"type":"Feature","geometry":{"type":"Polygon","coordinates":[[[12.693693619021431,46.09222286340942],[12.693716121543417,46.091683289567726],[12.694492918867915,46.09169896864126],[12.694560399889529,46.09008024587745],[12.693783625252365,46.09006456768452],[12.69389611857859,46.08736669668548],[12.695472074496903,46.0868584698963],[12.695539515489454,46.085239744641015],[12.697092931884557,46.085271069374954],[12.697003069762115,46.08742937194191],[12.695449592881653,46.08739804486207],[12.695427110624163,46.087937619768134],[12.694650365589172,46.087921948023535],[12.694582892278234,46.08954067150349],[12.696136428362285,46.0895720114786],[12.696046515450938,46.09173031096344],[12.695269716837162,46.09171464243983],[12.695247229440948,46.09225421686852],[12.693693619021431,46.09222286340942]]]},"properties":{"nbr_class":"moderata","color":"#a6d96a"}},{"type":"Feature","geometry":{"type":"Polygon","coordinates":[[[12.697003069762115,46.08742937194191],[12.697092931884557,46.085271069374954],[12.697869641047953,46.0852867238312],[12.697779809168328,46.08744502757053],[12.697003069762115,46.08742937194191]]]},"properties":{"nbr_class":"stress","color":"#ffffbf"}},{"type":"Feature","geometry":{"type":"Polygon","coordinates":[[[12.683021870769528,46.08714666874862],[12.68304447335738,46.08660709848904],[12.68071431657891,46.086559816042566],[12.680736941202161,46.086020246608406],[12.682290363285716,46.08605177292304],[12.682335580353303,46.08497263269496],[12.683866381697547,46.08554370746854],[12.68379859855216,46.0871624193112],[12.683021870769528,46.08714666874862]]]},"properties":{"nbr_class":"moderata","color":"#a6d96a"}},{"type":"Feature","geometry":{"type":"Polygon","coordinates":[[[12.68925825325335,46.086732952960446],[12.689325875696653,46.085114234754656],[12.690102578412068,46.0851299419485],[12.69003497864987,46.086748661036516],[12.68925825325335,46.086732952960446]]]},"properties":{"nbr_class":"sana","color":"#1a9641"}},{"type":"Feature","geometry":{"type":"Polygon","coordinates":[[[12.700954057369628,46.08588886611356],[12.700976484135477,46.0853492889179],[12.70175319651476,46.08536491700494],[12.701730777309404,46.085904494493185],[12.700954057369628,46.08588886611356]]]},"properties":{"nbr_class":"moderata","color":"#a6d96a"}},{"type":"Feature","geometry":{"type":"Polygon","coordinates":[[[12.707922200581994,46.08656891143185],[12.707944559941295,46.086029331666],[12.70483766349186,46.08596695527177],[12.70486005245501,46.08542737661414],[12.708743636816129,46.0855053324623],[12.70869893385786,46.08658449263697],[12.707922200581994,46.08656891143185]]]},"properties":{"nbr_class":"moderata","color":"#a6d96a"}},{"type":"Feature","geometry":{"type":"Polygon","coordinates":[[[12.672992569300524,46.08532273207402],[12.67303796650902,46.08424359882065],[12.673814648053845,46.08425941646361],[12.673769265964477,46.08533855030925],[12.672992569300524,46.08532273207402]]]},"properties":{"nbr_class":"moderata","color":"#a6d96a"}},{"type":"Feature","geometry":{"type":"Polygon","coordinates":[[[12.70330662320069,46.085396157357344],[12.703329026644996,46.0848565792246],[12.704105733390868,46.08487219119766],[12.704083337506912,46.0854117696227],[12.70330662320069,46.085396157357344]]]},"properties":{"nbr_class":"moderata","color":"#a6d96a"}},{"type":"Feature","geometry":{"type":"Polygon","coordinates":[[[12.7141806818201,46.08561424914219],[12.714202979417479,46.08507466692636],[12.714979695129674,46.08509020506499],[12.714957405092958,46.08562978757173],[12.7141806818201,46.08561424914219]]]},"properties":{"nbr_class":"sana","color":"#1a9641"}},{"type":"Feature","geometry":{"type":"Polygon","coordinates":[[[12.687434075177972,46.09317638137239],[12.687456639491364,46.092636810002084],[12.686679832853773,46.09262108286555],[12.686724974672273,46.0915419405346],[12.684394604018498,46.091494729242584],[12.684417196647777,46.090955158871374],[12.682863634574066,46.090923658892365],[12.682818418420233,46.092002798395534],[12.682041623230372,46.091987039903955],[12.68201900662188,46.092526609270855],[12.68048803479556,46.09195550709616],[12.680533296323809,46.0908763693637],[12.682086854509057,46.09090790099081],[12.682908848144516,46.08984451915012],[12.685239146854256,46.08989175943769],[12.685306894312975,46.0882730467229],[12.682976663656742,46.08822580908852],[12.68379859855216,46.0871624193112],[12.684575326982387,46.08717816459976],[12.68471084210394,46.08394073860803],[12.6854875258208,46.0839564768546],[12.685442371813718,46.085035619680156],[12.686995771427199,46.08506708153096],[12.686928080940996,46.08668579708829],[12.687704804398697,46.08670152098632],[12.687682247174886,46.08724109301368],[12.689235711151067,46.08727252557627],[12.689145536302085,46.089430815442384],[12.687592011835473,46.08939938052582],[12.687524328563907,46.091018095532746],[12.68830111316016,46.09103381651123],[12.688278558343038,46.09157338835505],[12.69060893869723,46.09162052052421],[12.690563872506965,46.09269966579755],[12.689787063283713,46.09268395976131],[12.689764521659763,46.09322353201436],[12.688987705519429,46.09320782040888],[12.68901025470655,46.09266824844997],[12.687434075177972,46.09317638137239]],[[12.686038489955274,46.089367924511386],[12.686815250571964,46.08938365515583],[12.686837817935078,46.0888440836618],[12.686061064879958,46.08882835331186],[12.686038489955274,46.089367924511386]],[[12.685306894312975,46.0882730467229],[12.686860384653517,46.08830451210802],[12.686882950727302,46.087764940494516],[12.685329475509011,46.08773347569848],[12.685306894312975,46.0882730467229]],[[12.685374635965921,46.08665433347039],[12.68615135813,46.08667006791632],[12.686173929830447,46.08613049641808],[12.68539721522684,46.08611476226672],[12.685374635965921,46.08665433347039]]]},"properties":{"nbr_class":"moderata","color":"#a6d96a"}},{"type":"Feature","geometry":{"type":"Polygon","coordinates":[[[12.68379859855216,46.0871624193112],[12.683866381697547,46.08554370746854],[12.683089676596115,46.08552795779057],[12.683112277247048,46.08498838735168],[12.683888974788509,46.085004136734796],[12.683934159034314,46.08392499508804],[12.68471084210394,46.08394073860803],[12.684575326982387,46.08717816459976],[12.68379859855216,46.0871624193112]]]},"properties":{"nbr_class":"stress","color":"#ffffbf"}},{"type":"Feature","geometry":{"type":"Polygon","coordinates":[[[12.683112277247048,46.08498838735168],[12.683157476612145,46.083909246294624],[12.683934159034314,46.08392499508804],[12.683888974788509,46.085004136734796],[12.683112277247048,46.08498838735168]]]},"properties":{"nbr_class":"degradata","color":"#fdae61"}},{"type":"Feature","geometry":{"type":"Polygon","coordinates":[[[12.700976484135477,46.0853492889179],[12.70102133574528,46.084270134347676],[12.701798033004218,46.08428576184954],[12.70175319651476,46.08536491700494],[12.700976484135477,46.0853492889179]]]},"properties":{"nbr_class":"stress","color":"#ffffbf"}},{"type":"Feature","geometry":{"type":"Polygon","coordinates":[[[12.68235818791837,46.084433062491264],[12.682380794837648,46.0838934922278],[12.683157476612145,46.083909246294624],[12.683134877252382,46.08444881685304],[12.68235818791837,46.084433062491264]]]},"properties":{"nbr_class":"moderata","color":"#a6d96a"}},{"type":"Feature","geometry":{"type":"Polygon","coordinates":[[[12.687682247174886,46.08724109301368],[12.687704804398697,46.08670152098632],[12.686928080940996,46.08668579708829],[12.687063456112746,46.083448365436],[12.688594267156315,46.0840193771063],[12.688549173627226,46.085098522287105],[12.689325875696653,46.085114234754656],[12.689235711151067,46.08727252557627],[12.687682247174886,46.08724109301368]]]},"properties":{"nbr_class":"stress","color":"#ffffbf"}},{"type":"Feature","geometry":{"type":"Polygon","coordinates":[[[12.675254628608347,46.08698887305475],[12.675322661243165,46.08537017095901],[12.67687605912146,46.085401770514416],[12.676898720251321,46.08486220243793],[12.673814648053845,46.08425941646361],[12.673837338126281,46.08371984945104],[12.676167363983762,46.08376726985186],[12.67619003073085,46.0832277018917],[12.676966699757083,46.08324349784965],[12.676921380733864,46.08432263430164],[12.678452105607898,46.08489378030769],[12.678384165636345,46.086512486131305],[12.676054020535528,46.086465108755526],[12.676031349903162,46.08700467635682],[12.675254628608347,46.08698887305475]]]},"properties":{"nbr_class":"moderata","color":"#a6d96a"}},{"type":"Feature","geometry":{"type":"Polygon","coordinates":[[[12.709542698571854,46.08498132734172],[12.70958738257892,46.08390216622641],[12.710364079333182,46.08391773542566],[12.710319410446528,46.08499689712396],[12.709542698571854,46.08498132734172]]]},"properties":{"nbr_class":"moderata","color":"#a6d96a"}},{"type":"Feature","geometry":{"type":"Polygon","coordinates":[[[12.68082743323253,46.08386196827397],[12.680850054624575,46.083322398540915],[12.68162672754383,46.08333816285939],[12.681604113711037,46.083877732887586],[12.68082743323253,46.08386196827397]]]},"properties":{"nbr_class":"moderata","color":"#a6d96a"}},{"type":"Feature","geometry":{"type":"Polygon","coordinates":[[[12.687817580852657,46.08400365995359],[12.687840134210589,46.08346408756785],[12.688616812954786,46.083479804426325],[12.688594267156315,46.0840193771063],[12.687817580852657,46.08400365995359]]]},"properties":{"nbr_class":"degradata","color":"#fdae61"}},{"type":"Feature","geometry":{"type":"Polygon","coordinates":[[[12.723545816312571,46.08472119074566],[12.723568021911776,46.0841816049265],[12.724344730154435,46.08419707919729],[12.724322532115735,46.08473666530617],[12.723545816312571,46.08472119074566]]]},"properties":{"nbr_class":"stress","color":"#ffffbf"}},{"type":"Feature","geometry":{"type":"Polygon","coordinates":[[[12.691655985779994,46.08516134051508],[12.691746049308,46.08300304521051],[12.692522723721348,46.083018735408174],[12.692432690432073,46.085177031887774],[12.691655985779994,46.08516134051508]]]},"properties":{"nbr_class":"sana","color":"#1a9641"}},{"type":"Feature","geometry":{"type":"Polygon","coordinates":[[[12.690225793988128,46.10079324773445],[12.689493971934025,46.09969839439312],[12.687940158750244,46.099666958845354],[12.687985287075401,46.09858781688978],[12.686431506741277,46.09855636141447],[12.686499239784464,46.09693764979983],[12.688052974728265,46.09696910350847],[12.688075535990013,46.0964295322619],[12.686521816175455,46.09639807914213],[12.686544391921451,46.09585850842469],[12.685767540549111,46.09584277424578],[12.68579012321429,46.09530320376317],[12.688120656579837,46.09535038958959],[12.68816577459158,46.09427124667837],[12.690496268393323,46.09431838325974],[12.69060893869723,46.09162052052421],[12.688278558343038,46.09157338835505],[12.68830111316016,46.09103381651123],[12.687524328563907,46.091018095532746],[12.687592011835473,46.08939938052582],[12.690699063353376,46.089462229261024],[12.690789177711565,46.087303937042485],[12.692342646854648,46.08733532741226],[12.692432690432073,46.085177031887774],[12.695539515489454,46.085239744641015],[12.695629427822897,46.08308144346522],[12.701066184792708,46.08319097953893],[12.700954057369628,46.08588886611356],[12.701730777309404,46.085904494493185],[12.702597140629921,46.08376180611812],[12.703373831613716,46.08377742278023],[12.70330662320069,46.085396157357344],[12.704083337506912,46.0854117696227],[12.704105733390868,46.08487219119766],[12.705659148807966,46.08490339932234],[12.705681528931835,46.08436382025342],[12.70723493179421,46.084395006698884],[12.707257296158788,46.08385542698651],[12.70958738257892,46.08390216622641],[12.710274739007751,46.086076058584],[12.71180587336544,46.08664676471557],[12.71169425602747,46.08934466993926],[12.707810394203866,46.089266809367324],[12.707676205467564,46.09250428492365],[12.701461696883891,46.092379419701224],[12.701371982907677,46.09453772619576],[12.703702509575312,46.094584593727895],[12.703724916338555,46.094045016316244],[12.70525619723209,46.09461581237138],[12.704389749886154,46.09675851590705],[12.703612876120493,46.096742902778296],[12.703590466156216,46.09728247989187],[12.702813585467824,46.09726686119472],[12.702836002997191,46.09672728437357],[12.698951647023605,46.09664911321056],[12.699041462026278,46.09449081118364],[12.700595141970675,46.094522093133925],[12.700684886201369,46.09236378781008],[12.699908076161886,46.09234815064379],[12.699997840388582,46.090189845536756],[12.698466737319503,46.089618981881834],[12.698444282741209,46.09015855772193],[12.697667504882812,46.09014290590242],[12.697555184554666,46.0928407827429],[12.691340682376095,46.0927153665587],[12.691273100952747,46.09433408490276],[12.693603602504513,46.09438115817931],[12.694335440657513,46.09547598633461],[12.691250572524435,46.094873657564705],[12.691182983377608,46.0964923751923],[12.690406120561441,46.09647667237337],[12.690315962426864,46.09863496053161],[12.691869749225496,46.09866636324526],[12.692601606056517,46.099761202172125],[12.691824696557067,46.09974550814197],[12.691779641314143,46.10082465279988],[12.690225793988128,46.10079324773445]],[[12.693693619021431,46.09222286340942],[12.695247229440948,46.09225421686852],[12.695269716837162,46.09171464243983],[12.696046515450938,46.09173031096344],[12.696136428362285,46.0895720114786],[12.694582892278234,46.08954067150349],[12.694650365589172,46.087921948023535],[12.695427110624163,46.087937619768134],[12.695449592881653,46.08739804486207],[12.697003069762115,46.08742937194191],[12.696980602627042,46.087968947434504],[12.697757349594498,46.087984603356226],[12.697869641047953,46.0852867238312],[12.695539515489454,46.085239744641015],[12.695472074496903,46.0868584698963],[12.69389611857859,46.08736669668548],[12.693783625252365,46.09006456768452],[12.694560399889529,46.09008024587745],[12.694492918867915,46.09169896864126],[12.693716121543417,46.091683289567726],[12.693693619021431,46.09222286340942]],[[12.700774620177125,46.090205481532045],[12.701551400608615,46.0902211122526],[12.701641094083303,46.088062803849915],[12.700864343899395,46.08804717429987],[12.700774620177125,46.090205481532045]],[[12.696913197370757,46.089587673554284],[12.697689967023233,46.08960333035537],[12.698511644551715,46.08853983002269],[12.69695813485014,46.08850852286742],[12.696913197370757,46.089587673554284]],[[12.703127372604634,46.08971278027318],[12.703904147401389,46.089728394877056],[12.703926548404194,46.089188816928896],[12.70314978116951,46.08917320261735],[12.703127372604634,46.08971278027318]],[[12.703971348490022,46.08810966085375],[12.706301608674679,46.08815647038794],[12.706323985073334,46.087616891384585],[12.707100732189682,46.08763248372187],[12.70714546794697,46.086553324952554],[12.70869893385786,46.08658449263697],[12.708743636816129,46.0855053324623],[12.70486005245501,46.08542737661414],[12.70483766349186,46.08596695527177],[12.704060940983178,46.08595134798813],[12.703971348490022,46.08810966085375]],[[12.707877479947134,46.08764807078479],[12.709430977384491,46.08767922908753],[12.709453322898593,46.0871396488575],[12.707899840583949,46.08710849113811],[12.707877479947134,46.08764807078479]],[[12.700154903105423,46.08641280930331],[12.70093162996312,46.08642844324958],[12.700954057369628,46.08588886611356],[12.700177338072619,46.085873232459974],[12.700154903105423,46.08641280930331]]]},"properties":{"nbr_class":"sana","color":"#1a9641"}},{"type":"Feature","geometry":{"type":"Polygon","coordinates":[[[12.708810686464956,46.083886591753455],[12.708833035071038,46.08334701139802],[12.709609723625142,46.083362585579394],[12.70958738257892,46.08390216622641],[12.708810686464956,46.083886591753455]]]},"properties":{"nbr_class":"moderata","color":"#a6d96a"}},{"type":"Feature","geometry":{"type":"Polygon","coordinates":[[[12.679294105385429,46.138913561721694],[12.679407498106176,46.13621574147462],[12.67785266925397,46.1361841496538],[12.677875361013774,46.13564458601647],[12.679430174705628,46.13567617724581],[12.679452850656899,46.13513661295719],[12.677898052124966,46.135105022319316],[12.67792074258757,46.13456545856236],[12.679498200614994,46.134057484200554],[12.679566220691367,46.13243879061708],[12.680343583036136,46.13245457653405],[12.680388911356289,46.131375446588315],[12.681166259193787,46.1313912266321],[12.68121156976646,46.13031209585632],[12.681988903097242,46.13032787002734],[12.682079486162333,46.12816960657704],[12.682856789832229,46.12818537428526],[12.683679351492671,46.1271220034475],[12.67979291216004,46.12704314145197],[12.679838242679295,46.12596401090137],[12.681392786158275,46.125995570361724],[12.681415435294008,46.12545600440587],[12.68219270043165,46.12547177591911],[12.681460731623561,46.12437687231482],[12.679906233599986,46.12434531462703],[12.679883570607483,46.12488488011161],[12.676774552057518,46.12482170018386],[12.676751858113967,46.12536126442574],[12.674420078306003,46.1253138231429],[12.674442794976805,46.124774259789234],[12.672888293512802,46.12474260645546],[12.672911024685328,46.124203043634566],[12.670579300104622,46.124155524917754],[12.669847580879111,46.123060551335634],[12.672179258052749,46.12310808411453],[12.67215652060447,46.12364764675866],[12.673710990463707,46.123679309468386],[12.673733712761939,46.12313974623145],[12.676842629996752,46.12320300709928],[12.676797245352482,46.124282135882154],[12.678351738175715,46.12431373581611],[12.677619860932616,46.123218809114924],[12.680728791178206,46.12328196437185],[12.680751444652659,46.12274239841241],[12.679196993379898,46.12271083193611],[12.678465119173133,46.12161591045231],[12.681573961120701,46.121679041040935],[12.681619248389342,46.12059990811291],[12.683950841222167,46.12064719884032],[12.683928220634103,46.121186766219616],[12.68625984202706,46.12123401031018],[12.68623724351606,46.121773578514265],[12.687791676167311,46.121805048762454],[12.687814259529166,46.121265479969175],[12.687037050454244,46.121249747779835],[12.687059640745066,46.120710179221376],[12.684728040130558,46.12066295185583],[12.684750652498108,46.12012338412182],[12.682419080440999,46.12007611011992],[12.682464348679744,46.11899697624278],[12.681687174439073,46.11898120827251],[12.681800371581536,46.11628337400956],[12.68102323585447,46.11626760223597],[12.68111381221138,46.11410933493068],[12.680336707421157,46.11409355905926],[12.680404655608193,46.11247485883861],[12.679627574180705,46.11245907857463],[12.67965022985265,46.11191951201027],[12.673433662398896,46.11179308223685],[12.67345637798637,46.11125351797971],[12.672679317553245,46.1112376908014],[12.672724761920822,46.110158562700235],[12.670393629950299,46.11011105127457],[12.670348140163375,46.11119017759667],[12.668771264154856,46.111698038213234],[12.668839545229803,46.11007935060042],[12.667262688271908,46.11058719081768],[12.667308237315748,46.10950806675064],[12.668885062694702,46.10900022522584],[12.668930577558433,46.10792109961178],[12.669707589315854,46.107936951400724],[12.669684839777974,46.10847651453447],[12.671238880386872,46.10850820287262],[12.671216145337139,46.10904776653978],[12.67277020369136,46.10907943435968],[12.672792923602797,46.10853987009965],[12.674346969424024,46.108571516215434],[12.674324264650972,46.10911108106796],[12.681317571164477,46.10925322999642],[12.681362843816007,46.108174094908996],[12.682139865982126,46.108189862253965],[12.682275623003607,46.10495245378584],[12.681498646248272,46.104936688211964],[12.681543908552195,46.103857552168044],[12.680766947580796,46.10384178190743],[12.680789585330086,46.10330221409105],[12.682343492787089,46.10333374874483],[12.68238873607751,46.10225461175197],[12.681611797158558,46.10223884765383],[12.681657052996718,46.10115971101214],[12.680880129859432,46.101143942227715],[12.68085749469722,46.10168351028322],[12.679303635236668,46.101651956294006],[12.679280984294575,46.10219152369897],[12.677704445575376,46.10269951476616],[12.677749778373284,46.10162038119834],[12.679326285531593,46.10111238882924],[12.679394232533596,46.09949368607619],[12.677063539004717,46.0994463190651],[12.677086209407515,46.09890675224796],[12.679416880240085,46.09895411837224],[12.679462173711928,46.097874982784994],[12.677131548270037,46.09782761843425],[12.677108879162613,46.098367185371],[12.67400135741168,46.09830395785718],[12.673179062789815,46.09936726852306],[12.670848384870336,46.099319774884165],[12.670893846071468,46.09824064592826],[12.67167072292976,46.09825648182436],[12.67178432674664,46.095558656904785],[12.668676974510202,46.095495287597195],[12.668654224789455,46.09603485151442],[12.669431069434866,46.09605070205115],[12.669385583171861,46.097129830299494],[12.670162443597576,46.09714567615405],[12.66934009430971,46.09820895830834],[12.661548553599411,46.0985897646006],[12.66159419505586,46.097510642655784],[12.660040474096274,46.097478829011855],[12.660017638565071,46.09801838941862],[12.65924077150253,46.09800247438523],[12.659217927754241,46.098542034434104],[12.657664180464453,46.09851018794397],[12.65764132093381,46.09904974733668],[12.656087561135363,46.09901787914673],[12.656110435795611,46.09847832035064],[12.654556693749447,46.09844643165419],[12.654533803959687,46.098985989853254],[12.652203173117654,46.0989381163442],[12.652248997430751,46.09785900167857],[12.653802720410717,46.097890921431926],[12.653825616456883,46.09735136341154],[12.656156183155565,46.09739920257857],[12.656133309802335,46.09793876149458],[12.656910174244457,46.09795469763079],[12.656955905168935,46.096875579142115],[12.656179055855318,46.0968596436026],[12.656270540120042,46.09470140709902],[12.655493721716345,46.09468546747772],[12.655562350743013,46.09306679036564],[12.65403165143966,46.092495338528906],[12.654191864250686,46.08871842692801],[12.653415130995652,46.088702474766954],[12.653346449602228,46.09032115063126],[12.65256969432028,46.0903051923],[12.652592596333317,46.08976563403731],[12.651815849268973,46.08974967073066],[12.651792939694733,46.090289228694495],[12.648685927760898,46.090225321530305],[12.648708867579712,46.08968576476287],[12.651039102861224,46.089733702149886],[12.651062019341984,46.089194144425],[12.652615497692127,46.08922607571463],[12.652638398396732,46.08868651733196],[12.651861666454142,46.08867055462301],[12.651953292971891,46.08651232168778],[12.653529586905657,46.08600468046014],[12.65348380650337,46.08708379836282],[12.655813940192282,46.0871316363372],[12.65499147553024,46.088194814476495],[12.656544930197633,46.08822669183192],[12.656567791791847,46.087687131836574],[12.658121233959172,46.087718987499976],[12.658098387485936,46.0882585480917],[12.658875117112391,46.088274468310715],[12.658806596459558,46.08989315062037],[12.65958334942353,46.08990906645932],[12.659537680848858,46.09098818829532],[12.660314449590347,46.091004099455766],[12.660223134861544,46.09316234360007],[12.66099993450614,46.09317825067723],[12.660931464300285,46.094796934049604],[12.66248511092968,46.094828734165326],[12.662507919857235,46.094289172505796],[12.664084347125062,46.09378138861147],[12.664175513213118,46.09162313875486],[12.663398733640497,46.09160725366941],[12.66342153109677,46.09106769135289],[12.665751849088027,46.091115329893505],[12.66577462320768,46.090575766625214],[12.663444327901786,46.09052812897646],[12.663467124055567,46.089988566540114],[12.664243880942896,46.0900044507334],[12.663512714409517,46.0889094414877],[12.661959232839898,46.088877658468284],[12.66198204216185,46.08833809644724],[12.663535508609732,46.08836987887164],[12.663695049780536,46.08459293888175],[12.662918369149967,46.08457705238862],[12.663032345392837,46.08187923779995],[12.66380898822978,46.081895122806074],[12.663740627113016,46.0835138126312],[12.664517293278564,46.083529693256395],[12.664426166246823,46.08568794670715],[12.665202863302467,46.08570382324809],[12.66515731100173,46.086782950208544],[12.667487451444222,46.08683054997232],[12.66751020523957,46.08629098563091],[12.668286912464797,46.08630684137448],[12.668309658050232,46.08576727667635],[12.667532958384946,46.08575142122963],[12.666801778831855,46.084656432121015],[12.668355147271921,46.084688147100486],[12.669086358367387,46.08578312684947],[12.673723881282292,46.08641768391557],[12.673701187968838,46.08695725062898],[12.672147749930941,46.086925607107766],[12.672102331116678,46.08800473917023],[12.673678494007111,46.08749681728256],[12.673633104138752,46.08857595041022],[12.672856362112249,46.08856013039804],[12.672788249762906,46.090178828752215],[12.672011485702976,46.09016300257703],[12.67196605910317,46.09124213392137],[12.674296398606618,46.09128959840076],[12.67427370702017,46.09182916487177],[12.66961298849911,46.0917341866632],[12.66959025088977,46.09227375129622],[12.673474219175537,46.09235291447226],[12.673451518729829,46.09289248052748],[12.676558735322118,46.092955717305],[12.676581405516847,46.09241615006589],[12.675027811045792,46.09238454281881],[12.675050495717986,46.0918449761116],[12.676604075063935,46.09187658276694],[12.676694746776352,46.08971831297306],[12.677471507175857,46.08973410720572],[12.677358203727135,46.09243194577708],[12.678135002586973,46.09244773621337],[12.678157657008864,46.091908168323094],[12.679711241551045,46.09193973277998],[12.679688602254444,46.0924793012612],[12.678911802096149,46.09246352137475],[12.67964332172089,46.093558438044276],[12.68352740787207,46.09363726130356],[12.68350480445193,46.09417683108114],[12.684281631190075,46.09419258020232],[12.684304227046773,46.093653010129884],[12.685081046869126,46.09366875368099],[12.685126221519676,46.09258961276738],[12.686679832853773,46.09262108286555],[12.687411510219933,46.09371595268298],[12.68818833263073,46.09373167513314],[12.688210890025426,46.09319210352821],[12.688987705519429,46.09320782040888],[12.688965155688095,46.09374739230807],[12.69051880374167,46.09377881083205],[12.690496268393323,46.09431838325974],[12.68816577459158,46.09427124667837],[12.688120656579837,46.09535038958959],[12.68579012321429,46.09530320376317],[12.686521816175455,46.09639807914213],[12.688075535990013,46.0964295322619],[12.688052974728265,46.09696910350847],[12.686499239784464,46.09693764979983],[12.686431506741277,46.09855636141447],[12.687985287075401,46.09858781688978],[12.687940158750244,46.099666958845354],[12.689493971934025,46.09969839439312],[12.690225793988128,46.10079324773445],[12.691779641314143,46.10082465279988],[12.691824696557067,46.09974550814197],[12.692601606056517,46.099761202172125],[12.692624125146681,46.0992216294598],[12.691847223213083,46.099205935723454],[12.69189227459433,46.09812679070736],[12.693446048844882,46.09815817172865],[12.693423538606904,46.09869774485408],[12.694200434265609,46.098713427744144],[12.69422293693812,46.098173854325104],[12.69579920195849,46.097665629623926],[12.695844173829231,46.0965864813136],[12.692736710947182,46.09652376500272],[12.692759226177376,46.095984191932224],[12.691182983377608,46.0964923751923],[12.691250572524435,46.094873657564705],[12.694335440657513,46.09547598633461],[12.693603602504513,46.09438115817931],[12.691273100952747,46.09433408490276],[12.691340682376095,46.0927153665587],[12.696001555142129,46.09280946034784],[12.69595659226432,46.09388860949355],[12.696733421775484,46.09390427391519],[12.696710946936955,46.094443848691824],[12.698264623019316,46.09447516229521],[12.698309541799363,46.093396011509796],[12.697532718563671,46.093380357932006],[12.697667504882812,46.09014290590242],[12.698444282741209,46.09015855772193],[12.698466737319503,46.089618981881834],[12.699997840388582,46.090189845536756],[12.699908076161886,46.09234815064379],[12.700684886201369,46.09236378781008],[12.700595141970675,46.094522093133925],[12.699041462026278,46.09449081118364],[12.698951647023605,46.09664911321056],[12.702836002997191,46.09672728437357],[12.702813585467824,46.09726686119472],[12.703590466156216,46.09728247989187],[12.703612876120493,46.096742902778296],[12.705166624293952,46.0967741237598],[12.705144229459922,46.0973137014579],[12.704367347486988,46.09729809331292],[12.70430013644904,46.09891682517291],[12.705077041118676,46.09893243419456],[12.705121833986048,46.09785327909639],[12.705898724166303,46.09786888225738],[12.705965885972944,46.09625014828674],[12.708296492276531,46.096296923485085],[12.708318855571898,46.09575734449995],[12.706765132524342,46.095726166894046],[12.706787510309933,46.09518658843304],[12.709118073149158,46.09523334605271],[12.709051005957484,46.09685208388325],[12.708274128342229,46.09683650241064],[12.708184666215203,46.09899481751703],[12.7066084701223,46.0995032144525],[12.706518934681133,46.10166152603199],[12.705741990895309,46.10164592610289],[12.705719597868967,46.102185503556704],[12.706496549221914,46.102201103777865],[12.706451776384606,46.103280259090845],[12.705674809896768,46.10326465828552],[12.70563001936506,46.10434381277593],[12.704853038383494,46.10432820610903],[12.704830634589587,46.10486778297265],[12.704053646682107,46.10485217073606],[12.703231819634922,46.105915705600964],[12.702454817875754,46.105900082224444],[12.702432389454957,46.10643965803199],[12.704763419366815,46.10648651320581],[12.70474101301213,46.10702608983099],[12.70396399482987,46.10701047642516],[12.703941580265697,46.10755005269841],[12.702387530690714,46.10751880946822],[12.70236510034722,46.108058385096896],[12.701588068954779,46.10804275527226],[12.701565630400744,46.10858233054866],[12.699989100071976,46.10909062911095],[12.699944189477488,46.11016977819443],[12.699167129736086,46.11015413136399],[12.699144665905937,46.11069370552333],[12.69992173321773,46.11070935264672],[12.699876818773076,46.11178850137233],[12.699099736319848,46.11177285366303],[12.699054804165895,46.11285200156413],[12.698277707214492,46.11283634798998],[12.699009869443891,46.11393114922661],[12.698232757349375,46.113915495066315],[12.698210281453417,46.114455068515],[12.697433162431428,46.11443940878245],[12.697455645899243,46.11389983562697],[12.695878926321537,46.114408073479886],[12.695833927169755,46.115487218438496],[12.698165327734591,46.11553421523337],[12.698142849911674,46.11607378850307],[12.69581142662939,46.11602679082829],[12.695788925446013,46.116566363158405],[12.695011778069228,46.11655068641443],[12.694966758627391,46.11762983030861],[12.69418959675006,46.117614147697886],[12.694122040042043,46.11923286221065],[12.693344856089926,46.11921717343904],[12.69327727086732,46.12083588653338],[12.691700314612262,46.121344061711106],[12.691610128791755,46.12350234241102],[12.692387372048737,46.123518044094226],[12.692342290423493,46.124597184673895],[12.690765217322346,46.1251053444628],[12.690674983151222,46.12726362231444],[12.689897688154199,46.127247908010375],[12.689829983023866,46.128866614889404],[12.688252764685782,46.12937473692225],[12.688207593104732,46.130453873246],[12.687430254584589,46.13043814133052],[12.687407660247436,46.13097770910824],[12.683520939478669,46.13089896882714],[12.683430404096683,46.13305723344343],[12.685762525557363,46.13310449699774],[12.68573991283227,46.1336440638873],[12.684185149384437,46.1336125595437],[12.684162520853993,46.13415212578365],[12.685717299460821,46.13418363071711],[12.68569468544299,46.134723197487155],[12.682585100506332,46.1346601653096],[12.682562455522472,46.13519973083975],[12.681785053331408,46.13518395929329],[12.681739746261446,46.13626308958365],[12.680962329559717,46.136247312163626],[12.68087167732577,46.13840557084533],[12.679294105385429,46.138913561721694]],[[12.68025291862174,46.13461283570799],[12.681030311933513,46.134628617524555],[12.681052971429345,46.134089052525276],[12.680275585697157,46.13407327100421],[12.68025291862174,46.13461283570799]],[[12.681075630277496,46.13354948746623],[12.681853009080097,46.13356526340934],[12.681875659701419,46.13302569799513],[12.681098288477996,46.13300992234737],[12.681075630277496,46.13354948746623]],[[12.685120859337909,46.12985134693901],[12.685898188335674,46.12986709440556],[12.685920796536898,46.129327527097736],[12.685143475116915,46.12931177992601],[12.685120859337909,46.12985134693901]],[[12.685920796536898,46.129327527097736],[12.686698118605182,46.12934326898769],[12.686743317914175,46.12826413360332],[12.68752062547554,46.12827986962225],[12.687588396863854,46.12666116521377],[12.686811112033368,46.126645430078675],[12.68676591659979,46.127724565821524],[12.685988617263614,46.12770882481573],[12.685920796536898,46.129327527097736]],[[12.687588396863854,46.12666116521377],[12.688365682342086,46.12667689506756],[12.68838826393702,46.12613732651742],[12.687610986035335,46.12612159695813],[12.687588396863854,46.12666116521377]],[[12.684501880908048,46.12605862590911],[12.686079035853849,46.12555055426988],[12.686124241272783,46.12447141863846],[12.68379248352883,46.12442416924041],[12.68374723265438,46.12550330310254],[12.684524499739036,46.125519058772696],[12.684501880908048,46.12605862590911]],[[12.68841084488656,46.125597757907556],[12.689987952631371,46.12508963133555],[12.690033081000394,46.124010492639805],[12.691587580725656,46.124041912436724],[12.690855441178336,46.122947065655715],[12.689278402900852,46.12345520567691],[12.68841084488656,46.125597757907556]],[[12.686124241272783,46.12447141863846],[12.686901495150574,46.12448715787606],[12.686946682834567,46.123408021416296],[12.683837731816814,46.12334503513921],[12.683815107996118,46.1238846022197],[12.686146843013285,46.12393185073313],[12.686124241272783,46.12447141863846]],[[12.680706137056317,46.12382153027147],[12.683037864287547,46.123868842153726],[12.683060495683575,46.12332927536831],[12.680728791178206,46.12328196437185],[12.680706137056317,46.12382153027147]],[[12.686192044556474,46.12285271474319],[12.68696927570799,46.122868453096785],[12.68699186793573,46.12232888471754],[12.686214644359206,46.12231314665861],[12.686192044556474,46.12285271474319]],[[12.683105756535289,46.12225014161815],[12.684660199150379,46.1222816546993],[12.68468281345672,46.12174208714456],[12.683128385991022,46.12171057465341],[12.683105756535289,46.12225014161815]],[[12.688614044393672,46.12074163773077],[12.690168450631406,46.120773075119295],[12.690213568683665,46.11969393546804],[12.69099075762464,46.11970964565368],[12.691013308109921,46.11917007544433],[12.68948151101038,46.11859908070069],[12.68952663905185,46.117519941160126],[12.692635274932503,46.11758276663734],[12.69268033981193,46.11650362450542],[12.691126050870112,46.116472223501965],[12.691148597489066,46.11593265293436],[12.69192573406432,46.11594835578183],[12.6919708102249,46.1148692138795],[12.691193688794076,46.114853511620026],[12.691171143463714,46.115393082307044],[12.689616887397278,46.11536166136231],[12.6896620077016,46.11428252110509],[12.688107784510184,46.1142510802207],[12.68790458652281,46.11910720419871],[12.688681765948987,46.11912292993002],[12.688614044393672,46.12074163773077]],[[12.681800371581536,46.11628337400956],[12.684131782656156,46.11633065765433],[12.68415439742693,46.11579108973715],[12.684931528176556,46.115806840098486],[12.68497674063536,46.114727703495085],[12.68184564590991,46.11520423988593],[12.681800371581536,46.11628337400956]],[[12.692792990742667,46.11380576813091],[12.694369719658567,46.11329757303756],[12.694414743951935,46.11221842877561],[12.695946420227191,46.11278935559439],[12.695991412949875,46.11171021003903],[12.697545573345842,46.11174154240835],[12.697613012185526,46.11012282186794],[12.69528184069354,46.110075818036115],[12.694549801393935,46.108980994557314],[12.696126375690731,46.10847277194075],[12.696081390681464,46.10955191821218],[12.697635490514063,46.10958324823515],[12.69770292164592,46.1079645269788],[12.700034008099918,46.108011479788885],[12.70007891356149,46.10693233022824],[12.700855928528723,46.10694797002329],[12.700900816286515,46.10586881963846],[12.701677816759547,46.105884453570276],[12.701745120881816,46.10426572666766],[12.700968143113624,46.104250093613935],[12.700945701479169,46.10478966901508],[12.698614749331355,46.104742737311305],[12.698547352464406,46.10636146052084],[12.696216337997125,46.10631447868175],[12.696261315294615,46.105235331694246],[12.69548432689822,46.10521966111268],[12.695461831002428,46.105759234342884],[12.693130846978544,46.105712190052785],[12.693153365579208,46.105172617703346],[12.694707339146708,46.10520398525367],[12.694774845681183,46.10358526608543],[12.69399788127835,46.103569585829725],[12.694020389738064,46.10303001294785],[12.692466478003153,46.10299863719247],[12.691734583496542,46.101903797218974],[12.690158160896098,46.102411962509585],[12.690180705904247,46.10187239097759],[12.688649390394273,46.10130139262576],[12.688604270755164,46.102380534572696],[12.687827326654665,46.10236481268896],[12.68780475830119,46.102904383278485],[12.687027807280623,46.10288865582348],[12.687050383201104,46.102349085528395],[12.685496498235654,46.10231761537678],[12.685383536508443,46.10501546330871],[12.684606557160144,46.104999718843914],[12.684583955310043,46.10553928795628],[12.683029983421445,46.10550778260499],[12.683007365789132,46.10604735106775],[12.683784358977542,46.106063106677055],[12.683716524908741,46.10768181259168],[12.685270558641784,46.1077133097469],[12.68529315550641,46.10717374057877],[12.686869757774444,46.106665646216356],[12.686982653504476,46.10396779623441],[12.689313553910953,46.104014964534784],[12.689336108419186,46.103475393476096],[12.690912568850885,46.10296724032904],[12.690867490748493,46.10404638368258],[12.690090522006544,46.10403067674727],[12.69004542619236,46.105109819273835],[12.689268442961108,46.105094106473],[12.689223329433267,46.106173248172304],[12.690000327801041,46.1061889615615],[12.689842463133862,46.1099659576873],[12.68906541178146,46.10995024223865],[12.688997723117721,46.11156895308549],[12.691328947247538,46.11161608624395],[12.691396567778268,46.10999737274984],[12.690619515132871,46.1099816678577],[12.690664607406003,46.108902525817825],[12.691441644911768,46.108918230121915],[12.691419106667034,46.10945780146572],[12.693750245769493,46.10950488359092],[12.692792990742667,46.11380576813091]],[[12.68815293252177,46.11317194090184],[12.688930028651022,46.11318766339482],[12.688975158940291,46.11210852324833],[12.688198077953126,46.11209280134407],[12.688265791262632,46.110474091559425],[12.687488733634044,46.11045836525985],[12.687398417649018,46.11261664367547],[12.688175505559967,46.11263237115281],[12.68815293252177,46.11317194090184]],[[12.683829578459761,46.104983969101845],[12.684606557160144,46.104999718843914],[12.684651758922985,46.103920580439926],[12.683874795357942,46.103904831287565],[12.683829578459761,46.104983969101845]],[[12.682298246911177,46.10441288549861],[12.683075216747348,46.10442864550018],[12.683097832440984,46.10388907685812],[12.682320870172331,46.1038733171516],[12.682298246911177,46.10441288549861]],[[12.697083263926872,46.10417184918558],[12.698659677366516,46.10366358820668],[12.698749525734915,46.1015052892816],[12.697195651665067,46.10147397860953],[12.697083263926872,46.10417184918558]],[[12.704076058044167,46.10431259416474],[12.704853038383494,46.10432820610903],[12.704897844050912,46.103249052203],[12.70412087884725,46.103233440843276],[12.704076058044167,46.10431259416474]],[[12.699436645636302,46.10367923679938],[12.700213614549822,46.10369488011487],[12.700303402380204,46.10153657884647],[12.699526463735738,46.10152093670245],[12.699436645636302,46.10367923679938]],[[12.70254452515063,46.103741778397996],[12.703321496636928,46.103757400604536],[12.703366331294555,46.10267824774861],[12.704143288288316,46.10269386409312],[12.704165697089097,46.102154287283355],[12.702611798878698,46.10212304990209],[12.70254452515063,46.103741778397996]],[[12.694842346429372,46.10196654638007],[12.695619288775532,46.101982220478256],[12.695664270926637,46.10090307312272],[12.694887343713866,46.10088739961142],[12.694842346429372,46.10196654638007]],[[12.701080341668096,46.10155221571367],[12.701857281599201,46.101567847304025],[12.701879711819924,46.10102827125242],[12.703433578477291,46.101059518017564],[12.703455992923972,46.100519941321316],[12.701924570338797,46.09994911897028],[12.701946998636991,46.09940954273979],[12.702723908945213,46.09942516788311],[12.70276874848759,46.09834601465817],[12.698084922230466,46.098791763050635],[12.69806245674376,46.09933133787661],[12.698839363835303,46.099346989402086],[12.69879444606852,46.10042613946114],[12.700348292447387,46.100457427854415],[12.701080341668096,46.10155221571367]],[[12.68167967994604,46.10062014260162],[12.682456596165748,46.10063590581438],[12.682501832993248,46.099556768223785],[12.68327873472954,46.09957252557005],[12.682547067235898,46.09847763039413],[12.681770181278827,46.098461868361795],[12.68172493190529,46.09954100560126],[12.680948031465885,46.099525237702466],[12.68167967994604,46.10062014260162]],[[12.684033034154927,46.100127847055134],[12.684809944753079,46.10014359414364],[12.684832540146273,46.099604024433724],[12.684055637113957,46.099588277640024],[12.684033034154927,46.100127847055134]],[[12.695709250507376,46.09982392552847],[12.696486163232276,46.09983959317645],[12.69650864449285,46.09930001899648],[12.695731739333915,46.09928435164184],[12.695709250507376,46.09982392552847]],[[12.663901983691915,46.098097885449214],[12.664678854678597,46.098113768828],[12.66472443431551,46.09703464438329],[12.663947578457792,46.09701876159923],[12.663901983691915,46.098097885449214]],[[12.683323953841258,46.09849338715038],[12.684100841094695,46.098509138630554],[12.68412344211645,46.09796956903619],[12.685699788682347,46.09746148533512],[12.685744957238743,46.09638234466863],[12.684968098949364,46.09636660491942],[12.685035869637323,46.09474789435561],[12.683482200386024,46.09471640079897],[12.68350480445193,46.09417683108114],[12.682727978361676,46.09416107668469],[12.682660141535013,46.09577978477399],[12.680329599079526,46.09573248727656],[12.680284325912142,46.09681162393289],[12.681061187877408,46.09682739563146],[12.681015927252545,46.09790653263922],[12.682569683387962,46.09793806138964],[12.682592298893884,46.09739849232539],[12.683369170369174,46.09741424849166],[12.683323953841258,46.09849338715038]],[[12.672470314936202,46.09773274728398],[12.67324718553207,46.09774857233199],[12.673269891815329,46.097209006815284],[12.672493028784087,46.09719318206354],[12.672470314936202,46.09773274728398]],[[12.67480092867618,46.09778020660047],[12.67557780122399,46.09779601582093],[12.675600484813225,46.097256449416015],[12.674823619830113,46.09724064049152],[12.67480092867618,46.09778020660047]],[[12.70276874848759,46.09834601465817],[12.703545644306809,46.09836163394015],[12.703568055551662,46.097822056945816],[12.702791167297963,46.09780643795626],[12.70276874848759,46.09834601465817]],[[12.677931083662843,46.09730384453481],[12.679484819477329,46.09733541490168],[12.679507464595748,46.096795846958564],[12.677953743910432,46.09676427718274],[12.677931083662843,46.09730384453481]],[[12.706675614988312,46.09788448014215],[12.707452506451856,46.0979000727507],[12.70749725136803,46.096820915661986],[12.706720375035108,46.09680532363728],[12.706675614988312,46.09788448014215]],[[12.67484631033577,46.09670107432274],[12.676400025823197,46.09673268630411],[12.676422700552042,46.09619311948368],[12.67797640351063,46.09622470977088],[12.677999062463458,46.09568514229922],[12.679530109067205,46.096256278955664],[12.680397503980421,46.09411378184367],[12.678866506436636,46.09354265756696],[12.678843857636334,46.09408222557337],[12.678067035437962,46.094066439525406],[12.678021720768943,46.09514557476775],[12.676468048066356,46.095113985663374],[12.676513392989655,46.09403485160382],[12.675736572740147,46.09401904973023],[12.675668531692653,46.09563774984231],[12.67489168940234,46.0956219418057],[12.67484631033577,46.09670107432274]],[[12.672538454533115,46.09611405144314],[12.674092150989168,46.09614569448602],[12.674114847762365,46.09560612849364],[12.672561166434297,46.095574486043176],[12.672538454533115,46.09611405144314]],[[12.696621041161585,46.09660214720167],[12.697397909138243,46.09661780781387],[12.697442848181055,46.09553865809189],[12.696665995333566,46.09552299806609],[12.696710946936955,46.094443848691824],[12.695934109861984,46.09442818397691],[12.695866658800977,46.09604690706894],[12.69664351856866,46.09606257266372],[12.696621041161585,46.09660214720167]],[[12.664815585776555,46.09487639477504],[12.665592412032058,46.09489227109454],[12.666414780512081,46.09382901578657],[12.664861157601058,46.09379726961152],[12.664815585776555,46.09487639477504]],[[12.667922894715167,46.094939868401596],[12.66947655309891,46.09497157356334],[12.66949929395638,46.094432009229656],[12.667945650699481,46.09440030466147],[12.667922894715167,46.094939868401596]],[[12.668767966894091,46.093337031329604],[12.669544773722327,46.09335288038265],[12.66959025088977,46.09227375129622],[12.668813459186895,46.09225790283659],[12.668767966894091,46.093337031329604]],[[12.670321581202325,46.09336872416073],[12.671098389333865,46.093384562663786],[12.671121113116744,46.09284499755736],[12.670344312548036,46.09282915935082],[12.670321581202325,46.09336872416073]],[[12.672652007550717,46.093416223844876],[12.673428817635594,46.09343204652288],[12.673451518729829,46.09289248052748],[12.672674716207855,46.092876658145705],[12.672652007550717,46.093416223844876]],[[12.668059420869985,46.09170248506268],[12.66961298849911,46.0917341866632],[12.669635725458898,46.09119462197031],[12.670412502688944,46.09121046456193],[12.671234722294018,46.09014717112741],[12.668904435975152,46.090099645132106],[12.668995402368159,46.087941386469744],[12.666665212649349,46.08789381656742],[12.6658429416632,46.08895707646098],[12.666619685386697,46.08897294423714],[12.666596920779927,46.089512507982185],[12.668127675172252,46.090083792584885],[12.668059420869985,46.09170248506268]],[[12.670480686985988,46.089591769234325],[12.672034198029605,46.08962343681509],[12.672102331116678,46.08800473917023],[12.670548865439791,46.087973073368005],[12.670526139937733,46.08851263871664],[12.671302880011524,46.08852847455123],[12.670480686985988,46.089591769234325]],[[12.664312242813706,46.08838576217282],[12.665088977670747,46.08840164019999],[12.66513453387541,46.08732251359892],[12.664357814139573,46.087306636166254],[12.664312242813706,46.08838576217282]],[[12.669794865991742,46.087417667443944],[12.671348315244883,46.087449343201186],[12.671393747882476,46.08637021161175],[12.669840328870713,46.086338537040525],[12.669794865991742,46.087417667443944]]]},"properties":{"nbr_class":"moderata","color":"#a6d96a"}},{"type":"Feature","geometry":{"type":"Polygon","coordinates":[[[12.690125110378792,46.084590368799745],[12.690215231809589,46.08243207560759],[12.690991897373127,46.082447776057975],[12.690901806180017,46.084606070425934],[12.690125110378792,46.084590368799745]]]},"properties":{"nbr_class":"stress","color":"#ffffbf"}},{"type":"Feature","geometry":{"type":"Polygon","coordinates":[[[12.681604113711037,46.083877732887586],[12.681649340730663,46.08279859277142],[12.683202673395048,46.082830104998514],[12.68322527081823,46.08229053426083],[12.684001930563076,46.08230628216974],[12.683934159034314,46.08392499508804],[12.681604113711037,46.083877732887586]]]},"properties":{"nbr_class":"stress","color":"#ffffbf"}},{"type":"Feature","geometry":{"type":"Polygon","coordinates":[[[12.685442371813718,46.085035619680156],[12.6854875258208,46.0839564768546],[12.68471084210394,46.08394073860803],[12.68477859095531,46.08232202480553],[12.68710857601416,46.082369221074025],[12.686995771427199,46.08506708153096],[12.685442371813718,46.085035619680156]]]},"properties":{"nbr_class":"sana","color":"#1a9641"}},{"type":"Feature","geometry":{"type":"Polygon","coordinates":[[[12.712582609842284,46.08666231954969],[12.712604923835759,46.08612273803508],[12.711828194919944,46.08610718349217],[12.711850515836804,46.08556760220921],[12.710319410446528,46.08499689712396],[12.710364079333182,46.08391773542566],[12.70958738257892,46.08390216622641],[12.710408745667898,46.082838573489106],[12.712738794411395,46.082885247696886],[12.712671861991703,46.08450399313394],[12.711895155757675,46.08448843946465],[12.711872836116038,46.085028020866716],[12.713426264344331,46.08505912351376],[12.713403959186312,46.08559870543857],[12.7141806818201,46.08561424914219],[12.714136084714394,46.08669341339522],[12.712582609842284,46.08666231954969]]]},"properties":{"nbr_class":"sana","color":"#1a9641"}},{"type":"Feature","geometry":{"type":"Polygon","coordinates":[[[12.681649340730663,46.08279859277142],[12.681671953271563,46.082259022623674],[12.68322527081823,46.08229053426083],[12.683202673395048,46.082830104998514],[12.681649340730663,46.08279859277142]]]},"properties":{"nbr_class":"moderata","color":"#a6d96a"}},{"type":"Feature","geometry":{"type":"Polygon","coordinates":[[[12.705233804957208,46.095155390307895],[12.704501752281885,46.0940606279835],[12.703724916338555,46.094045016316244],[12.703702509575312,46.094584593727895],[12.701371982907677,46.09453772619576],[12.701461696883891,46.092379419701224],[12.707676205467564,46.09250428492365],[12.707810394203866,46.089266809367324],[12.71169425602747,46.08934466993926],[12.71180587336544,46.08664676471557],[12.710274739007751,46.086076058584],[12.710319410446528,46.08499689712396],[12.711096122961328,46.085012461632296],[12.711073795121518,46.08555204268351],[12.711850515836804,46.08556760220921],[12.712582609842284,46.08666231954969],[12.714136084714394,46.08669341339522],[12.7141806818201,46.08561424914219],[12.713403959186312,46.08559870543857],[12.713426264344331,46.08505912351376],[12.711872836116038,46.085028020866716],[12.711895155757675,46.08448843946465],[12.712671861991703,46.08450399313394],[12.712738794411395,46.082885247696886],[12.715867814313459,46.08240782304908],[12.715046561419484,46.08347145718761],[12.713493175995474,46.08344037738205],[12.714225276377906,46.084535084650994],[12.715778693320203,46.0845661550726],[12.71664449350278,46.082423349186286],[12.718197853796063,46.08245438564019],[12.718175597181384,46.0829939696071],[12.717398909156032,46.082978453726426],[12.717354378899293,46.08405762090075],[12.716577676392076,46.08404209916527],[12.716533128470337,46.08512126552034],[12.718086564364587,46.08515230487971],[12.718064304570758,46.08569188854911],[12.71573412900467,46.0856453207272],[12.71568956214296,46.086724486143716],[12.714912823109229,46.0867089524066],[12.714890531162167,46.08724853473474],[12.713314732182095,46.08775703254242],[12.713247805237561,46.0893757772451],[12.712471030312686,46.08936022622955],[12.711604950677197,46.09150299304623],[12.710828146781372,46.0914874303158],[12.710805811286022,46.09202701065228],[12.708475380751166,46.091980289935755],[12.708430662465489,46.09305944868057],[12.709984312435276,46.09309060226661],[12.709917275599503,46.09470934168682],[12.709140427602334,46.09469376665671],[12.709185134592754,46.09361460768598],[12.706854639830864,46.093567852692445],[12.706787510309933,46.09518658843304],[12.705233804957208,46.095155390307895]],[[12.7141806818201,46.08561424914219],[12.714957405092958,46.08562978757173],[12.714979695129674,46.08509020506499],[12.714202979417479,46.08507466692636],[12.7141806818201,46.08561424914219]]]},"properties":{"nbr_class":"moderata","color":"#a6d96a"}},{"type":"Feature","geometry":{"type":"Polygon","coordinates":[[[12.698142849911674,46.11607378850307],[12.698165327734591,46.11553421523337],[12.698942462545396,46.11554987027294],[12.698987401119815,46.11447072296838],[12.698210281453417,46.114455068515],[12.69903233712591,46.1133915754252],[12.69825523260306,46.11337592155798],[12.698277707214492,46.11283634798998],[12.699054804165895,46.11285200156413],[12.699099736319848,46.11177285366303],[12.699876818773076,46.11178850137233],[12.69992173321773,46.11070935264672],[12.699144665905937,46.11069370552333],[12.699167129736086,46.11015413136399],[12.699944189477488,46.11016977819443],[12.699989100071976,46.10909062911095],[12.700766145316987,46.109106270077305],[12.700788592081995,46.10856669515326],[12.701565630400744,46.10858233054866],[12.702387530690714,46.10751880946822],[12.703941580265697,46.10755005269841],[12.70396399482987,46.10701047642516],[12.705540430622387,46.106502121041544],[12.70556282876802,46.105962544064546],[12.70478582508127,46.105946936521036],[12.704053646682107,46.10485217073606],[12.704830634589587,46.10486778297265],[12.704853038383494,46.10432820610903],[12.70563001936506,46.10434381277593],[12.705674809896768,46.10326465828552],[12.706451776384606,46.103280259090845],[12.706496549221914,46.102201103777865],[12.705719597868967,46.102185503556704],[12.705741990895309,46.10164592610289],[12.706518934681133,46.10166152603199],[12.7066084701223,46.0995032144525],[12.708184666215203,46.09899481751703],[12.708274128342229,46.09683650241064],[12.709051005957484,46.09685208388325],[12.709140427602334,46.09469376665671],[12.709917275599503,46.09470934168682],[12.709984312435276,46.09309060226661],[12.708430662465489,46.09305944868057],[12.708475380751166,46.091980289935755],[12.710805811286022,46.09202701065228],[12.710828146781372,46.0914874303158],[12.711604950677197,46.09150299304623],[12.712471030312686,46.08936022622955],[12.713247805237561,46.0893757772451],[12.713314732182095,46.08775703254242],[12.714091485060607,46.08777257741011],[12.714113785206022,46.08723299543243],[12.71568956214296,46.086724486143716],[12.71573412900467,46.0856453207272],[12.718064304570758,46.08569188854911],[12.718086564364587,46.08515230487971],[12.716533128470337,46.08512126552034],[12.717398909156032,46.082978453726426],[12.718175597181384,46.0829939696071],[12.718197853796063,46.08245438564019],[12.719751216640756,46.08248540099999],[12.719617758138448,46.08572290739313],[12.718841031035717,46.08570740060818],[12.718019783075382,46.086771055709335],[12.717243042126253,46.0867555377951],[12.717198502964088,46.087834704136235],[12.71562270707592,46.088343233822044],[12.715578133847979,46.08942239864329],[12.714801357005424,46.089406863451984],[12.71473446970031,46.09102560936483],[12.713957670808952,46.09101006802589],[12.713913060961035,46.092089231088174],[12.71313624758273,46.09207368389203],[12.713069305340477,46.093692427165635],[12.712292469910818,46.09367687382072],[12.712180848933679,46.096374776629794],[12.711403976321476,46.09635921655283],[12.711336973385063,46.09797795664964],[12.709760833969687,46.09848639824905],[12.709716130614153,46.09956555673068],[12.708139931317488,46.10007397471274],[12.708095193863397,46.101153131670124],[12.707318256361347,46.10113754258673],[12.707206363703865,46.10383543247805],[12.70642938900647,46.10381983665794],[12.7062950513035,46.10705730080898],[12.705518031836744,46.107041697958934],[12.705473232345327,46.1081208516149],[12.704696198381981,46.108105242902504],[12.704673790106472,46.108644819348854],[12.703097284912326,46.10915316130701],[12.703052434878844,46.11023231273205],[12.702275372563573,46.110216687015296],[12.702252939015132,46.11075626234583],[12.701475869772544,46.110740631057986],[12.701430985610893,46.11181978095484],[12.700653901870162,46.11180414380294],[12.700631451256283,46.11234371836915],[12.7014085425681,46.112359355813815],[12.701363654558465,46.11343850535286],[12.699809442292906,46.11340722401342],[12.7004967340995,46.115581164513934],[12.69971959800044,46.11556552003314],[12.699697135322603,46.11610509388894],[12.698142849911674,46.11607378850307]],[[12.71076113838098,46.093106171146566],[12.711537964966933,46.09312173475111],[12.71158262274501,46.092042573674085],[12.710805811286022,46.09202701065228],[12.71076113838098,46.093106171146566]]]},"properties":{"nbr_class":"stress","color":"#ffffbf"}},{"type":"Feature","geometry":{"type":"Polygon","coordinates":[[[12.714225276377906,46.084535084650994],[12.713493175995474,46.08344037738205],[12.715046561419484,46.08347145718761],[12.715068848909384,46.08293187444276],[12.71664449350278,46.082423349186286],[12.715778693320203,46.0845661550726],[12.714225276377906,46.084535084650994]]]},"properties":{"nbr_class":"sana","color":"#1a9641"}},{"type":"Feature","geometry":{"type":"Polygon","coordinates":[[[12.700311934418176,46.08263577014756],[12.70033436489971,46.08209619288677],[12.701111031277943,46.08211182449166],[12.701088608355589,46.0826514020451],[12.700311934418176,46.08263577014756]]]},"properties":{"nbr_class":"stress","color":"#ffffbf"}},{"type":"Feature","geometry":{"type":"Polygon","coordinates":[[[12.688849447508003,46.13370700918378],[12.6889171927947,46.13208830480041],[12.688139830891304,46.132072577283566],[12.688162418941392,46.13153300933079],[12.688939773266052,46.13154873655316],[12.689807413356975,46.129406183729635],[12.691384619128495,46.12889803998114],[12.691452278795149,46.127279331337064],[12.69222957508577,46.127295035078255],[12.692319748644524,46.12513675487418],[12.693896809179092,46.12462857337332],[12.693964385196931,46.12300986065129],[12.694741622816764,46.12302554619846],[12.69476413929331,46.12248597487806],[12.693986909248702,46.122470289624545],[12.694031955421108,46.12139114739201],[12.695608892827819,46.12088293965097],[12.695698914281925,46.11872465188212],[12.696476092596724,46.11874032452024],[12.696543579214426,46.11712160718671],[12.698120371446395,46.1166133617131],[12.698142849911674,46.11607378850307],[12.699697135322603,46.11610509388894],[12.69971959800044,46.11556552003314],[12.7004967340995,46.115581164513934],[12.700541642384962,46.114502016037584],[12.699764521430401,46.114486372142586],[12.699809442292906,46.11340722401342],[12.701363654558465,46.11343850535286],[12.7014085425681,46.112359355813815],[12.700631451256283,46.11234371836915],[12.700653901870162,46.11180414380294],[12.701430985610893,46.11181978095484],[12.701475869772544,46.110740631057986],[12.703052434878844,46.11023231273205],[12.703097284912326,46.10915316130701],[12.703874332730154,46.109168781160434],[12.703896749215863,46.10862920506604],[12.705473232345327,46.1081208516149],[12.705518031836744,46.107041697958934],[12.7062950513035,46.10705730080898],[12.70642938900647,46.10381983665794],[12.707206363703865,46.10383543247805],[12.707318256361347,46.10113754258673],[12.708095193863397,46.101153131670124],[12.708139931317488,46.10007397471274],[12.709716130614153,46.09956555673068],[12.709760833969687,46.09848639824905],[12.711336973385063,46.09797795664964],[12.711403976321476,46.09635921655283],[12.712180848933679,46.096374776629794],[12.712292469910818,46.09367687382072],[12.713069305340477,46.093692427165635],[12.71313624758273,46.09207368389203],[12.713913060961035,46.092089231088174],[12.713957670808952,46.09101006802589],[12.71473446970031,46.09102560936483],[12.714801357005424,46.089406863451984],[12.715578133847979,46.08942239864329],[12.71562270707592,46.088343233822044],[12.717198502964088,46.087834704136235],[12.717243042126253,46.0867555377951],[12.718019783075382,46.086771055709335],[12.71804204414103,46.08623147215897],[12.719617758138448,46.08572290739313],[12.71977345750068,46.081945816392896],[12.725210194607298,46.082054202005644],[12.72518800666455,46.082593788641965],[12.724411320465988,46.08257832051389],[12.724344730154435,46.08419707919729],[12.723568021911776,46.0841816049265],[12.723479195708803,46.086339947846334],[12.722702457859329,46.08632446714236],[12.721836823799768,46.08846732081328],[12.72026104986909,46.08897591489662],[12.72021656611636,46.0900550830849],[12.719439777881734,46.090039579252135],[12.719395276461539,46.09111874662191],[12.718618473738955,46.09110323693347],[12.71855169415076,46.092721986670725],[12.717774869376077,46.09270647083572],[12.717730331342974,46.09378563644869],[12.716953492078812,46.09377011475711],[12.716886657564073,46.095388861858396],[12.716109796245265,46.0953733340191],[12.716042933306726,46.09699207971254],[12.71526604993168,46.09697654572491],[12.71522145632423,46.09805570864125],[12.714444558457217,46.09804016879558],[12.714377640569785,46.09965891185072],[12.713600720643981,46.09964336585557],[12.713556090399146,46.10072252701252],[12.712779155979858,46.100706975158424],[12.712712183129167,46.10232571557375],[12.711935226648531,46.10231015756901],[12.711890559756736,46.103389316965554],[12.711113588781096,46.10337375310095],[12.711068904200623,46.10445291167648],[12.710291918729421,46.1044373419516],[12.710247216458411,46.10551649970585],[12.709470216491091,46.10550092412029],[12.709403135587582,46.10711965943005],[12.708626113554436,46.10710407769167],[12.707759581454917,46.10924680125333],[12.706183085622849,46.10975518596256],[12.706138294871211,46.11083433960681],[12.704561739123685,46.1113427006864],[12.704516914247698,46.11242185280415],[12.702940298580403,46.11293019025126],[12.702873009110325,46.11454891604731],[12.702095886225141,46.11453328798996],[12.702028568268776,46.11615201237155],[12.701251423309703,46.11613637815685],[12.701206526319853,46.11721552686101],[12.699629743437413,46.117723815098486],[12.699584812303986,46.11880296227328],[12.698807631410393,46.11878731075496],[12.697985487163786,46.119850799720496],[12.697208292411338,46.119835137055766],[12.697118326407862,46.12199342669444],[12.696341102002126,46.12197775757614],[12.696273598024002,46.1235964732985],[12.695496351537624,46.12358079801924],[12.695451330518388,46.1246599409488],[12.694674069525885,46.12464425980156],[12.694629030780707,46.12572340190519],[12.693851755281525,46.12570771488956],[12.693806698808539,46.12678685616703],[12.69302940880212,46.12677116328259],[12.692116843639168,46.129992883989964],[12.690562175929433,46.12996146828535],[12.690449352585107,46.13265931276332],[12.689671981807837,46.132643595516825],[12.689626832796515,46.13372273230144],[12.688849447508003,46.13370700918378]]]},"properties":{"nbr_class":"degradata","color":"#fdae61"}},{"type":"Feature","geometry":{"type":"Polygon","coordinates":[[[12.673106057459023,46.08262489849181],[12.673128753145718,46.082085331595856],[12.673905404454876,46.08210114805434],[12.67317414257429,46.08100619762445],[12.676258027087421,46.08160899765231],[12.676212696830477,46.08268813387171],[12.673106057459023,46.08262489849181]]]},"properties":{"nbr_class":"moderata","color":"#a6d96a"}},{"type":"Feature","geometry":{"type":"Polygon","coordinates":[[[12.68713113499825,46.08182964880344],[12.687153693337958,46.08129007647313],[12.687930341200207,46.08130579742765],[12.687907790419073,46.08184537005231],[12.68713113499825,46.08182964880344]]]},"properties":{"nbr_class":"degradata","color":"#fdae61"}},{"type":"Feature","geometry":{"type":"Polygon","coordinates":[[[12.701887698298782,46.082127450823265],[12.701910113021647,46.081587872917645],[12.70268677312587,46.08160349368351],[12.702664365962015,46.082143071881596],[12.701887698298782,46.082127450823265]]]},"properties":{"nbr_class":"sana","color":"#1a9641"}},{"type":"Feature","geometry":{"type":"Polygon","coordinates":[[[12.670798803121583,46.08203785058266],[12.670821520834997,46.08149828451578],[12.671598162633959,46.08151411649673],[12.671643580998118,46.080434983590614],[12.672420208331884,46.080450809706136],[12.672352102486974,46.0820695098644],[12.670798803121583,46.08203785058266]]]},"properties":{"nbr_class":"moderata","color":"#a6d96a"}},{"type":"Feature","geometry":{"type":"Polygon","coordinates":[[[12.683934159034314,46.08392499508804],[12.684001930563076,46.08230628216974],[12.68322527081823,46.08229053426083],[12.683247867595933,46.081750963463385],[12.684801172615634,46.08178245341853],[12.68484633400123,46.080703310465275],[12.68562297236511,46.08071904694406],[12.685577826096313,46.08179819048656],[12.68713113499825,46.08182964880344],[12.68710857601416,46.082369221074025],[12.68477859095531,46.08232202480553],[12.68471084210394,46.08394073860803],[12.683934159034314,46.08392499508804]]]},"properties":{"nbr_class":"moderata","color":"#a6d96a"}},{"type":"Feature","geometry":{"type":"Polygon","coordinates":[[[12.68710857601416,46.082369221074025],[12.68713113499825,46.08182964880344],[12.685577826096313,46.08179819048656],[12.68562297236511,46.08071904694406],[12.688729532287322,46.08078194013059],[12.688661902619696,46.0824006588872],[12.68710857601416,46.082369221074025]],[[12.68713113499825,46.08182964880344],[12.687907790419073,46.08184537005231],[12.687930341200207,46.08130579742765],[12.687153693337958,46.08129007647313],[12.68713113499825,46.08182964880344]]]},"properties":{"nbr_class":"stress","color":"#ffffbf"}},{"type":"Feature","geometry":{"type":"Polygon","coordinates":[[[12.691014418563032,46.08190820231673],[12.691036939109635,46.081368628515776],[12.692612746723933,46.080860437973485],[12.692567736508385,46.081939586810215],[12.691014418563032,46.08190820231673]]]},"properties":{"nbr_class":"stress","color":"#ffffbf"}},{"type":"Feature","geometry":{"type":"Polygon","coordinates":[[[12.691036939109635,46.081368628515776],[12.691059459012955,46.080829054655105],[12.691836102545865,46.08084474895077],[12.69181359020102,46.08138432310526],[12.691036939109635,46.081368628515776]]]},"properties":{"nbr_class":"degradata","color":"#fdae61"}},{"type":"Feature","geometry":{"type":"Polygon","coordinates":[[[12.669313702902336,46.080387473608226],[12.669336433784359,46.07984790795485],[12.670113051607535,46.07986374959169],[12.670090328283127,46.080403315541645],[12.669313702902336,46.080387473608226]]]},"properties":{"nbr_class":"moderata","color":"#a6d96a"}},{"type":"Feature","geometry":{"type":"Polygon","coordinates":[[[12.691059459012955,46.080829054655105],[12.691081978273017,46.08028948073475],[12.69185861424767,46.08030517473658],[12.691836102545865,46.08084474895077],[12.691059459012955,46.080829054655105]]]},"properties":{"nbr_class":"stress","color":"#ffffbf"}},{"type":"Feature","geometry":{"type":"Polygon","coordinates":[[[12.67964332172089,46.093558438044276],[12.679665962311068,46.09301886968263],[12.6788891545899,46.09300308950075],[12.679711241551045,46.09193973277998],[12.678157657008864,46.091908168323094],[12.678135002586973,46.09244773621337],[12.677358203727135,46.09243194577708],[12.677471507175857,46.08973410720572],[12.679002385651446,46.09030524827277],[12.67907031652538,46.08868654281844],[12.675963334120226,46.08862337880178],[12.6759179870265,46.089702513466015],[12.676694746776352,46.08971831297306],[12.676604075063935,46.09187658276694],[12.675050495717986,46.0918449761116],[12.675027811045792,46.09238454281881],[12.676581405516847,46.09241615006589],[12.676558735322118,46.092955717305],[12.673451518729829,46.09289248052748],[12.672720131575934,46.09179752656784],[12.67427370702017,46.09182916487177],[12.674296398606618,46.09128959840076],[12.67196605910317,46.09124213392137],[12.672011485702976,46.09016300257703],[12.672788249762906,46.090178828752215],[12.672856362112249,46.08856013039804],[12.673633104138752,46.08857595041022],[12.673723881282292,46.08641768391557],[12.669086358367387,46.08578312684947],[12.668355147271921,46.084688147100486],[12.666801778831855,46.084656432121015],[12.666779019426873,46.08519599634511],[12.66755571088037,46.085211856768474],[12.668286912464797,46.08630684137448],[12.66751020523957,46.08629098563091],[12.667487451444222,46.08683054997232],[12.66515731100173,46.086782950208544],[12.663786201841756,46.08243468614103],[12.666116156944776,46.08248231041399],[12.66609339258153,46.08302187458062],[12.66917730397431,46.083624866271364],[12.669200038752415,46.08308530097717],[12.669976701924524,46.08310114439357],[12.670113051607535,46.07986374959169],[12.672442908983301,46.07991124286702],[12.672465608986315,46.079371675968076],[12.675572064363722,46.07943492533519],[12.675549394590822,46.079974493418256],[12.67787926561877,46.08002187596939],[12.6778566178718,46.08056144487973],[12.678633250403989,46.08057722881367],[12.67856532595637,46.08219593607238],[12.680895295470172,46.08224325889547],[12.680963151892671,46.080624548978946],[12.68406969628445,46.080687568713635],[12.684092283567818,46.0801479974421],[12.685645544532347,46.08017947508321],[12.68562297236511,46.08071904694406],[12.68484633400123,46.080703310465275],[12.684801172615634,46.08178245341853],[12.681671953271563,46.082259022623674],[12.68162672754383,46.08333816285939],[12.680850054624575,46.083322398540915],[12.68082743323253,46.08386196827397],[12.682380794837648,46.0838934922278],[12.68235818791837,46.084433062491264],[12.683134877252382,46.08444881685304],[12.683112277247048,46.08498838735168],[12.682335580353303,46.08497263269496],[12.682290363285716,46.08605177292304],[12.680736941202161,46.086020246608406],[12.68071431657891,46.086559816042566],[12.68304447335738,46.08660709848904],[12.683776002879455,46.087701989805915],[12.68299926753599,46.08768623894846],[12.682886241682203,46.09038408905111],[12.682109469179295,46.09036833144458],[12.682086854509057,46.09090790099081],[12.680533296323809,46.0908763693637],[12.68048803479556,46.09195550709616],[12.681264828688743,46.091971276137485],[12.681196954236029,46.09358998317348],[12.67964332172089,46.093558438044276]],[[12.676008678623175,46.087544243898286],[12.676785408128373,46.087560042222215],[12.676808071847738,46.08702047438498],[12.676031349903162,46.08700467635682],[12.676008678623175,46.087544243898286]],[[12.675254628608347,46.08698887305475],[12.676031349903162,46.08700467635682],[12.676054020535528,46.086465108755526],[12.678384165636345,46.086512486131305],[12.678452105607898,46.08489378030769],[12.676921380733864,46.08432263430164],[12.676966699757083,46.08324349784965],[12.67619003073085,46.0832277018917],[12.676167363983762,46.08376726985186],[12.673837338126281,46.08371984945104],[12.673814648053845,46.08425941646361],[12.676898720251321,46.08486220243793],[12.67687605912146,46.085401770514416],[12.675322661243165,46.08537017095901],[12.675254628608347,46.08698887305475]],[[12.672992569300524,46.08532273207402],[12.673769265964477,46.08533855030925],[12.673814648053845,46.08425941646361],[12.67303796650902,46.08424359882065],[12.672992569300524,46.08532273207402]],[[12.673106057459023,46.08262489849181],[12.676212696830477,46.08268813387171],[12.676258027087421,46.08160899765231],[12.67317414257429,46.08100619762445],[12.673151448184134,46.081545764640076],[12.673928091934913,46.081561580802465],[12.673106057459023,46.08262489849181]],[[12.670798803121583,46.08203785058266],[12.672352102486974,46.0820695098644],[12.672420208331884,46.080450809706136],[12.671643580998118,46.080434983590614],[12.671598162633959,46.08151411649673],[12.670821520834997,46.08149828451578],[12.670798803121583,46.08203785058266]]]},"properties":{"nbr_class":"sana","color":"#1a9641"}},{"type":"Feature","geometry":{"type":"Polygon","coordinates":[[[12.679432516216213,46.080053437973625],[12.679455148200955,46.079513868412604],[12.68100838627734,46.07954540873572],[12.680985769408023,46.08008497888722],[12.679432516216213,46.080053437973625]]]},"properties":{"nbr_class":"sana","color":"#1a9641"}},{"type":"Feature","geometry":{"type":"Polygon","coordinates":[[[12.701775615079688,46.08482533945705],[12.701798033004218,46.08428576184954],[12.70102133574528,46.084270134347676],[12.701066184792708,46.08319097953893],[12.695629427822897,46.08308144346522],[12.695651904301062,46.08254186802209],[12.69642857437815,46.08255753155964],[12.697250165893628,46.08149403758585],[12.698803479030609,46.081525337122386],[12.698870810059962,46.07990660655997],[12.699647444917952,46.07992224754004],[12.699669879754198,46.079382670273795],[12.700446507697057,46.07939830568825],[12.700401652500092,46.08047746074657],[12.699625009440862,46.080461824746635],[12.699602573322904,46.08100140189361],[12.702709179649679,46.0810639154258],[12.70268677312587,46.08160349368351],[12.701910113021647,46.081587872917645],[12.701887698298782,46.082127450823265],[12.702664365962015,46.082143071881596],[12.702552320541198,46.08484096197771],[12.701775615079688,46.08482533945705]],[[12.700311934418176,46.08263577014756],[12.701088608355589,46.0826514020451],[12.701111031277943,46.08211182449166],[12.70033436489971,46.08209619288677],[12.700311934418176,46.08263577014756]]]},"properties":{"nbr_class":"moderata","color":"#a6d96a"}},{"type":"Feature","geometry":{"type":"Polygon","coordinates":[[[12.699602573322904,46.08100140189361],[12.699625009440862,46.080461824746635],[12.700401652500092,46.08047746074657],[12.700446507697057,46.07939830568825],[12.701223136282627,46.07941393582995],[12.70117829620208,46.080493091473514],[12.702753990777236,46.07998475873154],[12.702709179649679,46.0810639154258],[12.699602573322904,46.08100140189361]]]},"properties":{"nbr_class":"stress","color":"#ffffbf"}},{"type":"Feature","geometry":{"type":"Polygon","coordinates":[[[12.688752074222025,46.08024236709229],[12.68879715615981,46.07916322083651],[12.690327869118564,46.079734207773924],[12.690305342943716,46.08027378146008],[12.688752074222025,46.08024236709229]]]},"properties":{"nbr_class":"stress","color":"#ffffbf"}},{"type":"Feature","geometry":{"type":"Polygon","coordinates":[[[12.70117829620208,46.080493091473514],[12.701223136282627,46.07941393582995],[12.702776395381031,46.07944518029498],[12.702753990777236,46.07998475873154],[12.70117829620208,46.080493091473514]]]},"properties":{"nbr_class":"degradata","color":"#fdae61"}},{"type":"Feature","geometry":{"type":"Polygon","coordinates":[[[12.700446507697057,46.07939830568825],[12.700468934334621,46.07885872806965],[12.701245555362304,46.07887435791872],[12.701223136282627,46.07941393582995],[12.700446507697057,46.07939830568825]]]},"properties":{"nbr_class":"moderata","color":"#a6d96a"}},{"type":"Feature","geometry":{"type":"Polygon","coordinates":[[[12.701223136282627,46.07941393582995],[12.701245555362304,46.07887435791872],[12.702798799344869,46.07890560179881],[12.702776395381031,46.07944518029498],[12.701223136282627,46.07941393582995]]]},"properties":{"nbr_class":"stress","color":"#ffffbf"}},{"type":"Feature","geometry":{"type":"Polygon","coordinates":[[[12.684914071242318,46.079084595587275],[12.684936649032824,46.078545023841784],[12.684160041546965,46.07852928326894],[12.684182626249774,46.07798971175839],[12.685735826754092,46.07802118704234],[12.685690686932615,46.079100331182254],[12.684914071242318,46.079084595587275]]]},"properties":{"nbr_class":"stress","color":"#ffffbf"}},{"type":"Feature","geometry":{"type":"Polygon","coordinates":[[[12.677193256041848,46.07784781200129],[12.67721590811133,46.07730824308751],[12.67799249465062,46.07732403052071],[12.677969850137908,46.077863599730044],[12.677193256041848,46.07784781200129]]]},"properties":{"nbr_class":"sana","color":"#1a9641"}},{"type":"Feature","geometry":{"type":"Polygon","coordinates":[[[12.675685403515867,46.07673708402257],[12.675708069403989,46.076197515580596],[12.678037781735721,46.076244891922634],[12.678015138516551,46.07678446125157],[12.675685403515867,46.07673708402257]]]},"properties":{"nbr_class":"stress","color":"#ffffbf"}},{"type":"Feature","geometry":{"type":"Polygon","coordinates":[[[12.688887312309527,46.0770049276083],[12.688909849737536,46.07646535415197],[12.69046301265646,46.07649676440314],[12.690440490341839,46.077036338447535],[12.688887312309527,46.0770049276083]]]},"properties":{"nbr_class":"stress","color":"#ffffbf"}},{"type":"Feature","geometry":{"type":"Polygon","coordinates":[[[12.691217080326247,46.077052035958815],[12.691239595084138,46.07651246162054],[12.692016178157006,46.07652815356579],[12.691993670955865,46.07706772819785],[12.691217080326247,46.077052035958815]]]},"properties":{"nbr_class":"stress","color":"#ffffbf"}},{"type":"Feature","geometry":{"type":"Polygon","coordinates":[[[12.698983015621353,46.07720872109639],[12.699005454810704,46.076669143824745],[12.695899103191628,46.0766065342095],[12.695944040100384,46.075527381831535],[12.700581057914158,46.076160839082085],[12.700536210403909,46.077239994856015],[12.698983015621353,46.07720872109639]]]},"properties":{"nbr_class":"moderata","color":"#a6d96a"}},{"type":"Feature","geometry":{"type":"Polygon","coordinates":[[[12.67856532595637,46.08219593607238],[12.678633250403989,46.08057722881367],[12.6778566178718,46.08056144487973],[12.67787926561877,46.08002187596939],[12.675549394590822,46.079974493418256],[12.675640069797387,46.077816220727065],[12.676416662594937,46.07783201900028],[12.676461981200182,46.07675288170426],[12.678015138516551,46.07678446125157],[12.678037781735721,46.076244891922634],[12.675708069403989,46.076197515580596],[12.675730734644723,46.07565794707881],[12.677283860437882,46.07568953598739],[12.677329158754231,46.074610397621605],[12.678882256920364,46.07464196426087],[12.678859623197052,46.07518153406462],[12.679636180808831,46.07519730977211],[12.679590926534884,46.076276449790946],[12.67881435381098,46.076260673492776],[12.678791718148172,46.07680024311716],[12.681121460934188,46.076847557081535],[12.681211909033355,46.074689274682235],[12.681988461033832,46.0747050342793],[12.681898043159189,46.076863317858816],[12.682674626031998,46.076879073364],[12.68265202750588,46.07741864440442],[12.681076233009303,46.077926697922535],[12.68100838627734,46.07954540873572],[12.682561626946267,46.079576927968475],[12.682539025192465,46.08011649871008],[12.684092283567818,46.0801479974421],[12.68406969628445,46.080687568713635],[12.680963151892671,46.080624548978946],[12.680895295470172,46.08224325889547],[12.67856532595637,46.08219593607238]],[[12.679432516216213,46.080053437973625],[12.680985769408023,46.08008497888722],[12.68100838627734,46.07954540873572],[12.679455148200955,46.079513868412604],[12.679432516216213,46.080053437973625]],[[12.677193256041848,46.07784781200129],[12.677969850137908,46.077863599730044],[12.67799249465062,46.07732403052071],[12.67721590811133,46.07730824308751],[12.677193256041848,46.07784781200129]]]},"properties":{"nbr_class":"moderata","color":"#a6d96a"}},{"type":"Feature","geometry":{"type":"Polygon","coordinates":[[[12.689922299504754,46.08944652498894],[12.690012444108383,46.08728823394643],[12.689235711151067,46.08727252557627],[12.68925825325335,46.086732952960446],[12.69003497864987,46.086748661036516],[12.690102578412068,46.0851299419485],[12.688549173627226,46.085098522287105],[12.688616812954786,46.083479804426325],[12.687063456112746,46.083448365436],[12.68710857601416,46.082369221074025],[12.688661902619696,46.0824006588872],[12.688729532287322,46.08078194013059],[12.68562297236511,46.08071904694406],[12.685645544532347,46.08017947508321],[12.684092283567818,46.0801479974421],[12.684160041546965,46.07852928326894],[12.685690686932615,46.079100331182254],[12.685735826754092,46.07802118704234],[12.684182626249774,46.07798971175839],[12.6842052103075,46.07745014018807],[12.686534989363244,46.07749734432172],[12.686422175985014,46.08019520599464],[12.687198808084325,46.0802109316333],[12.687221364491029,46.07967135912378],[12.687997989678843,46.07968707919536],[12.688110724262055,46.07698921428037],[12.686557550105556,46.07695777180793],[12.686580110203478,46.07641819923441],[12.685803531651475,46.076402470384394],[12.685848665026775,46.07532332564706],[12.688954922662413,46.07538620706012],[12.688977458159325,46.07484663342461],[12.690530575740667,46.07487804191169],[12.69057561458065,46.07379889328553],[12.691352159227915,46.073814589033624],[12.691329647685174,46.0743541636704],[12.69210620053319,46.07436985444059],[12.69206119063073,46.075449004122575],[12.690508055355851,46.07541761613521],[12.69048553432779,46.07595719029903],[12.691262109198954,46.07597288722255],[12.691217080326247,46.077052035958815],[12.691993670955865,46.07706772819785],[12.691971163111841,46.077607302770204],[12.69039544378263,46.07811548635722],[12.690350394649982,46.07919463402806],[12.692680257226105,46.0792417142707],[12.692747761943446,46.077622990030676],[12.695077562306217,46.077670020177855],[12.695055084048244,46.078209595864706],[12.694278475725604,46.07819392412797],[12.69423350216824,46.079273074735845],[12.69265775436817,46.07978128889799],[12.692612746723933,46.080860437973485],[12.691081978273017,46.08028948073475],[12.691014418563032,46.08190820231673],[12.691791077213109,46.08192389720004],[12.69176856358211,46.08246347123512],[12.69487523486812,46.08252619921124],[12.69485275083072,46.08306577436101],[12.695629427822897,46.08308144346522],[12.695539515489454,46.085239744641015],[12.692432690432073,46.085177031887774],[12.692342646854648,46.08733532741226],[12.690789177711565,46.087303937042485],[12.690699063353376,46.089462229261024],[12.689922299504754,46.08944652498894]],[[12.691655985779994,46.08516134051508],[12.692432690432073,46.085177031887774],[12.692522723721348,46.083018735408174],[12.691746049308,46.08300304521051],[12.691655985779994,46.08516134051508]],[[12.690125110378792,46.084590368799745],[12.690901806180017,46.084606070425934],[12.690991897373127,46.082447776057975],[12.690215231809589,46.08243207560759],[12.690125110378792,46.084590368799745]],[[12.688752074222025,46.08024236709229],[12.690305342943716,46.08027378146008],[12.690327869118564,46.079734207773924],[12.68879715615981,46.07916322083651],[12.688752074222025,46.08024236709229]],[[12.688887312309527,46.0770049276083],[12.690440490341839,46.077036338447535],[12.69046301265646,46.07649676440314],[12.688909849737536,46.07646535415197],[12.688887312309527,46.0770049276083]]]},"properties":{"nbr_class":"moderata","color":"#a6d96a"}},{"type":"Feature","geometry":{"type":"Polygon","coordinates":[[[12.69485275083072,46.08306577436101],[12.69487523486812,46.08252619921124],[12.69176856358211,46.08246347123512],[12.691791077213109,46.08192389720004],[12.692567736508385,46.081939586810215],[12.69265775436817,46.07978128889799],[12.69423350216824,46.079273074735845],[12.694278475725604,46.07819392412797],[12.695055084048244,46.078209595864706],[12.695077562306217,46.077670020177855],[12.692747761943446,46.077622990030676],[12.692680257226105,46.0792417142707],[12.690350394649982,46.07919463402806],[12.69039544378263,46.07811548635722],[12.691971163111841,46.077607302770204],[12.692016178157006,46.07652815356579],[12.69048553432779,46.07595719029903],[12.690508055355851,46.07541761613521],[12.69206119063073,46.075449004122575],[12.692128704520256,46.073830279510055],[12.692905250457455,46.07384596471483],[12.692860256952166,46.074925115103525],[12.69518994396587,46.07497214084851],[12.695167468917893,46.075511716833724],[12.695944040100384,46.075527381831535],[12.695899103191628,46.0766065342095],[12.699005454810704,46.076669143824745],[12.698983015621353,46.07720872109639],[12.700536210403909,46.077239994856015],[12.700558634479279,46.07670041699887],[12.701335225277571,46.076716045677514],[12.701312808759226,46.077255623827256],[12.702089407756946,46.077271247526106],[12.702022177032458,46.07888998249511],[12.700468934334621,46.07885872806965],[12.699647444917952,46.07992224754004],[12.698870810059962,46.07990660655997],[12.698803479030609,46.081525337122386],[12.697250165893628,46.08149403758585],[12.697227705817186,46.0820336137347],[12.696451042655235,46.082017955763604],[12.69642857437815,46.08255753155964],[12.69485275083072,46.08306577436101]]]},"properties":{"nbr_class":"sana","color":"#1a9641"}},{"type":"Feature","geometry":{"type":"Polygon","coordinates":[[[12.678791718148172,46.07680024311716],[12.67881435381098,46.076260673492776],[12.679590926534884,46.076276449790946],[12.679636180808831,46.07519730977211],[12.678859623197052,46.07518153406462],[12.678882256920364,46.07464196426087],[12.680435357680805,46.074673509813465],[12.680457975646593,46.07413393935932],[12.68203366609751,46.07362589213093],[12.681988461033832,46.0747050342793],[12.681211909033355,46.074689274682235],[12.681121460934188,46.076847557081535],[12.678791718148172,46.07680024311716]]]},"properties":{"nbr_class":"stress","color":"#ffffbf"}},{"type":"Feature","geometry":{"type":"Polygon","coordinates":[[[12.683541566977713,46.0747365376583],[12.683586741819314,46.07365739433037],[12.684363280651176,46.073673137522796],[12.684318120920683,46.07475228144022],[12.683541566977713,46.0747365376583]]]},"properties":{"nbr_class":"stress","color":"#ffffbf"}},{"type":"Feature","geometry":{"type":"Polygon","coordinates":[[[12.680457975646593,46.07413393935932],[12.680480592966381,46.073594368845434],[12.681257129208003,46.07361013312393],[12.68123451944357,46.07414970393296],[12.680457975646593,46.07413393935932]]]},"properties":{"nbr_class":"degradata","color":"#fdae61"}},{"type":"Feature","geometry":{"type":"Polygon","coordinates":[[[12.678882256920364,46.07464196426087],[12.67895015421167,46.07302325449081],[12.679726681601784,46.07303902901696],[12.679681432497738,46.0741181695141],[12.680457975646593,46.07413393935932],[12.680435357680805,46.074673509813465],[12.678882256920364,46.07464196426087]]]},"properties":{"nbr_class":"moderata","color":"#a6d96a"}},{"type":"Feature","geometry":{"type":"Polygon","coordinates":[[[12.679681432497738,46.0741181695141],[12.679726681601784,46.07303902901696],[12.681279738326676,46.07307056225511],[12.680457975646593,46.07413393935932],[12.679681432497738,46.0741181695141]]]},"properties":{"nbr_class":"stress","color":"#ffffbf"}},{"type":"Feature","geometry":{"type":"Polygon","coordinates":[[[12.6781057075129,46.07462618357707],[12.678150988130975,46.073547044381016],[12.677374454483047,46.07353125901661],[12.677397101377185,46.07299168962442],[12.67895015421167,46.07302325449081],[12.678882256920364,46.07464196426087],[12.6781057075129,46.07462618357707]]]},"properties":{"nbr_class":"sana","color":"#1a9641"}},{"type":"Feature","geometry":{"type":"Polygon","coordinates":[[[12.681257129208003,46.07361013312393],[12.681279738326676,46.07307056225511],[12.68205626766102,46.07308632096708],[12.68203366609751,46.07362589213093],[12.681257129208003,46.07361013312393]]]},"properties":{"nbr_class":"moderata","color":"#a6d96a"}},{"type":"Feature","geometry":{"type":"Polygon","coordinates":[[[12.68203366609751,46.07362589213093],[12.68205626766102,46.07308632096708],[12.682832797643009,46.07310207440765],[12.682810203634688,46.07364164586642],[12.68203366609751,46.07362589213093]]]},"properties":{"nbr_class":"sana","color":"#1a9641"}},{"type":"Feature","geometry":{"type":"Polygon","coordinates":[[[12.682539025192465,46.08011649871008],[12.682561626946267,46.079576927968475],[12.68100838627734,46.07954540873572],[12.681076233009303,46.077926697922535],[12.68265202750588,46.07741864440442],[12.682674626031998,46.076879073364],[12.681898043159189,46.076863317858816],[12.681988461033832,46.0747050342793],[12.682765013682024,46.074720788604665],[12.683496389555467,46.075815680747205],[12.68504952831246,46.07584716421808],[12.685072102233967,46.07530759211411],[12.68429554008803,46.07529185330929],[12.684363280651176,46.073673137522796],[12.683586741819314,46.07365739433037],[12.683631914080452,46.07257825076342],[12.68518496217066,46.072609730698005],[12.68513982013006,46.07368887544368],[12.69057561458065,46.07379889328553],[12.690530575740667,46.07487804191169],[12.688977458159325,46.07484663342461],[12.688954922662413,46.07538620706012],[12.685848665026775,46.07532332564706],[12.685803531651475,46.076402470384394],[12.686580110203478,46.07641819923441],[12.686557550105556,46.07695777180793],[12.688110724262055,46.07698921428037],[12.687997989678843,46.07968707919536],[12.686422175985014,46.08019520599464],[12.686534989363244,46.07749734432172],[12.6842052103075,46.07745014018807],[12.684092283567818,46.0801479974421],[12.682539025192465,46.08011649871008]]]},"properties":{"nbr_class":"sana","color":"#1a9641"}},{"type":"Feature","geometry":{"type":"Polygon","coordinates":[[[12.681279738326676,46.07307056225511],[12.681302346799608,46.07253099132652],[12.682078868579005,46.07254674974348],[12.68205626766102,46.07308632096708],[12.681279738326676,46.07307056225511]]]},"properties":{"nbr_class":"sana","color":"#1a9641"}},{"type":"Feature","geometry":{"type":"Polygon","coordinates":[[[12.683496389555467,46.075815680747205],[12.683518978589182,46.07527610923264],[12.681988461033832,46.0747050342793],[12.68203366609751,46.07362589213093],[12.682810203634688,46.07364164586642],[12.682832797643009,46.07310207440765],[12.68205626766102,46.07308632096708],[12.682078868579005,46.07254674974348],[12.681302346799608,46.07253099132652],[12.681279738326676,46.07307056225511],[12.679726681601784,46.07303902901696],[12.679771928121152,46.07195988828069],[12.683654499243406,46.072038678890316],[12.683541566977713,46.0747365376583],[12.685072102233967,46.07530759211411],[12.68504952831246,46.07584716421808],[12.683496389555467,46.075815680747205]]]},"properties":{"nbr_class":"moderata","color":"#a6d96a"}},{"type":"Feature","geometry":{"type":"Polygon","coordinates":[[[12.67895015421167,46.07302325449081],[12.678972785349307,46.07248368444789],[12.678196266162557,46.07246790494579],[12.678218904208471,46.071928335138466],[12.679771928121152,46.07195988828069],[12.679726681601784,46.07303902901696],[12.67895015421167,46.07302325449081]]]},"properties":{"nbr_class":"stress","color":"#ffffbf"}},{"type":"Feature","geometry":{"type":"Polygon","coordinates":[[[12.676597921484081,46.073515468380776],[12.676688535398645,46.07135719163561],[12.679018045685517,46.071404544182656],[12.67899541584058,46.07194411434517],[12.678218904208471,46.071928335138466],[12.67895015421167,46.07302325449081],[12.677397101377185,46.07299168962442],[12.677374454483047,46.07353125901661],[12.676597921484081,46.073515468380776]]]},"properties":{"nbr_class":"moderata","color":"#a6d96a"}},{"type":"Feature","geometry":{"type":"Polygon","coordinates":[[[12.676688535398645,46.07135719163561],[12.676733838474064,46.07027805290419],[12.67828681446698,46.070309625357766],[12.678264178360658,46.070849195344465],[12.679040674884135,46.070864973960354],[12.679018045685517,46.071404544182656],[12.676688535398645,46.07135719163561]]]},"properties":{"nbr_class":"sana","color":"#1a9641"}}]}