{"type":"FeatureCollection","features":[{"type":"Feature","geometry":{"type":"LineString","coordinates":[[12.6403763,46.13607189999999],[12.6404961,46.136106],[12.6406665,46.13614689999998],[12.6412585,46.1362423],[12.6416527,46.1362869],[12.6422329,46.13650369999999],[12.6423623,46.1365884],[12.642987600000001,46.1369976],[12.6430696,46.13710600000001]]},"properties":{"type":"road","highway":"cycleway","name":"MV 06","shade_pct":90.8,"length_m":246}},{"type":"Feature","geometry":{"type":"LineString","coordinates":[[12.633612,46.11758],[12.6333641,46.11744159999999],[12.6331609,46.11731970000001],[12.6329703,46.11716769999999],[12.6328307,46.1170448],[12.6327309,46.1169538]]},"properties":{"type":"road","highway":"cycleway","name":"","shade_pct":99.9,"length_m":98}},{"type":"Feature","geometry":{"type":"LineString","coordinates":[[12.633909500000001,46.1342386],[12.6340335,46.13418579999998],[12.634309900000002,46.134057299999995],[12.634572,46.133952699999995]]},"properties":{"type":"road","highway":"cycleway","name":"Itinerario pedemontano pordenonese","shade_pct":99.6,"length_m":60}},{"type":"Feature","geometry":{"type":"LineString","coordinates":[[12.634572,46.133952699999995],[12.6347529,46.133919399999975],[12.6351316,46.133797799999996],[12.63551,46.1336853],[12.635927700000002,46.133533799999974],[12.6363285,46.13337179999998],[12.6366082,46.133246099999994],[12.6368286,46.13311269999999],[12.6371404,46.1330384],[12.6383119,46.132698500000004],[12.6388623,46.13248709999996],[12.6396033,46.132162299999976],[12.6396862,46.132173599999994]]},"properties":{"type":"road","highway":"cycleway","name":"Itinerario pedemontano pordenonese","shade_pct":50.7,"length_m":445}},{"type":"Feature","geometry":{"type":"LineString","coordinates":[[12.634572,46.133952699999995],[12.634309900000002,46.134057299999995],[12.6340335,46.13418579999998],[12.633909500000001,46.1342386]]},"properties":{"type":"road","highway":"cycleway","name":"Itinerario pedemontano pordenonese","shade_pct":99.6,"length_m":60}},{"type":"Feature","geometry":{"type":"LineString","coordinates":[[12.6396862,46.132173599999994],[12.639711800000002,46.13234649999997],[12.6397846,46.132560099999985],[12.639812400000002,46.132691],[12.6398959,46.132773799999995],[12.6399599,46.1328105],[12.6400585,46.1328628],[12.6401835,46.132967300000004],[12.6405095,46.13329490000003],[12.6406744,46.133459499999994],[12.6408873,46.13364330000001],[12.641169,46.13385400000001],[12.641448200000001,46.13404489999999],[12.6415691,46.134160200000004],[12.6416709,46.13426450000001],[12.6417934,46.1344268],[12.6419209,46.134581999999995],[12.642015900000002,46.13466359999999]]},"properties":{"type":"road","highway":"cycleway","name":"Itinerario pedemontano pordenonese","shade_pct":50.3,"length_m":338}},{"type":"Feature","geometry":{"type":"LineString","coordinates":[[12.6396862,46.132173599999994],[12.6396033,46.132162299999976],[12.6388623,46.13248709999996],[12.6383119,46.132698500000004],[12.6371404,46.1330384],[12.6368286,46.13311269999999],[12.6366082,46.133246099999994],[12.6363285,46.13337179999998],[12.635927700000002,46.133533799999974],[12.63551,46.1336853],[12.6351316,46.133797799999996],[12.6347529,46.133919399999975],[12.634572,46.133952699999995]]},"properties":{"type":"road","highway":"cycleway","name":"Itinerario pedemontano pordenonese","shade_pct":50.7,"length_m":445}},{"type":"Feature","geometry":{"type":"LineString","coordinates":[[12.642015900000002,46.13466359999999],[12.6419209,46.134581999999995],[12.6417934,46.1344268],[12.6416709,46.13426450000001],[12.6415691,46.134160200000004],[12.641448200000001,46.13404489999999],[12.641169,46.13385400000001],[12.6408873,46.13364330000001],[12.6406744,46.133459499999994],[12.6405095,46.13329490000003],[12.6401835,46.132967300000004],[12.6400585,46.1328628],[12.6399599,46.1328105],[12.6398959,46.132773799999995],[12.639812400000002,46.132691],[12.6397846,46.132560099999985],[12.639711800000002,46.13234649999997],[12.6396862,46.132173599999994]]},"properties":{"type":"road","highway":"cycleway","name":"Itinerario pedemontano pordenonese","shade_pct":50.3,"length_m":338}},{"type":"Feature","geometry":{"type":"LineString","coordinates":[[12.6421578,46.13462529999999],[12.6422652,46.13469180000002],[12.642408000000001,46.13478609999999],[12.6430603,46.1353298],[12.643208,46.13543910000001],[12.643323200000001,46.13550329999998]]},"properties":{"type":"road","highway":"cycleway","name":"Itinerario pedemontano pordenonese","shade_pct":71.4,"length_m":133}},{"type":"Feature","geometry":{"type":"LineString","coordinates":[[12.643323200000001,46.13550329999998],[12.6434056,46.135535199999985],[12.6436936,46.13560340000001],[12.6440184,46.13566869999998],[12.6443666,46.135733300000005],[12.6446732,46.1358032],[12.6448025,46.135830399999996],[12.6449132,46.13590549999999],[12.6450022,46.13597849999999],[12.645139,46.13614649999999],[12.645280300000001,46.13633509999998],[12.645504900000002,46.1366129],[12.6456472,46.136802200000005],[12.6457657,46.13696499999998],[12.6458165,46.1370479],[12.6458549,46.1371043],[12.6459329,46.1371327],[12.6460333,46.13715429999999],[12.6461914,46.13716689999998],[12.6462998,46.1371919],[12.6464098,46.137235399999994],[12.6465415,46.1373312],[12.6466603,46.1374589],[12.646774100000002,46.13759249999999],[12.6468464,46.1377036],[12.6468893,46.13779290000001],[12.6469187,46.1380448],[12.646934500000002,46.13817469999999],[12.646966000000003,46.13826039999999],[12.647024799999999,46.138421900000004],[12.6471084,46.13865820000001],[12.6471942,46.13880530000001],[12.6473266,46.13898890000001],[12.6474313,46.1391481],[12.6475081,46.1392466],[12.6475469,46.13928969999996],[12.6475239,46.13933900000001],[12.647538500000001,46.13940829999999]]},"properties":{"type":"road","highway":"cycleway","name":"Itinerario pedemontano pordenonese","shade_pct":100.0,"length_m":593}},{"type":"Feature","geometry":{"type":"LineString","coordinates":[[12.643323200000001,46.13550329999998],[12.643208,46.13543910000001],[12.6430603,46.1353298],[12.642408000000001,46.13478609999999],[12.6422652,46.13469180000002],[12.6421578,46.13462529999999]]},"properties":{"type":"road","highway":"cycleway","name":"Itinerario pedemontano pordenonese","shade_pct":71.4,"length_m":133}},{"type":"Feature","geometry":{"type":"LineString","coordinates":[[12.643323200000001,46.13550329999998],[12.6432485,46.1355636],[12.6431361,46.1356241],[12.6429913,46.1356338],[12.6428699,46.13565320000001],[12.642715800000001,46.1356823],[12.6425991,46.1357212],[12.6425617,46.13577619999999]]},"properties":{"type":"road","highway":"cycleway","name":"MV 06","shade_pct":100.0,"length_m":70}},{"type":"Feature","geometry":{"type":"LineString","coordinates":[[12.647538500000001,46.13940829999999],[12.6475962,46.1394757],[12.647726500000001,46.139627000000004],[12.6478239,46.13976679999999]]},"properties":{"type":"road","highway":"cycleway","name":"Itinerario pedemontano pordenonese","shade_pct":100.0,"length_m":46}},{"type":"Feature","geometry":{"type":"LineString","coordinates":[[12.647538500000001,46.13940829999999],[12.6475239,46.13933900000001],[12.6475469,46.13928969999996],[12.6475081,46.1392466],[12.6474313,46.1391481],[12.6473266,46.13898890000001],[12.6471942,46.13880530000001],[12.6471084,46.13865820000001],[12.647024799999999,46.138421900000004],[12.646966000000003,46.13826039999999],[12.646934500000002,46.13817469999999],[12.6469187,46.1380448],[12.6468893,46.13779290000001],[12.6468464,46.1377036],[12.646774100000002,46.13759249999999],[12.6466603,46.1374589],[12.6465415,46.1373312],[12.6464098,46.137235399999994],[12.6462998,46.1371919],[12.6461914,46.13716689999998],[12.6460333,46.13715429999999],[12.6459329,46.1371327],[12.6458549,46.1371043],[12.6458165,46.1370479],[12.6457657,46.13696499999998],[12.6456472,46.136802200000005],[12.645504900000002,46.1366129],[12.645280300000001,46.13633509999998],[12.645139,46.13614649999999],[12.6450022,46.13597849999999],[12.6449132,46.13590549999999],[12.6448025,46.135830399999996],[12.6446732,46.1358032],[12.6443666,46.135733300000005],[12.6440184,46.13566869999998],[12.6436936,46.13560340000001],[12.6434056,46.135535199999985],[12.643323200000001,46.13550329999998]]},"properties":{"type":"road","highway":"cycleway","name":"Itinerario pedemontano pordenonese","shade_pct":100.0,"length_m":593}},{"type":"Feature","geometry":{"type":"LineString","coordinates":[[12.6478239,46.13976679999999],[12.647726500000001,46.139627000000004],[12.6475962,46.1394757],[12.647538500000001,46.13940829999999]]},"properties":{"type":"road","highway":"cycleway","name":"Itinerario pedemontano pordenonese","shade_pct":100.0,"length_m":46}},{"type":"Feature","geometry":{"type":"LineString","coordinates":[[12.6446645,46.149093099999995],[12.6446941,46.148809299999996],[12.6447126,46.14869410000001],[12.644879000000001,46.14848919999999],[12.6450022,46.14825859999999]]},"properties":{"type":"road","highway":"cycleway","name":"MV 06","shade_pct":37.8,"length_m":98}},{"type":"Feature","geometry":{"type":"LineString","coordinates":[[12.6450022,46.14825859999999],[12.64507,46.14807510000001],[12.6451878,46.14783649999999],[12.645216000000001,46.147711899999976]]},"properties":{"type":"road","highway":"cycleway","name":"MV 06","shade_pct":99.0,"length_m":63}},{"type":"Feature","geometry":{"type":"LineString","coordinates":[[12.6450022,46.14825859999999],[12.644879000000001,46.14848919999999],[12.6447126,46.14869410000001],[12.6446941,46.148809299999996],[12.6446645,46.149093099999995]]},"properties":{"type":"road","highway":"cycleway","name":"MV 06","shade_pct":37.8,"length_m":98}},{"type":"Feature","geometry":{"type":"LineString","coordinates":[[12.6450948,46.14362830000001],[12.6450528,46.143285299999995],[12.6450384,46.14321469999999]]},"properties":{"type":"road","highway":"cycleway","name":"MV 06","shade_pct":100.0,"length_m":46}},{"type":"Feature","geometry":{"type":"LineString","coordinates":[[12.6450948,46.14362830000001],[12.6452022,46.143815999999994],[12.645314300000003,46.14404900000001],[12.6454217,46.144275399999984],[12.6454917,46.1444955],[12.6455571,46.1446961],[12.645585100000002,46.144822299999994],[12.645650500000002,46.14497759999998],[12.6456879,46.145246099999994],[12.6457112,46.145443500000006],[12.6457719,46.1455955],[12.645856000000002,46.14567969999998],[12.6459447,46.14583170000001],[12.6459728,46.14602909999999],[12.645986800000001,46.146274999999996],[12.645898,46.1464465],[12.6458387,46.146484900000004]]},"properties":{"type":"road","highway":"cycleway","name":"MV 06","shade_pct":100.0,"length_m":331}},{"type":"Feature","geometry":{"type":"LineString","coordinates":[[12.6425617,46.13577619999999],[12.642366400000002,46.1358686],[12.642251100000001,46.136039399999994],[12.6424027,46.1362652],[12.6425689,46.13639189999999],[12.6426943,46.136496300000005],[12.642749,46.136571399999994],[12.6428021,46.136622899999985],[12.6428316,46.13670559999999],[12.6429141,46.13682519999999],[12.643041700000001,46.13695520000001],[12.6430644,46.1370284],[12.6430696,46.13710600000001]]},"properties":{"type":"road","highway":"cycleway","name":"","shade_pct":100.0,"length_m":176}},{"type":"Feature","geometry":{"type":"LineString","coordinates":[[12.6425617,46.13577619999999],[12.6425991,46.1357212],[12.642715800000001,46.1356823],[12.6428699,46.13565320000001],[12.6429913,46.1356338],[12.6431361,46.1356241],[12.6432485,46.1355636],[12.643323200000001,46.13550329999998]]},"properties":{"type":"road","highway":"cycleway","name":"MV 06","shade_pct":100.0,"length_m":70}},{"type":"Feature","geometry":{"type":"LineString","coordinates":[[12.6327309,46.1169538],[12.6328307,46.1170448],[12.6329703,46.11716769999999],[12.6331609,46.11731970000001],[12.6333641,46.11744159999999],[12.633612,46.11758]]},"properties":{"type":"road","highway":"cycleway","name":"","shade_pct":99.9,"length_m":98}},{"type":"Feature","geometry":{"type":"LineString","coordinates":[[12.6447451,46.1412368],[12.644691000000002,46.141088399999994],[12.6446137,46.14090810000001],[12.6445243,46.140801],[12.644459200000002,46.1406292],[12.6444308,46.140516500000025],[12.644361700000001,46.1403757],[12.6442763,46.1402489],[12.644218000000002,46.1400875],[12.6441295,46.1398472],[12.644041,46.13961420000001],[12.6439809,46.13946469999999],[12.643906600000001,46.1392611],[12.6437756,46.13902319999999],[12.643754400000002,46.1388025],[12.6437024,46.13859659999999],[12.6436593,46.138398099999996],[12.6435515,46.13821659999999],[12.6434806,46.1380672],[12.6434498,46.13785149999999],[12.6434217,46.1377566],[12.6434005,46.13768499999999],[12.6433697,46.13750989999999],[12.6432279,46.1373178],[12.6430893,46.13713210000001],[12.6430696,46.13710600000001]]},"properties":{"type":"road","highway":"cycleway","name":"MV 06","shade_pct":95.6,"length_m":481}},{"type":"Feature","geometry":{"type":"LineString","coordinates":[[12.6447451,46.1412368],[12.6447885,46.14135600000001],[12.6448251,46.1415278],[12.6448251,46.1416377],[12.6448193,46.141771],[12.644884599999997,46.141949],[12.644894,46.14210109999999],[12.6449267,46.14237609999999],[12.6449874,46.14257669999999],[12.6449734,46.14280970000001],[12.6449967,46.14301030000001],[12.6450384,46.14321469999999]]},"properties":{"type":"road","highway":"cycleway","name":"MV 06","shade_pct":100.0,"length_m":222}},{"type":"Feature","geometry":{"type":"LineString","coordinates":[[12.6437914,46.14861729999999],[12.643777100000001,46.1486999],[12.6437449,46.148849399999996],[12.6437167,46.14894889999999],[12.6436885,46.149052899999994],[12.6436403,46.14915599999999],[12.643602700000002,46.14920619999999],[12.643516900000002,46.14931209999999],[12.6434002,46.149421799999985],[12.6432594,46.14951469999998],[12.643028700000002,46.1496345],[12.6426666,46.14984080000001],[12.642334,46.150086099999996],[12.642084600000002,46.1503035],[12.6419236,46.1504503],[12.6417788,46.15057290000002],[12.6415937,46.150725299999976],[12.641470400000001,46.15088880000001],[12.6413953,46.1510114],[12.6413503,46.1512493],[12.641324800000001,46.1513793],[12.641316100000001,46.151403900000005],[12.641296700000002,46.15143040000001],[12.6412766,46.15147359999999],[12.6412491,46.1515113],[12.6412202,46.15155029999999],[12.6411934,46.15157489999999],[12.6411541,46.151605200000006]]},"properties":{"type":"road","highway":"cycleway","name":"MV 06","shade_pct":83.1,"length_m":403}},{"type":"Feature","geometry":{"type":"LineString","coordinates":[[12.6430696,46.13710600000001],[12.642987600000001,46.1369976],[12.6423623,46.1365884],[12.6422329,46.13650369999999],[12.6416527,46.1362869],[12.6412585,46.1362423],[12.6406665,46.13614689999998],[12.6404961,46.136106],[12.6403763,46.13607189999999]]},"properties":{"type":"road","highway":"cycleway","name":"MV 06","shade_pct":90.8,"length_m":246}},{"type":"Feature","geometry":{"type":"LineString","coordinates":[[12.6430696,46.13710600000001],[12.6430893,46.13713210000001],[12.6432279,46.1373178],[12.6433697,46.13750989999999],[12.6434005,46.13768499999999],[12.6434217,46.1377566],[12.6434498,46.13785149999999],[12.6434806,46.1380672],[12.6435515,46.13821659999999],[12.6436593,46.138398099999996],[12.6437024,46.13859659999999],[12.643754400000002,46.1388025],[12.6437756,46.13902319999999],[12.643906600000001,46.1392611],[12.6439809,46.13946469999999],[12.644041,46.13961420000001],[12.6441295,46.1398472],[12.644218000000002,46.1400875],[12.6442763,46.1402489],[12.644361700000001,46.1403757],[12.6444308,46.140516500000025],[12.644459200000002,46.1406292],[12.6445243,46.140801],[12.6446137,46.14090810000001],[12.644691000000002,46.141088399999994],[12.6447451,46.1412368]]},"properties":{"type":"road","highway":"cycleway","name":"MV 06","shade_pct":95.6,"length_m":481}},{"type":"Feature","geometry":{"type":"LineString","coordinates":[[12.6430696,46.13710600000001],[12.6430644,46.1370284],[12.643041700000001,46.13695520000001],[12.6429141,46.13682519999999],[12.6428316,46.13670559999999],[12.6428021,46.136622899999985],[12.642749,46.136571399999994],[12.6426943,46.136496300000005],[12.6425689,46.13639189999999],[12.6424027,46.1362652],[12.642251100000001,46.136039399999994],[12.642366400000002,46.1358686],[12.6425617,46.13577619999999]]},"properties":{"type":"road","highway":"cycleway","name":"","shade_pct":100.0,"length_m":176}},{"type":"Feature","geometry":{"type":"LineString","coordinates":[[12.6450384,46.14321469999999],[12.6449967,46.14301030000001],[12.6449734,46.14280970000001],[12.6449874,46.14257669999999],[12.6449267,46.14237609999999],[12.644894,46.14210109999999],[12.644884599999997,46.141949],[12.6448193,46.141771],[12.6448251,46.1416377],[12.6448251,46.1415278],[12.6447885,46.14135600000001],[12.6447451,46.1412368]]},"properties":{"type":"road","highway":"cycleway","name":"MV 06","shade_pct":100.0,"length_m":222}},{"type":"Feature","geometry":{"type":"LineString","coordinates":[[12.6450384,46.14321469999999],[12.6450528,46.143285299999995],[12.6450948,46.14362830000001]]},"properties":{"type":"road","highway":"cycleway","name":"MV 06","shade_pct":100.0,"length_m":46}},{"type":"Feature","geometry":{"type":"LineString","coordinates":[[12.6411541,46.151605200000006],[12.6411934,46.15157489999999],[12.6412202,46.15155029999999],[12.6412491,46.1515113],[12.6412766,46.15147359999999],[12.641296700000002,46.15143040000001],[12.641316100000001,46.151403900000005],[12.641324800000001,46.1513793],[12.6413503,46.1512493],[12.6413953,46.1510114],[12.641470400000001,46.15088880000001],[12.6415937,46.150725299999976],[12.6417788,46.15057290000002],[12.6419236,46.1504503],[12.642084600000002,46.1503035],[12.642334,46.150086099999996],[12.6426666,46.14984080000001],[12.643028700000002,46.1496345],[12.6432594,46.14951469999998],[12.6434002,46.149421799999985],[12.643516900000002,46.14931209999999],[12.643602700000002,46.14920619999999],[12.6436403,46.14915599999999],[12.6436885,46.149052899999994],[12.6437167,46.14894889999999],[12.6437449,46.148849399999996],[12.643777100000001,46.1486999],[12.6437914,46.14861729999999]]},"properties":{"type":"road","highway":"cycleway","name":"MV 06","shade_pct":83.1,"length_m":403}},{"type":"Feature","geometry":{"type":"LineString","coordinates":[[12.645216000000001,46.147711899999976],[12.6452256,46.14766949999999],[12.6453127,46.14751729999998],[12.6453883,46.1473171],[12.6454637,46.1470903],[12.6455291,46.1468703],[12.645631800000002,46.1466697],[12.6457533,46.1465403],[12.6458387,46.146484900000004]]},"properties":{"type":"road","highway":"cycleway","name":"MV 06","shade_pct":79.3,"length_m":147}},{"type":"Feature","geometry":{"type":"LineString","coordinates":[[12.645216000000001,46.147711899999976],[12.6451878,46.14783649999999],[12.64507,46.14807510000001],[12.6450022,46.14825859999999]]},"properties":{"type":"road","highway":"cycleway","name":"MV 06","shade_pct":99.0,"length_m":63}},{"type":"Feature","geometry":{"type":"LineString","coordinates":[[12.6458387,46.146484900000004],[12.645898,46.1464465],[12.645986800000001,46.146274999999996],[12.6459728,46.14602909999999],[12.6459447,46.14583170000001],[12.645856000000002,46.14567969999998],[12.6457719,46.1455955],[12.6457112,46.145443500000006],[12.6456879,46.145246099999994],[12.645650500000002,46.14497759999998],[12.645585100000002,46.144822299999994],[12.6455571,46.1446961],[12.6454917,46.1444955],[12.6454217,46.144275399999984],[12.645314300000003,46.14404900000001],[12.6452022,46.143815999999994],[12.6450948,46.14362830000001]]},"properties":{"type":"road","highway":"cycleway","name":"MV 06","shade_pct":100.0,"length_m":331}},{"type":"Feature","geometry":{"type":"LineString","coordinates":[[12.6458387,46.146484900000004],[12.6457533,46.1465403],[12.645631800000002,46.1466697],[12.6455291,46.1468703],[12.6454637,46.1470903],[12.6453883,46.1473171],[12.6453127,46.14751729999998],[12.6452256,46.14766949999999],[12.645216000000001,46.147711899999976]]},"properties":{"type":"road","highway":"cycleway","name":"MV 06","shade_pct":79.3,"length_m":147}},{"type":"Feature","geometry":{"type":"LineString","coordinates":[[12.651692400000002,46.10141439999999],[12.6518466,46.1023834]]},"properties":{"type":"road","highway":"primary","name":"Via San Martino","shade_pct":46.7,"length_m":108}},{"type":"Feature","geometry":{"type":"LineString","coordinates":[[12.651692400000002,46.10141439999999],[12.650312200000002,46.10166669999999],[12.649072800000003,46.1017884],[12.648013,46.101915799999986],[12.6477193,46.10195510000001]]},"properties":{"type":"road","highway":"residential","name":"Via San Martino","shade_pct":39.7,"length_m":313}},{"type":"Feature","geometry":{"type":"LineString","coordinates":[[12.651692400000002,46.10141439999999],[12.651624,46.100894399999994],[12.651609,46.10007590000002],[12.6516094,46.09989259999999],[12.6516088,46.09919589999999],[12.6516036,46.0981364],[12.6516194,46.0970421],[12.6516056,46.096414599999996],[12.6516321,46.095755700000005],[12.651769000000002,46.09509129999999],[12.6518066,46.09493160000001]]},"properties":{"type":"road","highway":"primary","name":"Via San Martino","shade_pct":68.8,"length_m":722}},{"type":"Feature","geometry":{"type":"LineString","coordinates":[[12.6481976,46.164934599999995],[12.647232200000001,46.165060099999984],[12.647036300000002,46.165082399999996],[12.6468434,46.1651002],[12.646603100000002,46.1651119],[12.6462994,46.16511199999999],[12.6454725,46.165096]]},"properties":{"type":"road","highway":"primary","name":"","shade_pct":47.1,"length_m":212}},{"type":"Feature","geometry":{"type":"LineString","coordinates":[[12.652327300000001,46.08872889999998],[12.653322600000001,46.08851920000001],[12.653453,46.08853700000001],[12.6535004,46.0886378],[12.6537968,46.09123979999999],[12.6538739,46.09142949999999],[12.653945,46.09166069999999],[12.6539213,46.09203999999999],[12.6539391,46.09219409999999],[12.6542763,46.0931193],[12.6544328,46.09348459999999],[12.654629900000002,46.094104900000005],[12.655615500000001,46.09648200000001],[12.655737300000002,46.096806599999994],[12.6569109,46.0990891]]},"properties":{"type":"road","highway":"track","name":"","shade_pct":55.3,"length_m":1301}},{"type":"Feature","geometry":{"type":"LineString","coordinates":[[12.652327300000001,46.08872889999998],[12.6523261,46.088765499999994],[12.6522668,46.09054969999998],[12.6522169,46.092593199999996],[12.6521748,46.0933771],[12.651975,46.09421629999999],[12.6518066,46.09493160000001]]},"properties":{"type":"road","highway":"primary","name":"Via San Martino","shade_pct":64.4,"length_m":692}},{"type":"Feature","geometry":{"type":"LineString","coordinates":[[12.6144451,46.1509023],[12.614552399999999,46.150937600000006],[12.614662300000003,46.15096359999998],[12.6147915,46.15096489999999],[12.6149091,46.150949699999984],[12.6150137,46.1509209],[12.6150915,46.150920899999996],[12.615161200000001,46.1509329],[12.6152417,46.15096079999999],[12.6154607,46.15109289999998],[12.6155408,46.151140999999996],[12.6156172,46.1511773],[12.615685600000003,46.151194899999986],[12.615788900000002,46.15120979999999]]},"properties":{"type":"road","highway":"track","name":"","shade_pct":100.0,"length_m":116}},{"type":"Feature","geometry":{"type":"LineString","coordinates":[[12.6144451,46.1509023],[12.614311,46.150814],[12.6142225,46.15070999999999],[12.6140374,46.1505241],[12.613965,46.15042379999999],[12.613927400000001,46.15030299999999],[12.6138948,46.1500096],[12.613877600000002,46.14990399999999]]},"properties":{"type":"road","highway":"track","name":"","shade_pct":100.0,"length_m":124}},{"type":"Feature","geometry":{"type":"LineString","coordinates":[[12.6144451,46.1509023],[12.6144358,46.1509545],[12.614452100000001,46.151038799999995],[12.6144488,46.151134199999994],[12.614416400000001,46.151233],[12.6144164,46.15134079999999],[12.614422800000002,46.15143510000001],[12.614468200000001,46.151529499999995],[12.6145136,46.15161030000001],[12.614559,46.1517046],[12.614572,46.15183039999999],[12.614536400000002,46.1519336]]},"properties":{"type":"road","highway":"track","name":"","shade_pct":100.0,"length_m":117}},{"type":"Feature","geometry":{"type":"LineString","coordinates":[[12.615788900000002,46.15120979999999],[12.6159096,46.151225599999975],[12.616041,46.15123949999999],[12.616236800000001,46.151261800000015],[12.6165426,46.1512971],[12.616674,46.1513083],[12.6168054,46.15129899999999],[12.6169637,46.151256200000006],[12.6170549,46.1512117],[12.61713,46.15116520000001],[12.6171997,46.1511522],[12.6172695,46.15117259999998],[12.6173285,46.15122559999998],[12.617392800000001,46.1513501],[12.617550900000001,46.1515551],[12.6176879,46.15176170000003],[12.617864900000002,46.1519493],[12.6179346,46.1520013],[12.6180232,46.152038499999996],[12.6180902,46.1520552],[12.618172400000002,46.1520587],[12.6182887,46.152047800000005],[12.618388500000002,46.15201609999998],[12.6185119,46.1519319],[12.6186883,46.15183410000001],[12.618757,46.15177200000001],[12.6187809,46.151724500000014],[12.618771100000002,46.1516744],[12.6187178,46.15161299999999],[12.6186857,46.151525699999986],[12.6186857,46.151445800000005],[12.6187063,46.151357899999994],[12.6187547,46.1512674],[12.6188035,46.15120479999999],[12.6188466,46.1511745],[12.6188935,46.151164300000005],[12.6189427,46.151164900000005],[12.6189887,46.15117770000001],[12.619006400000002,46.1511964],[12.619020900000002,46.15124139999999],[12.619023,46.15130059999999],[12.619017600000001,46.151403800000004],[12.619010900000001,46.1515597],[12.6190411,46.1516427],[12.619085300000002,46.151726199999985],[12.6191336,46.1518081],[12.61926,46.1520021],[12.6194291,46.152257799999994],[12.6196319,46.15245339999999],[12.619695,46.15256269999999],[12.6197548,46.15268999999999],[12.6197282,46.15287070000001],[12.619611200000001,46.1529897],[12.619482600000001,46.1530625],[12.6194623,46.153190100000025],[12.619612,46.153300899999984],[12.6198127,46.15337130000001],[12.6199997,46.1534206],[12.6202223,46.15347419999999],[12.6203527,46.15347739999999],[12.620514600000002,46.153437999999994],[12.6206986,46.15334189999999],[12.620755000000003,46.153296399999995],[12.6208091,46.1532678],[12.6208596,46.15326199999999],[12.6209186,46.15327229999999],[12.6209642,46.153311299999984],[12.6210259,46.1533837],[12.6211157,46.15359],[12.621201599999997,46.1537628],[12.6214601,46.154093500000016],[12.6216894,46.1543551],[12.6219619,46.15481759999998],[12.6221566,46.1552445],[12.6221753,46.15546860000003],[12.6222181,46.15576570000001],[12.622259699999999,46.15591340000001]]},"properties":{"type":"road","highway":"track","name":"","shade_pct":82.4,"length_m":1076}},{"type":"Feature","geometry":{"type":"LineString","coordinates":[[12.615788900000002,46.15120979999999],[12.615685600000003,46.151194899999986],[12.6156172,46.1511773],[12.6155408,46.151140999999996],[12.6154607,46.15109289999998],[12.6152417,46.15096079999999],[12.615161200000001,46.1509329],[12.6150915,46.150920899999996],[12.6150137,46.1509209],[12.6149091,46.150949699999984],[12.6147915,46.15096489999999],[12.614662300000003,46.15096359999998],[12.614552399999999,46.150937600000006],[12.6144451,46.1509023]]},"properties":{"type":"road","highway":"track","name":"","shade_pct":100.0,"length_m":116}},{"type":"Feature","geometry":{"type":"LineString","coordinates":[[12.6227746,46.156465399999995],[12.6227874,46.1564429],[12.6227713,46.15641179999998],[12.6227009,46.156358399999995],[12.6226414,46.15629769999999],[12.6225843,46.15620229999998],[12.622558800000002,46.1560481],[12.6225789,46.15583259999999],[12.6226092,46.1557014]]},"properties":{"type":"road","highway":"track","name":"","shade_pct":100.0,"length_m":90}},{"type":"Feature","geometry":{"type":"LineString","coordinates":[[12.6227746,46.156465399999995],[12.6227385,46.156474100000004],[12.622701,46.1564699],[12.6226553,46.15644389999999],[12.622580200000002,46.1563733],[12.6224963,46.156288899999986],[12.6223908,46.15615780000001],[12.6223133,46.1560184],[12.622259699999999,46.15591340000001]]},"properties":{"type":"road","highway":"track","name":"","shade_pct":100.0,"length_m":77}},{"type":"Feature","geometry":{"type":"LineString","coordinates":[[12.635126300000001,46.14721649999998],[12.6350981,46.1471757],[12.635078,46.1470976],[12.6350699,46.1469926],[12.6350306,46.1464499],[12.6349499,46.14617359999998],[12.6347405,46.14570079999999],[12.634538100000002,46.145342299999996],[12.6342358,46.144882700000004]]},"properties":{"type":"road","highway":"residential","name":"Via Alessandro Volta","shade_pct":39.9,"length_m":271}},{"type":"Feature","geometry":{"type":"LineString","coordinates":[[12.640020300000002,46.15078009999999],[12.640149500000001,46.15092039999999],[12.640353,46.1510719],[12.6405308,46.151213600000005],[12.640776700000002,46.1513837],[12.6411541,46.151605200000006]]},"properties":{"type":"road","highway":"residential","name":"Via Montenero","shade_pct":93.7,"length_m":127}},{"type":"Feature","geometry":{"type":"LineString","coordinates":[[12.640020300000002,46.15078009999999],[12.639997500000002,46.15052839999999],[12.6399441,46.15041399999999],[12.639905600000002,46.150337799999996],[12.6398306,46.1502676],[12.6397258,46.1501981],[12.639609400000001,46.15013789999998],[12.6394148,46.1499906],[12.639251,46.1497935],[12.6390684,46.14956069999998],[12.638914700000003,46.14937309999999],[12.6387314,46.14921660000001],[12.6384874,46.14907929999998],[12.638145600000001,46.1489322]]},"properties":{"type":"road","highway":"residential","name":"Via Montenero","shade_pct":100.0,"length_m":261}},{"type":"Feature","geometry":{"type":"LineString","coordinates":[[12.6446564,46.1534099],[12.6450198,46.1535056],[12.6456966,46.153687699999985]]},"properties":{"type":"road","highway":"residential","name":"Via Montenero","shade_pct":41.1,"length_m":86}},{"type":"Feature","geometry":{"type":"LineString","coordinates":[[12.6456966,46.153687699999985],[12.6464387,46.15380570000001],[12.646831400000002,46.1538395]]},"properties":{"type":"road","highway":"residential","name":"Via Montenero","shade_pct":21.2,"length_m":89}},{"type":"Feature","geometry":{"type":"LineString","coordinates":[[12.6456966,46.153687699999985],[12.6450198,46.1535056],[12.6446564,46.1534099]]},"properties":{"type":"road","highway":"residential","name":"Via Montenero","shade_pct":41.1,"length_m":86}},{"type":"Feature","geometry":{"type":"LineString","coordinates":[[12.6436886,46.14856110000001],[12.6437689,46.14845640000001],[12.643848,46.14838300000001],[12.644021,46.1482725],[12.643938600000002,46.1479384],[12.6438329,46.1474881],[12.6437685,46.1472688],[12.6436661,46.1470741],[12.6433694,46.1466814],[12.6430562,46.1463366],[12.642568,46.145908399999996]]},"properties":{"type":"road","highway":"residential","name":"Via Macor","shade_pct":23.3,"length_m":333}},{"type":"Feature","geometry":{"type":"LineString","coordinates":[[12.6373759,46.139979499999995],[12.637294900000002,46.13975409999998],[12.637267900000001,46.139444000000005],[12.6373503,46.13910099999999],[12.6375178,46.13889999999999],[12.6377746,46.138654299999985],[12.6396505,46.137269700000004],[12.6398515,46.1369682],[12.640019,46.13672259999999],[12.6401642,46.1364546],[12.6403093,46.1362313],[12.6403763,46.13607189999999]]},"properties":{"type":"road","highway":"residential","name":"Via Maniana","shade_pct":80.6,"length_m":515}},{"type":"Feature","geometry":{"type":"LineString","coordinates":[[12.6403763,46.13607189999999],[12.6403093,46.1362313],[12.6401642,46.1364546],[12.640019,46.13672259999999],[12.6398515,46.1369682],[12.6396505,46.137269700000004],[12.6377746,46.138654299999985],[12.6375178,46.13889999999999],[12.6373503,46.13910099999999],[12.637267900000001,46.139444000000005],[12.637294900000002,46.13975409999998],[12.6373759,46.139979499999995]]},"properties":{"type":"road","highway":"residential","name":"Via Maniana","shade_pct":80.6,"length_m":515}},{"type":"Feature","geometry":{"type":"LineString","coordinates":[[12.6403763,46.13607189999999],[12.640391,46.1356916],[12.6403238,46.1355822]]},"properties":{"type":"road","highway":"residential","name":"Via Maniana","shade_pct":60.3,"length_m":56}},{"type":"Feature","geometry":{"type":"LineString","coordinates":[[12.6355395,46.138245000000005],[12.635966400000001,46.1379862],[12.6403238,46.1355822]]},"properties":{"type":"road","highway":"unclassified","name":"Via Dalmazia","shade_pct":67.9,"length_m":474}},{"type":"Feature","geometry":{"type":"LineString","coordinates":[[12.6403238,46.1355822],[12.635966400000001,46.1379862],[12.6355395,46.138245000000005]]},"properties":{"type":"road","highway":"unclassified","name":"Via Dalmazia","shade_pct":67.9,"length_m":474}},{"type":"Feature","geometry":{"type":"LineString","coordinates":[[12.6403238,46.1355822],[12.641338,46.1349978],[12.642015900000002,46.13466359999999]]},"properties":{"type":"road","highway":"unclassified","name":["Via Montereale","Via Dalmazia"],"shade_pct":76.1,"length_m":166}},{"type":"Feature","geometry":{"type":"LineString","coordinates":[[12.6403238,46.1355822],[12.640391,46.1356916],[12.6403763,46.13607189999999]]},"properties":{"type":"road","highway":"residential","name":"Via Maniana","shade_pct":60.3,"length_m":56}},{"type":"Feature","geometry":{"type":"LineString","coordinates":[[12.613877600000002,46.14990399999999],[12.6138674,46.1498294],[12.6138962,46.14969729999999],[12.614032500000002,46.14944559999998],[12.614251900000001,46.1492317],[12.6144464,46.14886089999999],[12.6147468,46.1487021],[12.6147876,46.14861819999999],[12.6148408,46.148007400000004],[12.6147974,46.1475426],[12.6148002,46.14736430000001],[12.6147826,46.14729599999999],[12.6147348,46.1472243],[12.6146829,46.1471803],[12.614599500000002,46.147145099999996],[12.6145035,46.14713230000001],[12.6144093,46.14715029999999],[12.613936700000002,46.1473177],[12.613633800000002,46.14744989999999],[12.6133357,46.147516],[12.6131839,46.147574299999995],[12.613036200000002,46.14769669999999],[12.612908800000001,46.1479205],[12.612713300000001,46.14815959999999],[12.612691300000002,46.1482046],[12.6123614,46.1489789],[12.6122653,46.149453],[12.6122667,46.1495111]]},"properties":{"type":"road","highway":"track","name":"","shade_pct":85.3,"length_m":686}},{"type":"Feature","geometry":{"type":"LineString","coordinates":[[12.613877600000002,46.14990399999999],[12.6138948,46.1500096],[12.613927400000001,46.15030299999999],[12.613965,46.15042379999999],[12.6140374,46.1505241],[12.6142225,46.15070999999999],[12.614311,46.150814],[12.6144451,46.1509023]]},"properties":{"type":"road","highway":"track","name":"","shade_pct":100.0,"length_m":124}},{"type":"Feature","geometry":{"type":"LineString","coordinates":[[12.611779500000003,46.15068360000001],[12.6118541,46.15076289999999],[12.6120338,46.15099829999999],[12.6121457,46.15109590000001],[12.612299300000002,46.15118009999999],[12.6124375,46.1512326],[12.6124898,46.151235799999995],[12.612532700000001,46.151221899999996],[12.6125528,46.1511866],[12.6125394,46.15104440000002],[12.6125037,46.15087649999998],[12.612496200000002,46.15059539999998],[12.6124657,46.15036709999999],[12.612268900000002,46.14960339999999],[12.6122667,46.1495111]]},"properties":{"type":"road","highway":"track","name":"","shade_pct":100.0,"length_m":281}},{"type":"Feature","geometry":{"type":"LineString","coordinates":[[12.611779500000003,46.15068360000001],[12.611630100000001,46.15055759999999],[12.611514,46.1504897],[12.6110306,46.15025940000001],[12.6106194,46.15004079999999],[12.610601700000002,46.150033799999996],[12.610550200000002,46.15001079999999],[12.6104359,46.149954599999994],[12.610210800000003,46.149865999999996],[12.6101771,46.1498542],[12.610124100000002,46.1498299],[12.6100432,46.14979439999998],[12.6099591,46.1497903],[12.6098994,46.14982939999999],[12.6098464,46.1498922],[12.609791900000001,46.14997129999999],[12.6097277,46.1500488],[12.609679,46.15013969999998],[12.609666,46.15024879999999],[12.609699700000002,46.15037329999999],[12.6097445,46.1504722],[12.6097957,46.1505675],[12.609837,46.1506435],[12.6098442,46.150702199999984],[12.6098128,46.1507641],[12.609732900000001,46.150820399999986],[12.609659500000001,46.15088930000002],[12.6096387,46.15096489999999],[12.6096725,46.15104239999998],[12.6097552,46.151124499999995],[12.6098672,46.151213],[12.6099661,46.1512881],[12.6100328,46.1513618],[12.6100777,46.151462099999996],[12.6101065,46.1515633],[12.610112900000003,46.151665499999986],[12.6101079,46.15176999999999],[12.6101077,46.1518518],[12.6100888,46.1519337],[12.6100499,46.1520108],[12.609973800000002,46.152087999999985],[12.6098898,46.15216259999998],[12.6098479,46.15222109999999],[12.609838800000002,46.152280899999994],[12.609855899999998,46.15235289999998],[12.609903,46.152428],[12.6099852,46.15248210000001],[12.610067,46.1525266],[12.6101344,46.15258829999999],[12.610187,46.1526651],[12.6102467,46.15277119999999],[12.6103015,46.1528949],[12.6103446,46.15299799999999],[12.6103832,46.15311429999999],[12.6104157,46.15322140000001],[12.6104598,46.1533329],[12.6104955,46.1534386],[12.6105273,46.15354559999999],[12.610549900000002,46.1536611],[12.6105753,46.153767199999976],[12.610603800000002,46.153890399999995],[12.610643,46.15401099999999],[12.6106831,46.154141700000004],[12.6107181,46.15424059999999],[12.6107397,46.15434419999999],[12.6107451,46.154427500000004],[12.6107425,46.1545192],[12.610720400000002,46.1546041],[12.6106711,46.15467859999999],[12.6106046,46.154745600000005],[12.6105333,46.15480279999999],[12.6104439,46.15485919999998],[12.6103809,46.1549218],[12.610369,46.154980099999996],[12.610407400000001,46.15505159999999],[12.6104746,46.15512120000001],[12.6105552,46.1551845],[12.6106439,46.1552406],[12.6107344,46.155297],[12.6108061,46.155341899999996],[12.610862200000001,46.1553944],[12.6108954,46.1554711],[12.6108964,46.1555463],[12.610870200000003,46.1556375],[12.6108414,46.15572929999999],[12.6108402,46.155797200000016],[12.6108608,46.15585079999998],[12.610914300000001,46.15593009999999],[12.6109277,46.15601830000001],[12.610936900000002,46.15611249999999],[12.6109617,46.15621929999997],[12.6109896,46.15630540000001],[12.611016400000002,46.1564051],[12.6110401,46.1564902],[12.611055100000002,46.1565584],[12.6110467,46.156618899999984],[12.6109927,46.156700699999995],[12.6109398,46.1567756],[12.6109214,46.15686360000001],[12.610934000000002,46.15694109999998],[12.6109722,46.15702670000001],[12.611020000000002,46.15711449999999],[12.611063300000001,46.1571911],[12.6110972,46.15726539999999],[12.6110885,46.157327599999995],[12.6110409,46.157382],[12.6109605,46.15744480000001],[12.6108759,46.157504499999995],[12.6107988,46.15757399999999],[12.610704400000001,46.15767679999999],[12.6106503,46.15776739999999],[12.6105784,46.157855500000004]]},"properties":{"type":"road","highway":"track","name":"","shade_pct":100.0,"length_m":1158}},{"type":"Feature","geometry":{"type":"LineString","coordinates":[[12.6100121,46.158196499999974],[12.6100925,46.1581831],[12.6101751,46.15817669999998],[12.610216200000002,46.1581714],[12.610255500000001,46.158149399999985],[12.6102796,46.1581263],[12.6103162,46.1580886],[12.6103499,46.1580535],[12.6104126,46.15797909999999],[12.610492400000002,46.15792139999998],[12.6105784,46.157855500000004]]},"properties":{"type":"road","highway":"track","name":"","shade_pct":100.0,"length_m":61}},{"type":"Feature","geometry":{"type":"LineString","coordinates":[[12.6105784,46.157855500000004],[12.6106503,46.15776739999999],[12.610704400000001,46.15767679999999],[12.6107988,46.15757399999999],[12.6108759,46.157504499999995],[12.6109605,46.15744480000001],[12.6110409,46.157382],[12.6110885,46.157327599999995],[12.6110972,46.15726539999999],[12.611063300000001,46.1571911],[12.611020000000002,46.15711449999999],[12.6109722,46.15702670000001],[12.610934000000002,46.15694109999998],[12.6109214,46.15686360000001],[12.6109398,46.1567756],[12.6109927,46.156700699999995],[12.6110467,46.156618899999984],[12.611055100000002,46.1565584],[12.6110401,46.1564902],[12.611016400000002,46.1564051],[12.6109896,46.15630540000001],[12.6109617,46.15621929999997],[12.610936900000002,46.15611249999999],[12.6109277,46.15601830000001],[12.610914300000001,46.15593009999999],[12.6108608,46.15585079999998],[12.6108402,46.155797200000016],[12.6108414,46.15572929999999],[12.610870200000003,46.1556375],[12.6108964,46.1555463],[12.6108954,46.1554711],[12.610862200000001,46.1553944],[12.6108061,46.155341899999996],[12.6107344,46.155297],[12.6106439,46.1552406],[12.6105552,46.1551845],[12.6104746,46.15512120000001],[12.610407400000001,46.15505159999999],[12.610369,46.154980099999996],[12.6103809,46.1549218],[12.6104439,46.15485919999998],[12.6105333,46.15480279999999],[12.6106046,46.154745600000005],[12.6106711,46.15467859999999],[12.610720400000002,46.1546041],[12.6107425,46.1545192],[12.6107451,46.154427500000004],[12.6107397,46.15434419999999],[12.6107181,46.15424059999999],[12.6106831,46.154141700000004],[12.610643,46.15401099999999],[12.610603800000002,46.153890399999995],[12.6105753,46.153767199999976],[12.610549900000002,46.1536611],[12.6105273,46.15354559999999],[12.6104955,46.1534386],[12.6104598,46.1533329],[12.6104157,46.15322140000001],[12.6103832,46.15311429999999],[12.6103446,46.15299799999999],[12.6103015,46.1528949],[12.6102467,46.15277119999999],[12.610187,46.1526651],[12.6101344,46.15258829999999],[12.610067,46.1525266],[12.6099852,46.15248210000001],[12.609903,46.152428],[12.609855899999998,46.15235289999998],[12.609838800000002,46.152280899999994],[12.6098479,46.15222109999999],[12.6098898,46.15216259999998],[12.609973800000002,46.152087999999985],[12.6100499,46.1520108],[12.6100888,46.1519337],[12.6101077,46.1518518],[12.6101079,46.15176999999999],[12.610112900000003,46.151665499999986],[12.6101065,46.1515633],[12.6100777,46.151462099999996],[12.6100328,46.1513618],[12.6099661,46.1512881],[12.6098672,46.151213],[12.6097552,46.151124499999995],[12.6096725,46.15104239999998],[12.6096387,46.15096489999999],[12.609659500000001,46.15088930000002],[12.609732900000001,46.150820399999986],[12.6098128,46.1507641],[12.6098442,46.150702199999984],[12.609837,46.1506435],[12.6097957,46.1505675],[12.6097445,46.1504722],[12.609699700000002,46.15037329999999],[12.609666,46.15024879999999],[12.609679,46.15013969999998],[12.6097277,46.1500488],[12.609791900000001,46.14997129999999],[12.6098464,46.1498922],[12.6098994,46.14982939999999],[12.6099591,46.1497903],[12.6100432,46.14979439999998],[12.610124100000002,46.1498299],[12.6101771,46.1498542],[12.610210800000003,46.149865999999996],[12.6104359,46.149954599999994],[12.610550200000002,46.15001079999999],[12.610601700000002,46.150033799999996],[12.6106194,46.15004079999999],[12.6110306,46.15025940000001],[12.611514,46.1504897],[12.611630100000001,46.15055759999999],[12.611779500000003,46.15068360000001]]},"properties":{"type":"road","highway":"track","name":"","shade_pct":100.0,"length_m":1158}},{"type":"Feature","geometry":{"type":"LineString","coordinates":[[12.6105784,46.157855500000004],[12.610492400000002,46.15792139999998],[12.6104126,46.15797909999999],[12.6103499,46.1580535],[12.6103162,46.1580886],[12.6102796,46.1581263],[12.610255500000001,46.158149399999985],[12.610216200000002,46.1581714],[12.6101751,46.15817669999998],[12.6100925,46.1581831],[12.6100121,46.158196499999974]]},"properties":{"type":"road","highway":"track","name":"","shade_pct":100.0,"length_m":61}},{"type":"Feature","geometry":{"type":"LineString","coordinates":[[12.639965900000002,46.15223799999998],[12.639859600000001,46.15235320000001],[12.6396857,46.15254680000003],[12.639515,46.1527231],[12.639161,46.15291019999999],[12.6388133,46.15317689999999],[12.6385781,46.1533737]]},"properties":{"type":"road","highway":"track","name":"","shade_pct":83.6,"length_m":167}},{"type":"Feature","geometry":{"type":"LineString","coordinates":[[12.6443353,46.1540533],[12.6443303,46.1541088],[12.6443355,46.154162700000015],[12.6443926,46.1542751],[12.6445146,46.1543991],[12.6446521,46.15447640000001],[12.6449064,46.154532100000026],[12.645119100000002,46.15463449999999],[12.645347500000002,46.154731599999984],[12.645412300000002,46.15477469999999],[12.6453812,46.154850200000006],[12.6453034,46.154888]]},"properties":{"type":"road","highway":"track","name":"Vicolo Cavallotti","shade_pct":35.7,"length_m":140}},{"type":"Feature","geometry":{"type":"LineString","coordinates":[[12.633612,46.11758],[12.633758400000001,46.11756340000001],[12.6341348,46.1174852],[12.6343296,46.11744349999997],[12.634516000000001,46.117429999999985],[12.634807800000003,46.11743989999999],[12.6350345,46.117446],[12.635145,46.1174337],[12.635290800000002,46.117409499999994],[12.635373899999998,46.11739749999999],[12.6354424,46.11738789999998]]},"properties":{"type":"road","highway":"unclassified","name":"Via Damiano Chiesa","shade_pct":85.2,"length_m":144}},{"type":"Feature","geometry":{"type":"LineString","coordinates":[[12.633612,46.11758],[12.633379600000001,46.117653999999995],[12.632994200000002,46.117765299999995],[12.632685000000002,46.11786969999998],[12.63241,46.11800610000001],[12.6322692,46.11807399999999]]},"properties":{"type":"road","highway":"unclassified","name":"","shade_pct":83.2,"length_m":118}},{"type":"Feature","geometry":{"type":"LineString","coordinates":[[12.633909500000001,46.1342386],[12.633884100000001,46.13406319999999],[12.6338428,46.133882299999996],[12.6337856,46.1337577],[12.63376,46.1335768],[12.6337042,46.13317060000001],[12.6336786,46.13303109999998],[12.6336401,46.13277899999999],[12.6336323,46.132431299999986],[12.6336102,46.132108699999996]]},"properties":{"type":"road","highway":"unclassified","name":"Via Damiano Chiesa","shade_pct":51.4,"length_m":238}},{"type":"Feature","geometry":{"type":"LineString","coordinates":[[12.634572,46.133952699999995],[12.634558800000002,46.13382399999999],[12.6344784,46.133534700000006],[12.6343857,46.1333355],[12.6343267,46.13317789999999],[12.6342064,46.13278699999999],[12.6341583,46.1326158],[12.634078500000001,46.13246429999998],[12.6340107,46.1323302],[12.6339517,46.132236999999996],[12.6338194,46.132135499999976],[12.6337211,46.132084799999994],[12.6336421,46.1320743]]},"properties":{"type":"road","highway":"track","name":"","shade_pct":20.5,"length_m":228}},{"type":"Feature","geometry":{"type":"LineString","coordinates":[[12.6396862,46.132173599999994],[12.639741,46.13211479999998],[12.6397809,46.13204919999999],[12.6398805,46.131980199999994],[12.640039900000001,46.13189039999998],[12.6403188,46.131741999999996],[12.6405081,46.13164880000002]]},"properties":{"type":"road","highway":"track","name":"","shade_pct":93.2,"length_m":87}},{"type":"Feature","geometry":{"type":"LineString","coordinates":[[12.648227,46.1619085],[12.6477319,46.16192710000001],[12.6474877,46.16189519999999],[12.6465029,46.16170809999998],[12.646196900000001,46.16156479999999]]},"properties":{"type":"road","highway":"unclassified","name":"Via Chiaranda","shade_pct":100.0,"length_m":165}},{"type":"Feature","geometry":{"type":"LineString","coordinates":[[12.648227,46.1619085],[12.6483626,46.16193690000001],[12.648602600000002,46.162005099999995],[12.6490233,46.16218269999998]]},"properties":{"type":"road","highway":"unclassified","name":"Via Chiaranda","shade_pct":100.0,"length_m":69}},{"type":"Feature","geometry":{"type":"LineString","coordinates":[[12.6892141,46.07532269999998],[12.688840000000003,46.07632880000001],[12.6885763,46.07714109999999],[12.6885575,46.077201099999996]]},"properties":{"type":"road","highway":"unclassified","name":"Via San Foca","shade_pct":31.2,"length_m":215}},{"type":"Feature","geometry":{"type":"LineString","coordinates":[[12.6892141,46.07532269999998],[12.6894218,46.0753091],[12.689764900000002,46.075449199999994],[12.689982,46.07565919999998],[12.6903531,46.0759113],[12.6908713,46.07613539999999],[12.6914455,46.0763245]]},"properties":{"type":"road","highway":"track","name":"","shade_pct":59.6,"length_m":212}},{"type":"Feature","geometry":{"type":"LineString","coordinates":[[12.687203,46.0893711],[12.6872458,46.089159300000006],[12.6874532,46.08814329999999],[12.6876545,46.0871672]]},"properties":{"type":"road","highway":"unclassified","name":"Via San Foca","shade_pct":54.8,"length_m":247}},{"type":"Feature","geometry":{"type":"LineString","coordinates":[[12.687203,46.0893711],[12.6878199,46.0894141],[12.688317,46.0894316],[12.6887634,46.08946670000001],[12.6894907,46.0894979],[12.690291,46.0895349],[12.691313100000002,46.089591300000016],[12.6924027,46.0896478],[12.6946964,46.08976250000002]]},"properties":{"type":"road","highway":"track","name":"","shade_pct":58.7,"length_m":581}},{"type":"Feature","geometry":{"type":"LineString","coordinates":[[12.6857457,46.09659560000001],[12.6858144,46.0963218],[12.6858289,46.0959167],[12.686078100000001,46.09490129999999]]},"properties":{"type":"road","highway":"unclassified","name":"Via San Foca","shade_pct":43.4,"length_m":190}},{"type":"Feature","geometry":{"type":"LineString","coordinates":[[12.6642973,46.08949390000002],[12.6652058,46.089965800000016],[12.666240000000002,46.090488400000005],[12.6672061,46.09100129999999],[12.6681649,46.0914896],[12.6692767,46.09206040000001],[12.6701315,46.0925043],[12.670753400000002,46.09283819999999],[12.6715134,46.09322309999999],[12.672002200000001,46.09345920000001]]},"properties":{"type":"road","highway":"tertiary","name":"Via Pordenone","shade_pct":23.8,"length_m":741}},{"type":"Feature","geometry":{"type":"LineString","coordinates":[[12.6642973,46.08949390000002],[12.6634967,46.0890686],[12.6627023,46.088616299999984],[12.6618043,46.088084200000004],[12.6608747,46.0875267],[12.6600282,46.087026400000006],[12.6590686,46.086447199999995],[12.6583598,46.08603459999999]]},"properties":{"type":"road","highway":"tertiary","name":"Via Pordenone","shade_pct":39.9,"length_m":599}},{"type":"Feature","geometry":{"type":"LineString","coordinates":[[12.6785503,46.097425499999986],[12.679059100000002,46.09797699999999],[12.6793749,46.098334699999995]]},"properties":{"type":"road","highway":"tertiary","name":"Via Circonvallazione","shade_pct":54.6,"length_m":119}},{"type":"Feature","geometry":{"type":"LineString","coordinates":[[12.681504200000001,46.109562299999986],[12.683039400000002,46.109770899999994]]},"properties":{"type":"road","highway":"track","name":"","shade_pct":42.3,"length_m":121}},{"type":"Feature","geometry":{"type":"LineString","coordinates":[[12.681504200000001,46.109562299999986],[12.6811744,46.10954379999998],[12.6806947,46.10950589999999],[12.6797395,46.1094155],[12.6789905,46.1093309],[12.678249900000003,46.1092492],[12.6772611,46.1091529],[12.6766552,46.109085799999995],[12.676327,46.10902749999999],[12.675880600000001,46.10894909999999],[12.675734899999998,46.108930500000014],[12.675592,46.108945000000006],[12.6754879,46.1089491],[12.6751576,46.108924300000005],[12.6744591,46.10883389999999],[12.6733356,46.1087085],[12.6725782,46.1086268],[12.6711854,46.10847509999997],[12.6701545,46.1083701],[12.669373,46.10826849999997]]},"properties":{"type":"road","highway":"track","name":"","shade_pct":46.4,"length_m":950}},{"type":"Feature","geometry":{"type":"LineString","coordinates":[[12.682505100000002,46.12098939999999],[12.6823526,46.1203874],[12.6822075,46.11982009999999]]},"properties":{"type":"road","highway":"tertiary","name":"Via Maniago","shade_pct":45.8,"length_m":132}},{"type":"Feature","geometry":{"type":"LineString","coordinates":[[12.682505100000002,46.12098939999999],[12.682163,46.1211947],[12.6816373,46.121514499999996],[12.6812725,46.121745],[12.6802398,46.1222358],[12.6798751,46.1223994],[12.6792447,46.12269690000001],[12.6783864,46.1231133],[12.6775684,46.12351489999999],[12.6769246,46.12381229999997]]},"properties":{"type":"road","highway":"track","name":"","shade_pct":67.4,"length_m":534}},{"type":"Feature","geometry":{"type":"LineString","coordinates":[[12.708275800000001,46.08591959999999],[12.7082875,46.08596379999999],[12.7082993,46.0860081],[12.708627,46.08722869999999],[12.708635600000001,46.0872733],[12.708643300000002,46.087318],[12.7086507,46.08736269999999],[12.7086574,46.08740739999998],[12.708662,46.0874523],[12.708658900000001,46.08749769999999]]},"properties":{"type":"road","highway":"unclassified","name":"Via Partidor","shade_pct":71.1,"length_m":178}},{"type":"Feature","geometry":{"type":"LineString","coordinates":[[12.708658900000001,46.08749769999999],[12.708654700000002,46.087543000000004],[12.7086468,46.08758840000001],[12.7086448,46.0875955],[12.7084637,46.088196999999994]]},"properties":{"type":"road","highway":"unclassified","name":"Via Partidor","shade_pct":86.5,"length_m":79}},{"type":"Feature","geometry":{"type":"LineString","coordinates":[[12.708658900000001,46.08749769999999],[12.7093566,46.08745179999999],[12.7114498,46.087281000000004],[12.711896,46.087102200000004]]},"properties":{"type":"road","highway":"track","name":"","shade_pct":95.3,"length_m":257}},{"type":"Feature","geometry":{"type":"LineString","coordinates":[[12.708658900000001,46.08749769999999],[12.708662,46.0874523],[12.7086574,46.08740739999998],[12.7086507,46.08736269999999],[12.708643300000002,46.087318],[12.708635600000001,46.0872733],[12.708627,46.08722869999999],[12.7082993,46.0860081],[12.7082875,46.08596379999999],[12.708275800000001,46.08591959999999]]},"properties":{"type":"road","highway":"unclassified","name":"Via Partidor","shade_pct":71.1,"length_m":178}},{"type":"Feature","geometry":{"type":"LineString","coordinates":[[12.7078362,46.090283699999986],[12.7078235,46.09032779999998],[12.7077952,46.09042939999999]]},"properties":{"type":"road","highway":"unclassified","name":"Via Partidor","shade_pct":100.0,"length_m":17}},{"type":"Feature","geometry":{"type":"LineString","coordinates":[[12.7078362,46.090283699999986],[12.7078489,46.0902396],[12.708214100000001,46.08902649999998]]},"properties":{"type":"road","highway":"unclassified","name":"Via Partidor","shade_pct":97.5,"length_m":143}},{"type":"Feature","geometry":{"type":"LineString","coordinates":[[12.7071766,46.0926479],[12.7077952,46.09042939999999]]},"properties":{"type":"road","highway":"unclassified","name":"Via Partidor","shade_pct":95.8,"length_m":251}},{"type":"Feature","geometry":{"type":"LineString","coordinates":[[12.7071766,46.0926479],[12.6991735,46.09223399999999],[12.698093800000002,46.0921789]]},"properties":{"type":"road","highway":"track","name":"Via delle Centrali","shade_pct":46.1,"length_m":704}},{"type":"Feature","geometry":{"type":"LineString","coordinates":[[12.7055003,46.09850930000001],[12.7053827,46.098485399999994],[12.7048259,46.0984557],[12.7042602,46.09848980000001],[12.7030421,46.0985555],[12.7028502,46.0985855],[12.702774100000001,46.09877449999997],[12.7027646,46.09879810000001],[12.7026669,46.099040499999994],[12.702485,46.099858799999986],[12.7020066,46.1014446]]},"properties":{"type":"road","highway":"track","name":"","shade_pct":72.4,"length_m":531}},{"type":"Feature","geometry":{"type":"LineString","coordinates":[[12.7055003,46.09850930000001],[12.7054878,46.0985535],[12.7054574,46.098641],[12.7054474,46.098685399999994],[12.7054358,46.09872959999999],[12.7054232,46.09877380000002],[12.7054108,46.09881800000001],[12.7053982,46.09886209999998],[12.7053858,46.098906199999995],[12.7053732,46.098950300000006],[12.7053606,46.098994499999996],[12.7053243,46.09912380000001],[12.7051949,46.0995498],[12.7050198,46.100167300000024],[12.7048408,46.1007721],[12.7046745,46.1012995],[12.70458,46.1015252]]},"properties":{"type":"road","highway":"unclassified","name":"Via Partidor","shade_pct":25.0,"length_m":343}},{"type":"Feature","geometry":{"type":"LineString","coordinates":[[12.6856874,46.09903189999998],[12.6859762,46.0984197],[12.6863037,46.09825609999999],[12.6866455,46.0982882],[12.692460700000002,46.09881389999997],[12.6937916,46.09888939999998],[12.6942774,46.098852],[12.6951223,46.0987839],[12.6956504,46.0987883]]},"properties":{"type":"road","highway":"track","name":"","shade_pct":45.3,"length_m":831}},{"type":"Feature","geometry":{"type":"LineString","coordinates":[[12.70458,46.1015252],[12.7046745,46.1012995],[12.7048408,46.1007721],[12.7050198,46.100167300000024],[12.7051949,46.0995498],[12.7053243,46.09912380000001],[12.7053606,46.098994499999996],[12.7053732,46.098950300000006],[12.7053858,46.098906199999995],[12.7053982,46.09886209999998],[12.7054108,46.09881800000001],[12.7054232,46.09877380000002],[12.7054358,46.09872959999999],[12.7054474,46.098685399999994],[12.7054574,46.098641],[12.7054878,46.0985535],[12.7055003,46.09850930000001]]},"properties":{"type":"road","highway":"unclassified","name":"Via Partidor","shade_pct":25.0,"length_m":343}},{"type":"Feature","geometry":{"type":"LineString","coordinates":[[12.7044447,46.1017043],[12.7041283,46.10174389999999],[12.7038859,46.10172450000001],[12.702935600000002,46.1015824],[12.7020066,46.1014446]]},"properties":{"type":"road","highway":"unclassified","name":"Via Partidor","shade_pct":70.3,"length_m":192}},{"type":"Feature","geometry":{"type":"LineString","coordinates":[[12.7020066,46.1014446],[12.701328600000002,46.10134219999999],[12.700382300000001,46.1012058],[12.6995411,46.10108079999999],[12.6985891,46.1009415],[12.6978631,46.10083219999999],[12.697626200000002,46.1008004]]},"properties":{"type":"road","highway":"unclassified","name":"Via Partidor","shade_pct":41.9,"length_m":346}},{"type":"Feature","geometry":{"type":"LineString","coordinates":[[12.7020066,46.1014446],[12.702935600000002,46.1015824],[12.7038859,46.10172450000001],[12.7041283,46.10174389999999],[12.7044447,46.1017043]]},"properties":{"type":"road","highway":"unclassified","name":"Via Partidor","shade_pct":70.3,"length_m":192}},{"type":"Feature","geometry":{"type":"LineString","coordinates":[[12.7020066,46.1014446],[12.702485,46.099858799999986],[12.7026669,46.099040499999994],[12.7027646,46.09879810000001],[12.702774100000001,46.09877449999997],[12.7028502,46.0985855],[12.7030421,46.0985555],[12.7042602,46.09848980000001],[12.7048259,46.0984557],[12.7053827,46.098485399999994],[12.7055003,46.09850930000001]]},"properties":{"type":"road","highway":"track","name":"","shade_pct":72.4,"length_m":531}},{"type":"Feature","geometry":{"type":"LineString","coordinates":[[12.6561965,46.11745109999999],[12.656549500000002,46.117248499999995],[12.6572408,46.1168732],[12.657908200000001,46.11655329999999],[12.6582564,46.11637090000003]]},"properties":{"type":"road","highway":"unclassified","name":"Via Montereale","shade_pct":91.7,"length_m":200}},{"type":"Feature","geometry":{"type":"LineString","coordinates":[[12.6845592,46.094592399999996],[12.6848381,46.09465209999999],[12.684951,46.09467529999999],[12.685661900000001,46.09475279999998]]},"properties":{"type":"road","highway":"residential","name":"Via della Madonna","shade_pct":35.7,"length_m":87}},{"type":"Feature","geometry":{"type":"LineString","coordinates":[[12.685661900000001,46.09475279999998],[12.684951,46.09467529999999],[12.6848381,46.09465209999999],[12.6845592,46.094592399999996]]},"properties":{"type":"road","highway":"residential","name":"Via della Madonna","shade_pct":35.7,"length_m":87}},{"type":"Feature","geometry":{"type":"LineString","coordinates":[[12.685661900000001,46.09475279999998],[12.6858977,46.09470639999999],[12.686122899999999,46.0946202]]},"properties":{"type":"road","highway":"residential","name":"Via della Madonna","shade_pct":52.1,"length_m":39}},{"type":"Feature","geometry":{"type":"LineString","coordinates":[[12.686096900000003,46.09479670000001],[12.685661900000001,46.09475279999998]]},"properties":{"type":"road","highway":"residential","name":"Via della Madonna","shade_pct":56.5,"length_m":34}},{"type":"Feature","geometry":{"type":"LineString","coordinates":[[12.6628813,46.11273109999999],[12.664072,46.112031900000005],[12.6650757,46.1114118],[12.6659565,46.1108977],[12.6669901,46.11027679999997],[12.6674683,46.11000059999999],[12.667877000000002,46.10970989999999],[12.6682883,46.109299500000006],[12.669079,46.108544800000004],[12.669373,46.10826849999997]]},"properties":{"type":"road","highway":"unclassified","name":"Via Montereale","shade_pct":38.9,"length_m":710}},{"type":"Feature","geometry":{"type":"LineString","coordinates":[[12.6628813,46.11273109999999],[12.6645994,46.1129605],[12.6648967,46.1130642],[12.6651387,46.1131748],[12.6657472,46.1132301],[12.665975300000001,46.11320249999999],[12.6661482,46.1132163],[12.668777600000002,46.113614699999985]]},"properties":{"type":"road","highway":"track","name":"","shade_pct":31.9,"length_m":470}},{"type":"Feature","geometry":{"type":"LineString","coordinates":[[12.642015900000002,46.13466359999999],[12.6421578,46.13462529999999]]},"properties":{"type":"road","highway":"unclassified","name":"Via Montereale","shade_pct":100.0,"length_m":12}},{"type":"Feature","geometry":{"type":"LineString","coordinates":[[12.642015900000002,46.13466359999999],[12.641338,46.1349978],[12.6403238,46.1355822]]},"properties":{"type":"road","highway":"unclassified","name":["Via Montereale","Via Dalmazia"],"shade_pct":76.1,"length_m":166}},{"type":"Feature","geometry":{"type":"LineString","coordinates":[[12.655883300000001,46.1180244],[12.6565308,46.1211411],[12.6574393,46.12514259999999],[12.6576982,46.1264592]]},"properties":{"type":"road","highway":"primary","name":"Via San Martino","shade_pct":56.0,"length_m":948}},{"type":"Feature","geometry":{"type":"LineString","coordinates":[[12.631004400000002,46.14019749999997],[12.631590900000003,46.14073380000001],[12.6319121,46.14114299999999]]},"properties":{"type":"road","highway":"residential","name":"Via Concordia","shade_pct":20.4,"length_m":127}},{"type":"Feature","geometry":{"type":"LineString","coordinates":[[12.6771295,46.0936183],[12.6770037,46.093615199999995],[12.675706900000002,46.09364710000001],[12.6746687,46.09365770000001],[12.6731381,46.09366129999999],[12.6723565,46.09363030000001]]},"properties":{"type":"road","highway":"residential","name":"Via Pordenone","shade_pct":39.2,"length_m":369}},{"type":"Feature","geometry":{"type":"LineString","coordinates":[[12.6948479,46.1003761],[12.6946534,46.1003447],[12.6939656,46.100253799999976],[12.6932267,46.100144299999975],[12.692644200000002,46.1000648],[12.6918414,46.099932699999975],[12.6911907,46.09983460000001],[12.6903126,46.0996954],[12.6895438,46.099581699999995],[12.6892204,46.0995378]]},"properties":{"type":"road","highway":"unclassified","name":"Via Partidor","shade_pct":52.8,"length_m":445}},{"type":"Feature","geometry":{"type":"LineString","coordinates":[[12.6672075,46.15376159999998],[12.6673915,46.1536367],[12.667881,46.153285200000006],[12.668088,46.153120899999976],[12.6682555,46.15285479999999],[12.6690401,46.1517589]]},"properties":{"type":"road","highway":"unclassified","name":"Via Ponte Giulio","shade_pct":97.2,"length_m":267}},{"type":"Feature","geometry":{"type":"LineString","coordinates":[[12.6767604,46.1399853],[12.6767056,46.14009589999999]]},"properties":{"type":"road","highway":"unclassified","name":"Via Antonio dell'Agnolo - Pellegrin","shade_pct":100.0,"length_m":13}},{"type":"Feature","geometry":{"type":"LineString","coordinates":[[12.6767604,46.1399853],[12.6771398,46.1392999],[12.6778436,46.137935199999994],[12.6781904,46.13734359999999],[12.678814700000002,46.13637460000001],[12.6789969,46.136125]]},"properties":{"type":"road","highway":"unclassified","name":"Via Antonio dell'Agnolo - Pellegrin","shade_pct":99.6,"length_m":463}},{"type":"Feature","geometry":{"type":"LineString","coordinates":[[12.6643098,46.15005240000001],[12.6642408,46.15022319999999],[12.664217800000001,46.150535299999994],[12.664296600000002,46.15124499999999],[12.6643689,46.15197429999997]]},"properties":{"type":"road","highway":"residential","name":"Via della Croce","shade_pct":37.9,"length_m":215}},{"type":"Feature","geometry":{"type":"LineString","coordinates":[[12.6772945,46.10260099999999],[12.6771648,46.10270220000001],[12.6768863,46.10285739999999],[12.6764594,46.10299750000001],[12.675303,46.10329199999998],[12.6746956,46.10346199999999],[12.6743901,46.1035784],[12.6741802,46.10373609999999]]},"properties":{"type":"road","highway":"unclassified","name":"Via Montereale","shade_pct":47.8,"length_m":276}},{"type":"Feature","geometry":{"type":"LineString","coordinates":[[12.654272800000001,46.14631589999999],[12.654079600000001,46.14626189999999],[12.653795300000002,46.1461305],[12.653517600000002,46.1460114],[12.653385300000002,46.145947299999996],[12.653063599999998,46.1457794],[12.6528366,46.1456633],[12.6526228,46.145522799999995],[12.652528000000002,46.14545559999999],[12.652347300000002,46.14531059999999],[12.652085,46.145109],[12.6520145,46.1450357],[12.6519638,46.1449655],[12.6519462,46.14486779999999],[12.651946199999998,46.1448021],[12.6519506,46.14466010000001],[12.6519947,46.14451809999999],[12.652003100000002,46.144394899999995],[12.6519634,46.1441567],[12.6519238,46.1438177],[12.6518885,46.14360090000001],[12.6518488,46.1432619],[12.6517034,46.1429199],[12.6515359,46.142532],[12.6514169,46.142272399999996],[12.6513507,46.14199449999999],[12.6512141,46.1417104],[12.6510069,46.1413806],[12.6508306,46.14118509999999],[12.650694000000001,46.14098969999997],[12.6505221,46.140727000000005],[12.650447100000001,46.140568200000025],[12.6501437,46.1400061],[12.6500004,46.13973609999999],[12.6497573,46.13931069999999],[12.6496653,46.13908609999999],[12.649557800000002,46.1389025],[12.6494319,46.1387026]]},"properties":{"type":"road","highway":"track","name":"","shade_pct":55.4,"length_m":969}},{"type":"Feature","geometry":{"type":"LineString","coordinates":[[12.6956504,46.0987883],[12.6951223,46.0987839],[12.6942774,46.098852],[12.6937916,46.09888939999998],[12.692460700000002,46.09881389999997],[12.6866455,46.0982882],[12.6863037,46.09825609999999],[12.6859762,46.0984197],[12.6856874,46.09903189999998]]},"properties":{"type":"road","highway":"track","name":"","shade_pct":45.3,"length_m":831}},{"type":"Feature","geometry":{"type":"LineString","coordinates":[[12.657613199999998,46.1362081],[12.6576151,46.1357407],[12.6576733,46.135164499999995],[12.6580911,46.13352239999998],[12.658214900000003,46.133036699999984],[12.6582425,46.1328309],[12.6582572,46.1326695],[12.658290100000002,46.1320241]]},"properties":{"type":"road","highway":"tertiary","name":"Via San Martino","shade_pct":29.9,"length_m":469}},{"type":"Feature","geometry":{"type":"LineString","coordinates":[[12.6573205,46.14078129999999],[12.657231500000002,46.14115819999999],[12.657197600000002,46.1413106],[12.6571822,46.1414846],[12.657203400000002,46.14161419999999],[12.657463700000001,46.14246020000001]]},"properties":{"type":"road","highway":"tertiary","name":"Via San Martino","shade_pct":37.1,"length_m":190}},{"type":"Feature","geometry":{"type":"LineString","coordinates":[[12.6691163,46.150604300000005],[12.668922500000003,46.15056489999999]]},"properties":{"type":"road","highway":"track","name":"","shade_pct":100.0,"length_m":16}},{"type":"Feature","geometry":{"type":"LineString","coordinates":[[12.6691163,46.150604300000005],[12.6693561,46.15027250000001],[12.669596,46.15000969999999],[12.669855500000002,46.1496975],[12.6701348,46.14929339999998],[12.6702606,46.1490828]]},"properties":{"type":"road","highway":"unclassified","name":"Via Antonio dell'Agnolo - Pellegrin","shade_pct":81.9,"length_m":191}},{"type":"Feature","geometry":{"type":"LineString","coordinates":[[12.6691163,46.150604300000005],[12.669067000000002,46.1506897],[12.6691722,46.1510643],[12.6692539,46.15116699999999],[12.6692904,46.151300799999994],[12.6692815,46.15137889999999],[12.669244399999998,46.151458499999976],[12.6690999,46.15167539999999],[12.6690401,46.1517589]]},"properties":{"type":"road","highway":"unclassified","name":"Via Ponte Giulio","shade_pct":100.0,"length_m":136}},{"type":"Feature","geometry":{"type":"LineString","coordinates":[[12.6892204,46.0995378],[12.6888434,46.0994866],[12.6879965,46.09936289999999],[12.6876244,46.09931739999998],[12.6869508,46.09920949999999],[12.6863526,46.0991285],[12.6859376,46.099071]]},"properties":{"type":"road","highway":"unclassified","name":"Via Partidor","shade_pct":59.7,"length_m":259}},{"type":"Feature","geometry":{"type":"LineString","coordinates":[[12.6892204,46.0995378],[12.6895438,46.099581699999995],[12.6903126,46.0996954],[12.6911907,46.09983460000001],[12.6918414,46.099932699999975],[12.692644200000002,46.1000648],[12.6932267,46.100144299999975],[12.6939656,46.100253799999976],[12.6946534,46.1003447],[12.6948479,46.1003761]]},"properties":{"type":"road","highway":"unclassified","name":"Via Partidor","shade_pct":52.8,"length_m":445}},{"type":"Feature","geometry":{"type":"LineString","coordinates":[[12.6226512,46.126311300000005],[12.6239522,46.12841639999997]]},"properties":{"type":"road","highway":"secondary","name":"Via Giais","shade_pct":21.1,"length_m":255}},{"type":"Feature","geometry":{"type":"LineString","coordinates":[[12.6723667,46.1464915],[12.673031300000002,46.1454953],[12.673247600000002,46.14508939999999],[12.673423,46.1448201],[12.6740248,46.144210099999995],[12.6741282,46.14409470000002]]},"properties":{"type":"road","highway":"unclassified","name":"Via Antonio dell'Agnolo - Pellegrin","shade_pct":84.8,"length_m":300}},{"type":"Feature","geometry":{"type":"LineString","coordinates":[[12.663787000000001,46.16320579999999],[12.6637936,46.1622629],[12.663833,46.161214900000004],[12.6639217,46.16076480000001],[12.6639195,46.160676299999984],[12.663895200000002,46.16059849999999],[12.6638382,46.16052770000001],[12.6637808,46.1604692],[12.663716000000003,46.1604202],[12.663596800000002,46.160354999999996],[12.6635088,46.1603142],[12.663132300000001,46.160154099999986]]},"properties":{"type":"road","highway":"residential","name":"Via Cellina","shade_pct":76.7,"length_m":369}},{"type":"Feature","geometry":{"type":"LineString","coordinates":[[12.663787000000001,46.16320579999999],[12.6637513,46.16335179999997],[12.663644,46.1635869],[12.663536400000002,46.16382260000001],[12.663544500000002,46.16388899999999],[12.663595599999999,46.1639091]]},"properties":{"type":"road","highway":"residential","name":"Via Cellina","shade_pct":54.9,"length_m":83}},{"type":"Feature","geometry":{"type":"LineString","coordinates":[[12.6723565,46.09363030000001],[12.6731381,46.09366129999999],[12.6746687,46.09365770000001],[12.675706900000002,46.09364710000001],[12.6770037,46.093615199999995],[12.6771295,46.0936183]]},"properties":{"type":"road","highway":"residential","name":"Via Pordenone","shade_pct":39.2,"length_m":369}},{"type":"Feature","geometry":{"type":"LineString","coordinates":[[12.664579200000002,46.14971069999999],[12.6650917,46.149894699999976],[12.6659623,46.15018709999999],[12.6668165,46.15044989999999],[12.667095800000002,46.15050579999998],[12.6673948,46.15044]]},"properties":{"type":"road","highway":"track","name":"","shade_pct":90.5,"length_m":238}},{"type":"Feature","geometry":{"type":"LineString","coordinates":[[12.6474317,46.150213599999994],[12.647221900000002,46.150127199999986],[12.6466889,46.14992269999998],[12.646174200000003,46.149781899999994],[12.6457075,46.14958489999997],[12.6452644,46.149416699999996],[12.6446645,46.149093099999995]]},"properties":{"type":"road","highway":"secondary","name":"Via Malnisio","shade_pct":41.1,"length_m":248}},{"type":"Feature","geometry":{"type":"LineString","coordinates":[[12.6627302,46.1627898],[12.6631324,46.16258309999999],[12.6632497,46.1623136],[12.6633279,46.16197429999999],[12.663399100000001,46.16163629999998],[12.663401900000002,46.161500800000006]]},"properties":{"type":"road","highway":"residential","name":"Via Giuseppe Garibaldi","shade_pct":21.2,"length_m":161}},{"type":"Feature","geometry":{"type":"LineString","coordinates":[[12.657892,46.1634798],[12.6577827,46.16346039999999],[12.6576934,46.163438],[12.6576067,46.163404899999996],[12.6575119,46.163352399999994],[12.657456000000002,46.16330829999998],[12.6573772,46.16323020000001],[12.657032900000003,46.16284069999998],[12.6569205,46.16272529999999],[12.6568425,46.16265840000001],[12.6567759,46.162618999999985],[12.656711000000001,46.16260059999998],[12.6566539,46.16259099999999],[12.6565922,46.16259],[12.6565378,46.1626035],[12.6565058,46.1626254],[12.6564875,46.1626478],[12.6564751,46.162673000000005],[12.656471100000001,46.1627166],[12.656483,46.162770599999995],[12.656518600000002,46.162879299999986],[12.656542,46.1629919]]},"properties":{"type":"road","highway":"primary","name":"Via Aristide Zenari","shade_pct":64.5,"length_m":197}},{"type":"Feature","geometry":{"type":"LineString","coordinates":[[12.6976092,46.0943981],[12.6976922,46.0943289],[12.698093800000002,46.0921789]]},"properties":{"type":"road","highway":"track","name":"Via delle Centrali","shade_pct":20.1,"length_m":251}},{"type":"Feature","geometry":{"type":"LineString","coordinates":[[12.6976092,46.0943981],[12.6977183,46.09441679999999],[12.697953,46.094432600000005],[12.6982936,46.09445399999999],[12.6985846,46.094469799999985],[12.6989213,46.09449209999998],[12.7004635,46.09458790000001],[12.701922600000001,46.094669799999984],[12.7038109,46.0947814],[12.7050877,46.0948334],[12.705806100000002,46.0948546]]},"properties":{"type":"road","highway":"track","name":"","shade_pct":59.5,"length_m":636}},{"type":"Feature","geometry":{"type":"LineString","coordinates":[[12.6735042,46.09750309999999],[12.6732052,46.09788330000001]]},"properties":{"type":"road","highway":"track","name":"Via John Fitzgerald Kennedy","shade_pct":87.8,"length_m":48}},{"type":"Feature","geometry":{"type":"LineString","coordinates":[[12.6735042,46.09750309999999],[12.6725127,46.0973093],[12.6719783,46.0972073],[12.6716192,46.09710329999999],[12.6712235,46.0970625],[12.670801200000001,46.096923800000006],[12.6703361,46.096805399999994],[12.669084000000002,46.09651979999999],[12.6689094,46.09647909999999],[12.668816300000001,46.096385999999995],[12.668560200000002,46.0956934]]},"properties":{"type":"road","highway":"track","name":"Via del Bosco","shade_pct":81.7,"length_m":466}},{"type":"Feature","geometry":{"type":"LineString","coordinates":[[12.6735042,46.09750309999999],[12.6738897,46.097531700000005],[12.6746302,46.0976826],[12.6749016,46.0977336],[12.6751606,46.09782950000001],[12.6754666,46.097974300000004],[12.67574,46.09800489999999],[12.6759379,46.0979886],[12.6762071,46.0979254],[12.676672300000002,46.09779279999998],[12.6769905,46.097705100000006],[12.6772348,46.09764839999999]]},"properties":{"type":"road","highway":"residential","name":"Via John Fitzgerald Kennedy","shade_pct":22.7,"length_m":307}},{"type":"Feature","geometry":{"type":"LineString","coordinates":[[12.629492,46.1430617],[12.6293933,46.1430312],[12.629164500000002,46.14305209999999],[12.628971000000002,46.143062500000006],[12.6287297,46.1431008],[12.628598,46.1430484],[12.6284132,46.143046],[12.6282213,46.1430706],[12.6280329,46.143112499999994],[12.6279387,46.1431088],[12.6276667,46.14310210000001],[12.6273235,46.14305429999999],[12.6271485,46.14297549999999],[12.6269523,46.142907400000006],[12.6266378,46.1428485],[12.626528,46.1428676]]},"properties":{"type":"road","highway":"track","name":"","shade_pct":80.4,"length_m":239}},{"type":"Feature","geometry":{"type":"LineString","coordinates":[[12.6656084,46.15851670000001],[12.6658346,46.1580547],[12.6659016,46.1579436],[12.6665041,46.157686299999995],[12.6666233,46.1576069]]},"properties":{"type":"road","highway":"track","name":"","shade_pct":87.4,"length_m":135}},{"type":"Feature","geometry":{"type":"LineString","coordinates":[[12.6842876,46.128128999999994],[12.6841207,46.1284187],[12.684002299999998,46.128759300000006],[12.683818700000002,46.12913669999998],[12.6833312,46.129830299999995],[12.682313200000001,46.131309300000005],[12.6818257,46.132011099999986],[12.6811831,46.1329352],[12.680928,46.13330950000001]]},"properties":{"type":"road","highway":"unclassified","name":"Via Antonio dell'Agnolo - Pellegrin","shade_pct":46.4,"length_m":633}},{"type":"Feature","geometry":{"type":"LineString","coordinates":[[12.6731309,46.09807020000002],[12.673283900000001,46.098178299999994],[12.6734552,46.0983028]]},"properties":{"type":"road","highway":"track","name":"Via John Fitzgerald Kennedy","shade_pct":93.4,"length_m":36}},{"type":"Feature","geometry":{"type":"LineString","coordinates":[[12.6731309,46.09807020000002],[12.6726794,46.098108],[12.6722181,46.098113100000006],[12.6719007,46.09810800000001],[12.671290600000003,46.098147499999996],[12.670851600000002,46.098140599999994],[12.670496900000002,46.09812000000001],[12.669745400000002,46.0981578],[12.6688674,46.09819399999999],[12.6677365,46.09823869999999],[12.6668485,46.0982671],[12.6663785,46.098291499999995],[12.6654069,46.0983912],[12.664723,46.098468999999994],[12.6639338,46.0985444],[12.6631867,46.0986271],[12.6625413,46.0987001],[12.662457800000002,46.098705499999994],[12.6624156,46.0987124],[12.662397,46.09873559999998],[12.6623784,46.098790699999995],[12.6623797,46.09894549999998],[12.6624142,46.099131199999995],[12.662405500000002,46.0992455],[12.6624614,46.09973419999999],[12.6624859,46.10006010000001],[12.662507,46.10023280000001],[12.6625385,46.1002936],[12.662577100000002,46.10031309999999],[12.6626824,46.10030820000001],[12.6628016,46.100315499999994],[12.662861200000002,46.1003568],[12.6629244,46.10077030000002],[12.6629419,46.1009186],[12.6629945,46.10100129999999],[12.6630857,46.1010767],[12.6631348,46.10129320000001],[12.663155900000001,46.10165069999999],[12.6631669,46.101697999999985]]},"properties":{"type":"road","highway":"track","name":"","shade_pct":61.0,"length_m":1191}},{"type":"Feature","geometry":{"type":"LineString","coordinates":[[12.695715000000002,46.09899810000001],[12.6958155,46.0989967],[12.6960167,46.09901659999999],[12.6961074,46.0990308],[12.6961953,46.0990704],[12.6963172,46.099113],[12.696407900000002,46.099121499999995],[12.696560900000001,46.09911009999998],[12.6966772,46.0990903],[12.6968104,46.09908459999999],[12.6969067,46.09909589999999]]},"properties":{"type":"road","highway":"track","name":"Via Partidor","shade_pct":23.0,"length_m":95}},{"type":"Feature","geometry":{"type":"LineString","coordinates":[[12.6650264,46.1329464],[12.6648156,46.132828099999976],[12.6638704,46.132708300000004],[12.662689800000003,46.132596199999995],[12.6612635,46.13244129999999],[12.6604777,46.13234490000001],[12.660337600000002,46.1323217]]},"properties":{"type":"road","highway":"track","name":"","shade_pct":88.8,"length_m":372}},{"type":"Feature","geometry":{"type":"LineString","coordinates":[[12.6650264,46.1329464],[12.6652222,46.132772200000005],[12.665434,46.1325789],[12.6657049,46.13241529999999],[12.665949000000001,46.13218479999998],[12.6664345,46.131604899999985],[12.6670756,46.13113649999999],[12.6675173,46.1307147]]},"properties":{"type":"road","highway":"track","name":"","shade_pct":92.3,"length_m":316}},{"type":"Feature","geometry":{"type":"LineString","coordinates":[[12.664361,46.1494524],[12.6642301,46.149668000000005],[12.6640131,46.1499835],[12.6633282,46.1509042],[12.6627288,46.15171899999999],[12.6623228,46.1521625],[12.661995300000001,46.15242249999999],[12.6618872,46.1524632]]},"properties":{"type":"road","highway":"primary","name":"","shade_pct":22.0,"length_m":388}},{"type":"Feature","geometry":{"type":"LineString","coordinates":[[12.6342358,46.144882700000004],[12.634538100000002,46.145342299999996],[12.6347405,46.14570079999999],[12.6349499,46.14617359999998],[12.6350306,46.1464499],[12.6350699,46.1469926],[12.635078,46.1470976],[12.6350981,46.1471757],[12.635126300000001,46.14721649999998]]},"properties":{"type":"road","highway":"residential","name":"Via Alessandro Volta","shade_pct":39.9,"length_m":271}},{"type":"Feature","geometry":{"type":"LineString","coordinates":[[12.6342358,46.144882700000004],[12.6341106,46.14493160000001],[12.633659400000003,46.144986700000004],[12.6335319,46.1449939]]},"properties":{"type":"road","highway":"residential","name":"Via Risorgimento","shade_pct":32.6,"length_m":56}},{"type":"Feature","geometry":{"type":"LineString","coordinates":[[12.6776725,46.09663639999999],[12.6775229,46.096823799999996],[12.6773903,46.097050200000005],[12.6772802,46.097488799999994],[12.6772348,46.09764839999999]]},"properties":{"type":"road","highway":"residential","name":"Via del Bosco","shade_pct":27.9,"length_m":119}},{"type":"Feature","geometry":{"type":"LineString","coordinates":[[12.698093800000002,46.0921789],[12.6907235,46.09180299999999],[12.689834000000001,46.09176119999999]]},"properties":{"type":"road","highway":"track","name":"","shade_pct":65.4,"length_m":640}},{"type":"Feature","geometry":{"type":"LineString","coordinates":[[12.698093800000002,46.0921789],[12.6976922,46.0943289],[12.6976092,46.0943981]]},"properties":{"type":"road","highway":"track","name":"Via delle Centrali","shade_pct":20.1,"length_m":251}},{"type":"Feature","geometry":{"type":"LineString","coordinates":[[12.698093800000002,46.0921789],[12.6991735,46.09223399999999],[12.7071766,46.0926479]]},"properties":{"type":"road","highway":"track","name":"Via delle Centrali","shade_pct":46.1,"length_m":704}},{"type":"Feature","geometry":{"type":"LineString","coordinates":[[12.679051,46.0917938],[12.6791961,46.0916578],[12.6793707,46.09150590000001],[12.679595200000001,46.09138569999999],[12.6819682,46.09073279999999],[12.6827068,46.09050329999997]]},"properties":{"type":"road","highway":"track","name":"","shade_pct":74.6,"length_m":322}},{"type":"Feature","geometry":{"type":"LineString","coordinates":[[12.679051,46.0917938],[12.6790396,46.091376600000004],[12.678823500000002,46.090666999999996],[12.6787979,46.090525199999995]]},"properties":{"type":"road","highway":"track","name":"","shade_pct":100.0,"length_m":143}},{"type":"Feature","geometry":{"type":"LineString","coordinates":[[12.6643689,46.15197429999997],[12.6647631,46.1529304],[12.6649762,46.1533512],[12.665029300000002,46.153455999999984],[12.6651541,46.15382069999998],[12.6653052,46.15459939999999]]},"properties":{"type":"road","highway":"residential","name":"Via della Croce","shade_pct":37.8,"length_m":301}},{"type":"Feature","geometry":{"type":"LineString","coordinates":[[12.6643689,46.15197429999997],[12.664296600000002,46.15124499999999],[12.664217800000001,46.150535299999994],[12.6642408,46.15022319999999],[12.6643098,46.15005240000001]]},"properties":{"type":"road","highway":"residential","name":"Via della Croce","shade_pct":37.9,"length_m":215}},{"type":"Feature","geometry":{"type":"LineString","coordinates":[[12.6643689,46.15197429999997],[12.6642787,46.1520128],[12.6640452,46.152063799999986],[12.6637657,46.15208939999999],[12.6635137,46.15210429999999],[12.663375500000003,46.15213620000001],[12.6631236,46.1522256],[12.6629792,46.1522256],[12.6628655,46.1521553],[12.662782600000002,46.15211699999999],[12.6626904,46.152117],[12.662589,46.1521362],[12.6624446,46.152212799999965],[12.662318700000002,46.1523299],[12.6622081,46.1524448],[12.662131300000002,46.152572499999984],[12.662042200000002,46.15270019999998],[12.6620053,46.15272039999999],[12.661897600000001,46.1527501]]},"properties":{"type":"road","highway":"track","name":"","shade_pct":87.4,"length_m":237}},{"type":"Feature","geometry":{"type":"LineString","coordinates":[[12.6789969,46.136125],[12.6775184,46.135604399999984]]},"properties":{"type":"road","highway":"unclassified","name":"Via di Siesto","shade_pct":58.6,"length_m":128}},{"type":"Feature","geometry":{"type":"LineString","coordinates":[[12.6789969,46.136125],[12.6791237,46.13612549999999],[12.6795508,46.1361387],[12.679833300000002,46.136076200000005],[12.6800304,46.1359284],[12.680355700000002,46.1356097],[12.6808748,46.135064299999996],[12.681262500000003,46.1345518],[12.681696100000002,46.1338684],[12.682028,46.13351689999998],[12.6824616,46.1330701],[12.6827376,46.13268240000001]]},"properties":{"type":"road","highway":"unclassified","name":"Via di Siesto","shade_pct":40.8,"length_m":506}},{"type":"Feature","geometry":{"type":"LineString","coordinates":[[12.6789969,46.136125],[12.678814700000002,46.13637460000001],[12.6781904,46.13734359999999],[12.6778436,46.137935199999994],[12.6771398,46.1392999],[12.6767604,46.1399853]]},"properties":{"type":"road","highway":"unclassified","name":"Via Antonio dell'Agnolo - Pellegrin","shade_pct":99.6,"length_m":463}},{"type":"Feature","geometry":{"type":"LineString","coordinates":[[12.6557502,46.117571899999994],[12.655354600000003,46.116376499999994]]},"properties":{"type":"road","highway":"primary","name":"Via San Martino","shade_pct":28.3,"length_m":136}},{"type":"Feature","geometry":{"type":"LineString","coordinates":[[12.642568,46.145908399999996],[12.6430562,46.1463366],[12.6433694,46.1466814],[12.6436661,46.1470741],[12.6437685,46.1472688],[12.6438329,46.1474881],[12.643938600000002,46.1479384],[12.644021,46.1482725],[12.643848,46.14838300000001],[12.6437689,46.14845640000001],[12.6436886,46.14856110000001]]},"properties":{"type":"road","highway":"residential","name":"Via Macor","shade_pct":23.3,"length_m":333}},{"type":"Feature","geometry":{"type":"LineString","coordinates":[[12.6734552,46.0983028],[12.673283900000001,46.098178299999994],[12.6731309,46.09807020000002]]},"properties":{"type":"road","highway":"track","name":"Via John Fitzgerald Kennedy","shade_pct":93.4,"length_m":36}},{"type":"Feature","geometry":{"type":"LineString","coordinates":[[12.6605062,46.1432288],[12.660059300000002,46.14337439999999],[12.6592018,46.1436047],[12.6585144,46.1438173],[12.6576724,46.144044099999995]]},"properties":{"type":"road","highway":"residential","name":"Via Vittorio Veneto","shade_pct":53.9,"length_m":237}},{"type":"Feature","geometry":{"type":"LineString","coordinates":[[12.6605062,46.1432288],[12.66055,46.1434353],[12.6608289,46.14400769999998],[12.661225900000002,46.144698999999996],[12.661655,46.145293699999996],[12.6622344,46.14597010000001]]},"properties":{"type":"road","highway":"unclassified","name":"Via della Croce","shade_pct":49.5,"length_m":335}},{"type":"Feature","geometry":{"type":"LineString","coordinates":[[12.6673948,46.15044],[12.667095800000002,46.15050579999998],[12.6668165,46.15044989999999],[12.6659623,46.15018709999999],[12.6650917,46.149894699999976],[12.664579200000002,46.14971069999999]]},"properties":{"type":"road","highway":"track","name":"","shade_pct":90.5,"length_m":238}},{"type":"Feature","geometry":{"type":"LineString","coordinates":[[12.6673948,46.15044],[12.6676313,46.15042359999999],[12.6679763,46.1504565],[12.668922500000003,46.15056489999999]]},"properties":{"type":"road","highway":"track","name":"","shade_pct":100.0,"length_m":119}},{"type":"Feature","geometry":{"type":"LineString","coordinates":[[12.6673948,46.15044],[12.6674275,46.1504011],[12.6674345,46.150212399999994],[12.6674286,46.149898300000004],[12.667481,46.1494833],[12.6675372,46.14891529999999],[12.6675896,46.1486507],[12.6676121,46.14837579999999],[12.667642,46.148202],[12.667672,46.1480594],[12.6677543,46.147781800000004],[12.667810500000002,46.1475702],[12.6678535,46.1474315],[12.6678968,46.14738079999999]]},"properties":{"type":"road","highway":"track","name":"","shade_pct":98.2,"length_m":344}},{"type":"Feature","geometry":{"type":"LineString","coordinates":[[12.646831400000002,46.1538395],[12.6464387,46.15380570000001],[12.6456966,46.153687699999985]]},"properties":{"type":"road","highway":"residential","name":"Via Montenero","shade_pct":21.2,"length_m":89}},{"type":"Feature","geometry":{"type":"LineString","coordinates":[[12.6653052,46.15459939999999],[12.6651541,46.15382069999998],[12.665029300000002,46.153455999999984],[12.6649762,46.1533512],[12.6647631,46.1529304],[12.6643689,46.15197429999997]]},"properties":{"type":"road","highway":"residential","name":"Via della Croce","shade_pct":37.8,"length_m":301}},{"type":"Feature","geometry":{"type":"LineString","coordinates":[[12.6775184,46.135604399999984],[12.6789969,46.136125]]},"properties":{"type":"road","highway":"unclassified","name":"Via di Siesto","shade_pct":58.6,"length_m":128}},{"type":"Feature","geometry":{"type":"LineString","coordinates":[[12.6775184,46.135604399999984],[12.6757468,46.13500210000001],[12.674652600000002,46.13467399999999]]},"properties":{"type":"road","highway":"unclassified","name":"Via di Siesto","shade_pct":100.0,"length_m":244}},{"type":"Feature","geometry":{"type":"LineString","coordinates":[[12.6775184,46.135604399999984],[12.6777138,46.135364499999994],[12.6779283,46.13499539999997],[12.6779698,46.134949099999986]]},"properties":{"type":"road","highway":"track","name":"","shade_pct":47.2,"length_m":81}},{"type":"Feature","geometry":{"type":"LineString","coordinates":[[12.6911872,46.09528389999999],[12.6908896,46.0953324],[12.690336,46.0953946],[12.686078100000001,46.09490129999999]]},"properties":{"type":"road","highway":"residential","name":"Via delle Centrali","shade_pct":65.9,"length_m":401}},{"type":"Feature","geometry":{"type":"LineString","coordinates":[[12.6911872,46.09528389999999],[12.691381,46.094148999999994],[12.6914709,46.09408669999999]]},"properties":{"type":"road","highway":"residential","name":"Via delle Centrali","shade_pct":72.4,"length_m":137}},{"type":"Feature","geometry":{"type":"LineString","coordinates":[[12.686751300000001,46.09161619999999],[12.6866732,46.0919868],[12.6865651,46.09254370000001],[12.6864705,46.09308240000001],[12.6863352,46.09368620000001],[12.686270299999999,46.0939718]]},"properties":{"type":"road","highway":"unclassified","name":"Via San Foca","shade_pct":22.1,"length_m":264}},{"type":"Feature","geometry":{"type":"LineString","coordinates":[[12.695678,46.0988407],[12.701992300000002,46.09836169999999],[12.7021975,46.0982357]]},"properties":{"type":"road","highway":"track","name":"","shade_pct":66.0,"length_m":512}},{"type":"Feature","geometry":{"type":"LineString","coordinates":[[12.6656795,46.16112379999998],[12.665405700000003,46.16106099999999]]},"properties":{"type":"road","highway":"track","name":"","shade_pct":49.4,"length_m":22}},{"type":"Feature","geometry":{"type":"LineString","coordinates":[[12.6656795,46.16112379999998],[12.6655184,46.16149409999999],[12.6653607,46.161937599999995],[12.6648416,46.163330699999996],[12.664595900000002,46.16394679999999]]},"properties":{"type":"road","highway":"track","name":"","shade_pct":29.0,"length_m":325}},{"type":"Feature","geometry":{"type":"LineString","coordinates":[[12.668922500000003,46.15056489999999],[12.6691163,46.150604300000005]]},"properties":{"type":"road","highway":"track","name":"","shade_pct":100.0,"length_m":16}},{"type":"Feature","geometry":{"type":"LineString","coordinates":[[12.668922500000003,46.15056489999999],[12.6679763,46.1504565],[12.6676313,46.15042359999999],[12.6673948,46.15044]]},"properties":{"type":"road","highway":"track","name":"","shade_pct":100.0,"length_m":119}},{"type":"Feature","geometry":{"type":"LineString","coordinates":[[12.668922500000003,46.15056489999999],[12.668958,46.1502953],[12.669104,46.149927000000005],[12.669186400000001,46.14969359999999],[12.6692051,46.14944460000002],[12.669261300000002,46.1492345],[12.6693361,46.14885850000001],[12.6694297,46.148555],[12.6695533,46.1483216],[12.6696806,46.148077799999996],[12.6697629,46.14785989999999],[12.669864000000002,46.14760569999999],[12.6699722,46.147405200000016]]},"properties":{"type":"road","highway":"track","name":"","shade_pct":99.9,"length_m":362}},{"type":"Feature","geometry":{"type":"LineString","coordinates":[[12.686078100000001,46.09490129999999],[12.6858289,46.0959167],[12.6858144,46.0963218],[12.6857457,46.09659560000001]]},"properties":{"type":"road","highway":"unclassified","name":"Via San Foca","shade_pct":43.4,"length_m":190}},{"type":"Feature","geometry":{"type":"LineString","coordinates":[[12.686078100000001,46.09490129999999],[12.690336,46.0953946],[12.6908896,46.0953324],[12.6911872,46.09528389999999]]},"properties":{"type":"road","highway":"residential","name":"Via delle Centrali","shade_pct":65.9,"length_m":401}},{"type":"Feature","geometry":{"type":"LineString","coordinates":[[12.6914709,46.09408669999999],[12.6931811,46.094177]]},"properties":{"type":"road","highway":"residential","name":"Via delle Centrali","shade_pct":91.2,"length_m":133}},{"type":"Feature","geometry":{"type":"LineString","coordinates":[[12.6914709,46.09408669999999],[12.691381,46.094148999999994],[12.6911872,46.09528389999999]]},"properties":{"type":"road","highway":"residential","name":"Via delle Centrali","shade_pct":72.4,"length_m":137}},{"type":"Feature","geometry":{"type":"LineString","coordinates":[[12.6914709,46.09408669999999],[12.6909095,46.09407829999999],[12.690155800000001,46.0940559],[12.6896864,46.09404480000002],[12.689445,46.09402250000001],[12.6891983,46.094005700000004],[12.6889729,46.0939815],[12.688801300000002,46.0939834],[12.6887602,46.0939963],[12.6886591,46.09402799999999],[12.6881468,46.094225200000004],[12.6879752,46.0942438],[12.6878947,46.09423639999999],[12.6878169,46.094210299999986],[12.687706900000002,46.09415270000001],[12.6875702,46.094102400000004],[12.6872805,46.094068999999976],[12.6868004,46.09401869999999],[12.686270299999999,46.0939718]]},"properties":{"type":"road","highway":"track","name":"","shade_pct":56.0,"length_m":415}},{"type":"Feature","geometry":{"type":"LineString","coordinates":[[12.697626200000002,46.1008004],[12.6978631,46.10083219999999],[12.6985891,46.1009415],[12.6995411,46.10108079999999],[12.700382300000001,46.1012058],[12.701328600000002,46.10134219999999],[12.7020066,46.1014446]]},"properties":{"type":"road","highway":"unclassified","name":"Via Partidor","shade_pct":41.9,"length_m":346}},{"type":"Feature","geometry":{"type":"LineString","coordinates":[[12.6319121,46.14114299999999],[12.631590900000003,46.14073380000001],[12.631004400000002,46.14019749999997]]},"properties":{"type":"road","highway":"residential","name":"Via Concordia","shade_pct":20.4,"length_m":127}},{"type":"Feature","geometry":{"type":"LineString","coordinates":[[12.668560200000002,46.0956934],[12.669247,46.09551880000001],[12.670382,46.0951055],[12.671493700000001,46.09470970000001],[12.6717439,46.09457589999997],[12.671953500000003,46.094378],[12.672139700000002,46.0941568],[12.6724529,46.093676900000006]]},"properties":{"type":"road","highway":"track","name":["Via del Bosco","Via Pordenone"],"shade_pct":24.1,"length_m":391}},{"type":"Feature","geometry":{"type":"LineString","coordinates":[[12.668560200000002,46.0956934],[12.668816300000001,46.096385999999995],[12.6689094,46.09647909999999],[12.669084000000002,46.09651979999999],[12.6703361,46.096805399999994],[12.670801200000001,46.096923800000006],[12.6712235,46.0970625],[12.6716192,46.09710329999999],[12.6719783,46.0972073],[12.6725127,46.0973093],[12.6735042,46.09750309999999]]},"properties":{"type":"road","highway":"track","name":"Via del Bosco","shade_pct":81.7,"length_m":466}},{"type":"Feature","geometry":{"type":"LineString","coordinates":[[12.655951900000002,46.15462119999999],[12.655703,46.154563],[12.6550958,46.1545057],[12.6548304,46.15447249999999]]},"properties":{"type":"road","highway":"secondary","name":"Via Marziano Ciotti","shade_pct":20.8,"length_m":88}},{"type":"Feature","geometry":{"type":"LineString","coordinates":[[12.6827113,46.133283600000006],[12.6827935,46.132827],[12.6827376,46.13268240000001]]},"properties":{"type":"road","highway":"track","name":"","shade_pct":39.4,"length_m":68}},{"type":"Feature","geometry":{"type":"LineString","coordinates":[[12.6827113,46.133283600000006],[12.6828042,46.1331577],[12.6829215,46.1330983],[12.6830478,46.13304509999998],[12.683187700000001,46.132991999999994],[12.6832328,46.1329138],[12.6832873,46.132806499999994],[12.6833336,46.1327192],[12.6833798,46.132631899999986],[12.6834532,46.132583200000006],[12.6835904,46.132501399999995]]},"properties":{"type":"road","highway":"track","name":"","shade_pct":32.4,"length_m":115}},{"type":"Feature","geometry":{"type":"LineString","coordinates":[[12.6578124,46.147502899999985],[12.658781800000002,46.1478113],[12.6589299,46.14781349999999],[12.6593054,46.14769459999999],[12.660305300000001,46.1472167],[12.661861000000002,46.146294999999995],[12.6621185,46.146094299999994],[12.6622344,46.14597010000001]]},"properties":{"type":"road","highway":"unclassified","name":"","shade_pct":40.0,"length_m":424}},{"type":"Feature","geometry":{"type":"LineString","coordinates":[[12.6576724,46.144044099999995],[12.6585144,46.1438173],[12.6592018,46.1436047],[12.660059300000002,46.14337439999999],[12.6605062,46.1432288]]},"properties":{"type":"road","highway":"residential","name":"Via Vittorio Veneto","shade_pct":53.9,"length_m":237}},{"type":"Feature","geometry":{"type":"LineString","coordinates":[[12.6695262,46.153325300000006],[12.6701311,46.1523935],[12.670139700000002,46.1523824]]},"properties":{"type":"road","highway":"track","name":"","shade_pct":31.6,"length_m":115}},{"type":"Feature","geometry":{"type":"LineString","coordinates":[[12.6742798,46.1439184],[12.6741282,46.14409470000002]]},"properties":{"type":"road","highway":"unclassified","name":"Via Antonio dell'Agnolo - Pellegrin","shade_pct":32.7,"length_m":23}},{"type":"Feature","geometry":{"type":"LineString","coordinates":[[12.6742798,46.1439184],[12.674574700000003,46.143923699999995],[12.6747588,46.1438581],[12.6751948,46.14348],[12.6753519,46.143314100000005]]},"properties":{"type":"road","highway":"track","name":"","shade_pct":45.7,"length_m":115}},{"type":"Feature","geometry":{"type":"LineString","coordinates":[[12.6960572,46.096593599999984],[12.6976185,46.09668729999997],[12.698387,46.09670539999998],[12.6988032,46.096736500000006],[12.7033016,46.0969709],[12.7033778,46.09697250000001]]},"properties":{"type":"road","highway":"track","name":"","shade_pct":41.7,"length_m":568}},{"type":"Feature","geometry":{"type":"LineString","coordinates":[[12.664595900000002,46.16394679999999],[12.6648416,46.163330699999996],[12.6653607,46.161937599999995],[12.6655184,46.16149409999999],[12.6656795,46.16112379999998]]},"properties":{"type":"road","highway":"track","name":"","shade_pct":29.0,"length_m":325}},{"type":"Feature","geometry":{"type":"LineString","coordinates":[[12.6767056,46.14009589999999],[12.6767604,46.1399853]]},"properties":{"type":"road","highway":"unclassified","name":"Via Antonio dell'Agnolo - Pellegrin","shade_pct":100.0,"length_m":13}},{"type":"Feature","geometry":{"type":"LineString","coordinates":[[12.6767056,46.14009589999999],[12.6762382,46.141038],[12.676075,46.1412889],[12.6758281,46.14154800000001],[12.6751345,46.1426128],[12.674742600000002,46.1432114]]},"properties":{"type":"road","highway":"unclassified","name":"Via Antonio dell'Agnolo - Pellegrin","shade_pct":81.0,"length_m":379}},{"type":"Feature","geometry":{"type":"LineString","coordinates":[[12.6767056,46.14009589999999],[12.6768469,46.140222400000006],[12.676840300000002,46.14044909999999],[12.6767056,46.14088610000002],[12.6764822,46.14140849999998],[12.676301500000001,46.141766600000004],[12.676225900000002,46.14219039999998],[12.676179,46.142364500000006]]},"properties":{"type":"road","highway":"track","name":"","shade_pct":61.6,"length_m":263}},{"type":"Feature","geometry":{"type":"LineString","coordinates":[[12.6827376,46.13268240000001],[12.6824616,46.1330701],[12.682028,46.13351689999998],[12.681696100000002,46.1338684],[12.681262500000003,46.1345518],[12.6808748,46.135064299999996],[12.680355700000002,46.1356097],[12.6800304,46.1359284],[12.679833300000002,46.136076200000005],[12.6795508,46.1361387],[12.6791237,46.13612549999999],[12.6789969,46.136125]]},"properties":{"type":"road","highway":"unclassified","name":"Via di Siesto","shade_pct":40.8,"length_m":506}},{"type":"Feature","geometry":{"type":"LineString","coordinates":[[12.6827376,46.13268240000001],[12.6827935,46.132827],[12.6827113,46.133283600000006]]},"properties":{"type":"road","highway":"track","name":"","shade_pct":39.4,"length_m":68}},{"type":"Feature","geometry":{"type":"LineString","coordinates":[[12.664464200000001,46.149576],[12.6645384,46.1494532],[12.664726300000002,46.14916509999998],[12.6648801,46.14893229999999],[12.6650795,46.14870339999998],[12.6653016,46.148446899999996],[12.6655123,46.1482259],[12.6657174,46.14806020000004],[12.666081900000002,46.1478353],[12.6665034,46.14763799999999],[12.666890700000002,46.1475275],[12.667243900000003,46.14747619999999],[12.6676711,46.14740519999999],[12.6678968,46.14738079999999]]},"properties":{"type":"road","highway":"track","name":"","shade_pct":24.7,"length_m":384}},{"type":"Feature","geometry":{"type":"LineString","coordinates":[[12.6724529,46.093676900000006],[12.672139700000002,46.0941568],[12.671953500000003,46.094378],[12.6717439,46.09457589999997],[12.671493700000001,46.09470970000001],[12.670382,46.0951055],[12.669247,46.09551880000001],[12.668560200000002,46.0956934]]},"properties":{"type":"road","highway":"track","name":["Via del Bosco","Via Pordenone"],"shade_pct":24.1,"length_m":391}},{"type":"Feature","geometry":{"type":"LineString","coordinates":[[12.6772348,46.09764839999999],[12.6772802,46.097488799999994],[12.6773903,46.097050200000005],[12.6775229,46.096823799999996],[12.6776725,46.09663639999999]]},"properties":{"type":"road","highway":"residential","name":"Via del Bosco","shade_pct":27.9,"length_m":119}},{"type":"Feature","geometry":{"type":"LineString","coordinates":[[12.6772348,46.09764839999999],[12.6769905,46.097705100000006],[12.676672300000002,46.09779279999998],[12.6762071,46.0979254],[12.6759379,46.0979886],[12.67574,46.09800489999999],[12.6754666,46.097974300000004],[12.6751606,46.09782950000001],[12.6749016,46.0977336],[12.6746302,46.0976826],[12.6738897,46.097531700000005],[12.6735042,46.09750309999999]]},"properties":{"type":"road","highway":"residential","name":"Via John Fitzgerald Kennedy","shade_pct":22.7,"length_m":307}},{"type":"Feature","geometry":{"type":"LineString","coordinates":[[12.663401900000002,46.161500800000006],[12.663399100000001,46.16163629999998],[12.6633279,46.16197429999999],[12.6632497,46.1623136],[12.6631324,46.16258309999999],[12.6627302,46.1627898]]},"properties":{"type":"road","highway":"residential","name":"Via Giuseppe Garibaldi","shade_pct":21.2,"length_m":161}},{"type":"Feature","geometry":{"type":"LineString","coordinates":[[12.688811800000002,46.122187399999994],[12.6909075,46.119430400000006],[12.6911314,46.1191615]]},"properties":{"type":"road","highway":"track","name":"Via Antonio dell'Agnolo - Pellegrin","shade_pct":45.8,"length_m":381}},{"type":"Feature","geometry":{"type":"LineString","coordinates":[[12.625492800000002,46.157027199999995],[12.6253706,46.156991099999985],[12.625309300000001,46.156951],[12.6252874,46.1568654],[12.6252483,46.15680979999999],[12.6251947,46.156735499999996],[12.625149100000002,46.15665969999997],[12.6251137,46.1566036],[12.6249118,46.156265399999995],[12.6248217,46.15613270000001],[12.624619800000001,46.155897199999984],[12.624464700000003,46.15573839999999],[12.6243621,46.15560249999999],[12.624356400000002,46.1555749]]},"properties":{"type":"road","highway":"unclassified","name":"Via Chiaranda","shade_pct":100.0,"length_m":187}},{"type":"Feature","geometry":{"type":"LineString","coordinates":[[12.625492800000002,46.157027199999995],[12.6257696,46.15701049999999],[12.6259555,46.1570334],[12.6264551,46.1571495],[12.6267049,46.157213500000005],[12.627217,46.1573147]]},"properties":{"type":"road","highway":"unclassified","name":"Via Chiaranda","shade_pct":100.0,"length_m":138}},{"type":"Feature","geometry":{"type":"LineString","coordinates":[[12.629192600000001,46.159849199999975],[12.6291367,46.1598216],[12.6291356,46.159785199999995],[12.629251900000002,46.159661199999995],[12.62935,46.15951819999999],[12.6294184,46.15940839999999],[12.629485700000002,46.15925669999999],[12.629501700000002,46.15910969999998],[12.6295085,46.15890749999998],[12.6295257,46.158800799999995],[12.629535900000002,46.158675999999986],[12.6295063,46.15857719999999],[12.6294835,46.158536899999994],[12.6292325,46.15835440000001],[12.6290021,46.15824620000001],[12.6289017,46.15819960000001],[12.6286633,46.1580961],[12.6284124,46.1580455],[12.6282584,46.1579981],[12.6281067,46.1579325],[12.628008600000001,46.15784399999999],[12.6279151,46.157758699999995],[12.6278432,46.157682099999995],[12.627617400000002,46.157478999999995],[12.627468,46.157384199999996],[12.6273904,46.157351799999994]]},"properties":{"type":"road","highway":"unclassified","name":"Via Chiaranda","shade_pct":100.0,"length_m":368}},{"type":"Feature","geometry":{"type":"LineString","coordinates":[[12.629192600000001,46.159849199999975],[12.6292348,46.15984679999999],[12.6293546,46.1597307],[12.6294572,46.1596233],[12.6296625,46.1594313],[12.6297504,46.15932779999999],[12.6299386,46.1590963],[12.6300686,46.158950100000006],[12.630169000000002,46.158760499999985],[12.6302408,46.1584927],[12.630243100000001,46.158433399999986],[12.63021,46.1583157],[12.6301507,46.15817029999999],[12.6299694,46.1579791],[12.6298564,46.1578622],[12.6298268,46.157814],[12.629815400000002,46.15775630000001],[12.6298211,46.1577018],[12.629846800000001,46.157675699999984]]},"properties":{"type":"road","highway":"unclassified","name":"Via Chiaranda","shade_pct":100.0,"length_m":275}},{"type":"Feature","geometry":{"type":"LineString","coordinates":[[12.6420996,46.1611372],[12.6420266,46.16118159999998],[12.6419269,46.1611882],[12.6417093,46.161161899999996],[12.6413231,46.16108650000001],[12.6411056,46.16100739999998],[12.640888000000002,46.1608906],[12.6407249,46.16080019999998],[12.6405291,46.160743700000005],[12.6403224,46.160687199999984],[12.6401647,46.16060060000001],[12.639974300000002,46.1604762],[12.6394848,46.160174899999994],[12.6389627,46.159881],[12.638576500000001,46.15966279999998],[12.638417900000002,46.1595608],[12.6380701,46.1593507],[12.637830500000002,46.1592219],[12.6374644,46.15905839999999],[12.637273900000002,46.1589841],[12.6371781,46.158949299999996],[12.6368519,46.15886009999999],[12.6366922,46.15886319999999],[12.636553000000001,46.15887670000001],[12.636499400000002,46.1589501],[12.6364835,46.159037799999986],[12.6365142,46.159191899999996],[12.6365553,46.1592646],[12.6366397,46.1593396],[12.636725300000002,46.1594171],[12.636772,46.15947469999999],[12.6367595,46.15956559999999],[12.6366808,46.159643800000005],[12.636587200000001,46.1596888],[12.636435500000001,46.159726799999994],[12.636140100000002,46.15973619999999]]},"properties":{"type":"road","highway":"unclassified","name":"Via Chiaranda","shade_pct":77.7,"length_m":653}},{"type":"Feature","geometry":{"type":"LineString","coordinates":[[12.6420996,46.1611372],[12.6421092,46.16104819999999],[12.64209,46.16096970000001],[12.6421047,46.16088969999998]]},"properties":{"type":"road","highway":"unclassified","name":"Via Chiaranda","shade_pct":26.0,"length_m":28}},{"type":"Feature","geometry":{"type":"LineString","coordinates":[[12.627217,46.1573147],[12.6267049,46.157213500000005],[12.6264551,46.1571495],[12.6259555,46.1570334],[12.6257696,46.15701049999999],[12.625492800000002,46.157027199999995]]},"properties":{"type":"road","highway":"unclassified","name":"Via Chiaranda","shade_pct":100.0,"length_m":138}},{"type":"Feature","geometry":{"type":"LineString","coordinates":[[12.627217,46.1573147],[12.6273109,46.15733480000001],[12.6273904,46.157351799999994]]},"properties":{"type":"road","highway":"unclassified","name":"Via Chiaranda","shade_pct":100.0,"length_m":14}},{"type":"Feature","geometry":{"type":"LineString","coordinates":[[12.627217,46.1573147],[12.62726,46.157442300000014],[12.6272875,46.1576391],[12.6272875,46.15779159999998],[12.6271958,46.15808369999999],[12.627095,46.15836319999999],[12.6269574,46.15873789999999]]},"properties":{"type":"road","highway":"track","name":"","shade_pct":100.0,"length_m":162}},{"type":"Feature","geometry":{"type":"LineString","coordinates":[[12.624356400000002,46.1555749],[12.624376900000001,46.155535399999984],[12.624419099999999,46.1554998],[12.6246358,46.1554137],[12.6248103,46.155291199999986],[12.6251377,46.1549538],[12.6251388,46.154908],[12.6250898,46.1548954],[12.6250191,46.154900899999994],[12.6247727,46.154955400000006],[12.6244704,46.15495940000001],[12.6242513,46.15492160000002],[12.6241225,46.1548299],[12.6239708,46.154639399999986],[12.6238419,46.15447029999999],[12.623629900000001,46.15421349999999]]},"properties":{"type":"road","highway":"unclassified","name":"Via Chiaranda","shade_pct":95.8,"length_m":261}},{"type":"Feature","geometry":{"type":"LineString","coordinates":[[12.624356400000002,46.1555749],[12.6243621,46.15560249999999],[12.624464700000003,46.15573839999999],[12.624619800000001,46.155897199999984],[12.6248217,46.15613270000001],[12.6249118,46.156265399999995],[12.6251137,46.1566036],[12.625149100000002,46.15665969999997],[12.6251947,46.156735499999996],[12.6252483,46.15680979999999],[12.6252874,46.1568654],[12.625309300000001,46.156951],[12.6253706,46.156991099999985],[12.625492800000002,46.157027199999995]]},"properties":{"type":"road","highway":"unclassified","name":"Via Chiaranda","shade_pct":100.0,"length_m":187}},{"type":"Feature","geometry":{"type":"LineString","coordinates":[[12.623629900000001,46.15421349999999],[12.6238419,46.15447029999999],[12.6239708,46.154639399999986],[12.6241225,46.1548299],[12.6242513,46.15492160000002],[12.6244704,46.15495940000001],[12.6247727,46.154955400000006],[12.6250191,46.154900899999994],[12.6250898,46.1548954],[12.6251388,46.154908],[12.6251377,46.1549538],[12.6248103,46.155291199999986],[12.6246358,46.1554137],[12.624419099999999,46.1554998],[12.624376900000001,46.155535399999984],[12.624356400000002,46.1555749]]},"properties":{"type":"road","highway":"unclassified","name":"Via Chiaranda","shade_pct":95.8,"length_m":261}},{"type":"Feature","geometry":{"type":"LineString","coordinates":[[12.6273904,46.157351799999994],[12.6273109,46.15733480000001],[12.627217,46.1573147]]},"properties":{"type":"road","highway":"unclassified","name":"Via Chiaranda","shade_pct":100.0,"length_m":14}},{"type":"Feature","geometry":{"type":"LineString","coordinates":[[12.6273904,46.157351799999994],[12.627468,46.157384199999996],[12.627617400000002,46.157478999999995],[12.6278432,46.157682099999995],[12.6279151,46.157758699999995],[12.628008600000001,46.15784399999999],[12.6281067,46.1579325],[12.6282584,46.1579981],[12.6284124,46.1580455],[12.6286633,46.1580961],[12.6289017,46.15819960000001],[12.6290021,46.15824620000001],[12.6292325,46.15835440000001],[12.6294835,46.158536899999994],[12.6295063,46.15857719999999],[12.629535900000002,46.158675999999986],[12.6295257,46.158800799999995],[12.6295085,46.15890749999998],[12.629501700000002,46.15910969999998],[12.629485700000002,46.15925669999999],[12.6294184,46.15940839999999],[12.62935,46.15951819999999],[12.629251900000002,46.159661199999995],[12.6291356,46.159785199999995],[12.6291367,46.1598216],[12.629192600000001,46.159849199999975]]},"properties":{"type":"road","highway":"unclassified","name":"Via Chiaranda","shade_pct":100.0,"length_m":368}},{"type":"Feature","geometry":{"type":"LineString","coordinates":[[12.636140100000002,46.15973619999999],[12.635946200000001,46.15972519999999],[12.6356645,46.15970699999998],[12.6352869,46.1596533],[12.6350987,46.1596343],[12.6349573,46.15963829999997],[12.6347908,46.15964139999999],[12.6344896,46.159608999999996],[12.634312800000002,46.159568],[12.6339547,46.1594724],[12.6337346,46.1593989],[12.6335201,46.15929779999999],[12.6334004,46.15921159999999],[12.6333,46.1591405],[12.633200700000002,46.15905839999999],[12.6330411,46.1589264],[12.6328859,46.15878819999999],[12.6326741,46.1585942]]},"properties":{"type":"road","highway":"unclassified","name":"Via Chiaranda","shade_pct":93.6,"length_m":314}},{"type":"Feature","geometry":{"type":"LineString","coordinates":[[12.636140100000002,46.15973619999999],[12.636435500000001,46.159726799999994],[12.636587200000001,46.1596888],[12.6366808,46.159643800000005],[12.6367595,46.15956559999999],[12.636772,46.15947469999999],[12.636725300000002,46.1594171],[12.6366397,46.1593396],[12.6365553,46.1592646],[12.6365142,46.159191899999996],[12.6364835,46.159037799999986],[12.636499400000002,46.1589501],[12.636553000000001,46.15887670000001],[12.6366922,46.15886319999999],[12.6368519,46.15886009999999],[12.6371781,46.158949299999996],[12.637273900000002,46.1589841],[12.6374644,46.15905839999999],[12.637830500000002,46.1592219],[12.6380701,46.1593507],[12.638417900000002,46.1595608],[12.638576500000001,46.15966279999998],[12.6389627,46.159881],[12.6394848,46.160174899999994],[12.639974300000002,46.1604762],[12.6401647,46.16060060000001],[12.6403224,46.160687199999984],[12.6405291,46.160743700000005],[12.6407249,46.16080019999998],[12.640888000000002,46.1608906],[12.6411056,46.16100739999998],[12.6413231,46.16108650000001],[12.6417093,46.161161899999996],[12.6419269,46.1611882],[12.6420266,46.16118159999998],[12.6420996,46.1611372]]},"properties":{"type":"road","highway":"unclassified","name":"Via Chiaranda","shade_pct":77.7,"length_m":653}},{"type":"Feature","geometry":{"type":"LineString","coordinates":[[12.6318112,46.14449359999999],[12.6315678,46.144232900000006]]},"properties":{"type":"road","highway":"residential","name":"Via Risorgimento","shade_pct":100.0,"length_m":35}},{"type":"Feature","geometry":{"type":"LineString","coordinates":[[12.6318112,46.14449359999999],[12.632348,46.1446791],[12.6328215,46.14491259999999],[12.6331924,46.145012900000005],[12.6335319,46.1449939]]},"properties":{"type":"road","highway":"residential","name":"Via Risorgimento","shade_pct":100.0,"length_m":148}},{"type":"Feature","geometry":{"type":"LineString","coordinates":[[12.6318112,46.14449359999999],[12.6319131,46.1446834],[12.632101100000002,46.14484909999999],[12.632322000000002,46.145036999999995],[12.632555500000002,46.145332999999994],[12.632577200000002,46.145382]]},"properties":{"type":"road","highway":"track","name":"","shade_pct":100.0,"length_m":116}},{"type":"Feature","geometry":{"type":"LineString","coordinates":[[12.6236146,46.154187199999996],[12.6234862,46.154012599999994],[12.623398300000002,46.15389379999999],[12.6233395,46.15378389999999],[12.6232897,46.1536954],[12.6232783,46.15364159999997],[12.6232743,46.153600199999985],[12.6232488,46.15357980000001],[12.6232266,46.15357089999999],[12.6231938,46.1535728],[12.6231636,46.153588599999985],[12.6231529,46.15361649999999],[12.623165000000002,46.1536662],[12.6231938,46.153714],[12.6232028,46.1537452],[12.6232025,46.1538343],[12.623187700000003,46.153949499999996],[12.6231462,46.15404710000001],[12.623068400000001,46.154205],[12.623004000000002,46.15432019999998]]},"properties":{"type":"road","highway":"track","name":"","shade_pct":100.0,"length_m":166}},{"type":"Feature","geometry":{"type":"LineString","coordinates":[[12.6269574,46.15873789999999],[12.627095,46.15836319999999],[12.6271958,46.15808369999999],[12.6272875,46.15779159999998],[12.6272875,46.1576391],[12.62726,46.157442300000014],[12.627217,46.1573147]]},"properties":{"type":"road","highway":"track","name":"","shade_pct":100.0,"length_m":162}},{"type":"Feature","geometry":{"type":"LineString","coordinates":[[12.614536400000002,46.1519336],[12.614572,46.15183039999999],[12.614559,46.1517046],[12.6145136,46.15161030000001],[12.614468200000001,46.151529499999995],[12.614422800000002,46.15143510000001],[12.6144164,46.15134079999999],[12.614416400000001,46.151233],[12.6144488,46.151134199999994],[12.614452100000001,46.151038799999995],[12.6144358,46.1509545],[12.6144451,46.1509023]]},"properties":{"type":"road","highway":"track","name":"","shade_pct":100.0,"length_m":117}},{"type":"Feature","geometry":{"type":"LineString","coordinates":[[12.614504500000002,46.151963099999975],[12.6144843,46.151961899999975],[12.614464200000002,46.15197459999999],[12.6144334,46.1520195],[12.6144167,46.1520828],[12.614390400000001,46.1521807],[12.6144034,46.15227509999999],[12.6144488,46.15234689999999],[12.6144942,46.15242779999999],[12.6145201,46.152517599999975],[12.6145266,46.15260739999997],[12.614507800000002,46.1527034],[12.6144923,46.1527905],[12.614461700000001,46.152841],[12.614421,46.15287249999998],[12.6143526,46.15288859999999],[12.6142929,46.15287039999998],[12.614212000000002,46.1528467],[12.614136,46.1528004],[12.6140281,46.152730899999995],[12.6139179,46.15267479999999],[12.613804400000001,46.15260739999999],[12.6136488,46.15252209999999],[12.6135743,46.15249509999998],[12.613447800000001,46.15247719999998],[12.6132857,46.152438999999994],[12.6130745,46.1524045],[12.6128703,46.15235560000003],[12.612777400000002,46.152366099999995],[12.6127534,46.1523805],[12.6126921,46.15241399999999],[12.612678900000002,46.152494299999994],[12.6127013,46.15255789999999],[12.6127409,46.15267159999999],[12.6127851,46.152810900000006],[12.612841600000001,46.1530688],[12.6128496,46.15328619999999]]},"properties":{"type":"road","highway":"track","name":"","shade_pct":100.0,"length_m":359}},{"type":"Feature","geometry":{"type":"LineString","coordinates":[[12.6128496,46.15328619999999],[12.612838400000001,46.15342489999999],[12.6128157,46.15354610000001],[12.612789700000002,46.153640499999995],[12.6127768,46.153746],[12.6127703,46.153835799999996],[12.6127444,46.15395709999999],[12.6127346,46.15407609999999],[12.6127346,46.1541547],[12.6127573,46.15423779999999],[12.612806,46.154334399999996],[12.6128416,46.154437699999995],[12.6128287,46.15452080000001],[12.61278,46.1545881],[12.6127833,46.15466669999999],[12.6128578,46.15482389999999],[12.6129324,46.154934000000004],[12.6129907,46.15503729999998],[12.6130199,46.15512480000001],[12.6130588,46.155250599999995],[12.6130945,46.155358400000004],[12.6131301,46.1554617],[12.613123700000001,46.15555379999997],[12.6131173,46.155732],[12.613149400000001,46.15589719999999],[12.613186,46.156020999999996],[12.613222700000001,46.15616079999999],[12.6132365,46.15632589999999],[12.6132456,46.156478299999996],[12.6132777,46.15668789999998],[12.613319000000002,46.1568467],[12.613341900000002,46.15701190000002],[12.6133511,46.157123],[12.6133493,46.1571728]]},"properties":{"type":"road","highway":"track","name":"","shade_pct":100.0,"length_m":440}},{"type":"Feature","geometry":{"type":"LineString","coordinates":[[12.6128496,46.15328619999999],[12.612841600000001,46.1530688],[12.6127851,46.152810900000006],[12.6127409,46.15267159999999],[12.6127013,46.15255789999999],[12.612678900000002,46.152494299999994],[12.6126921,46.15241399999999],[12.6127534,46.1523805],[12.612777400000002,46.152366099999995],[12.6128703,46.15235560000003],[12.6130745,46.1524045],[12.6132857,46.152438999999994],[12.613447800000001,46.15247719999998],[12.6135743,46.15249509999998],[12.6136488,46.15252209999999],[12.613804400000001,46.15260739999999],[12.6139179,46.15267479999999],[12.6140281,46.152730899999995],[12.614136,46.1528004],[12.614212000000002,46.1528467],[12.6142929,46.15287039999998],[12.6143526,46.15288859999999],[12.614421,46.15287249999998],[12.614461700000001,46.152841],[12.6144923,46.1527905],[12.614507800000002,46.1527034],[12.6145266,46.15260739999997],[12.6145201,46.152517599999975],[12.6144942,46.15242779999999],[12.6144488,46.15234689999999],[12.6144034,46.15227509999999],[12.614390400000001,46.1521807],[12.6144167,46.1520828],[12.6144334,46.1520195],[12.614464200000002,46.15197459999999],[12.6144843,46.151961899999975],[12.614504500000002,46.151963099999975]]},"properties":{"type":"road","highway":"track","name":"","shade_pct":100.0,"length_m":359}},{"type":"Feature","geometry":{"type":"LineString","coordinates":[[12.6134017,46.1595064],[12.6135535,46.159423999999994],[12.613696100000002,46.159298299999996],[12.6137999,46.1592084],[12.6138128,46.159082699999985],[12.6137869,46.1589031],[12.613748,46.158723400000014],[12.613748,46.158570700000006],[12.613735000000002,46.15836409999999],[12.613735,46.1582025],[12.613644300000002,46.158013799999985],[12.613449700000002,46.15771739999998],[12.613359,46.157457],[12.6133493,46.1571728]]},"properties":{"type":"road","highway":"track","name":"","shade_pct":100.0,"length_m":277}},{"type":"Feature","geometry":{"type":"LineString","coordinates":[[12.6354424,46.11738789999998],[12.635794000000002,46.1173124],[12.635897,46.117290999999994],[12.6360052,46.117268],[12.6363293,46.1171717],[12.6370373,46.1168913],[12.6372371,46.11679069999999]]},"properties":{"type":"road","highway":"unclassified","name":"","shade_pct":80.1,"length_m":155}},{"type":"Feature","geometry":{"type":"LineString","coordinates":[[12.6354424,46.11738789999998],[12.635479800000002,46.11745899999998],[12.63565,46.1178017],[12.635862600000001,46.1181567],[12.6359971,46.11835800000001],[12.6362692,46.11871420000001],[12.6365788,46.11906859999999],[12.6366071,46.1191325],[12.6366221,46.119197299999996],[12.636615700000002,46.119251599999984],[12.6365866,46.119311800000006],[12.6364339,46.1197418],[12.6362857,46.12028260000001],[12.636180800000002,46.12054769999999],[12.6360891,46.1210346],[12.6360128,46.121291799999995],[12.635954700000001,46.12151329999999],[12.6358368,46.121721299999976],[12.6357431,46.1219263],[12.635569500000003,46.12236279999998],[12.6351994,46.123239899999994],[12.634847300000002,46.124081099999984],[12.6345387,46.12475629999999],[12.634472000000002,46.12492009999999],[12.6344447,46.12508519999997],[12.6344342,46.12516640000002],[12.634393100000002,46.12524689999999],[12.634316800000002,46.12538559999999],[12.6342684,46.12547079999999],[12.634197,46.1256016],[12.6341281,46.12576769999999],[12.6340032,46.12605549999999],[12.633896,46.1263429],[12.633801700000001,46.12660339999999],[12.633791500000001,46.12675719999999],[12.6337646,46.126891299999976],[12.633715,46.126997599999996],[12.6336538,46.127131899999995],[12.6334616,46.127728900000015],[12.6333375,46.127967899999994],[12.633273800000001,46.128091000000005],[12.6332443,46.1282803],[12.6332228,46.1287544],[12.6332459,46.130066500000005],[12.6332889,46.13067420000001],[12.6333833,46.13116560000001],[12.6334639,46.131581999999995],[12.6335117,46.1318536]]},"properties":{"type":"road","highway":"unclassified","name":"Via Damiano Chiesa","shade_pct":55.1,"length_m":1666}},{"type":"Feature","geometry":{"type":"LineString","coordinates":[[12.6354424,46.11738789999998],[12.635373899999998,46.11739749999999],[12.635290800000002,46.117409499999994],[12.635145,46.1174337],[12.6350345,46.117446],[12.634807800000003,46.11743989999999],[12.634516000000001,46.117429999999985],[12.6343296,46.11744349999997],[12.6341348,46.1174852],[12.633758400000001,46.11756340000001],[12.633612,46.11758]]},"properties":{"type":"road","highway":"unclassified","name":"Via Damiano Chiesa","shade_pct":85.2,"length_m":144}},{"type":"Feature","geometry":{"type":"LineString","coordinates":[[12.627630800000002,46.134241499999995],[12.6259308,46.13472000000001]]},"properties":{"type":"road","highway":"track","name":"","shade_pct":78.5,"length_m":142}},{"type":"Feature","geometry":{"type":"LineString","coordinates":[[12.627630800000002,46.134241499999995],[12.6271169,46.1334806],[12.6265733,46.1326342]]},"properties":{"type":"road","highway":"secondary","name":"Via Giais","shade_pct":95.3,"length_m":196}},{"type":"Feature","geometry":{"type":"LineString","coordinates":[[12.627630800000002,46.134241499999995],[12.628077700000002,46.1348875],[12.628570400000001,46.135555999999994],[12.6288971,46.135867300000015]]},"properties":{"type":"road","highway":"secondary","name":"Via Giais","shade_pct":47.1,"length_m":206}},{"type":"Feature","geometry":{"type":"LineString","coordinates":[[12.6781369,46.07986950000001],[12.6780629,46.07999489999998],[12.6779438,46.08015230000001],[12.6778054,46.0803819],[12.6777185,46.08066579999999],[12.677579,46.081216499999975],[12.6774299,46.0819001],[12.6773333,46.08237629999999],[12.6773655,46.08306840000002],[12.6773548,46.0836117],[12.677483500000001,46.0840582],[12.677590800000003,46.0843558],[12.6777316,46.084475099999985]]},"properties":{"type":"road","highway":"track","name":"","shade_pct":84.3,"length_m":526}},{"type":"Feature","geometry":{"type":"LineString","coordinates":[[12.6781369,46.07986950000001],[12.685378300000002,46.08067330000001],[12.6855071,46.08071049999999]]},"properties":{"type":"road","highway":"track","name":"","shade_pct":31.6,"length_m":578}},{"type":"Feature","geometry":{"type":"LineString","coordinates":[[12.6781369,46.07986950000001],[12.6782262,46.0797312],[12.6783104,46.0794003],[12.6782683,46.078976999999995],[12.6782823,46.0786218]]},"properties":{"type":"road","highway":"track","name":"","shade_pct":29.4,"length_m":141}},{"type":"Feature","geometry":{"type":"LineString","coordinates":[[12.672579400000002,46.08954339999999],[12.67303,46.08948389999999],[12.673384,46.0894839],[12.6737703,46.0895434],[12.6741458,46.089721999999995],[12.6745427,46.0900345],[12.6747788,46.09023539999999],[12.6748861,46.0905405],[12.674929000000002,46.09076369999999],[12.6750685,46.090934799999985],[12.675175700000002,46.0910092],[12.6753259,46.09103899999999],[12.6756049,46.0910688],[12.6760126,46.09107620000001],[12.676291500000001,46.09108359999998],[12.6765061,46.09108359999999]]},"properties":{"type":"road","highway":"track","name":"","shade_pct":100.0,"length_m":401}},{"type":"Feature","geometry":{"type":"LineString","coordinates":[[12.672579400000002,46.08954339999999],[12.672601000000002,46.089476399999995],[12.6725966,46.089372600000004],[12.6726259,46.0892555],[12.6726597,46.08914870000001],[12.6726934,46.0890194],[12.672755,46.0888322],[12.6728225,46.0886693],[12.6728754,46.088551300000006],[12.6729223,46.0884373]]},"properties":{"type":"road","highway":"track","name":"","shade_pct":100.0,"length_m":126}},{"type":"Feature","geometry":{"type":"LineString","coordinates":[[12.6688243,46.0855327],[12.6686633,46.0854806],[12.668362900000002,46.085458299999985],[12.668105400000002,46.0853838],[12.6679348,46.0853232],[12.6661742,46.0849374],[12.66464,46.084490900000006],[12.6640178,46.084342],[12.6636127,46.0842613],[12.663418000000002,46.08426649999999],[12.663304800000002,46.08428029999999]]},"properties":{"type":"road","highway":"track","name":"","shade_pct":53.3,"length_m":452}},{"type":"Feature","geometry":{"type":"LineString","coordinates":[[12.6688243,46.0855327],[12.6688886,46.0857634],[12.668953,46.08614289999999],[12.668951400000001,46.0863907]]},"properties":{"type":"road","highway":"track","name":"","shade_pct":52.5,"length_m":96}},{"type":"Feature","geometry":{"type":"LineString","coordinates":[[12.684584400000002,46.085651699999985],[12.684391300000001,46.085852699999975],[12.6837797,46.086388400000004],[12.6835437,46.086596799999995],[12.683307700000002,46.08725159999999],[12.683168200000003,46.08793620000001],[12.683103800000001,46.08893329999998],[12.6831467,46.089454100000005],[12.6831789,46.08971459999999],[12.683028700000001,46.09006429999999],[12.6829643,46.090242800000006]]},"properties":{"type":"road","highway":"track","name":"","shade_pct":28.8,"length_m":543}},{"type":"Feature","geometry":{"type":"LineString","coordinates":[[12.684584400000002,46.085651699999985],[12.684830000000002,46.08571109999999],[12.6850458,46.08573839999998],[12.6852118,46.08578589999999],[12.685359100000001,46.0858464]]},"properties":{"type":"road","highway":"track","name":"","shade_pct":23.4,"length_m":64}},{"type":"Feature","geometry":{"type":"LineString","coordinates":[[12.6827068,46.09050329999997],[12.6828678,46.0903842],[12.6829643,46.090242800000006]]},"properties":{"type":"road","highway":"track","name":"","shade_pct":100.0,"length_m":36}},{"type":"Feature","geometry":{"type":"LineString","coordinates":[[12.6827068,46.09050329999997],[12.6819682,46.09073279999999],[12.679595200000001,46.09138569999999],[12.6793707,46.09150590000001],[12.6791961,46.0916578],[12.679051,46.0917938]]},"properties":{"type":"road","highway":"track","name":"","shade_pct":74.6,"length_m":322}},{"type":"Feature","geometry":{"type":"LineString","coordinates":[[12.663304800000002,46.08428029999999],[12.663418000000002,46.08426649999999],[12.6636127,46.0842613],[12.6640178,46.084342],[12.66464,46.084490900000006],[12.6661742,46.0849374],[12.6679348,46.0853232],[12.668105400000002,46.0853838],[12.668362900000002,46.085458299999985],[12.6686633,46.0854806],[12.6688243,46.0855327]]},"properties":{"type":"road","highway":"track","name":"","shade_pct":53.3,"length_m":452}},{"type":"Feature","geometry":{"type":"LineString","coordinates":[[12.6855071,46.08071049999999],[12.685378300000002,46.08067330000001],[12.6781369,46.07986950000001]]},"properties":{"type":"road","highway":"track","name":"","shade_pct":31.6,"length_m":578}},{"type":"Feature","geometry":{"type":"LineString","coordinates":[[12.6829643,46.090242800000006],[12.683028700000001,46.09006429999999],[12.6831789,46.08971459999999],[12.6831467,46.089454100000005],[12.683103800000001,46.08893329999998],[12.683168200000003,46.08793620000001],[12.683307700000002,46.08725159999999],[12.6835437,46.086596799999995],[12.6837797,46.086388400000004],[12.684391300000001,46.085852699999975],[12.684584400000002,46.085651699999985]]},"properties":{"type":"road","highway":"track","name":"","shade_pct":28.8,"length_m":543}},{"type":"Feature","geometry":{"type":"LineString","coordinates":[[12.6829643,46.090242800000006],[12.6828678,46.0903842],[12.6827068,46.09050329999997]]},"properties":{"type":"road","highway":"track","name":"","shade_pct":100.0,"length_m":36}},{"type":"Feature","geometry":{"type":"LineString","coordinates":[[12.6829643,46.090242800000006],[12.6838334,46.09010889999999],[12.684208900000002,46.0900568],[12.6846273,46.090004699999994],[12.685356900000002,46.089833600000006],[12.686698,46.0895137],[12.6871704,46.0895368]]},"properties":{"type":"road","highway":"track","name":"","shade_pct":29.4,"length_m":337}},{"type":"Feature","geometry":{"type":"LineString","coordinates":[[12.6871704,46.0895368],[12.686698,46.0895137],[12.685356900000002,46.089833600000006],[12.6846273,46.090004699999994],[12.684208900000002,46.0900568],[12.6838334,46.09010889999999],[12.6829643,46.090242800000006]]},"properties":{"type":"road","highway":"track","name":"","shade_pct":29.4,"length_m":337}},{"type":"Feature","geometry":{"type":"LineString","coordinates":[[12.6765061,46.09108359999999],[12.676291500000001,46.09108359999998],[12.6760126,46.09107620000001],[12.6756049,46.0910688],[12.6753259,46.09103899999999],[12.675175700000002,46.0910092],[12.6750685,46.090934799999985],[12.674929000000002,46.09076369999999],[12.6748861,46.0905405],[12.6747788,46.09023539999999],[12.6745427,46.0900345],[12.6741458,46.089721999999995],[12.6737703,46.0895434],[12.673384,46.0894839],[12.67303,46.08948389999999],[12.672579400000002,46.08954339999999]]},"properties":{"type":"road","highway":"track","name":"","shade_pct":100.0,"length_m":401}},{"type":"Feature","geometry":{"type":"LineString","coordinates":[[12.6765061,46.09108359999999],[12.6765822,46.09105009999999],[12.6765822,46.091013399999994],[12.676582200000002,46.09097069999999],[12.6766174,46.090911699999985],[12.676696700000003,46.09088319999999],[12.6768786,46.09084859999999],[12.6771105,46.090805799999984],[12.6772572,46.090781400000026],[12.6773687,46.090765099999984],[12.677474400000001,46.090765099999984],[12.6776064,46.09077729999999],[12.677764900000001,46.09076919999998],[12.6779792,46.090728500000004],[12.6781904,46.0906817],[12.678451600000002,46.090606399999984],[12.6786228,46.090553199999995],[12.6787979,46.090525199999995]]},"properties":{"type":"road","highway":"track","name":"","shade_pct":100.0,"length_m":199}},{"type":"Feature","geometry":{"type":"LineString","coordinates":[[12.683039400000002,46.109770899999994],[12.681504200000001,46.109562299999986]]},"properties":{"type":"road","highway":"track","name":"","shade_pct":42.3,"length_m":121}},{"type":"Feature","geometry":{"type":"LineString","coordinates":[[12.683039400000002,46.109770899999994],[12.6857002,46.11011299999999],[12.6881035,46.1104477],[12.6887123,46.11051279999999],[12.6888812,46.110514699999975]]},"properties":{"type":"road","highway":"track","name":"","shade_pct":42.8,"length_m":459}},{"type":"Feature","geometry":{"type":"LineString","coordinates":[[12.6970393,46.1118591],[12.6960026,46.111559699999994],[12.6951324,46.1114437],[12.6948253,46.111383700000005],[12.6945622,46.1112864],[12.6936368,46.111035300000005],[12.692815000000001,46.110871],[12.692223300000002,46.11075269999999],[12.6913006,46.1105147],[12.6907658,46.1104172],[12.689466,46.110157699999995],[12.689294400000001,46.1101577],[12.6891817,46.11017810000001],[12.6891066,46.110228299999996],[12.6890315,46.1103771],[12.6889928,46.1104503],[12.6888812,46.110514699999975]]},"properties":{"type":"road","highway":"track","name":"","shade_pct":46.9,"length_m":685}},{"type":"Feature","geometry":{"type":"LineString","coordinates":[[12.6970393,46.1118591],[12.6986414,46.10988329999999],[12.6997694,46.10831059999998]]},"properties":{"type":"road","highway":"track","name":"Via Antonio dell'Agnolo - Pellegrin","shade_pct":25.3,"length_m":447}},{"type":"Feature","geometry":{"type":"LineString","coordinates":[[12.6888812,46.110514699999975],[12.6887123,46.11051279999999],[12.6881035,46.1104477],[12.6857002,46.11011299999999],[12.683039400000002,46.109770899999994]]},"properties":{"type":"road","highway":"track","name":"","shade_pct":42.8,"length_m":459}},{"type":"Feature","geometry":{"type":"LineString","coordinates":[[12.6888812,46.110514699999975],[12.6889928,46.1104503],[12.6890315,46.1103771],[12.6891066,46.110228299999996],[12.6891817,46.11017810000001],[12.689294400000001,46.1101577],[12.689466,46.110157699999995],[12.6907658,46.1104172],[12.6913006,46.1105147],[12.692223300000002,46.11075269999999],[12.692815000000001,46.110871],[12.6936368,46.111035300000005],[12.6945622,46.1112864],[12.6948253,46.111383700000005],[12.6951324,46.1114437],[12.6960026,46.111559699999994],[12.6970393,46.1118591]]},"properties":{"type":"road","highway":"track","name":"","shade_pct":46.9,"length_m":685}},{"type":"Feature","geometry":{"type":"LineString","coordinates":[[12.6888812,46.110514699999975],[12.6889692,46.11023529999999],[12.6907325,46.1062305]]},"properties":{"type":"road","highway":"track","name":"","shade_pct":70.2,"length_m":497}},{"type":"Feature","geometry":{"type":"LineString","coordinates":[[12.6888812,46.110514699999975],[12.6889755,46.110605099999994],[12.6889426,46.11152440000001],[12.688961700000002,46.1116809],[12.6895056,46.11176529999999],[12.689578,46.111888900000004],[12.6890928,46.11296229999999],[12.688968,46.11303029999999]]},"properties":{"type":"road","highway":"track","name":"","shade_pct":51.6,"length_m":327}},{"type":"Feature","geometry":{"type":"LineString","coordinates":[[12.714949900000002,46.085917199999976],[12.7138427,46.08638320000001],[12.7126756,46.0868294]]},"properties":{"type":"road","highway":"track","name":"","shade_pct":65.8,"length_m":203}},{"type":"Feature","geometry":{"type":"LineString","coordinates":[[12.711896,46.087102200000004],[12.7121574,46.086997799999985],[12.7126756,46.0868294]]},"properties":{"type":"road","highway":"track","name":"","shade_pct":24.4,"length_m":68}},{"type":"Feature","geometry":{"type":"LineString","coordinates":[[12.711896,46.087102200000004],[12.7114498,46.087281000000004],[12.7093566,46.08745179999999],[12.708658900000001,46.08749769999999]]},"properties":{"type":"road","highway":"track","name":"","shade_pct":95.3,"length_m":257}},{"type":"Feature","geometry":{"type":"LineString","coordinates":[[12.6259308,46.13472000000001],[12.627630800000002,46.134241499999995]]},"properties":{"type":"road","highway":"track","name":"","shade_pct":78.5,"length_m":142}},{"type":"Feature","geometry":{"type":"LineString","coordinates":[[12.6518466,46.1023834],[12.651692400000002,46.10141439999999]]},"properties":{"type":"road","highway":"primary","name":"Via San Martino","shade_pct":46.7,"length_m":108}},{"type":"Feature","geometry":{"type":"LineString","coordinates":[[12.6518466,46.1023834],[12.6534454,46.10194750000001],[12.6538574,46.101172399999996],[12.654222100000002,46.101112799999996]]},"properties":{"type":"road","highway":"residential","name":"","shade_pct":28.8,"length_m":254}},{"type":"Feature","geometry":{"type":"LineString","coordinates":[[12.654222100000002,46.101112799999996],[12.6538574,46.101172399999996],[12.6534454,46.10194750000001],[12.6518466,46.1023834]]},"properties":{"type":"road","highway":"residential","name":"","shade_pct":28.8,"length_m":254}},{"type":"Feature","geometry":{"type":"LineString","coordinates":[[12.6618872,46.1524632],[12.661995300000001,46.15242249999999],[12.6623228,46.1521625],[12.6627288,46.15171899999999],[12.6633282,46.1509042],[12.6640131,46.1499835],[12.6642301,46.149668000000005],[12.664361,46.1494524]]},"properties":{"type":"road","highway":"primary","name":"","shade_pct":22.0,"length_m":388}},{"type":"Feature","geometry":{"type":"LineString","coordinates":[[12.6587592,46.102742199999994],[12.658880700000001,46.102959599999984]]},"properties":{"type":"road","highway":"track","name":"","shade_pct":100.0,"length_m":26}},{"type":"Feature","geometry":{"type":"LineString","coordinates":[[12.6587592,46.102742199999994],[12.6589856,46.1026745],[12.6627836,46.102414199999984],[12.6630518,46.10239189999999],[12.6631822,46.1023375]]},"properties":{"type":"road","highway":"track","name":"","shade_pct":88.3,"length_m":347}},{"type":"Feature","geometry":{"type":"LineString","coordinates":[[12.6587592,46.102742199999994],[12.658735100000001,46.102659],[12.658646600000003,46.102458999999996],[12.658177400000001,46.10145059999998],[12.657657600000002,46.100420699999994],[12.657343400000002,46.09976310000001],[12.657172,46.09951749999999],[12.6570806,46.099398699999995],[12.65694,46.09914229999999]]},"properties":{"type":"road","highway":"track","name":"","shade_pct":73.2,"length_m":425}},{"type":"Feature","geometry":{"type":"LineString","coordinates":[[12.659071,46.1033001],[12.658880700000001,46.102959599999984]]},"properties":{"type":"road","highway":"track","name":"","shade_pct":65.6,"length_m":41}},{"type":"Feature","geometry":{"type":"LineString","coordinates":[[12.659071,46.1033001],[12.6586095,46.10349409999999],[12.6580345,46.1036719],[12.6576255,46.103861599999995],[12.6572284,46.104063099999976],[12.6568764,46.1041745]]},"properties":{"type":"road","highway":"track","name":"","shade_pct":35.5,"length_m":196}},{"type":"Feature","geometry":{"type":"LineString","coordinates":[[12.659071,46.1033001],[12.6605088,46.105363999999994],[12.6607233,46.10567129999998],[12.6609088,46.106361199999995],[12.6610226,46.10722479999999],[12.661029499999998,46.107688],[12.6610019,46.107929999999996],[12.6610157,46.10841400000001],[12.661105600000003,46.10914689999999],[12.6611471,46.1104537],[12.6612024,46.112645499999985],[12.661165000000002,46.113782199999996]]},"properties":{"type":"road","highway":"track","name":"","shade_pct":40.0,"length_m":1197}},{"type":"Feature","geometry":{"type":"LineString","coordinates":[[12.638731200000002,46.104002799999996],[12.6386039,46.104244799999975],[12.6384071,46.10455720000001],[12.6380997,46.10498869999999],[12.637800300000002,46.105372999999986],[12.637569900000003,46.1058786],[12.6375096,46.1064169],[12.6375176,46.1067892],[12.637522200000001,46.1068065]]},"properties":{"type":"road","highway":"track","name":"","shade_pct":52.1,"length_m":331}},{"type":"Feature","geometry":{"type":"LineString","coordinates":[[12.653106200000002,46.106198899999995],[12.652722200000001,46.10650709999999]]},"properties":{"type":"road","highway":"unclassified","name":"","shade_pct":26.7,"length_m":45}},{"type":"Feature","geometry":{"type":"LineString","coordinates":[[12.653106200000002,46.106198899999995],[12.6531331,46.1063848],[12.6531372,46.106417]]},"properties":{"type":"road","highway":"primary","name":"Via San Martino","shade_pct":20.3,"length_m":24}},{"type":"Feature","geometry":{"type":"LineString","coordinates":[[12.652722200000001,46.10650709999999],[12.653106200000002,46.106198899999995]]},"properties":{"type":"road","highway":"unclassified","name":"","shade_pct":26.7,"length_m":45}},{"type":"Feature","geometry":{"type":"LineString","coordinates":[[12.652722200000001,46.10650709999999],[12.6516964,46.107201400000015],[12.6503649,46.1080374],[12.6487203,46.1091067],[12.6482186,46.10942969999999],[12.6477444,46.109587799999986],[12.647229,46.109752699999994],[12.646823500000002,46.10987639999999],[12.646466100000001,46.1100826],[12.6462948,46.11019829999999]]},"properties":{"type":"road","highway":"unclassified","name":"","shade_pct":41.7,"length_m":649}},{"type":"Feature","geometry":{"type":"LineString","coordinates":[[12.643031200000001,46.1120814],[12.6426725,46.112224],[12.6421869,46.11243539999998],[12.6415574,46.112826600000005],[12.6409787,46.1131763],[12.6409323,46.1132043],[12.6402263,46.113811299999995],[12.639821600000001,46.114238499999985],[12.6396988,46.11433019999998],[12.6396836,46.11434160000001],[12.6394304,46.11453079999998],[12.6392551,46.11469720000002],[12.6390527,46.1149625],[12.638913400000002,46.11526740000001],[12.638779,46.11551039999999],[12.6386062,46.11578329999998],[12.6384285,46.116012999999995],[12.638241300000002,46.1162493],[12.638039600000003,46.11637579999999],[12.6373844,46.1167207],[12.6372371,46.11679069999999]]},"properties":{"type":"road","highway":"unclassified","name":"","shade_pct":92.5,"length_m":705}},{"type":"Feature","geometry":{"type":"LineString","coordinates":[[12.643031200000001,46.1120814],[12.6431861,46.11200229999999],[12.6436545,46.111835600000006],[12.645174600000002,46.1110317],[12.6454155,46.11089649999999],[12.6455933,46.11074919999999],[12.646191200000002,46.110268199999986],[12.6462948,46.11019829999999]]},"properties":{"type":"road","highway":"unclassified","name":"","shade_pct":21.4,"length_m":330}},{"type":"Feature","geometry":{"type":"LineString","coordinates":[[12.643031200000001,46.1120814],[12.6432173,46.1123228],[12.6433965,46.112641799999984],[12.6435499,46.112888],[12.6436433,46.1131922],[12.6438933,46.113669],[12.6439437,46.11382439999999],[12.6440499,46.11395050000001],[12.644125,46.1140918],[12.6442441,46.1143748],[12.644340600000001,46.114843299999976],[12.6443621,46.11516319999999],[12.6445123,46.11533419999998],[12.644684,46.1155127],[12.6449415,46.11581019999999],[12.644986700000002,46.116136]]},"properties":{"type":"road","highway":"track","name":"","shade_pct":40.2,"length_m":482}},{"type":"Feature","geometry":{"type":"LineString","coordinates":[[12.661165000000002,46.113782199999996],[12.66139,46.113633799999995]]},"properties":{"type":"road","highway":"unclassified","name":"Via Montereale","shade_pct":74.1,"length_m":24}},{"type":"Feature","geometry":{"type":"LineString","coordinates":[[12.661165000000002,46.113782199999996],[12.661086900000003,46.11383369999999],[12.6604857,46.11436269999999],[12.6598423,46.1150483],[12.6590952,46.1157954],[12.6587026,46.11613729999998],[12.6582564,46.11637090000003]]},"properties":{"type":"road","highway":"unclassified","name":"Via Montereale","shade_pct":76.7,"length_m":367}},{"type":"Feature","geometry":{"type":"LineString","coordinates":[[12.661165000000002,46.113782199999996],[12.6612024,46.112645499999985],[12.6611471,46.1104537],[12.661105600000003,46.10914689999999],[12.6610157,46.10841400000001],[12.6610019,46.107929999999996],[12.661029499999998,46.107688],[12.6610226,46.10722479999999],[12.6609088,46.106361199999995],[12.6607233,46.10567129999998],[12.6605088,46.105363999999994],[12.659071,46.1033001]]},"properties":{"type":"road","highway":"track","name":"","shade_pct":40.0,"length_m":1197}},{"type":"Feature","geometry":{"type":"LineString","coordinates":[[12.6810948,46.1154018],[12.681035200000002,46.11516339999999]]},"properties":{"type":"road","highway":"tertiary","name":"Via Maniago","shade_pct":77.5,"length_m":27}},{"type":"Feature","geometry":{"type":"LineString","coordinates":[[12.6810948,46.1154018],[12.6811937,46.11579759999999],[12.6813135,46.1162795],[12.681468600000002,46.116882],[12.681648,46.1175799],[12.681825400000001,46.118287499999994],[12.681983100000002,46.11892550000002],[12.682166100000002,46.119658399999985],[12.6822075,46.11982009999999]]},"properties":{"type":"road","highway":"tertiary","name":"Via Maniago","shade_pct":84.1,"length_m":499}},{"type":"Feature","geometry":{"type":"LineString","coordinates":[[12.6810948,46.1154018],[12.6809586,46.115422],[12.680599,46.11541509999997],[12.6797486,46.1152768],[12.668777600000002,46.113614699999985]]},"properties":{"type":"road","highway":"track","name":"","shade_pct":89.0,"length_m":974}},{"type":"Feature","geometry":{"type":"LineString","coordinates":[[12.6670815,46.11674390000001],[12.6614299,46.1159071]]},"properties":{"type":"road","highway":"track","name":"","shade_pct":100.0,"length_m":447}},{"type":"Feature","geometry":{"type":"LineString","coordinates":[[12.6670815,46.11674390000001],[12.667782,46.11683980000001]]},"properties":{"type":"road","highway":"track","name":"","shade_pct":99.9,"length_m":55}},{"type":"Feature","geometry":{"type":"LineString","coordinates":[[12.6670815,46.11674390000001],[12.6673913,46.11757369999999],[12.6675738,46.118093599999995],[12.6685141,46.120228700000006],[12.6687354,46.1207542],[12.6708484,46.12536189999998],[12.6713075,46.12637970000001],[12.6712798,46.126589900000006],[12.6716083,46.1272714]]},"properties":{"type":"road","highway":"track","name":"","shade_pct":95.9,"length_m":1223}},{"type":"Feature","geometry":{"type":"LineString","coordinates":[[12.6372371,46.11679069999999],[12.6373844,46.1167207],[12.638039600000003,46.11637579999999],[12.638241300000002,46.1162493],[12.6384285,46.116012999999995],[12.6386062,46.11578329999998],[12.638779,46.11551039999999],[12.638913400000002,46.11526740000001],[12.6390527,46.1149625],[12.6392551,46.11469720000002],[12.6394304,46.11453079999998],[12.6396836,46.11434160000001],[12.6396988,46.11433019999998],[12.639821600000001,46.114238499999985],[12.6402263,46.113811299999995],[12.6409323,46.1132043],[12.6409787,46.1131763],[12.6415574,46.112826600000005],[12.6421869,46.11243539999998],[12.6426725,46.112224],[12.643031200000001,46.1120814]]},"properties":{"type":"road","highway":"unclassified","name":"","shade_pct":92.5,"length_m":705}},{"type":"Feature","geometry":{"type":"LineString","coordinates":[[12.6372371,46.11679069999999],[12.6370373,46.1168913],[12.6363293,46.1171717],[12.6360052,46.117268],[12.635897,46.117290999999994],[12.635794000000002,46.1173124],[12.6354424,46.11738789999998]]},"properties":{"type":"road","highway":"unclassified","name":"","shade_pct":80.1,"length_m":155}},{"type":"Feature","geometry":{"type":"LineString","coordinates":[[12.6372371,46.11679069999999],[12.637377600000002,46.11689599999999],[12.637473700000001,46.117044299999975],[12.6376634,46.117240399999986]]},"properties":{"type":"road","highway":"track","name":"","shade_pct":100.0,"length_m":60}},{"type":"Feature","geometry":{"type":"LineString","coordinates":[[12.6372371,46.11679069999999],[12.6370331,46.11663109999999],[12.6368319,46.1164432],[12.6366337,46.116192600000005],[12.6362788,46.115723599999995],[12.636117900000002,46.11540639999999],[12.6358466,46.115103],[12.6356352,46.114854799999996],[12.6355111,46.1145238],[12.6354375,46.1140411],[12.6352214,46.1137607],[12.635053200000002,46.11359639999999]]},"properties":{"type":"road","highway":"track","name":"","shade_pct":97.7,"length_m":399}},{"type":"Feature","geometry":{"type":"LineString","coordinates":[[12.6716083,46.1272714],[12.6712798,46.126589900000006],[12.6713075,46.12637970000001],[12.6708484,46.12536189999998],[12.6687354,46.1207542],[12.6685141,46.120228700000006],[12.6675738,46.118093599999995],[12.6673913,46.11757369999999],[12.6670815,46.11674390000001]]},"properties":{"type":"road","highway":"track","name":"","shade_pct":95.9,"length_m":1223}},{"type":"Feature","geometry":{"type":"LineString","coordinates":[[12.6716083,46.1272714],[12.6707985,46.127887199999996],[12.6700179,46.128504400000004],[12.6696183,46.12886869999999],[12.669478500000002,46.128992999999994]]},"properties":{"type":"road","highway":"track","name":"","shade_pct":98.7,"length_m":253}},{"type":"Feature","geometry":{"type":"LineString","coordinates":[[12.6716083,46.1272714],[12.671959900000001,46.126987500000006],[12.6725258,46.126504199999985],[12.672965700000002,46.12623649999998],[12.6739769,46.12553009999999],[12.675446700000002,46.1246972],[12.6762621,46.1241916],[12.6769246,46.12381229999997]]},"properties":{"type":"road","highway":"track","name":"","shade_pct":33.8,"length_m":564}},{"type":"Feature","geometry":{"type":"LineString","coordinates":[[12.6914455,46.0763245],[12.6915715,46.076450499999986],[12.6915995,46.07654849999999]]},"properties":{"type":"road","highway":"track","name":"","shade_pct":53.5,"length_m":28}},{"type":"Feature","geometry":{"type":"LineString","coordinates":[[12.6914455,46.0763245],[12.6908713,46.07613539999999],[12.6903531,46.0759113],[12.689982,46.07565919999998],[12.689764900000002,46.075449199999994],[12.6894218,46.0753091],[12.6892141,46.07532269999998]]},"properties":{"type":"road","highway":"track","name":"","shade_pct":59.6,"length_m":212}},{"type":"Feature","geometry":{"type":"LineString","coordinates":[[12.6914455,46.0763245],[12.6915973,46.075817399999984],[12.6917526,46.0753127],[12.6918752,46.0746095]]},"properties":{"type":"road","highway":"track","name":"","shade_pct":46.1,"length_m":194}},{"type":"Feature","geometry":{"type":"LineString","coordinates":[[12.6915995,46.07654849999999],[12.6915715,46.076450499999986],[12.6914455,46.0763245]]},"properties":{"type":"road","highway":"track","name":"","shade_pct":53.5,"length_m":28}},{"type":"Feature","geometry":{"type":"LineString","coordinates":[[12.688127,46.0849013],[12.708026600000002,46.08594380000002]]},"properties":{"type":"road","highway":"track","name":"","shade_pct":50.8,"length_m":1543}},{"type":"Feature","geometry":{"type":"LineString","coordinates":[[12.688127,46.0849013],[12.687947600000001,46.084898099999975],[12.6875386,46.08487049999998],[12.686915100000002,46.08480719999999],[12.6866649,46.084782399999995],[12.6860692,46.084686],[12.6857833,46.084661199999985],[12.6857118,46.0846915],[12.6856959,46.08478509999999],[12.685688,46.08500819999998],[12.6856761,46.0851845],[12.6856364,46.08530850000001],[12.6855569,46.085377299999976],[12.685469600000001,46.0854049],[12.6853822,46.085407599999996],[12.685267,46.08539659999999],[12.684754800000002,46.085325],[12.6845711,46.08532559999999]]},"properties":{"type":"road","highway":"track","name":"","shade_pct":38.3,"length_m":347}},{"type":"Feature","geometry":{"type":"LineString","coordinates":[[12.708026600000002,46.08594380000002],[12.688127,46.0849013]]},"properties":{"type":"road","highway":"track","name":"","shade_pct":50.8,"length_m":1543}},{"type":"Feature","geometry":{"type":"LineString","coordinates":[[12.7115945,46.086238799999975],[12.7116971,46.0862725],[12.7124121,46.0864617],[12.7126539,46.086551099999994],[12.712696,46.086666799999996],[12.7126756,46.0868294]]},"properties":{"type":"road","highway":"track","name":"","shade_pct":52.3,"length_m":121}},{"type":"Feature","geometry":{"type":"LineString","coordinates":[[12.7126756,46.0868294],[12.7138427,46.08638320000001],[12.714949900000002,46.085917199999976]]},"properties":{"type":"road","highway":"track","name":"","shade_pct":65.8,"length_m":203}},{"type":"Feature","geometry":{"type":"LineString","coordinates":[[12.7126756,46.0868294],[12.7121574,46.086997799999985],[12.711896,46.087102200000004]]},"properties":{"type":"road","highway":"track","name":"","shade_pct":24.4,"length_m":68}},{"type":"Feature","geometry":{"type":"LineString","coordinates":[[12.7126756,46.0868294],[12.712696,46.086666799999996],[12.7126539,46.086551099999994],[12.7124121,46.0864617],[12.7116971,46.0862725],[12.7115945,46.086238799999975]]},"properties":{"type":"road","highway":"track","name":"","shade_pct":52.3,"length_m":121}},{"type":"Feature","geometry":{"type":"LineString","coordinates":[[12.6322692,46.11807399999999],[12.632178000000001,46.118192799999996]]},"properties":{"type":"road","highway":"unclassified","name":"","shade_pct":97.8,"length_m":15}},{"type":"Feature","geometry":{"type":"LineString","coordinates":[[12.6322692,46.11807399999999],[12.63241,46.11800610000001],[12.632685000000002,46.11786969999998],[12.632994200000002,46.117765299999995],[12.633379600000001,46.117653999999995],[12.633612,46.11758]]},"properties":{"type":"road","highway":"unclassified","name":"","shade_pct":83.2,"length_m":118}},{"type":"Feature","geometry":{"type":"LineString","coordinates":[[12.6322692,46.11807399999999],[12.632334599999998,46.118003400000006],[12.6323663,46.1179235],[12.6323812,46.117826400000006],[12.632431,46.11762269999999],[12.6324824,46.117404199999996],[12.6325173,46.1173196],[12.632577100000002,46.1171858],[12.6326132,46.11709780000001],[12.6326693,46.117013],[12.6327079,46.116967699999975],[12.6327309,46.1169538]]},"properties":{"type":"road","highway":"track","name":"","shade_pct":27.0,"length_m":131}},{"type":"Feature","geometry":{"type":"LineString","coordinates":[[12.627059300000003,46.121787499999996],[12.6276475,46.121691299999995],[12.6279131,46.121635499999975],[12.6281438,46.12155849999999],[12.628489900000002,46.12143029999997],[12.628992700000001,46.12121749999999],[12.6293257,46.1210591],[12.6295499,46.1209218],[12.6298242,46.120713599999974],[12.630194200000002,46.12041039999998],[12.6304837,46.120166000000005],[12.630552100000001,46.1200916]]},"properties":{"type":"road","highway":"unclassified","name":"","shade_pct":74.4,"length_m":339}},{"type":"Feature","geometry":{"type":"LineString","coordinates":[[12.627059300000003,46.121787499999996],[12.6272946,46.1221839],[12.627461700000001,46.122454999999995],[12.627551900000002,46.12255510000001],[12.627610600000002,46.1225707],[12.6277821,46.1225739],[12.6279717,46.122586399999996],[12.628161300000002,46.1226646],[12.6282696,46.122820999999995],[12.6284096,46.123027499999985],[12.6285224,46.12315889999999],[12.6288384,46.123393500000006],[12.6291408,46.12360939999999],[12.6292059,46.123683799999995],[12.6293543,46.123805499999996],[12.6294836,46.123843099999995],[12.6296814,46.12385630000001],[12.6298889,46.12381429999999],[12.630042100000002,46.123788100000006],[12.6301985,46.12378470000001],[12.6302671,46.1237881],[12.6303549,46.12385769999999],[12.6304188,46.1239396],[12.6304411,46.1240491],[12.6304203,46.124184],[12.6304203,46.1243101],[12.6304523,46.1243831],[12.630548,46.124469399999995],[12.6306789,46.12465519999999],[12.6308608,46.12487419999998],[12.630943800000002,46.12501360000001]]},"properties":{"type":"road","highway":"track","name":"","shade_pct":94.0,"length_m":525}},{"type":"Feature","geometry":{"type":"LineString","coordinates":[[12.6335117,46.1318536],[12.6334639,46.131581999999995],[12.6333833,46.13116560000001],[12.6332889,46.13067420000001],[12.6332459,46.130066500000005],[12.6332228,46.1287544],[12.6332443,46.1282803],[12.633273800000001,46.128091000000005],[12.6333375,46.127967899999994],[12.6334616,46.127728900000015],[12.6336538,46.127131899999995],[12.633715,46.126997599999996],[12.6337646,46.126891299999976],[12.633791500000001,46.12675719999999],[12.633801700000001,46.12660339999999],[12.633896,46.1263429],[12.6340032,46.12605549999999],[12.6341281,46.12576769999999],[12.634197,46.1256016],[12.6342684,46.12547079999999],[12.634316800000002,46.12538559999999],[12.634393100000002,46.12524689999999],[12.6344342,46.12516640000002],[12.6344447,46.12508519999997],[12.634472000000002,46.12492009999999],[12.6345387,46.12475629999999],[12.634847300000002,46.124081099999984],[12.6351994,46.123239899999994],[12.635569500000003,46.12236279999998],[12.6357431,46.1219263],[12.6358368,46.121721299999976],[12.635954700000001,46.12151329999999],[12.6360128,46.121291799999995],[12.6360891,46.1210346],[12.636180800000002,46.12054769999999],[12.6362857,46.12028260000001],[12.6364339,46.1197418],[12.6365866,46.119311800000006],[12.636615700000002,46.119251599999984],[12.6366221,46.119197299999996],[12.6366071,46.1191325],[12.6365788,46.11906859999999],[12.6362692,46.11871420000001],[12.6359971,46.11835800000001],[12.635862600000001,46.1181567],[12.63565,46.1178017],[12.635479800000002,46.11745899999998],[12.6354424,46.11738789999998]]},"properties":{"type":"road","highway":"unclassified","name":"Via Damiano Chiesa","shade_pct":55.1,"length_m":1666}},{"type":"Feature","geometry":{"type":"LineString","coordinates":[[12.6336102,46.132108699999996],[12.6336323,46.132431299999986],[12.6336401,46.13277899999999],[12.6336786,46.13303109999998],[12.6337042,46.13317060000001],[12.63376,46.1335768],[12.6337856,46.1337577],[12.6338428,46.133882299999996],[12.633884100000001,46.13406319999999],[12.633909500000001,46.1342386]]},"properties":{"type":"road","highway":"unclassified","name":"Via Damiano Chiesa","shade_pct":51.4,"length_m":238}},{"type":"Feature","geometry":{"type":"LineString","coordinates":[[12.6421578,46.13462529999999],[12.642015900000002,46.13466359999999]]},"properties":{"type":"road","highway":"unclassified","name":"Via Montereale","shade_pct":100.0,"length_m":12}},{"type":"Feature","geometry":{"type":"LineString","coordinates":[[12.6421578,46.13462529999999],[12.6436495,46.13419360000001],[12.6445553,46.1339227],[12.6447073,46.13385029999999],[12.644891400000002,46.13371769999999],[12.6450288,46.1335355],[12.6454845,46.132864899999994],[12.6458916,46.132455399999984]]},"properties":{"type":"road","highway":"unclassified","name":"Via Montereale","shade_pct":40.9,"length_m":396}},{"type":"Feature","geometry":{"type":"LineString","coordinates":[[12.647538500000001,46.13940829999999],[12.6481863,46.13919229999999],[12.6486493,46.139025999999994]]},"properties":{"type":"road","highway":"track","name":"","shade_pct":100.0,"length_m":96}},{"type":"Feature","geometry":{"type":"LineString","coordinates":[[12.6478239,46.13976679999999],[12.647695099999998,46.13987600000001],[12.647639,46.13993969999998],[12.647676100000002,46.140079099999994],[12.6477396,46.14026979999999],[12.6477449,46.1404276],[12.6478773,46.1408128],[12.6478826,46.14104019999998],[12.6478455,46.1413594],[12.647819100000001,46.14160890000001],[12.6478191,46.141711599999994],[12.6479408,46.1420454],[12.6480573,46.142349899999985],[12.6482585,46.1427828],[12.6484332,46.14301019999999],[12.648555000000002,46.14323399999999],[12.648555,46.14345040000001],[12.6485786,46.143712300000004],[12.648543,46.1439419]]},"properties":{"type":"road","highway":"track","name":"","shade_pct":100.0,"length_m":481}},{"type":"Feature","geometry":{"type":"LineString","coordinates":[[12.630552100000001,46.1200916],[12.6304837,46.120166000000005],[12.630194200000002,46.12041039999998],[12.6298242,46.120713599999974],[12.6295499,46.1209218],[12.6293257,46.1210591],[12.628992700000001,46.12121749999999],[12.628489900000002,46.12143029999997],[12.6281438,46.12155849999999],[12.6279131,46.121635499999975],[12.6276475,46.121691299999995],[12.627059300000003,46.121787499999996]]},"properties":{"type":"road","highway":"unclassified","name":"","shade_pct":74.4,"length_m":339}},{"type":"Feature","geometry":{"type":"LineString","coordinates":[[12.630552100000001,46.1200916],[12.6306456,46.1199901],[12.6311286,46.11974339999999],[12.6314196,46.11959209999999],[12.6317227,46.119429200000006],[12.6318465,46.11929479999998],[12.6318815,46.11920760000001],[12.6319248,46.118996],[12.631959900000002,46.1187216],[12.6320197,46.11847139999998],[12.632068100000001,46.11836370000001]]},"properties":{"type":"road","highway":"unclassified","name":"","shade_pct":74.2,"length_m":240}},{"type":"Feature","geometry":{"type":"LineString","coordinates":[[12.655094200000002,46.13446039999999],[12.654791,46.1346312],[12.6545249,46.13502],[12.6538683,46.135686899999996],[12.6531952,46.136199000000005]]},"properties":{"type":"road","highway":"track","name":"","shade_pct":74.5,"length_m":245}},{"type":"Feature","geometry":{"type":"LineString","coordinates":[[12.655094200000002,46.13446039999999],[12.655219700000002,46.13478679999999],[12.6553838,46.13515189999999],[12.6555019,46.1355385],[12.6557347,46.1357533],[12.6559922,46.13601349999998],[12.656134900000001,46.136289399999995],[12.656314,46.136756999999996],[12.656539300000002,46.137210499999995],[12.6567861,46.137478099999996],[12.6570543,46.13777549999997],[12.6572507,46.138118200000015],[12.6573118,46.13837769999999],[12.657476,46.1384453]]},"properties":{"type":"road","highway":"track","name":"","shade_pct":59.3,"length_m":488}},{"type":"Feature","geometry":{"type":"LineString","coordinates":[[12.6507246,46.127392099999994],[12.6505526,46.126950099999995],[12.6501911,46.1262073],[12.6500131,46.12583199999999]]},"properties":{"type":"road","highway":"track","name":"","shade_pct":24.2,"length_m":182}},{"type":"Feature","geometry":{"type":"LineString","coordinates":[[12.6500131,46.12583199999999],[12.6501911,46.1262073],[12.6505526,46.126950099999995],[12.6507246,46.127392099999994]]},"properties":{"type":"road","highway":"track","name":"","shade_pct":24.2,"length_m":182}},{"type":"Feature","geometry":{"type":"LineString","coordinates":[[12.6500131,46.12583199999999],[12.6499336,46.125664399999984],[12.6498231,46.1253737],[12.6496943,46.1250614],[12.6494905,46.124637499999984],[12.6492684,46.124236700000004],[12.649125700000003,46.1240278],[12.6490613,46.1239162],[12.6489465,46.1236493],[12.648836,46.12322460000001],[12.648728700000001,46.12287509999997],[12.6486644,46.12264459999999],[12.6480668,46.12161169999998],[12.6476376,46.1209498],[12.647366200000002,46.12045829999999],[12.6471689,46.120077899999984],[12.6471052,46.1199551],[12.647022900000001,46.11979639999999],[12.646851200000002,46.11946919999999],[12.646411300000002,46.11863629999999],[12.6461803,46.118142]]},"properties":{"type":"road","highway":"track","name":"","shade_pct":32.8,"length_m":907}},{"type":"Feature","geometry":{"type":"LineString","coordinates":[[12.6500131,46.12583199999999],[12.649815600000002,46.12573879999999],[12.6494401,46.12559009999998],[12.6485388,46.1252703],[12.6476805,46.12490599999999],[12.647251400000002,46.12468289999999],[12.646819,46.1244144],[12.645974600000002,46.12390950000001],[12.645803,46.123768199999994],[12.645502600000002,46.1235749],[12.645177500000003,46.123417999999994],[12.6445874,46.123128],[12.6441722,46.1227495],[12.6438825,46.1225636],[12.6435499,46.1222735],[12.643516700000001,46.122228299999996]]},"properties":{"type":"road","highway":"track","name":"","shade_pct":52.5,"length_m":649}},{"type":"Feature","geometry":{"type":"LineString","coordinates":[[12.657476,46.1384453],[12.6573118,46.13837769999999],[12.6572507,46.138118200000015],[12.6570543,46.13777549999997],[12.6567861,46.137478099999996],[12.656539300000002,46.137210499999995],[12.656314,46.136756999999996],[12.656134900000001,46.136289399999995],[12.6559922,46.13601349999998],[12.6557347,46.1357533],[12.6555019,46.1355385],[12.6553838,46.13515189999999],[12.655219700000002,46.13478679999999],[12.655094200000002,46.13446039999999]]},"properties":{"type":"road","highway":"track","name":"","shade_pct":59.3,"length_m":488}},{"type":"Feature","geometry":{"type":"LineString","coordinates":[[12.639064800000002,46.1009244],[12.6389175,46.10123620000001],[12.6389103,46.10141249999997],[12.639021900000001,46.101837],[12.6390902,46.102167900000026],[12.6390183,46.10252049999999],[12.6390104,46.102573699999986],[12.639000500000002,46.102640199999996]]},"properties":{"type":"road","highway":"track","name":"","shade_pct":20.6,"length_m":194}},{"type":"Feature","geometry":{"type":"LineString","coordinates":[[12.6769246,46.12381229999997],[12.6762621,46.1241916],[12.675446700000002,46.1246972],[12.6739769,46.12553009999999],[12.672965700000002,46.12623649999998],[12.6725258,46.126504199999985],[12.671959900000001,46.126987500000006],[12.6716083,46.1272714]]},"properties":{"type":"road","highway":"track","name":"","shade_pct":33.8,"length_m":564}},{"type":"Feature","geometry":{"type":"LineString","coordinates":[[12.6769246,46.12381229999997],[12.6775684,46.12351489999999],[12.6783864,46.1231133],[12.6792447,46.12269690000001],[12.6798751,46.1223994],[12.6802398,46.1222358],[12.6812725,46.121745],[12.6816373,46.121514499999996],[12.682163,46.1211947],[12.682505100000002,46.12098939999999]]},"properties":{"type":"road","highway":"track","name":"","shade_pct":67.4,"length_m":534}},{"type":"Feature","geometry":{"type":"LineString","coordinates":[[12.6769246,46.12381229999997],[12.6769792,46.12388549999998],[12.6769976,46.124326],[12.676846800000002,46.1248001],[12.676861500000001,46.1252462],[12.6766077,46.12624550000001],[12.6765342,46.12668390000003],[12.6762693,46.127412899999996],[12.6761222,46.1282235],[12.6759825,46.1285753],[12.675975100000002,46.12893719999999],[12.6757986,46.12959479999999],[12.6757485,46.12967520000001],[12.6756471,46.12972739999998],[12.6755404,46.12974729999999],[12.6754364,46.129750899999976],[12.6753116,46.12974549999999],[12.6751451,46.1297365],[12.6750411,46.12975809999997],[12.6749189,46.1298969],[12.674856500000002,46.13005909999999],[12.674648400000002,46.1304826],[12.6745288,46.13072589999999],[12.674403900000001,46.13099089999999],[12.6741829,46.13151349999999],[12.6741422,46.1316013]]},"properties":{"type":"road","highway":"track","name":"","shade_pct":89.5,"length_m":937}},{"type":"Feature","geometry":{"type":"LineString","coordinates":[[12.6769246,46.12381229999997],[12.6769022,46.123788600000005],[12.6769298,46.123571899999995],[12.6769923,46.12327869999999],[12.677058500000001,46.1229856],[12.6771137,46.12279440000002],[12.6771872,46.122603199999986],[12.677224000000002,46.12247059999999],[12.677330700000002,46.12216979999999],[12.6775403,46.12163700000001],[12.6776948,46.1211883],[12.6778861,46.12072180000002],[12.6780957,46.12009979999999],[12.678375200000001,46.119431899999974],[12.6785087,46.1189056]]},"properties":{"type":"road","highway":"track","name":"","shade_pct":92.9,"length_m":561}},{"type":"Feature","geometry":{"type":"LineString","coordinates":[[12.6576115,46.1582387],[12.6574471,46.1583822]]},"properties":{"type":"road","highway":"unclassified","name":"","shade_pct":95.4,"length_m":20}},{"type":"Feature","geometry":{"type":"LineString","coordinates":[[12.6552474,46.156357],[12.6552839,46.1563362],[12.6554224,46.15630649999999],[12.6555273,46.15629349999999]]},"properties":{"type":"road","highway":"track","name":"","shade_pct":100.0,"length_m":23}},{"type":"Feature","geometry":{"type":"LineString","coordinates":[[12.6552474,46.156357],[12.6551791,46.156443499999995],[12.6550908,46.1565146],[12.6549728,46.15663349999999],[12.654878300000002,46.1567434],[12.6548473,46.1567929],[12.6548185,46.156840700000004]]},"properties":{"type":"road","highway":"unclassified","name":"","shade_pct":100.0,"length_m":63}},{"type":"Feature","geometry":{"type":"LineString","coordinates":[[12.6552474,46.156357],[12.655267,46.1563128],[12.655227,46.15625929999999],[12.6551015,46.15615780000001],[12.6549481,46.1560661],[12.6548193,46.156043800000006],[12.6546831,46.15604640000001],[12.6544685,46.15605380000001],[12.6542754,46.15600919999999],[12.654068300000002,46.155895099999995],[12.6539857,46.155815999999994],[12.6540286,46.15563759999997]]},"properties":{"type":"road","highway":"unclassified","name":"","shade_pct":78.1,"length_m":147}},{"type":"Feature","geometry":{"type":"LineString","coordinates":[[12.6572254,46.1585757],[12.6574471,46.1583822]]},"properties":{"type":"road","highway":"unclassified","name":"","shade_pct":44.1,"length_m":27}},{"type":"Feature","geometry":{"type":"LineString","coordinates":[[12.6540286,46.15563759999997],[12.6539857,46.155815999999994],[12.654068300000002,46.155895099999995],[12.6542754,46.15600919999999],[12.6544685,46.15605380000001],[12.6546831,46.15604640000001],[12.6548193,46.156043800000006],[12.6549481,46.1560661],[12.6551015,46.15615780000001],[12.655227,46.15625929999999],[12.655267,46.1563128],[12.6552474,46.156357]]},"properties":{"type":"road","highway":"unclassified","name":"","shade_pct":78.1,"length_m":147}},{"type":"Feature","geometry":{"type":"LineString","coordinates":[[12.680224,46.09873169999997],[12.6803633,46.098766600000005],[12.680622600000001,46.09882569999998],[12.680862600000001,46.09885789999999],[12.681137400000003,46.098873999999995],[12.6814355,46.0988901],[12.681772200000001,46.098881999999996],[12.682070200000002,46.09887929999999],[12.6823334,46.0988847],[12.6825811,46.098911499999986],[12.682875300000001,46.0989411],[12.6833166,46.099013500000005],[12.6835798,46.0990511],[12.683777200000002,46.09908599999999],[12.684013,46.0991489],[12.6841368,46.09914840000002]]},"properties":{"type":"road","highway":"track","name":"","shade_pct":43.1,"length_m":308}},{"type":"Feature","geometry":{"type":"LineString","coordinates":[[12.6841368,46.09914840000002],[12.684013,46.0991489],[12.683777200000002,46.09908599999999],[12.6835798,46.0990511],[12.6833166,46.099013500000005],[12.682875300000001,46.0989411],[12.6825811,46.098911499999986],[12.6823334,46.0988847],[12.682070200000002,46.09887929999999],[12.681772200000001,46.098881999999996],[12.6814355,46.0988901],[12.681137400000003,46.098873999999995],[12.680862600000001,46.09885789999999],[12.680622600000001,46.09882569999998],[12.6803633,46.098766600000005],[12.680224,46.09873169999997]]},"properties":{"type":"road","highway":"track","name":"","shade_pct":43.1,"length_m":308}},{"type":"Feature","geometry":{"type":"LineString","coordinates":[[12.6561989,46.159379499999986],[12.656121,46.159399],[12.656105,46.15945700000001],[12.6561502,46.159513499999974],[12.6564991,46.1599716],[12.6565343,46.16015689999998],[12.656516,46.1603282],[12.6564371,46.16047559999999]]},"properties":{"type":"road","highway":"unclassified","name":"Via Vincenzo Chiaranda","shade_pct":82.1,"length_m":135}},{"type":"Feature","geometry":{"type":"LineString","coordinates":[[12.6561989,46.159379499999986],[12.6562908,46.1593966],[12.656862400000001,46.15966609999999],[12.657057400000001,46.1597419],[12.6572005,46.15977589999999]]},"properties":{"type":"road","highway":"unclassified","name":"Via Vincenzo Chiaranda","shade_pct":57.2,"length_m":90}},{"type":"Feature","geometry":{"type":"LineString","coordinates":[[12.6572005,46.15977589999999],[12.657057400000001,46.1597419],[12.656862400000001,46.15966609999999],[12.6562908,46.1593966],[12.6561989,46.159379499999986]]},"properties":{"type":"road","highway":"unclassified","name":"Via Vincenzo Chiaranda","shade_pct":57.2,"length_m":90}},{"type":"Feature","geometry":{"type":"LineString","coordinates":[[12.6572005,46.15977589999999],[12.6573389,46.159767099999996],[12.6574285,46.1596985],[12.6575177,46.1595896],[12.6575627,46.15948479999999],[12.657565500000002,46.15936349999999],[12.6575135,46.1591813],[12.657396700000001,46.15896390000001],[12.6573012,46.15883159999999]]},"properties":{"type":"road","highway":"unclassified","name":"Via Vincenzo Chiaranda","shade_pct":49.8,"length_m":123}},{"type":"Feature","geometry":{"type":"LineString","coordinates":[[12.657129400000002,46.15863769999999],[12.656724300000002,46.158329699999996],[12.6558412,46.157664],[12.6556779,46.15763140000001],[12.655491300000001,46.15756240000002],[12.6553113,46.15744109999999],[12.6552439,46.15728969999999],[12.6551569,46.157108399999984],[12.6551244,46.15707390000001]]},"properties":{"type":"road","highway":"unclassified","name":"Via Vincenzo Chiaranda","shade_pct":40.7,"length_m":239}},{"type":"Feature","geometry":{"type":"LineString","coordinates":[[12.6602317,46.166580399999994],[12.6602197,46.166598399999984],[12.6602143,46.1666114],[12.660208900000002,46.16664479999999],[12.6602197,46.1666783],[12.6602197,46.1667006],[12.6602302,46.166757999999994]]},"properties":{"type":"road","highway":"track","name":"","shade_pct":100.0,"length_m":20}},{"type":"Feature","geometry":{"type":"LineString","coordinates":[[12.6602317,46.166580399999994],[12.660249200000003,46.16657239999999],[12.660272000000003,46.1665652],[12.6603068,46.16656520000001],[12.660337700000001,46.1665891],[12.6603444,46.16662280000003],[12.6603538,46.16664110000001],[12.660369900000001,46.16668569999999],[12.660386,46.1667433],[12.6604074,46.16680089999998],[12.660445,46.16688450000001],[12.6604932,46.166997800000004],[12.6605469,46.167107399999985],[12.6605871,46.167170499999976],[12.6606461,46.1672077],[12.6606783,46.16721139999999],[12.6607145,46.16720979999999],[12.6607467,46.167194900000005],[12.6607628,46.167180099999996],[12.6607789,46.16715039999999],[12.6607883,46.1671259],[12.6607883,46.167094399999996],[12.6607883,46.16705349999998],[12.6607749,46.166953200000016],[12.660766800000001,46.16686219999997],[12.660753400000003,46.16677299999999],[12.66074,46.16670979999999],[12.6608035,46.166704]]},"properties":{"type":"road","highway":"track","name":"","shade_pct":51.3,"length_m":152}},{"type":"Feature","geometry":{"type":"LineString","coordinates":[[12.6602302,46.166757999999994],[12.6603091,46.16707209999999],[12.6605063,46.16744759999998],[12.6605557,46.1675955],[12.6605862,46.1677514],[12.6606246,46.1681201],[12.6606887,46.1687687],[12.6607026,46.16893399999999],[12.6607131,46.16913949999998],[12.6607726,46.1693088],[12.6608626,46.1694066],[12.6608711,46.16951980000001],[12.6607977,46.1698304],[12.660754300000002,46.1698743],[12.6606993,46.1699748],[12.660734200000002,46.17006069999999],[12.6607741,46.17019009999999],[12.660784200000002,46.170323899999985],[12.6607346,46.1705672],[12.6608056,46.1707366],[12.660921,46.170858100000004],[12.6610811,46.170987299999986],[12.661182400000001,46.1711622],[12.6612346,46.171435],[12.661234600000002,46.171524299999994],[12.6612068,46.171572600000005],[12.6611336,46.171579799999996],[12.6610534,46.1715508],[12.660997600000002,46.17149289999999],[12.6609802,46.1713891],[12.660952300000002,46.171227399999985],[12.6609349,46.17111629999999],[12.660917400000002,46.1710077],[12.6608756,46.17095950000001],[12.6607885,46.170942600000004],[12.6607292,46.17096909999999],[12.6607083,46.171029499999996],[12.6607257,46.1711646],[12.660778,46.17136010000001],[12.6608721,46.1716257],[12.6608861,46.171811499999976],[12.6608512,46.1718791],[12.6607885,46.1719201],[12.6607153,46.17195390000001],[12.6606316,46.1719588],[12.6605445,46.1719153],[12.6604528,46.17184119999999],[12.6603845,46.171685],[12.6603533,46.171559],[12.660367800000001,46.171411799999994],[12.6603938,46.1713626],[12.660400700000002,46.171328599999995],[12.6603898,46.171295799999996],[12.660361399999998,46.1712775],[12.6603214,46.171265999999996],[12.6602726,46.1712684],[12.6602378,46.17129009999999]]},"properties":{"type":"road","highway":"track","name":"","shade_pct":100.0,"length_m":867}},{"type":"Feature","geometry":{"type":"LineString","coordinates":[[12.6602302,46.166757999999994],[12.6602197,46.1667006],[12.6602197,46.1666783],[12.660208900000002,46.16664479999999],[12.6602143,46.1666114],[12.6602197,46.166598399999984],[12.6602317,46.166580399999994]]},"properties":{"type":"road","highway":"track","name":"","shade_pct":100.0,"length_m":20}},{"type":"Feature","geometry":{"type":"LineString","coordinates":[[12.6602378,46.17129009999999],[12.6602726,46.1712684],[12.6603214,46.171265999999996],[12.660361399999998,46.1712775],[12.6603898,46.171295799999996],[12.660400700000002,46.171328599999995],[12.6603938,46.1713626],[12.660367800000001,46.171411799999994],[12.6603533,46.171559],[12.6603845,46.171685],[12.6604528,46.17184119999999],[12.6605445,46.1719153],[12.6606316,46.1719588],[12.6607153,46.17195390000001],[12.6607885,46.1719201],[12.6608512,46.1718791],[12.6608861,46.171811499999976],[12.6608721,46.1716257],[12.660778,46.17136010000001],[12.6607257,46.1711646],[12.6607083,46.171029499999996],[12.6607292,46.17096909999999],[12.6607885,46.170942600000004],[12.6608756,46.17095950000001],[12.660917400000002,46.1710077],[12.6609349,46.17111629999999],[12.660952300000002,46.171227399999985],[12.6609802,46.1713891],[12.660997600000002,46.17149289999999],[12.6610534,46.1715508],[12.6611336,46.171579799999996],[12.6612068,46.171572600000005],[12.661234600000002,46.171524299999994],[12.6612346,46.171435],[12.661182400000001,46.1711622],[12.6610811,46.170987299999986],[12.660921,46.170858100000004],[12.6608056,46.1707366],[12.6607346,46.1705672],[12.660784200000002,46.170323899999985],[12.6607741,46.17019009999999],[12.660734200000002,46.17006069999999],[12.6606993,46.1699748],[12.660754300000002,46.1698743],[12.6607977,46.1698304],[12.6608711,46.16951980000001],[12.6608626,46.1694066],[12.6607726,46.1693088],[12.6607131,46.16913949999998],[12.6607026,46.16893399999999],[12.6606887,46.1687687],[12.6606246,46.1681201],[12.6605862,46.1677514],[12.6605557,46.1675955],[12.6605063,46.16744759999998],[12.6603091,46.16707209999999],[12.6602302,46.166757999999994]]},"properties":{"type":"road","highway":"track","name":"","shade_pct":100.0,"length_m":867}},{"type":"Feature","geometry":{"type":"LineString","coordinates":[[12.6602378,46.17129009999999],[12.6602099,46.1714543],[12.6602169,46.17164979999999],[12.6602169,46.1718525],[12.6601506,46.17198049999999],[12.6600565,46.172067399999996],[12.6599171,46.172142199999996],[12.6598334,46.172173599999994],[12.6597358,46.1721881],[12.659645200000002,46.1721808],[12.6594849,46.17212529999999]]},"properties":{"type":"road","highway":"track","name":"","shade_pct":100.0,"length_m":139}},{"type":"Feature","geometry":{"type":"LineString","coordinates":[[12.6594849,46.17212529999999],[12.659645200000002,46.1721808],[12.6597358,46.1721881],[12.6598334,46.172173599999994],[12.6599171,46.172142199999996],[12.6600565,46.172067399999996],[12.6601506,46.17198049999999],[12.6602169,46.1718525],[12.6602169,46.17164979999999],[12.6602099,46.1714543],[12.6602378,46.17129009999999]]},"properties":{"type":"road","highway":"track","name":"","shade_pct":100.0,"length_m":139}},{"type":"Feature","geometry":{"type":"LineString","coordinates":[[12.6594849,46.17212529999999],[12.659393600000001,46.172168],[12.65924,46.17210789999999],[12.6590062,46.171999199999995],[12.658739000000002,46.17194369999999],[12.6584918,46.171899700000026],[12.6582547,46.17177949999998],[12.6580243,46.1715898],[12.6578873,46.1714163],[12.657853900000001,46.1712383],[12.6577237,46.17107169999999],[12.6576268,46.17091679999998],[12.6575333,46.17070859999999],[12.6573963,46.17059289999998],[12.657196000000003,46.17049809999999],[12.6569889,46.17043329999997],[12.6568419,46.17034779999999],[12.6567551,46.170206699999994],[12.6566048,46.1701188],[12.6564211,46.170026299999996],[12.6562708,46.16977409999999],[12.656210700000003,46.16964689999998],[12.656224,46.16948270000001],[12.6561906,46.16934859999999],[12.6560604,46.1690733],[12.6559101,46.1687911],[12.655786500000001,46.16851359999999],[12.6557765,46.16837250000001],[12.655823200000002,46.168242899999996],[12.6557965,46.168145799999984],[12.6556796,46.168069499999994],[12.655556,46.16800239999999],[12.6554358,46.16785899999999],[12.6552888,46.167731699999976],[12.655168600000001,46.1675883],[12.6551452,46.167465699999994],[12.6551653,46.1672159],[12.6550884,46.167026299999996],[12.654911400000001,46.166762600000006],[12.6546843,46.16650579999999],[12.6544906,46.16635779999999],[12.6544487,46.16632019999998]]},"properties":{"type":"road","highway":"track","name":"","shade_pct":62.0,"length_m":813}},{"type":"Feature","geometry":{"type":"LineString","coordinates":[[12.6555273,46.15629349999999],[12.6555941,46.156284799999995],[12.655760500000001,46.156260599999996],[12.656037300000001,46.156232300000006],[12.6561988,46.1562334],[12.656375,46.15625929999998],[12.656535,46.156312100000015],[12.656914700000002,46.156354300000004],[12.657076600000002,46.1563729]]},"properties":{"type":"road","highway":"track","name":"","shade_pct":84.1,"length_m":122}},{"type":"Feature","geometry":{"type":"LineString","coordinates":[[12.6555273,46.15629349999999],[12.6554224,46.15630649999999],[12.6552839,46.1563362],[12.6552474,46.156357]]},"properties":{"type":"road","highway":"track","name":"","shade_pct":100.0,"length_m":23}},{"type":"Feature","geometry":{"type":"LineString","coordinates":[[12.6548185,46.156840700000004],[12.6549116,46.15689480000001],[12.6550477,46.15699250000001],[12.6551244,46.15707390000001]]},"properties":{"type":"road","highway":"unclassified","name":"Via Vincenzo Chiaranda","shade_pct":100.0,"length_m":35}},{"type":"Feature","geometry":{"type":"LineString","coordinates":[[12.6548185,46.156840700000004],[12.6546969,46.15677],[12.6546488,46.15672039999998]]},"properties":{"type":"road","highway":"unclassified","name":"Via Vincenzo Chiaranda","shade_pct":100.0,"length_m":19}},{"type":"Feature","geometry":{"type":"LineString","coordinates":[[12.6548185,46.156840700000004],[12.6548473,46.1567929],[12.654878300000002,46.1567434],[12.6549728,46.15663349999999],[12.6550908,46.1565146],[12.6551791,46.156443499999995],[12.6552474,46.156357]]},"properties":{"type":"road","highway":"unclassified","name":"","shade_pct":100.0,"length_m":63}},{"type":"Feature","geometry":{"type":"LineString","coordinates":[[12.6564371,46.16047559999999],[12.656264100000001,46.1607006]]},"properties":{"type":"road","highway":"unclassified","name":"Via Chiaranda","shade_pct":100.0,"length_m":28}},{"type":"Feature","geometry":{"type":"LineString","coordinates":[[12.6564371,46.16047559999999],[12.656516,46.1603282],[12.6565343,46.16015689999998],[12.6564991,46.1599716],[12.6561502,46.159513499999974],[12.656105,46.15945700000001],[12.656121,46.159399],[12.6561989,46.159379499999986]]},"properties":{"type":"road","highway":"unclassified","name":"Via Vincenzo Chiaranda","shade_pct":82.1,"length_m":135}},{"type":"Feature","geometry":{"type":"LineString","coordinates":[[12.656264100000001,46.1607006],[12.6564371,46.16047559999999]]},"properties":{"type":"road","highway":"unclassified","name":"Via Chiaranda","shade_pct":100.0,"length_m":28}},{"type":"Feature","geometry":{"type":"LineString","coordinates":[[12.656264100000001,46.1607006],[12.6561389,46.1608856],[12.656069300000002,46.160974499999995],[12.6559476,46.16103959999999],[12.655725,46.16110140000001],[12.6554242,46.16109999999999],[12.6551541,46.1612598],[12.6547883,46.1616107],[12.654715100000002,46.16178219999999],[12.6547095,46.162014099999986],[12.6547883,46.1624896],[12.6547603,46.1625556]]},"properties":{"type":"road","highway":"unclassified","name":"Via Chiaranda","shade_pct":100.0,"length_m":270}},{"type":"Feature","geometry":{"type":"LineString","coordinates":[[12.6490233,46.16218269999998],[12.648602600000002,46.162005099999995],[12.6483626,46.16193690000001],[12.648227,46.1619085]]},"properties":{"type":"road","highway":"unclassified","name":"Via Chiaranda","shade_pct":100.0,"length_m":69}},{"type":"Feature","geometry":{"type":"LineString","coordinates":[[12.6490233,46.16218269999998],[12.6504728,46.16279469999999],[12.6509926,46.1629961],[12.651765,46.16324269999998],[12.6521404,46.16338019999999],[12.6524588,46.16347829999999],[12.6527168,46.16353889999999],[12.6530437,46.163582999999996],[12.6535023,46.16352839999999],[12.6539722,46.163388100000006],[12.6542789,46.1632302],[12.654661600000003,46.16278779999998],[12.6547603,46.1625556]]},"properties":{"type":"road","highway":"unclassified","name":"Via Chiaranda","shade_pct":100.0,"length_m":538}},{"type":"Feature","geometry":{"type":"LineString","coordinates":[[12.6971304,46.094381799999994],[12.6972231,46.0947068],[12.697351900000001,46.09548799999999],[12.6975235,46.09549539999998]]},"properties":{"type":"road","highway":"track","name":"","shade_pct":22.6,"length_m":138}},{"type":"Feature","geometry":{"type":"LineString","coordinates":[[12.6975235,46.09549539999998],[12.697351900000001,46.09548799999999],[12.6972231,46.0947068],[12.6971304,46.094381799999994]]},"properties":{"type":"road","highway":"track","name":"","shade_pct":22.6,"length_m":138}},{"type":"Feature","geometry":{"type":"LineString","coordinates":[[12.6931811,46.094177],[12.6914709,46.09408669999999]]},"properties":{"type":"road","highway":"residential","name":"Via delle Centrali","shade_pct":91.2,"length_m":133}},{"type":"Feature","geometry":{"type":"LineString","coordinates":[[12.6845949,46.120424299999975],[12.6822075,46.11982009999999]]},"properties":{"type":"road","highway":"track","name":"","shade_pct":76.6,"length_m":196}},{"type":"Feature","geometry":{"type":"LineString","coordinates":[[12.6845949,46.120424299999975],[12.6874921,46.12115739999998],[12.6877066,46.1211277],[12.687749600000002,46.1206964],[12.6877462,46.1205409],[12.6877603,46.119535],[12.687771000000001,46.1187802]]},"properties":{"type":"road","highway":"track","name":"","shade_pct":79.3,"length_m":516}},{"type":"Feature","geometry":{"type":"LineString","coordinates":[[12.6822075,46.11982009999999],[12.6845949,46.120424299999975]]},"properties":{"type":"road","highway":"track","name":"","shade_pct":76.6,"length_m":196}},{"type":"Feature","geometry":{"type":"LineString","coordinates":[[12.6822075,46.11982009999999],[12.6823526,46.1203874],[12.682505100000002,46.12098939999999]]},"properties":{"type":"road","highway":"tertiary","name":"Via Maniago","shade_pct":45.8,"length_m":132}},{"type":"Feature","geometry":{"type":"LineString","coordinates":[[12.6822075,46.11982009999999],[12.682166100000002,46.119658399999985],[12.681983100000002,46.11892550000002],[12.681825400000001,46.118287499999994],[12.681648,46.1175799],[12.681468600000002,46.116882],[12.6813135,46.1162795],[12.6811937,46.11579759999999],[12.6810948,46.1154018]]},"properties":{"type":"road","highway":"tertiary","name":"Via Maniago","shade_pct":84.1,"length_m":499}},{"type":"Feature","geometry":{"type":"LineString","coordinates":[[12.6822075,46.11982009999999],[12.681863,46.11974749999997],[12.6785087,46.1189056]]},"properties":{"type":"road","highway":"track","name":"","shade_pct":100.0,"length_m":303}},{"type":"Feature","geometry":{"type":"LineString","coordinates":[[12.681035200000002,46.11516339999999],[12.6810948,46.1154018]]},"properties":{"type":"road","highway":"tertiary","name":"Via Maniago","shade_pct":77.5,"length_m":27}},{"type":"Feature","geometry":{"type":"LineString","coordinates":[[12.681035200000002,46.11516339999999],[12.6810016,46.115028800000005],[12.680764,46.11411369999999],[12.680643000000002,46.11340429999998],[12.6806518,46.1126779],[12.680702,46.11222450000001],[12.6807745,46.11176069999998],[12.6808359,46.111530399999985]]},"properties":{"type":"road","highway":"tertiary","name":"Via Maniago","shade_pct":43.4,"length_m":407}},{"type":"Feature","geometry":{"type":"LineString","coordinates":[[12.66139,46.113633799999995],[12.661165000000002,46.113782199999996]]},"properties":{"type":"road","highway":"unclassified","name":"Via Montereale","shade_pct":74.1,"length_m":24}},{"type":"Feature","geometry":{"type":"LineString","coordinates":[[12.66139,46.113633799999995],[12.661517600000002,46.11407],[12.6615497,46.1151038],[12.6614299,46.1159071]]},"properties":{"type":"road","highway":"track","name":"","shade_pct":97.9,"length_m":254}},{"type":"Feature","geometry":{"type":"LineString","coordinates":[[12.660337600000002,46.1323217],[12.6604777,46.13234490000001],[12.6612635,46.13244129999999],[12.662689800000003,46.132596199999995],[12.6638704,46.132708300000004],[12.6648156,46.132828099999976],[12.6650264,46.1329464]]},"properties":{"type":"road","highway":"track","name":"","shade_pct":88.8,"length_m":372}},{"type":"Feature","geometry":{"type":"LineString","coordinates":[[12.659942600000003,46.12951919999998],[12.659979900000002,46.12955619999998],[12.6601167,46.129600799999984],[12.660342,46.129623099999996],[12.660578,46.12964920000001],[12.6606129,46.12970679999999],[12.6606075,46.129773699999994],[12.660543200000001,46.12984439999999],[12.6604841,46.12990940000001],[12.660457300000001,46.12999119999998],[12.66046,46.1300525],[12.6605029,46.1300916],[12.6606156,46.130121299999985],[12.6607363,46.130132499999995],[12.6608623,46.1301306],[12.660948200000002,46.1300916],[12.661009900000002,46.130047],[12.6610823,46.1299893],[12.6611359,46.12995029999999],[12.66127,46.129944699999996],[12.6614149,46.12994100000001],[12.6615678,46.12995589999999],[12.6618574,46.1300098],[12.6630296,46.130167799999995],[12.6642392,46.13031649999999],[12.6652612,46.130442899999984],[12.666478900000001,46.130599],[12.6673707,46.13070869999999],[12.6674673,46.13066599999999],[12.6678052,46.1303667],[12.6681834,46.1300265],[12.6686179,46.12960829999999],[12.6691732,46.1290971],[12.6693153,46.1289614]]},"properties":{"type":"road","highway":"track","name":"","shade_pct":81.6,"length_m":900}},{"type":"Feature","geometry":{"type":"LineString","coordinates":[[12.6602894,46.12587579999999],[12.660273,46.124429400000004],[12.660294500000001,46.1241097],[12.6604983,46.12341069999999],[12.66067,46.12192340000001],[12.6609382,46.1195957],[12.6612923,46.1168292],[12.6614299,46.1159071]]},"properties":{"type":"road","highway":"track","name":"","shade_pct":96.8,"length_m":1113}},{"type":"Feature","geometry":{"type":"LineString","coordinates":[[12.6576982,46.1264592],[12.6574393,46.12514259999999],[12.6565308,46.1211411],[12.655883300000001,46.1180244]]},"properties":{"type":"road","highway":"primary","name":"Via San Martino","shade_pct":56.0,"length_m":948}},{"type":"Feature","geometry":{"type":"LineString","coordinates":[[12.6576982,46.1264592],[12.6573264,46.126503199999995],[12.6567907,46.1266304],[12.656210400000003,46.12689850000002],[12.6556945,46.127067000000004],[12.655282800000002,46.127187299999996],[12.6547669,46.12735229999999],[12.654505100000002,46.12744750000001]]},"properties":{"type":"road","highway":"track","name":"","shade_pct":47.7,"length_m":272}},{"type":"Feature","geometry":{"type":"LineString","coordinates":[[12.6569109,46.0990891],[12.655737300000002,46.096806599999994],[12.655615500000001,46.09648200000001],[12.654629900000002,46.094104900000005],[12.6544328,46.09348459999999],[12.6542763,46.0931193],[12.6539391,46.09219409999999],[12.6539213,46.09203999999999],[12.653945,46.09166069999999],[12.6538739,46.09142949999999],[12.6537968,46.09123979999999],[12.6535004,46.0886378],[12.653453,46.08853700000001],[12.653322600000001,46.08851920000001],[12.652327300000001,46.08872889999998]]},"properties":{"type":"road","highway":"track","name":"","shade_pct":55.3,"length_m":1301}},{"type":"Feature","geometry":{"type":"LineString","coordinates":[[12.6649722,46.1013727],[12.6631669,46.101697999999985]]},"properties":{"type":"road","highway":"track","name":"","shade_pct":33.9,"length_m":144}},{"type":"Feature","geometry":{"type":"LineString","coordinates":[[12.6631822,46.1023375],[12.6630518,46.10239189999999],[12.6627836,46.102414199999984],[12.6589856,46.1026745],[12.6587592,46.102742199999994]]},"properties":{"type":"road","highway":"track","name":"","shade_pct":88.3,"length_m":347}},{"type":"Feature","geometry":{"type":"LineString","coordinates":[[12.6631822,46.1023375],[12.6631575,46.1030355],[12.6631645,46.1032666],[12.6631786,46.10380889999998],[12.6631715,46.1044169],[12.6631295,46.1047914],[12.663192600000002,46.1049178],[12.6632908,46.104951899999996],[12.664971400000002,46.104808199999994]]},"properties":{"type":"road","highway":"track","name":"","shade_pct":64.8,"length_m":427}},{"type":"Feature","geometry":{"type":"LineString","coordinates":[[12.6631669,46.101697999999985],[12.6649722,46.1013727]]},"properties":{"type":"road","highway":"track","name":"","shade_pct":33.9,"length_m":144}},{"type":"Feature","geometry":{"type":"LineString","coordinates":[[12.6631669,46.101697999999985],[12.663155900000001,46.10165069999999],[12.6631348,46.10129320000001],[12.6630857,46.1010767],[12.6629945,46.10100129999999],[12.6629419,46.1009186],[12.6629244,46.10077030000002],[12.662861200000002,46.1003568],[12.6628016,46.100315499999994],[12.6626824,46.10030820000001],[12.662577100000002,46.10031309999999],[12.6625385,46.1002936],[12.662507,46.10023280000001],[12.6624859,46.10006010000001],[12.6624614,46.09973419999999],[12.662405500000002,46.0992455],[12.6624142,46.099131199999995],[12.6623797,46.09894549999998],[12.6623784,46.098790699999995],[12.662397,46.09873559999998],[12.6624156,46.0987124],[12.662457800000002,46.098705499999994],[12.6625413,46.0987001],[12.6631867,46.0986271],[12.6639338,46.0985444],[12.664723,46.098468999999994],[12.6654069,46.0983912],[12.6663785,46.098291499999995],[12.6668485,46.0982671],[12.6677365,46.09823869999999],[12.6688674,46.09819399999999],[12.669745400000002,46.0981578],[12.670496900000002,46.09812000000001],[12.670851600000002,46.098140599999994],[12.671290600000003,46.098147499999996],[12.6719007,46.09810800000001],[12.6722181,46.098113100000006],[12.6726794,46.098108],[12.6731309,46.09807020000002]]},"properties":{"type":"road","highway":"track","name":"","shade_pct":61.0,"length_m":1191}},{"type":"Feature","geometry":{"type":"LineString","coordinates":[[12.6642321,46.1493127],[12.664232100000001,46.1491715],[12.6641463,46.148733],[12.664069,46.148460199999995],[12.6638995,46.1480566],[12.6630626,46.146889599999994],[12.6622344,46.14597010000001]]},"properties":{"type":"road","highway":"unclassified","name":"Via della Croce","shade_pct":94.7,"length_m":408}},{"type":"Feature","geometry":{"type":"LineString","coordinates":[[12.6642321,46.1493127],[12.6643042,46.14928719999999],[12.6643483,46.1492191],[12.6644566,46.14906229999998],[12.6646417,46.1488235],[12.6647399,46.148673599999995],[12.6648709,46.148506899999994],[12.6649877,46.148361799999996],[12.6651344,46.14820500000001],[12.6652695,46.14806560000001],[12.665448900000001,46.147919599999994],[12.6656454,46.147775599999996],[12.6658932,46.14762369999999],[12.666229200000002,46.147455900000004],[12.666434300000002,46.147388899999996],[12.666645,46.1473178],[12.666912700000001,46.1472468],[12.667112100000002,46.1472054],[12.6673399,46.147158],[12.6675193,46.1471383],[12.667676,46.14713239999999],[12.667844000000002,46.147086999999985],[12.667938,46.1470515],[12.6679807,46.14699619999998],[12.6680861,46.146706200000004],[12.6681601,46.146420099999986],[12.668171500000001,46.146299699999986],[12.668154400000002,46.14623459999998],[12.6681089,46.146149800000025],[12.6680006,46.1460452],[12.6678525,46.1458578],[12.6677756,46.145753199999966],[12.6676361,46.1456111],[12.667525,46.14549469999999],[12.667285800000002,46.145178999999985],[12.667132,46.1450133],[12.6670067,46.14489879999999]]},"properties":{"type":"road","highway":"track","name":"","shade_pct":29.5,"length_m":670}},{"type":"Feature","geometry":{"type":"LineString","coordinates":[[12.676179,46.142364500000006],[12.676225900000002,46.14219039999998],[12.676301500000001,46.141766600000004],[12.6764822,46.14140849999998],[12.6767056,46.14088610000002],[12.676840300000002,46.14044909999999],[12.6768469,46.140222400000006],[12.6767056,46.14009589999999]]},"properties":{"type":"road","highway":"track","name":"","shade_pct":61.6,"length_m":263}},{"type":"Feature","geometry":{"type":"LineString","coordinates":[[12.676179,46.142364500000006],[12.675902900000002,46.142602799999985],[12.6756454,46.14300420000001],[12.6753519,46.143314100000005]]},"properties":{"type":"road","highway":"track","name":"","shade_pct":51.4,"length_m":124}},{"type":"Feature","geometry":{"type":"LineString","coordinates":[[12.6622344,46.14597010000001],[12.6657007,46.1450534]]},"properties":{"type":"road","highway":"unclassified","name":"","shade_pct":80.7,"length_m":287}},{"type":"Feature","geometry":{"type":"LineString","coordinates":[[12.6622344,46.14597010000001],[12.6630626,46.146889599999994],[12.6638995,46.1480566],[12.664069,46.148460199999995],[12.6641463,46.148733],[12.664232100000001,46.1491715],[12.6642321,46.1493127]]},"properties":{"type":"road","highway":"unclassified","name":"Via della Croce","shade_pct":94.7,"length_m":408}},{"type":"Feature","geometry":{"type":"LineString","coordinates":[[12.6622344,46.14597010000001],[12.661655,46.145293699999996],[12.661225900000002,46.144698999999996],[12.6608289,46.14400769999998],[12.66055,46.1434353],[12.6605062,46.1432288]]},"properties":{"type":"road","highway":"unclassified","name":"Via della Croce","shade_pct":49.5,"length_m":335}},{"type":"Feature","geometry":{"type":"LineString","coordinates":[[12.6622344,46.14597010000001],[12.6621185,46.146094299999994],[12.661861000000002,46.146294999999995],[12.660305300000001,46.1472167],[12.6593054,46.14769459999999],[12.6589299,46.14781349999999],[12.658781800000002,46.1478113],[12.6578124,46.147502899999985]]},"properties":{"type":"road","highway":"unclassified","name":"","shade_pct":40.0,"length_m":424}},{"type":"Feature","geometry":{"type":"LineString","coordinates":[[12.6500813,46.1358727],[12.6499204,46.13617750000001],[12.6499311,46.13644519999999],[12.650006200000002,46.13692840000001],[12.650188600000002,46.137486],[12.6504353,46.137932],[12.6506499,46.13805099999999],[12.650886,46.1381668]]},"properties":{"type":"road","highway":"track","name":"","shade_pct":100.0,"length_m":280}},{"type":"Feature","geometry":{"type":"LineString","coordinates":[[12.6500813,46.1358727],[12.650188600000002,46.13567940000001],[12.6505601,46.13555439999999],[12.6508789,46.1354992],[12.6511479,46.135347299999985],[12.6513381,46.13522960000001]]},"properties":{"type":"road","highway":"track","name":"","shade_pct":100.0,"length_m":127}},{"type":"Feature","geometry":{"type":"LineString","coordinates":[[12.667193700000002,46.157850999999994],[12.667087500000001,46.157821499999976],[12.6669951,46.157766399999986],[12.6669147,46.15765119999999],[12.6666233,46.1576069]]},"properties":{"type":"road","highway":"track","name":"","shade_pct":82.7,"length_m":56}},{"type":"Feature","geometry":{"type":"LineString","coordinates":[[12.6666233,46.1576069],[12.6665041,46.157686299999995],[12.6659016,46.1579436],[12.6658346,46.1580547],[12.6656084,46.15851670000001]]},"properties":{"type":"road","highway":"track","name":"","shade_pct":87.4,"length_m":135}},{"type":"Feature","geometry":{"type":"LineString","coordinates":[[12.6666233,46.1576069],[12.666825400000002,46.15743009999998],[12.667292600000001,46.15681899999999],[12.6674828,46.15650589999999]]},"properties":{"type":"road","highway":"track","name":"","shade_pct":52.8,"length_m":140}},{"type":"Feature","geometry":{"type":"LineString","coordinates":[[12.6666233,46.1576069],[12.6669147,46.15765119999999],[12.6669951,46.157766399999986],[12.667087500000001,46.157821499999976],[12.667193700000002,46.157850999999994]]},"properties":{"type":"road","highway":"track","name":"","shade_pct":82.7,"length_m":56}},{"type":"Feature","geometry":{"type":"LineString","coordinates":[[12.670716600000002,46.1515814],[12.6704945,46.1519141],[12.6703801,46.1520713],[12.670139700000002,46.1523824]]},"properties":{"type":"road","highway":"track","name":"","shade_pct":47.4,"length_m":100}},{"type":"Feature","geometry":{"type":"LineString","coordinates":[[12.6741282,46.14409470000002],[12.6742798,46.1439184]]},"properties":{"type":"road","highway":"unclassified","name":"Via Antonio dell'Agnolo - Pellegrin","shade_pct":32.7,"length_m":23}},{"type":"Feature","geometry":{"type":"LineString","coordinates":[[12.6741282,46.14409470000002],[12.6740248,46.144210099999995],[12.673423,46.1448201],[12.673247600000002,46.14508939999999],[12.673031300000002,46.1454953],[12.6723667,46.1464915]]},"properties":{"type":"road","highway":"unclassified","name":"Via Antonio dell'Agnolo - Pellegrin","shade_pct":84.8,"length_m":300}},{"type":"Feature","geometry":{"type":"LineString","coordinates":[[12.6741282,46.14409470000002],[12.6739578,46.144042600000006],[12.6737798,46.1439528],[12.6735692,46.14387349999999],[12.6733247,46.14383380000001],[12.6731166,46.143796],[12.6729138,46.14374200000001],[12.672684900000002,46.14369689999999],[12.6723624,46.1436338],[12.6721544,46.143576199999984],[12.6717055,46.14346170000002],[12.671502,46.1434218]]},"properties":{"type":"road","highway":"track","name":"","shade_pct":99.5,"length_m":218}},{"type":"Feature","geometry":{"type":"LineString","coordinates":[[12.6899747,46.12243840000001],[12.689850000000002,46.1226059],[12.689713800000002,46.1227786],[12.6896595,46.12287359999998],[12.689573200000002,46.1230003],[12.6894879,46.12312090000002],[12.6893964,46.1232243],[12.6892518,46.123425799999985],[12.6890147,46.123727200000005],[12.6889172,46.1238885],[12.6886349,46.1242828],[12.688421,46.1245931],[12.688295,46.12481059999999],[12.688093800000003,46.12514889999997],[12.6880529,46.12520859999999],[12.687983100000002,46.125333099999985],[12.6879161,46.12549489999997],[12.687756100000001,46.1257353],[12.6875198,46.126046799999976],[12.6872375,46.12640019999998],[12.6870531,46.12662859999999],[12.686862,46.1268779],[12.686711800000001,46.127089799999986],[12.686540099999998,46.12732220000001],[12.6863557,46.127571099999976],[12.686146500000001,46.127883399999995],[12.685995600000002,46.12815869999999],[12.6859239,46.12829239999999],[12.685794500000002,46.12847099999999],[12.6856127,46.12871990000001],[12.685414300000001,46.12903779999998],[12.685187,46.12938210000001],[12.684963600000001,46.12973109999999],[12.6847967,46.12997109999999],[12.6846599,46.1301384],[12.684625,46.13022209999999],[12.6846659,46.130326000000004],[12.6847839,46.1304282],[12.6850253,46.1305676],[12.6853867,46.130749999999985],[12.685652000000001,46.13085349999999],[12.6856763,46.13095330000001],[12.6856572,46.13100419999999],[12.685638000000003,46.13103949999997]]},"properties":{"type":"road","highway":"track","name":"","shade_pct":51.5,"length_m":1090}},{"type":"Feature","geometry":{"type":"LineString","coordinates":[[12.6965293,46.11380409999998],[12.6964542,46.11391569999999],[12.6963523,46.114097900000004],[12.6962021,46.11428750000001],[12.695984,46.1145127],[12.695789000000001,46.11480819999999],[12.6954243,46.115351100000005],[12.6950453,46.115988999999985],[12.6947127,46.116468700000006],[12.6939437,46.1175451],[12.6937524,46.11780000000001],[12.693300000000002,46.11837059999999],[12.6927635,46.119051],[12.6924221,46.1195067],[12.6919213,46.120214899999986],[12.6916083,46.120633]]},"properties":{"type":"road","highway":"track","name":"","shade_pct":22.2,"length_m":850}},{"type":"Feature","geometry":{"type":"LineString","coordinates":[[12.701641600000002,46.106998299999994],[12.7021352,46.106221],[12.7025697,46.105506900000016],[12.7029685,46.104884099999985],[12.703267,46.104431999999996],[12.7037981,46.103729099999995],[12.7042238,46.10312849999999],[12.7042652,46.103064499999995]]},"properties":{"type":"road","highway":"track","name":"","shade_pct":37.4,"length_m":482}},{"type":"Feature","geometry":{"type":"LineString","coordinates":[[12.704380000000002,46.10180369999998],[12.7045089,46.10187729999999],[12.704551,46.1019495],[12.7043936,46.1026504],[12.7042652,46.103064499999995]]},"properties":{"type":"road","highway":"track","name":"","shade_pct":86.5,"length_m":147}},{"type":"Feature","geometry":{"type":"LineString","coordinates":[[12.6526336,46.164870400000005],[12.6527304,46.1648413],[12.656074500000003,46.163583300000006],[12.6562699,46.163498999999995],[12.656356700000002,46.1634512],[12.6564189,46.163408399999994],[12.656472,46.16335399999999],[12.6565089,46.163293599999996],[12.6565302,46.16323349999999]]},"properties":{"type":"road","highway":"primary","name":["Magredo","Via Aristide Zenari"],"shade_pct":71.5,"length_m":356}},{"type":"Feature","geometry":{"type":"LineString","coordinates":[[12.6526336,46.164870400000005],[12.6527305,46.1649421],[12.6528741,46.1651133],[12.653024400000001,46.165222],[12.6532014,46.165323799999996],[12.653378400000001,46.16543709999999],[12.6535688,46.1655782],[12.6537759,46.16572159999998],[12.654023,46.16596220000001],[12.6542869,46.166175],[12.6544487,46.16632019999998]]},"properties":{"type":"road","highway":"track","name":"","shade_pct":90.4,"length_m":215}},{"type":"Feature","geometry":{"type":"LineString","coordinates":[[12.656542,46.1629919],[12.656518600000002,46.162879299999986],[12.656483,46.162770599999995],[12.656471100000001,46.1627166],[12.6564751,46.162673000000005],[12.6564875,46.1626478],[12.6565058,46.1626254],[12.6565378,46.1626035],[12.6565922,46.16259],[12.6566539,46.16259099999999],[12.656711000000001,46.16260059999998],[12.6567759,46.162618999999985],[12.6568425,46.16265840000001],[12.6569205,46.16272529999999],[12.657032900000003,46.16284069999998],[12.6573772,46.16323020000001],[12.657456000000002,46.16330829999998],[12.6575119,46.163352399999994],[12.6576067,46.163404899999996],[12.6576934,46.163438],[12.6577827,46.16346039999999],[12.657892,46.1634798]]},"properties":{"type":"road","highway":"primary","name":"Via Aristide Zenari","shade_pct":64.5,"length_m":197}},{"type":"Feature","geometry":{"type":"LineString","coordinates":[[12.656542,46.1629919],[12.6565493,46.16308819999998],[12.6565382,46.1632109],[12.6565302,46.16323349999999]]},"properties":{"type":"road","highway":"primary","name":"Via Aristide Zenari","shade_pct":100.0,"length_m":27}},{"type":"Feature","geometry":{"type":"LineString","coordinates":[[12.6573012,46.15883159999999],[12.657396700000001,46.15896390000001],[12.6575135,46.1591813],[12.657565500000002,46.15936349999999],[12.6575627,46.15948479999999],[12.6575177,46.1595896],[12.6574285,46.1596985],[12.6573389,46.159767099999996],[12.6572005,46.15977589999999]]},"properties":{"type":"road","highway":"unclassified","name":"Via Vincenzo Chiaranda","shade_pct":49.8,"length_m":123}},{"type":"Feature","geometry":{"type":"LineString","coordinates":[[12.6507961,46.15457599999999],[12.6508733,46.1547631],[12.6512664,46.15543749999998],[12.6514332,46.1557612]]},"properties":{"type":"road","highway":"unclassified","name":"Via Vincenzo Chiaranda","shade_pct":77.4,"length_m":141}},{"type":"Feature","geometry":{"type":"LineString","coordinates":[[12.6916083,46.120633],[12.6919213,46.120214899999986],[12.6924221,46.1195067],[12.6927635,46.119051],[12.693300000000002,46.11837059999999],[12.6937524,46.11780000000001],[12.6939437,46.1175451],[12.6947127,46.116468700000006],[12.6950453,46.115988999999985],[12.6954243,46.115351100000005],[12.695789000000001,46.11480819999999],[12.695984,46.1145127],[12.6962021,46.11428750000001],[12.6963523,46.114097900000004],[12.6964542,46.11391569999999],[12.6965293,46.11380409999998]]},"properties":{"type":"road","highway":"track","name":"","shade_pct":22.2,"length_m":850}},{"type":"Feature","geometry":{"type":"LineString","coordinates":[[12.6608035,46.166704],[12.66074,46.16670979999999],[12.660753400000003,46.16677299999999],[12.660766800000001,46.16686219999997],[12.6607749,46.166953200000016],[12.6607883,46.16705349999998],[12.6607883,46.167094399999996],[12.6607883,46.1671259],[12.6607789,46.16715039999999],[12.6607628,46.167180099999996],[12.6607467,46.167194900000005],[12.6607145,46.16720979999999],[12.6606783,46.16721139999999],[12.6606461,46.1672077],[12.6605871,46.167170499999976],[12.6605469,46.167107399999985],[12.6604932,46.166997800000004],[12.660445,46.16688450000001],[12.6604074,46.16680089999998],[12.660386,46.1667433],[12.660369900000001,46.16668569999999],[12.6603538,46.16664110000001],[12.6603444,46.16662280000003],[12.660337700000001,46.1665891],[12.6603068,46.16656520000001],[12.660272000000003,46.1665652],[12.660249200000003,46.16657239999999],[12.6602317,46.166580399999994]]},"properties":{"type":"road","highway":"track","name":"","shade_pct":51.3,"length_m":152}},{"type":"Feature","geometry":{"type":"LineString","coordinates":[[12.665405700000003,46.16106099999999],[12.6656795,46.16112379999998]]},"properties":{"type":"road","highway":"track","name":"","shade_pct":49.4,"length_m":22}},{"type":"Feature","geometry":{"type":"LineString","coordinates":[[12.665405700000003,46.16106099999999],[12.6652702,46.161034599999994],[12.6650154,46.1609826]]},"properties":{"type":"road","highway":"track","name":"","shade_pct":28.9,"length_m":31}},{"type":"Feature","geometry":{"type":"LineString","coordinates":[[12.6650154,46.1609826],[12.6652702,46.161034599999994],[12.665405700000003,46.16106099999999]]},"properties":{"type":"road","highway":"track","name":"","shade_pct":28.9,"length_m":31}},{"type":"Feature","geometry":{"type":"LineString","coordinates":[[12.663743,46.1639109],[12.6638784,46.16365909999999],[12.663975,46.1633581],[12.6640605,46.16312270000001],[12.6641115,46.16292029999999],[12.664157100000002,46.162687999999996],[12.6642081,46.16236109999998]]},"properties":{"type":"road","highway":"track","name":"","shade_pct":60.3,"length_m":177}},{"type":"Feature","geometry":{"type":"LineString","coordinates":[[12.663595599999999,46.1639091],[12.663544500000002,46.16388899999999],[12.663536400000002,46.16382260000001],[12.663644,46.1635869],[12.6637513,46.16335179999997],[12.663787000000001,46.16320579999999]]},"properties":{"type":"road","highway":"residential","name":"Via Cellina","shade_pct":54.9,"length_m":83}},{"type":"Feature","geometry":{"type":"LineString","coordinates":[[12.6642081,46.16236109999998],[12.664157100000002,46.162687999999996],[12.6641115,46.16292029999999],[12.6640605,46.16312270000001],[12.663975,46.1633581],[12.6638784,46.16365909999999],[12.663743,46.1639109]]},"properties":{"type":"road","highway":"track","name":"","shade_pct":60.3,"length_m":177}},{"type":"Feature","geometry":{"type":"LineString","coordinates":[[12.7042652,46.103064499999995],[12.7043936,46.1026504],[12.704551,46.1019495],[12.7045089,46.10187729999999],[12.704380000000002,46.10180369999998]]},"properties":{"type":"road","highway":"track","name":"","shade_pct":86.5,"length_m":147}},{"type":"Feature","geometry":{"type":"LineString","coordinates":[[12.7042652,46.103064499999995],[12.7042238,46.10312849999999],[12.7037981,46.103729099999995],[12.703267,46.104431999999996],[12.7029685,46.104884099999985],[12.7025697,46.105506900000016],[12.7021352,46.106221],[12.701641600000002,46.106998299999994]]},"properties":{"type":"road","highway":"track","name":"","shade_pct":37.4,"length_m":482}},{"type":"Feature","geometry":{"type":"LineString","coordinates":[[12.7063912,46.103333199999994],[12.706351200000002,46.1033195],[12.7062815,46.10332319999999],[12.7061927,46.10332949999999],[12.706045400000002,46.103341799999995],[12.7058416,46.103341799999974],[12.7055329,46.103340700000004],[12.705114400000001,46.103296099999994],[12.7047604,46.1032551],[12.7045619,46.1032031],[12.7044492,46.103132400000014],[12.7043667,46.103102]]},"properties":{"type":"road","highway":"track","name":"","shade_pct":54.2,"length_m":163}},{"type":"Feature","geometry":{"type":"LineString","coordinates":[[12.6531372,46.106417],[12.6531331,46.1063848],[12.653106200000002,46.106198899999995]]},"properties":{"type":"road","highway":"primary","name":"Via San Martino","shade_pct":20.3,"length_m":24}},{"type":"Feature","geometry":{"type":"LineString","coordinates":[[12.637522200000001,46.1068065],[12.6375176,46.1067892],[12.6375096,46.1064169],[12.637569900000003,46.1058786],[12.637800300000002,46.105372999999986],[12.6380997,46.10498869999999],[12.6384071,46.10455720000001],[12.6386039,46.104244799999975],[12.638731200000002,46.104002799999996]]},"properties":{"type":"road","highway":"track","name":"","shade_pct":52.1,"length_m":331}},{"type":"Feature","geometry":{"type":"LineString","coordinates":[[12.627205400000001,46.1258016],[12.627215,46.125832399999986],[12.627243800000002,46.1258806],[12.6272834,46.1259264],[12.627323,46.12597800000001],[12.627371,46.12604120000001],[12.6274119,46.12609279999999],[12.6275634,46.1262912],[12.6277165,46.126523699999986],[12.6279021,46.1268171],[12.6280682,46.1271196],[12.628192,46.12735429999998],[12.6282734,46.1275101],[12.628361300000002,46.1276636],[12.628449400000001,46.127758],[12.628522800000002,46.127889599999996],[12.628577000000002,46.1280288],[12.6286323,46.12819859999999],[12.628688700000001,46.1283495],[12.628735,46.128499700000006],[12.628810700000002,46.12867069999999],[12.628877,46.128810599999994],[12.6289789,46.1289875],[12.6290918,46.129170499999994],[12.629174700000002,46.129350499999994],[12.6292401,46.1294866],[12.6292768,46.12962259999998],[12.6293295,46.129771899999994],[12.6293296,46.1298106]]},"properties":{"type":"road","highway":"track","name":"","shade_pct":93.5,"length_m":477}},{"type":"Feature","geometry":{"type":"LineString","coordinates":[[12.6226092,46.1557014],[12.6226567,46.1555417],[12.6227277,46.155376999999994],[12.6227301,46.15523679999999],[12.6226795,46.1551061],[12.6226553,46.15502999999999],[12.622641900000001,46.1549594],[12.6227117,46.154829299999996],[12.6228216,46.15470289999999],[12.622878,46.154624899999995],[12.6229155,46.154467000000004],[12.623004000000002,46.15432019999998]]},"properties":{"type":"road","highway":"track","name":"","shade_pct":100.0,"length_m":161}},{"type":"Feature","geometry":{"type":"LineString","coordinates":[[12.6226092,46.1557014],[12.6225789,46.15583259999999],[12.622558800000002,46.1560481],[12.6225843,46.15620229999998],[12.6226414,46.15629769999999],[12.6227009,46.156358399999995],[12.6227713,46.15641179999998],[12.6227874,46.1564429],[12.6227746,46.156465399999995]]},"properties":{"type":"road","highway":"track","name":"","shade_pct":100.0,"length_m":90}},{"type":"Feature","geometry":{"type":"LineString","coordinates":[[12.622259699999999,46.15591340000001],[12.6223133,46.1560184],[12.6223908,46.15615780000001],[12.6224963,46.156288899999986],[12.622580200000002,46.1563733],[12.6226553,46.15644389999999],[12.622701,46.1564699],[12.6227385,46.156474100000004],[12.6227746,46.156465399999995]]},"properties":{"type":"road","highway":"track","name":"","shade_pct":100.0,"length_m":77}},{"type":"Feature","geometry":{"type":"LineString","coordinates":[[12.622259699999999,46.15591340000001],[12.6222181,46.15576570000001],[12.6221753,46.15546860000003],[12.6221566,46.1552445],[12.6219619,46.15481759999998],[12.6216894,46.1543551],[12.6214601,46.154093500000016],[12.621201599999997,46.1537628],[12.6211157,46.15359],[12.6210259,46.1533837],[12.6209642,46.153311299999984],[12.6209186,46.15327229999999],[12.6208596,46.15326199999999],[12.6208091,46.1532678],[12.620755000000003,46.153296399999995],[12.6206986,46.15334189999999],[12.620514600000002,46.153437999999994],[12.6203527,46.15347739999999],[12.6202223,46.15347419999999],[12.6199997,46.1534206],[12.6198127,46.15337130000001],[12.619612,46.153300899999984],[12.6194623,46.153190100000025],[12.619482600000001,46.1530625],[12.619611200000001,46.1529897],[12.6197282,46.15287070000001],[12.6197548,46.15268999999999],[12.619695,46.15256269999999],[12.6196319,46.15245339999999],[12.6194291,46.152257799999994],[12.61926,46.1520021],[12.6191336,46.1518081],[12.619085300000002,46.151726199999985],[12.6190411,46.1516427],[12.619010900000001,46.1515597],[12.619017600000001,46.151403800000004],[12.619023,46.15130059999999],[12.619020900000002,46.15124139999999],[12.619006400000002,46.1511964],[12.6189887,46.15117770000001],[12.6189427,46.151164900000005],[12.6188935,46.151164300000005],[12.6188466,46.1511745],[12.6188035,46.15120479999999],[12.6187547,46.1512674],[12.6187063,46.151357899999994],[12.6186857,46.151445800000005],[12.6186857,46.151525699999986],[12.6187178,46.15161299999999],[12.618771100000002,46.1516744],[12.6187809,46.151724500000014],[12.618757,46.15177200000001],[12.6186883,46.15183410000001],[12.6185119,46.1519319],[12.618388500000002,46.15201609999998],[12.6182887,46.152047800000005],[12.618172400000002,46.1520587],[12.6180902,46.1520552],[12.6180232,46.152038499999996],[12.6179346,46.1520013],[12.617864900000002,46.1519493],[12.6176879,46.15176170000003],[12.617550900000001,46.1515551],[12.617392800000001,46.1513501],[12.6173285,46.15122559999998],[12.6172695,46.15117259999998],[12.6171997,46.1511522],[12.61713,46.15116520000001],[12.6170549,46.1512117],[12.6169637,46.151256200000006],[12.6168054,46.15129899999999],[12.616674,46.1513083],[12.6165426,46.1512971],[12.616236800000001,46.151261800000015],[12.616041,46.15123949999999],[12.6159096,46.151225599999975],[12.615788900000002,46.15120979999999]]},"properties":{"type":"road","highway":"track","name":"","shade_pct":82.4,"length_m":1076}},{"type":"Feature","geometry":{"type":"LineString","coordinates":[[12.663132300000001,46.160154099999986],[12.6635088,46.1603142],[12.663596800000002,46.160354999999996],[12.663716000000003,46.1604202],[12.6637808,46.1604692],[12.6638382,46.16052770000001],[12.663895200000002,46.16059849999999],[12.6639195,46.160676299999984],[12.6639217,46.16076480000001],[12.663833,46.161214900000004],[12.6637936,46.1622629],[12.663787000000001,46.16320579999999]]},"properties":{"type":"road","highway":"residential","name":"Via Cellina","shade_pct":76.7,"length_m":369}},{"type":"Feature","geometry":{"type":"LineString","coordinates":[[12.703996500000002,46.097232600000005],[12.7037745,46.09748309999999],[12.703747400000001,46.09755069999998],[12.7039172,46.098190399999986],[12.7040234,46.09826950000001]]},"properties":{"type":"road","highway":"track","name":"","shade_pct":20.4,"length_m":125}},{"type":"Feature","geometry":{"type":"LineString","coordinates":[[12.7056027,46.09813659999999],[12.7054776,46.09818059999999],[12.7052774,46.098218399999986],[12.7041515,46.0982761],[12.7040234,46.09826950000001]]},"properties":{"type":"road","highway":"track","name":"","shade_pct":49.2,"length_m":124}},{"type":"Feature","geometry":{"type":"LineString","coordinates":[[12.7040234,46.09826950000001],[12.7039172,46.098190399999986],[12.703747400000001,46.09755069999998],[12.7037745,46.09748309999999],[12.703996500000002,46.097232600000005]]},"properties":{"type":"road","highway":"track","name":"","shade_pct":20.4,"length_m":125}},{"type":"Feature","geometry":{"type":"LineString","coordinates":[[12.7040234,46.09826950000001],[12.7041515,46.0982761],[12.7052774,46.098218399999986],[12.7054776,46.09818059999999],[12.7056027,46.09813659999999]]},"properties":{"type":"road","highway":"track","name":"","shade_pct":49.2,"length_m":124}},{"type":"Feature","geometry":{"type":"LineString","coordinates":[[12.7040234,46.09826950000001],[12.7024516,46.09842390000001],[12.7021975,46.0982357]]},"properties":{"type":"road","highway":"track","name":"","shade_pct":22.0,"length_m":151}},{"type":"Feature","geometry":{"type":"LineString","coordinates":[[12.6840708,46.09891010000001],[12.683938400000002,46.0988952],[12.683656400000002,46.098876000000004],[12.6833943,46.0988292],[12.6832573,46.0987961]]},"properties":{"type":"road","highway":"track","name":"","shade_pct":29.1,"length_m":64}},{"type":"Feature","geometry":{"type":"LineString","coordinates":[[12.6133493,46.1571728],[12.613359,46.157457],[12.613449700000002,46.15771739999998],[12.613644300000002,46.158013799999985],[12.613735,46.1582025],[12.613735000000002,46.15836409999999],[12.613748,46.158570700000006],[12.613748,46.158723400000014],[12.6137869,46.1589031],[12.6138128,46.159082699999985],[12.6137999,46.1592084],[12.613696100000002,46.159298299999996],[12.6135535,46.159423999999994],[12.6134017,46.1595064]]},"properties":{"type":"road","highway":"track","name":"","shade_pct":100.0,"length_m":277}},{"type":"Feature","geometry":{"type":"LineString","coordinates":[[12.6133493,46.1571728],[12.6133511,46.157123],[12.613341900000002,46.15701190000002],[12.613319000000002,46.1568467],[12.6132777,46.15668789999998],[12.6132456,46.156478299999996],[12.6132365,46.15632589999999],[12.613222700000001,46.15616079999999],[12.613186,46.156020999999996],[12.613149400000001,46.15589719999999],[12.6131173,46.155732],[12.613123700000001,46.15555379999997],[12.6131301,46.1554617],[12.6130945,46.155358400000004],[12.6130588,46.155250599999995],[12.6130199,46.15512480000001],[12.6129907,46.15503729999998],[12.6129324,46.154934000000004],[12.6128578,46.15482389999999],[12.6127833,46.15466669999999],[12.61278,46.1545881],[12.6128287,46.15452080000001],[12.6128416,46.154437699999995],[12.612806,46.154334399999996],[12.6127573,46.15423779999999],[12.6127346,46.1541547],[12.6127346,46.15407609999999],[12.6127444,46.15395709999999],[12.6127703,46.153835799999996],[12.6127768,46.153746],[12.612789700000002,46.153640499999995],[12.6128157,46.15354610000001],[12.612838400000001,46.15342489999999],[12.6128496,46.15328619999999]]},"properties":{"type":"road","highway":"track","name":"","shade_pct":100.0,"length_m":440}},{"type":"Feature","geometry":{"type":"LineString","coordinates":[[12.6446645,46.149093099999995],[12.6452644,46.149416699999996],[12.6457075,46.14958489999997],[12.646174200000003,46.149781899999994],[12.6466889,46.14992269999998],[12.647221900000002,46.150127199999986],[12.6474317,46.150213599999994]]},"properties":{"type":"road","highway":"secondary","name":"Via Malnisio","shade_pct":41.1,"length_m":248}},{"type":"Feature","geometry":{"type":"LineString","coordinates":[[12.648543,46.1439419],[12.6485786,46.143712300000004],[12.648555,46.14345040000001],[12.648555000000002,46.14323399999999],[12.6484332,46.14301019999999],[12.6482585,46.1427828],[12.6480573,46.142349899999985],[12.6479408,46.1420454],[12.6478191,46.141711599999994],[12.647819100000001,46.14160890000001],[12.6478455,46.1413594],[12.6478826,46.14104019999998],[12.6478773,46.1408128],[12.6477449,46.1404276],[12.6477396,46.14026979999999],[12.647676100000002,46.140079099999994],[12.647639,46.13993969999998],[12.647695099999998,46.13987600000001],[12.6478239,46.13976679999999]]},"properties":{"type":"road","highway":"track","name":"","shade_pct":100.0,"length_m":481}},{"type":"Feature","geometry":{"type":"LineString","coordinates":[[12.632161,46.1503365],[12.6321212,46.15028629999999],[12.632077100000002,46.15022809999999],[12.6320315,46.1501354],[12.631946100000002,46.15005250000001],[12.6318834,46.149904499999984],[12.631877700000002,46.14977039999998],[12.6318834,46.149581],[12.631877700000002,46.149504],[12.6318322,46.14943300000001],[12.631723900000003,46.149212],[12.6316685,46.149144899999996]]},"properties":{"type":"road","highway":"track","name":"","shade_pct":100.0,"length_m":141}},{"type":"Feature","geometry":{"type":"LineString","coordinates":[[12.6384097,46.1535146],[12.6385781,46.1533737]]},"properties":{"type":"road","highway":"track","name":"","shade_pct":100.0,"length_m":20}},{"type":"Feature","geometry":{"type":"LineString","coordinates":[[12.6384097,46.1535146],[12.6381566,46.153673999999995],[12.6377808,46.15396109999998],[12.6376631,46.15411749999999],[12.6374427,46.154322499999985],[12.6372987,46.154473399999986],[12.6371231,46.15454940000001],[12.6370226,46.1545889]]},"properties":{"type":"road","highway":"track","name":"","shade_pct":100.0,"length_m":163}},{"type":"Feature","geometry":{"type":"LineString","coordinates":[[12.6384097,46.1535146],[12.6380015,46.15341659999999],[12.6377668,46.153390200000025],[12.6375824,46.15334249999999],[12.637497,46.153328999999985],[12.6373901,46.153328599999995],[12.6372167,46.153327799999985],[12.6370787,46.15332690000001],[12.636974300000002,46.153315699999986],[12.6368624,46.15328819999999],[12.636768600000002,46.1532447],[12.6366849,46.15317739999999],[12.636519500000002,46.15299509999999],[12.6363327,46.15280659999999],[12.636105,46.1525818],[12.6359158,46.15249990000001],[12.6357871,46.1524617],[12.6357608,46.152485199999994],[12.6357841,46.15253089999999],[12.6357923,46.1526188],[12.635772400000002,46.1526793],[12.635725100000002,46.1526732]]},"properties":{"type":"road","highway":"track","name":"","shade_pct":99.3,"length_m":279}},{"type":"Feature","geometry":{"type":"LineString","coordinates":[[12.636498900000001,46.15531639999998],[12.6363345,46.1553209],[12.6362461,46.1553495],[12.636165100000001,46.15542829999999]]},"properties":{"type":"road","highway":"track","name":"","shade_pct":100.0,"length_m":31}},{"type":"Feature","geometry":{"type":"LineString","coordinates":[[12.636498900000001,46.15531639999998],[12.6366151,46.154808800000005],[12.6367277,46.1546483],[12.6369776,46.154606599999994],[12.6370226,46.1545889]]},"properties":{"type":"road","highway":"track","name":"","shade_pct":100.0,"length_m":101}},{"type":"Feature","geometry":{"type":"LineString","coordinates":[[12.636165100000001,46.15542829999999],[12.6362461,46.1553495],[12.6363345,46.1553209],[12.636498900000001,46.15531639999998]]},"properties":{"type":"road","highway":"track","name":"","shade_pct":100.0,"length_m":31}},{"type":"Feature","geometry":{"type":"LineString","coordinates":[[12.6670067,46.14489879999999],[12.667132,46.1450133],[12.667285800000002,46.145178999999985],[12.667525,46.14549469999999],[12.6676361,46.1456111],[12.6677756,46.145753199999966],[12.6678525,46.1458578],[12.6680006,46.1460452],[12.6681089,46.146149800000025],[12.668154400000002,46.14623459999998],[12.668171500000001,46.146299699999986],[12.6681601,46.146420099999986],[12.6680861,46.146706200000004],[12.6679807,46.14699619999998],[12.667938,46.1470515],[12.667844000000002,46.147086999999985],[12.667676,46.14713239999999],[12.6675193,46.1471383],[12.6673399,46.147158],[12.667112100000002,46.1472054],[12.666912700000001,46.1472468],[12.666645,46.1473178],[12.666434300000002,46.147388899999996],[12.666229200000002,46.147455900000004],[12.6658932,46.14762369999999],[12.6656454,46.147775599999996],[12.665448900000001,46.147919599999994],[12.6652695,46.14806560000001],[12.6651344,46.14820500000001],[12.6649877,46.148361799999996],[12.6648709,46.148506899999994],[12.6647399,46.148673599999995],[12.6646417,46.1488235],[12.6644566,46.14906229999998],[12.6643483,46.1492191],[12.6643042,46.14928719999999],[12.6642321,46.1493127]]},"properties":{"type":"road","highway":"track","name":"","shade_pct":29.5,"length_m":670}},{"type":"Feature","geometry":{"type":"LineString","coordinates":[[12.6657007,46.1450534],[12.6622344,46.14597010000001]]},"properties":{"type":"road","highway":"unclassified","name":"","shade_pct":80.7,"length_m":287}},{"type":"Feature","geometry":{"type":"LineString","coordinates":[[12.6320486,46.14732570000001],[12.6319746,46.14735739999998],[12.631872000000001,46.14777169999999],[12.6316727,46.14806370000001],[12.6314904,46.14837549999999],[12.631461900000001,46.14880159999999],[12.6315018,46.1489792],[12.6316328,46.14910150000001],[12.6316685,46.149144899999996]]},"properties":{"type":"road","highway":"track","name":"","shade_pct":100.0,"length_m":217}},{"type":"Feature","geometry":{"type":"LineString","coordinates":[[12.6320486,46.14732570000001],[12.632139700000002,46.147333699999976],[12.632379,46.1473298],[12.6326125,46.1472508],[12.6327321,46.147152199999994],[12.6327891,46.1470022],[12.6328061,46.1468523],[12.632880200000002,46.146714200000005],[12.6329485,46.14641419999998],[12.632908700000002,46.14612219999999],[12.632823200000002,46.1459012],[12.632663800000001,46.1455777],[12.632577200000002,46.145382]]},"properties":{"type":"road","highway":"track","name":"","shade_pct":100.0,"length_m":263}},{"type":"Feature","geometry":{"type":"LineString","coordinates":[[12.6320486,46.14732570000001],[12.6320698,46.1471895],[12.632069800000002,46.1470982],[12.632061400000001,46.14706909999999]]},"properties":{"type":"road","highway":"track","name":"","shade_pct":100.0,"length_m":29}},{"type":"Feature","geometry":{"type":"LineString","coordinates":[[12.6699722,46.147405200000016],[12.669727200000002,46.147344000000004],[12.6694795,46.14732029999999],[12.6692801,46.14731239999997],[12.6690324,46.147300599999994],[12.668850100000002,46.1473006],[12.6685767,46.14732620000001],[12.6681267,46.1473618],[12.6678968,46.14738079999999]]},"properties":{"type":"road","highway":"track","name":"","shade_pct":53.2,"length_m":162}},{"type":"Feature","geometry":{"type":"LineString","coordinates":[[12.6699722,46.147405200000016],[12.6702626,46.1474801],[12.6705987,46.14757679999999],[12.6709006,46.147675499999984],[12.6709547,46.1477051],[12.6709803,46.147750499999994],[12.670986000000001,46.1477958],[12.670954700000001,46.1478432],[12.6708522,46.147951699999986],[12.6706841,46.14813319999999],[12.670422100000001,46.14847059999999],[12.670294000000002,46.148719199999995],[12.6702104,46.1489193],[12.6702134,46.1490051],[12.6702606,46.1490828]]},"properties":{"type":"road","highway":"track","name":"","shade_pct":31.5,"length_m":252}},{"type":"Feature","geometry":{"type":"LineString","coordinates":[[12.6699722,46.147405200000016],[12.669864000000002,46.14760569999999],[12.6697629,46.14785989999999],[12.6696806,46.148077799999996],[12.6695533,46.1483216],[12.6694297,46.148555],[12.6693361,46.14885850000001],[12.669261300000002,46.1492345],[12.6692051,46.14944460000002],[12.669186400000001,46.14969359999999],[12.669104,46.149927000000005],[12.668958,46.1502953],[12.668922500000003,46.15056489999999]]},"properties":{"type":"road","highway":"track","name":"","shade_pct":99.9,"length_m":362}},{"type":"Feature","geometry":{"type":"LineString","coordinates":[[12.6702606,46.1490828],[12.6701348,46.14929339999998],[12.669855500000002,46.1496975],[12.669596,46.15000969999999],[12.6693561,46.15027250000001],[12.6691163,46.150604300000005]]},"properties":{"type":"road","highway":"unclassified","name":"Via Antonio dell'Agnolo - Pellegrin","shade_pct":81.9,"length_m":191}},{"type":"Feature","geometry":{"type":"LineString","coordinates":[[12.6702606,46.1490828],[12.6702134,46.1490051],[12.6702104,46.1489193],[12.670294000000002,46.148719199999995],[12.670422100000001,46.14847059999999],[12.6706841,46.14813319999999],[12.6708522,46.147951699999986],[12.670954700000001,46.1478432],[12.670986000000001,46.1477958],[12.6709803,46.147750499999994],[12.6709547,46.1477051],[12.6709006,46.147675499999984],[12.6705987,46.14757679999999],[12.6702626,46.1474801],[12.6699722,46.147405200000016]]},"properties":{"type":"road","highway":"track","name":"","shade_pct":31.5,"length_m":252}},{"type":"Feature","geometry":{"type":"LineString","coordinates":[[12.6326741,46.1585942],[12.6326487,46.158570900000015],[12.6324981,46.15843109999998],[12.6323476,46.15830070000002],[12.6322574,46.1582296],[12.632024800000002,46.158126099999976],[12.631794400000002,46.158046299999995],[12.6315719,46.157973600000005],[12.631272,46.157859],[12.631072300000001,46.1577903],[12.630907000000002,46.15774209999998],[12.6305477,46.15769],[12.6302659,46.1576536],[12.629983,46.1576418],[12.6298919,46.157662699999996],[12.629846800000001,46.157675699999984]]},"properties":{"type":"road","highway":"unclassified","name":"Via Chiaranda","shade_pct":66.2,"length_m":253}},{"type":"Feature","geometry":{"type":"LineString","coordinates":[[12.6326741,46.1585942],[12.6328859,46.15878819999999],[12.6330411,46.1589264],[12.633200700000002,46.15905839999999],[12.6333,46.1591405],[12.6334004,46.15921159999999],[12.6335201,46.15929779999999],[12.6337346,46.1593989],[12.6339547,46.1594724],[12.634312800000002,46.159568],[12.6344896,46.159608999999996],[12.6347908,46.15964139999999],[12.6349573,46.15963829999997],[12.6350987,46.1596343],[12.6352869,46.1596533],[12.6356645,46.15970699999998],[12.635946200000001,46.15972519999999],[12.636140100000002,46.15973619999999]]},"properties":{"type":"road","highway":"unclassified","name":"Via Chiaranda","shade_pct":93.6,"length_m":314}},{"type":"Feature","geometry":{"type":"LineString","coordinates":[[12.635725100000002,46.1526732],[12.635772400000002,46.1526793],[12.6357923,46.1526188],[12.6357841,46.15253089999999],[12.6357608,46.152485199999994],[12.6357871,46.1524617],[12.6359158,46.15249990000001],[12.636105,46.1525818],[12.6363327,46.15280659999999],[12.636519500000002,46.15299509999999],[12.6366849,46.15317739999999],[12.636768600000002,46.1532447],[12.6368624,46.15328819999999],[12.636974300000002,46.153315699999986],[12.6370787,46.15332690000001],[12.6372167,46.153327799999985],[12.6373901,46.153328599999995],[12.637497,46.153328999999985],[12.6375824,46.15334249999999],[12.6377668,46.153390200000025],[12.6380015,46.15341659999999],[12.6384097,46.1535146]]},"properties":{"type":"road","highway":"track","name":"","shade_pct":99.3,"length_m":279}},{"type":"Feature","geometry":{"type":"LineString","coordinates":[[12.6454725,46.165096],[12.6462994,46.16511199999999],[12.646603100000002,46.1651119],[12.6468434,46.1651002],[12.647036300000002,46.165082399999996],[12.647232200000001,46.165060099999984],[12.6481976,46.164934599999995]]},"properties":{"type":"road","highway":"primary","name":"","shade_pct":47.1,"length_m":212}},{"type":"Feature","geometry":{"type":"LineString","coordinates":[[12.6614299,46.1159071],[12.6670815,46.11674390000001]]},"properties":{"type":"road","highway":"track","name":"","shade_pct":100.0,"length_m":447}},{"type":"Feature","geometry":{"type":"LineString","coordinates":[[12.6614299,46.1159071],[12.6612923,46.1168292],[12.6609382,46.1195957],[12.66067,46.12192340000001],[12.6604983,46.12341069999999],[12.660294500000001,46.1241097],[12.660273,46.124429400000004],[12.6602894,46.12587579999999]]},"properties":{"type":"road","highway":"track","name":"","shade_pct":96.8,"length_m":1113}},{"type":"Feature","geometry":{"type":"LineString","coordinates":[[12.6614299,46.1159071],[12.6615497,46.1151038],[12.661517600000002,46.11407],[12.66139,46.113633799999995]]},"properties":{"type":"road","highway":"track","name":"","shade_pct":97.9,"length_m":254}},{"type":"Feature","geometry":{"type":"LineString","coordinates":[[12.6785087,46.1189056],[12.6720804,46.11742829999999],[12.667782,46.11683980000001]]},"properties":{"type":"road","highway":"track","name":"","shade_pct":97.6,"length_m":862}},{"type":"Feature","geometry":{"type":"LineString","coordinates":[[12.6785087,46.1189056],[12.681863,46.11974749999997],[12.6822075,46.11982009999999]]},"properties":{"type":"road","highway":"track","name":"","shade_pct":100.0,"length_m":303}},{"type":"Feature","geometry":{"type":"LineString","coordinates":[[12.6785087,46.1189056],[12.678375200000001,46.119431899999974],[12.6780957,46.12009979999999],[12.6778861,46.12072180000002],[12.6776948,46.1211883],[12.6775403,46.12163700000001],[12.677330700000002,46.12216979999999],[12.677224000000002,46.12247059999999],[12.6771872,46.122603199999986],[12.6771137,46.12279440000002],[12.677058500000001,46.1229856],[12.6769923,46.12327869999999],[12.6769298,46.123571899999995],[12.6769022,46.123788600000005],[12.6769246,46.12381229999997]]},"properties":{"type":"road","highway":"track","name":"","shade_pct":92.9,"length_m":561}},{"type":"Feature","geometry":{"type":"LineString","coordinates":[[12.658290100000002,46.1320241],[12.6582572,46.1326695],[12.6582425,46.1328309],[12.658214900000003,46.133036699999984],[12.6580911,46.13352239999998],[12.6576733,46.135164499999995],[12.6576151,46.1357407],[12.657613199999998,46.1362081]]},"properties":{"type":"road","highway":"tertiary","name":"Via San Martino","shade_pct":29.9,"length_m":469}},{"type":"Feature","geometry":{"type":"LineString","coordinates":[[12.658290100000002,46.1320241],[12.6577339,46.1322027],[12.6574506,46.13227930000001],[12.657316200000002,46.13238239999999],[12.657273,46.132482200000005],[12.6571674,46.132585399999996],[12.6568793,46.1327684],[12.656692,46.13287479999998],[12.6566056,46.13295800000001],[12.6563848,46.1332076],[12.656063100000003,46.13352699999999],[12.6556454,46.1338164],[12.6553477,46.1339695],[12.6548489,46.1340778]]},"properties":{"type":"road","highway":"track","name":"","shade_pct":51.9,"length_m":363}},{"type":"Feature","geometry":{"type":"LineString","coordinates":[[12.666406500000003,46.13298339999999],[12.6667802,46.132977499999996],[12.667576200000001,46.13304479999999],[12.6683334,46.13315690000002],[12.6689558,46.13325]]},"properties":{"type":"road","highway":"unclassified","name":"Via di Siesto","shade_pct":100.0,"length_m":200}},{"type":"Feature","geometry":{"type":"LineString","coordinates":[[12.666406500000003,46.13298339999999],[12.6664214,46.1330503],[12.6664656,46.1331098],[12.66645,46.13320529999999],[12.6664578,46.13333149999998],[12.6665061,46.13370350000001],[12.6665098,46.13403610000001],[12.6665006,46.134203],[12.6665264,46.134473200000016],[12.6665889,46.13464270000001],[12.666622000000002,46.13475989999998],[12.666677199999999,46.1348733],[12.6667294,46.13493059999999],[12.666823,46.1350712],[12.666901000000001,46.13522969999999],[12.6669166,46.1353523],[12.666927,46.135496500000016],[12.6669322,46.13571269999999],[12.666927,46.1359506],[12.666927,46.1362065],[12.6669582,46.1363903],[12.6670467,46.136631799999996],[12.6670935,46.136825399999985],[12.667145500000002,46.1369101],[12.667210500000001,46.136984],[12.667291100000002,46.137043399999996],[12.6673353,46.137093899999996],[12.6673822,46.1372236],[12.6673978,46.137356999999994],[12.6674368,46.13764710000001],[12.6674914,46.1378544],[12.667535600000003,46.13807059999999],[12.667561600000003,46.13825439999999],[12.6676272,46.138518799999986],[12.6677522,46.1389113],[12.6677302,46.1390081],[12.667759600000002,46.1392324],[12.6679214,46.139686],[12.667995000000001,46.13992040000001],[12.6680538,46.140205900000005],[12.668156800000002,46.14050660000002],[12.6682487,46.140707899999995],[12.6683444,46.1408022],[12.6684657,46.140860799999984],[12.668620200000001,46.1408939],[12.668771000000001,46.140893900000016],[12.669054200000001,46.14090919999997],[12.6693558,46.1408812],[12.6696868,46.14087349999999],[12.6698781,46.14090409999999],[12.6701796,46.14093470000002],[12.6703709,46.1409704],[12.6705133,46.1409974]]},"properties":{"type":"road","highway":"track","name":"","shade_pct":95.3,"length_m":1065}},{"type":"Feature","geometry":{"type":"LineString","coordinates":[[12.6689558,46.13325],[12.6683334,46.13315690000002],[12.667576200000001,46.13304479999999],[12.6667802,46.132977499999996],[12.666406500000003,46.13298339999999]]},"properties":{"type":"road","highway":"unclassified","name":"Via di Siesto","shade_pct":100.0,"length_m":200}},{"type":"Feature","geometry":{"type":"LineString","coordinates":[[12.6689558,46.13325],[12.669893100000001,46.133390099999986],[12.6713881,46.133695100000004],[12.672905300000002,46.1341501]]},"properties":{"type":"road","highway":"unclassified","name":"Via di Siesto","shade_pct":93.6,"length_m":322}},{"type":"Feature","geometry":{"type":"LineString","coordinates":[[12.6689558,46.13325],[12.6689512,46.13332879999997],[12.6690113,46.13360849999999],[12.669086800000002,46.1338086],[12.669185600000002,46.1341059],[12.6692376,46.13442489999999],[12.6692272,46.134603299999995],[12.669201200000002,46.13474209999999],[12.6691882,46.134983600000005],[12.6692064,46.13515120000001],[12.669240600000002,46.13537070000001],[12.6693141,46.1356995],[12.669391400000002,46.135900799999995],[12.669487000000002,46.13605879999999],[12.6695164,46.136199],[12.6696599,46.1366985],[12.6697518,46.13696359999998],[12.6698658,46.137261799999976],[12.670009300000002,46.1376619],[12.6700755,46.137886200000004],[12.6701674,46.1381104],[12.6702851,46.1383806],[12.670391800000003,46.138607400000005],[12.6705131,46.13888009999999],[12.670594,46.13907119999998],[12.6706819,46.13939679999998],[12.670702700000001,46.139526499999995],[12.6707599,46.139714],[12.6708555,46.13987809999999],[12.6709134,46.13995640000001],[12.670938900000001,46.1400191]]},"properties":{"type":"road","highway":"track","name":"","shade_pct":100.0,"length_m":773}},{"type":"Feature","geometry":{"type":"LineString","coordinates":[[12.672905300000002,46.1341501],[12.674652600000002,46.13467399999999]]},"properties":{"type":"road","highway":"unclassified","name":"Via di Siesto","shade_pct":58.1,"length_m":147}},{"type":"Feature","geometry":{"type":"LineString","coordinates":[[12.672905300000002,46.1341501],[12.6713881,46.133695100000004],[12.669893100000001,46.133390099999986],[12.6689558,46.13325]]},"properties":{"type":"road","highway":"unclassified","name":"Via di Siesto","shade_pct":93.6,"length_m":322}},{"type":"Feature","geometry":{"type":"LineString","coordinates":[[12.672905300000002,46.1341501],[12.672907800000003,46.134251299999995],[12.6728655,46.13438129999998],[12.6727975,46.134476899999974],[12.672727600000002,46.13469479999999],[12.6726099,46.13498909999999],[12.6725271,46.135196900000004],[12.6724591,46.1353536],[12.672403900000003,46.1354594],[12.6723304,46.13566449999999],[12.6723046,46.135785600000006],[12.672269700000001,46.135928299999996],[12.6722108,46.1361156],[12.6721832,46.136280000000006],[12.6721008,46.13661190000001],[12.6720236,46.1368463],[12.6718481,46.13746189999999],[12.6717649,46.1378656],[12.671515200000002,46.1384855],[12.6714591,46.13865140000002],[12.6713395,46.138977600000004],[12.6712537,46.139141499999994],[12.671069,46.13936859999999],[12.6710482,46.13950200000001],[12.6709832,46.139838899999994],[12.670938900000001,46.1400191]]},"properties":{"type":"road","highway":"track","name":"","shade_pct":99.2,"length_m":673}},{"type":"Feature","geometry":{"type":"LineString","coordinates":[[12.672905300000002,46.1341501],[12.6731425,46.1338068],[12.6732969,46.13348049999999],[12.6734501,46.13312530000001],[12.6738057,46.1323373]]},"properties":{"type":"road","highway":"track","name":"","shade_pct":78.4,"length_m":214}},{"type":"Feature","geometry":{"type":"LineString","coordinates":[[12.674652600000002,46.13467399999999],[12.672905300000002,46.1341501]]},"properties":{"type":"road","highway":"unclassified","name":"Via di Siesto","shade_pct":58.1,"length_m":147}},{"type":"Feature","geometry":{"type":"LineString","coordinates":[[12.674652600000002,46.13467399999999],[12.6745875,46.134848899999994]]},"properties":{"type":"road","highway":"track","name":"","shade_pct":96.2,"length_m":20}},{"type":"Feature","geometry":{"type":"LineString","coordinates":[[12.674652600000002,46.13467399999999],[12.6757468,46.13500210000001],[12.6775184,46.135604399999984]]},"properties":{"type":"road","highway":"unclassified","name":"Via di Siesto","shade_pct":100.0,"length_m":244}},{"type":"Feature","geometry":{"type":"LineString","coordinates":[[12.660432300000002,46.13530599999999],[12.6586883,46.13614759999998],[12.6581574,46.13641209999997]]},"properties":{"type":"road","highway":"unclassified","name":"Via dell'Industria","shade_pct":34.1,"length_m":215}},{"type":"Feature","geometry":{"type":"LineString","coordinates":[[12.650886,46.1381668],[12.650934,46.1379363],[12.6510161,46.137720499999986],[12.6511432,46.13751580000001],[12.651743999999999,46.137144],[12.6527739,46.136519500000006],[12.6531952,46.136199000000005]]},"properties":{"type":"road","highway":"track","name":"","shade_pct":89.2,"length_m":291}},{"type":"Feature","geometry":{"type":"LineString","coordinates":[[12.650886,46.1381668],[12.6506499,46.13805099999999],[12.6504353,46.137932],[12.650188600000002,46.137486],[12.650006200000002,46.13692840000001],[12.6499311,46.13644519999999],[12.6499204,46.13617750000001],[12.6500813,46.1358727]]},"properties":{"type":"road","highway":"track","name":"","shade_pct":100.0,"length_m":280}},{"type":"Feature","geometry":{"type":"LineString","coordinates":[[12.650886,46.1381668],[12.650677100000001,46.13818719999998],[12.650216500000003,46.138359599999994],[12.649676500000002,46.1385834],[12.6494319,46.1387026]]},"properties":{"type":"road","highway":"track","name":"","shade_pct":100.0,"length_m":128}},{"type":"Feature","geometry":{"type":"LineString","coordinates":[[12.670938900000001,46.1400191],[12.6709073,46.14016759999998],[12.670808500000001,46.1404433],[12.6707486,46.14055319999999],[12.670636800000002,46.140762200000005],[12.6705133,46.1409974]]},"properties":{"type":"road","highway":"track","name":"","shade_pct":100.0,"length_m":114}},{"type":"Feature","geometry":{"type":"LineString","coordinates":[[12.670938900000001,46.1400191],[12.6709832,46.139838899999994],[12.6710482,46.13950200000001],[12.671069,46.13936859999999],[12.6712537,46.139141499999994],[12.6713395,46.138977600000004],[12.6714591,46.13865140000002],[12.671515200000002,46.1384855],[12.6717649,46.1378656],[12.6718481,46.13746189999999],[12.6720236,46.1368463],[12.6721008,46.13661190000001],[12.6721832,46.136280000000006],[12.6722108,46.1361156],[12.672269700000001,46.135928299999996],[12.6723046,46.135785600000006],[12.6723304,46.13566449999999],[12.672403900000003,46.1354594],[12.6724591,46.1353536],[12.6725271,46.135196900000004],[12.6726099,46.13498909999999],[12.672727600000002,46.13469479999999],[12.6727975,46.134476899999974],[12.6728655,46.13438129999998],[12.672907800000003,46.134251299999995],[12.672905300000002,46.1341501]]},"properties":{"type":"road","highway":"track","name":"","shade_pct":99.2,"length_m":673}},{"type":"Feature","geometry":{"type":"LineString","coordinates":[[12.670938900000001,46.1400191],[12.6709134,46.13995640000001],[12.6708555,46.13987809999999],[12.6707599,46.139714],[12.670702700000001,46.139526499999995],[12.6706819,46.13939679999998],[12.670594,46.13907119999998],[12.6705131,46.13888009999999],[12.670391800000003,46.138607400000005],[12.6702851,46.1383806],[12.6701674,46.1381104],[12.6700755,46.137886200000004],[12.670009300000002,46.1376619],[12.6698658,46.137261799999976],[12.6697518,46.13696359999998],[12.6696599,46.1366985],[12.6695164,46.136199],[12.669487000000002,46.13605879999999],[12.669391400000002,46.135900799999995],[12.6693141,46.1356995],[12.669240600000002,46.13537070000001],[12.6692064,46.13515120000001],[12.6691882,46.134983600000005],[12.669201200000002,46.13474209999999],[12.6692272,46.134603299999995],[12.6692376,46.13442489999999],[12.669185600000002,46.1341059],[12.669086800000002,46.1338086],[12.6690113,46.13360849999999],[12.6689512,46.13332879999997],[12.6689558,46.13325]]},"properties":{"type":"road","highway":"track","name":"","shade_pct":100.0,"length_m":773}},{"type":"Feature","geometry":{"type":"LineString","coordinates":[[12.6705133,46.1409974],[12.670373400000003,46.14127969999999],[12.6701638,46.1416926],[12.6699983,46.14202889999999],[12.669847500000001,46.14235510000001],[12.669785,46.1426991]]},"properties":{"type":"road","highway":"track","name":"","shade_pct":100.0,"length_m":198}},{"type":"Feature","geometry":{"type":"LineString","coordinates":[[12.6705133,46.1409974],[12.670636800000002,46.140762200000005],[12.6707486,46.14055319999999],[12.670808500000001,46.1404433],[12.6709073,46.14016759999998],[12.670938900000001,46.1400191]]},"properties":{"type":"road","highway":"track","name":"","shade_pct":100.0,"length_m":114}},{"type":"Feature","geometry":{"type":"LineString","coordinates":[[12.6705133,46.1409974],[12.6703709,46.1409704],[12.6701796,46.14093470000002],[12.6698781,46.14090409999999],[12.6696868,46.14087349999999],[12.6693558,46.1408812],[12.669054200000001,46.14090919999997],[12.668771000000001,46.140893900000016],[12.668620200000001,46.1408939],[12.6684657,46.140860799999984],[12.6683444,46.1408022],[12.6682487,46.140707899999995],[12.668156800000002,46.14050660000002],[12.6680538,46.140205900000005],[12.667995000000001,46.13992040000001],[12.6679214,46.139686],[12.667759600000002,46.1392324],[12.6677302,46.1390081],[12.6677522,46.1389113],[12.6676272,46.138518799999986],[12.667561600000003,46.13825439999999],[12.667535600000003,46.13807059999999],[12.6674914,46.1378544],[12.6674368,46.13764710000001],[12.6673978,46.137356999999994],[12.6673822,46.1372236],[12.6673353,46.137093899999996],[12.667291100000002,46.137043399999996],[12.667210500000001,46.136984],[12.667145500000002,46.1369101],[12.6670935,46.136825399999985],[12.6670467,46.136631799999996],[12.6669582,46.1363903],[12.666927,46.1362065],[12.666927,46.1359506],[12.6669322,46.13571269999999],[12.666927,46.135496500000016],[12.6669166,46.1353523],[12.666901000000001,46.13522969999999],[12.666823,46.1350712],[12.6667294,46.13493059999999],[12.666677199999999,46.1348733],[12.666622000000002,46.13475989999998],[12.6665889,46.13464270000001],[12.6665264,46.134473200000016],[12.6665006,46.134203],[12.6665098,46.13403610000001],[12.6665061,46.13370350000001],[12.6664578,46.13333149999998],[12.66645,46.13320529999999],[12.6664656,46.1331098],[12.6664214,46.1330503],[12.666406500000003,46.13298339999999]]},"properties":{"type":"road","highway":"track","name":"","shade_pct":95.3,"length_m":1065}},{"type":"Feature","geometry":{"type":"LineString","coordinates":[[12.669785,46.1426991],[12.6697295,46.14278649999999]]},"properties":{"type":"road","highway":"track","name":"","shade_pct":100.0,"length_m":11}},{"type":"Feature","geometry":{"type":"LineString","coordinates":[[12.669785,46.1426991],[12.669847500000001,46.14235510000001],[12.6699983,46.14202889999999],[12.6701638,46.1416926],[12.670373400000003,46.14127969999999],[12.6705133,46.1409974]]},"properties":{"type":"road","highway":"track","name":"","shade_pct":100.0,"length_m":198}},{"type":"Feature","geometry":{"type":"LineString","coordinates":[[12.669785,46.1426991],[12.6701429,46.14271430000001],[12.6704886,46.14273210000001],[12.670735500000001,46.142759199999986],[12.6713025,46.1428674],[12.6716639,46.14296049999999]]},"properties":{"type":"road","highway":"track","name":"","shade_pct":85.9,"length_m":149}},{"type":"Feature","geometry":{"type":"LineString","coordinates":[[12.6697295,46.14278649999999],[12.669785,46.1426991]]},"properties":{"type":"road","highway":"track","name":"","shade_pct":100.0,"length_m":11}},{"type":"Feature","geometry":{"type":"LineString","coordinates":[[12.6697295,46.14278649999999],[12.6696679,46.1427801],[12.6695787,46.14278970000001],[12.668868200000002,46.14283529999999],[12.668368,46.14285569999999],[12.667603,46.1428862],[12.6670219,46.1428862],[12.666433500000002,46.142916799999995],[12.666065700000003,46.1430646],[12.6660175,46.14313519999998]]},"properties":{"type":"road","highway":"track","name":"","shade_pct":96.8,"length_m":297}},{"type":"Feature","geometry":{"type":"LineString","coordinates":[[12.6697295,46.14278649999999],[12.6696673,46.1428699],[12.669404,46.1435419],[12.6692608,46.14396229999999],[12.6691064,46.1443216],[12.668871,46.14471909999999],[12.6686568,46.1451064],[12.6684799,46.14546679999999],[12.6683575,46.1456806],[12.668317500000002,46.145718599999974]]},"properties":{"type":"road","highway":"track","name":"","shade_pct":87.9,"length_m":345}},{"type":"Feature","geometry":{"type":"LineString","coordinates":[[12.6716639,46.14296049999999],[12.6718073,46.1426751],[12.6718753,46.142558299999976]]},"properties":{"type":"road","highway":"track","name":"","shade_pct":99.2,"length_m":48}},{"type":"Feature","geometry":{"type":"LineString","coordinates":[[12.6716639,46.14296049999999],[12.6715241,46.1433046],[12.671502,46.1434218]]},"properties":{"type":"road","highway":"track","name":"","shade_pct":100.0,"length_m":53}},{"type":"Feature","geometry":{"type":"LineString","coordinates":[[12.6716639,46.14296049999999],[12.6713025,46.1428674],[12.670735500000001,46.142759199999986],[12.6704886,46.14273210000001],[12.6701429,46.14271430000001],[12.669785,46.1426991]]},"properties":{"type":"road","highway":"track","name":"","shade_pct":85.9,"length_m":149}},{"type":"Feature","geometry":{"type":"LineString","coordinates":[[12.6660175,46.14313519999998],[12.666065700000003,46.1430646],[12.666433500000002,46.142916799999995],[12.6670219,46.1428862],[12.667603,46.1428862],[12.668368,46.14285569999999],[12.668868200000002,46.14283529999999],[12.6695787,46.14278970000001],[12.6696679,46.1427801],[12.6697295,46.14278649999999]]},"properties":{"type":"road","highway":"track","name":"","shade_pct":96.8,"length_m":297}},{"type":"Feature","geometry":{"type":"LineString","coordinates":[[12.6660175,46.14313519999998],[12.666371100000001,46.14365409999999],[12.6666247,46.14393679999999],[12.6670053,46.1444528],[12.6670495,46.144600600000004],[12.6670862,46.14472539999999],[12.6671267,46.1447535],[12.6671837,46.144799299999995],[12.6672812,46.1448465],[12.6674006,46.1449395],[12.6676434,46.1452096],[12.667757100000001,46.14532299999999],[12.6680596,46.14559010000001],[12.668169900000002,46.14567169999999],[12.6682398,46.14572519999999],[12.6682894,46.145730299999975],[12.668317500000002,46.145718599999974]]},"properties":{"type":"road","highway":"track","name":"","shade_pct":29.9,"length_m":346}},{"type":"Feature","geometry":{"type":"LineString","coordinates":[[12.671502,46.1434218],[12.6717055,46.14346170000002],[12.6721544,46.143576199999984],[12.6723624,46.1436338],[12.672684900000002,46.14369689999999],[12.6729138,46.14374200000001],[12.6731166,46.143796],[12.6733247,46.14383380000001],[12.6735692,46.14387349999999],[12.6737798,46.1439528],[12.6739578,46.144042600000006],[12.6741282,46.14409470000002]]},"properties":{"type":"road","highway":"track","name":"","shade_pct":99.5,"length_m":218}},{"type":"Feature","geometry":{"type":"LineString","coordinates":[[12.671502,46.1434218],[12.6715241,46.1433046],[12.6716639,46.14296049999999]]},"properties":{"type":"road","highway":"track","name":"","shade_pct":100.0,"length_m":53}},{"type":"Feature","geometry":{"type":"LineString","coordinates":[[12.671502,46.1434218],[12.6714322,46.143702099999985],[12.6713181,46.1440283],[12.671178400000002,46.14443849999999],[12.6710938,46.14475699999999],[12.671042300000002,46.1449533],[12.6709614,46.14513929999999],[12.6708363,46.1453661],[12.6706782,46.14557500000001],[12.6705936,46.14580689999999],[12.6705164,46.1461127],[12.6704612,46.1463446],[12.670277300000002,46.14669109999999],[12.6701598,46.14686929999998]]},"properties":{"type":"road","highway":"track","name":"","shade_pct":84.9,"length_m":399}},{"type":"Feature","geometry":{"type":"LineString","coordinates":[[12.668317500000002,46.145718599999974],[12.668655100000002,46.145946],[12.6693294,46.146397199999996],[12.6697998,46.1466755],[12.6701598,46.14686929999998]]},"properties":{"type":"road","highway":"unclassified","name":"","shade_pct":39.6,"length_m":192}},{"type":"Feature","geometry":{"type":"LineString","coordinates":[[12.668317500000002,46.145718599999974],[12.6682894,46.145730299999975],[12.6682398,46.14572519999999],[12.668169900000002,46.14567169999999],[12.6680596,46.14559010000001],[12.667757100000001,46.14532299999999],[12.6676434,46.1452096],[12.6674006,46.1449395],[12.6672812,46.1448465],[12.6671837,46.144799299999995],[12.6671267,46.1447535],[12.6670862,46.14472539999999],[12.6670495,46.144600600000004],[12.6670053,46.1444528],[12.6666247,46.14393679999999],[12.666371100000001,46.14365409999999],[12.6660175,46.14313519999998]]},"properties":{"type":"road","highway":"track","name":"","shade_pct":29.9,"length_m":346}},{"type":"Feature","geometry":{"type":"LineString","coordinates":[[12.668317500000002,46.145718599999974],[12.6683575,46.1456806],[12.6684799,46.14546679999999],[12.6686568,46.1451064],[12.668871,46.14471909999999],[12.6691064,46.1443216],[12.6692608,46.14396229999999],[12.669404,46.1435419],[12.6696673,46.1428699],[12.6697295,46.14278649999999]]},"properties":{"type":"road","highway":"track","name":"","shade_pct":87.9,"length_m":345}},{"type":"Feature","geometry":{"type":"LineString","coordinates":[[12.6701598,46.14686929999998],[12.6697998,46.1466755],[12.6693294,46.146397199999996],[12.668655100000002,46.145946],[12.668317500000002,46.145718599999974]]},"properties":{"type":"road","highway":"unclassified","name":"","shade_pct":39.6,"length_m":192}},{"type":"Feature","geometry":{"type":"LineString","coordinates":[[12.6701598,46.14686929999998],[12.670277300000002,46.14669109999999],[12.6704612,46.1463446],[12.6705164,46.1461127],[12.6705936,46.14580689999999],[12.6706782,46.14557500000001],[12.6708363,46.1453661],[12.6709614,46.14513929999999],[12.671042300000002,46.1449533],[12.6710938,46.14475699999999],[12.671178400000002,46.14443849999999],[12.6713181,46.1440283],[12.6714322,46.143702099999985],[12.671502,46.1434218]]},"properties":{"type":"road","highway":"track","name":"","shade_pct":84.9,"length_m":399}},{"type":"Feature","geometry":{"type":"LineString","coordinates":[[12.6678968,46.14738079999999],[12.6676711,46.14740519999999],[12.667243900000003,46.14747619999999],[12.666890700000002,46.1475275],[12.6665034,46.14763799999999],[12.666081900000002,46.1478353],[12.6657174,46.14806020000004],[12.6655123,46.1482259],[12.6653016,46.148446899999996],[12.6650795,46.14870339999998],[12.6648801,46.14893229999999],[12.664726300000002,46.14916509999998],[12.6645384,46.1494532],[12.664464200000001,46.149576]]},"properties":{"type":"road","highway":"track","name":"","shade_pct":24.7,"length_m":384}},{"type":"Feature","geometry":{"type":"LineString","coordinates":[[12.6678968,46.14738079999999],[12.6681267,46.1473618],[12.6685767,46.14732620000001],[12.668850100000002,46.1473006],[12.6690324,46.147300599999994],[12.6692801,46.14731239999997],[12.6694795,46.14732029999999],[12.669727200000002,46.147344000000004],[12.6699722,46.147405200000016]]},"properties":{"type":"road","highway":"track","name":"","shade_pct":53.2,"length_m":162}},{"type":"Feature","geometry":{"type":"LineString","coordinates":[[12.6678968,46.14738079999999],[12.6678535,46.1474315],[12.667810500000002,46.1475702],[12.6677543,46.147781800000004],[12.667672,46.1480594],[12.667642,46.148202],[12.6676121,46.14837579999999],[12.6675896,46.1486507],[12.6675372,46.14891529999999],[12.667481,46.1494833],[12.6674286,46.149898300000004],[12.6674345,46.150212399999994],[12.6674275,46.1504011],[12.6673948,46.15044]]},"properties":{"type":"road","highway":"track","name":"","shade_pct":98.2,"length_m":344}},{"type":"Feature","geometry":{"type":"LineString","coordinates":[[12.661897600000001,46.1527501],[12.6620053,46.15272039999999],[12.662042200000002,46.15270019999998],[12.662131300000002,46.152572499999984],[12.6622081,46.1524448],[12.662318700000002,46.1523299],[12.6624446,46.152212799999965],[12.662589,46.1521362],[12.6626904,46.152117],[12.662782600000002,46.15211699999999],[12.6628655,46.1521553],[12.6629792,46.1522256],[12.6631236,46.1522256],[12.663375500000003,46.15213620000001],[12.6635137,46.15210429999999],[12.6637657,46.15208939999999],[12.6640452,46.152063799999986],[12.6642787,46.1520128],[12.6643689,46.15197429999997]]},"properties":{"type":"road","highway":"track","name":"","shade_pct":87.4,"length_m":237}},{"type":"Feature","geometry":{"type":"LineString","coordinates":[[12.680928,46.13330950000001],[12.6811831,46.1329352],[12.6818257,46.132011099999986],[12.682313200000001,46.131309300000005],[12.6833312,46.129830299999995],[12.683818700000002,46.12913669999998],[12.684002299999998,46.128759300000006],[12.6841207,46.1284187],[12.6842876,46.128128999999994]]},"properties":{"type":"road","highway":"unclassified","name":"Via Antonio dell'Agnolo - Pellegrin","shade_pct":46.4,"length_m":633}},{"type":"Feature","geometry":{"type":"LineString","coordinates":[[12.6470313,46.1007397],[12.647087700000002,46.100749499999985],[12.6471616,46.10077139999999],[12.6472074,46.10083010000001],[12.6472497,46.1009497],[12.6473307,46.101235499999994],[12.647425800000002,46.1014894],[12.6474857,46.101694599999995],[12.6475561,46.10182769999999],[12.6476407,46.1019083],[12.6477193,46.10195510000001]]},"properties":{"type":"road","highway":"track","name":"","shade_pct":41.3,"length_m":151}},{"type":"Feature","geometry":{"type":"LineString","coordinates":[[12.6470313,46.1007397],[12.6467989,46.10076169999999],[12.6464009,46.10081300000001],[12.6459712,46.10086419999999],[12.6455203,46.10092769999999],[12.6448617,46.1010254],[12.6442559,46.10111820000001],[12.643562,46.1012135],[12.6432415,46.1012794],[12.6429844,46.101352699999985],[12.6427062,46.101426],[12.6423997,46.10153589999998],[12.6420334,46.10166039999999],[12.6417481,46.101763],[12.641329,46.1019242],[12.6410155,46.1020365],[12.6407091,46.102144],[12.6403358,46.102295399999996],[12.6398638,46.102463900000004],[12.6395563,46.102568699999985],[12.639313400000002,46.10266029999999],[12.6390357,46.102763],[12.6389772,46.102796700000006]]},"properties":{"type":"road","highway":"track","name":"","shade_pct":99.0,"length_m":670}},{"type":"Feature","geometry":{"type":"LineString","coordinates":[[12.6477193,46.10195510000001],[12.648013,46.101915799999986],[12.649072800000003,46.1017884],[12.650312200000002,46.10166669999999],[12.651692400000002,46.10141439999999]]},"properties":{"type":"road","highway":"residential","name":"Via San Martino","shade_pct":39.7,"length_m":313}},{"type":"Feature","geometry":{"type":"LineString","coordinates":[[12.6477193,46.10195510000001],[12.6476407,46.1019083],[12.6475561,46.10182769999999],[12.6474857,46.101694599999995],[12.647425800000002,46.1014894],[12.6473307,46.101235499999994],[12.6472497,46.1009497],[12.6472074,46.10083010000001],[12.6471616,46.10077139999999],[12.647087700000002,46.100749499999985],[12.6470313,46.1007397]]},"properties":{"type":"road","highway":"track","name":"","shade_pct":41.3,"length_m":151}},{"type":"Feature","geometry":{"type":"LineString","coordinates":[[12.6389772,46.102796700000006],[12.639000500000002,46.102640199999996]]},"properties":{"type":"road","highway":"track","name":"","shade_pct":38.5,"length_m":17}},{"type":"Feature","geometry":{"type":"LineString","coordinates":[[12.6389772,46.102796700000006],[12.6390357,46.102763],[12.639313400000002,46.10266029999999],[12.6395563,46.102568699999985],[12.6398638,46.102463900000004],[12.6403358,46.102295399999996],[12.6407091,46.102144],[12.6410155,46.1020365],[12.641329,46.1019242],[12.6417481,46.101763],[12.6420334,46.10166039999999],[12.6423997,46.10153589999998],[12.6427062,46.101426],[12.6429844,46.101352699999985],[12.6432415,46.1012794],[12.643562,46.1012135],[12.6442559,46.10111820000001],[12.6448617,46.1010254],[12.6455203,46.10092769999999],[12.6459712,46.10086419999999],[12.6464009,46.10081300000001],[12.6467989,46.10076169999999],[12.6470313,46.1007397]]},"properties":{"type":"road","highway":"track","name":"","shade_pct":99.0,"length_m":670}},{"type":"Feature","geometry":{"type":"LineString","coordinates":[[12.6462948,46.11019829999999],[12.646191200000002,46.110268199999986],[12.6455933,46.11074919999999],[12.6454155,46.11089649999999],[12.645174600000002,46.1110317],[12.6436545,46.111835600000006],[12.6431861,46.11200229999999],[12.643031200000001,46.1120814]]},"properties":{"type":"road","highway":"unclassified","name":"","shade_pct":21.4,"length_m":330}},{"type":"Feature","geometry":{"type":"LineString","coordinates":[[12.6462948,46.11019829999999],[12.646466100000001,46.1100826],[12.646823500000002,46.10987639999999],[12.647229,46.109752699999994],[12.6477444,46.109587799999986],[12.6482186,46.10942969999999],[12.6487203,46.1091067],[12.6503649,46.1080374],[12.6516964,46.107201400000015],[12.652722200000001,46.10650709999999]]},"properties":{"type":"road","highway":"unclassified","name":"","shade_pct":41.7,"length_m":649}},{"type":"Feature","geometry":{"type":"LineString","coordinates":[[12.6462948,46.11019829999999],[12.6463683,46.110284699999994],[12.6464899,46.11045070000002],[12.6466985,46.1108375],[12.646912600000002,46.111203499999995],[12.647072000000001,46.11144519999998],[12.6471866,46.11160749999999],[12.647316100000001,46.11176290000001],[12.6473161,46.111883799999994],[12.647266300000002,46.1120633],[12.6472364,46.11218419999998],[12.647236400000002,46.11228429999998],[12.6473061,46.1124639],[12.6474058,46.11269519999999]]},"properties":{"type":"road","highway":"track","name":"","shade_pct":56.1,"length_m":297}},{"type":"Feature","geometry":{"type":"LineString","coordinates":[[12.6483671,46.1119597],[12.6485763,46.11196320000001],[12.6487955,46.11203219999999],[12.648895100000003,46.11214269999998],[12.6490644,46.1123119],[12.6491292,46.11245009999998],[12.6491491,46.1125709],[12.6491093,46.112781600000005],[12.6490794,46.11294389999999],[12.649059500000002,46.11315789999999],[12.6490943,46.113385799999975],[12.6490794,46.113603400000024],[12.649089400000001,46.11378980000001],[12.6490445,46.11406260000001],[12.6490246,46.114180000000005],[12.6490395,46.1143458],[12.649059500000002,46.11449429999999],[12.6490395,46.11464959999999],[12.649044500000002,46.114780799999984],[12.649044500000002,46.1149017],[12.6490699,46.11497219999998]]},"properties":{"type":"road","highway":"track","name":"","shade_pct":50.4,"length_m":370}},{"type":"Feature","geometry":{"type":"LineString","coordinates":[[12.6474058,46.11269519999999],[12.6473061,46.1124639],[12.647236400000002,46.11228429999998],[12.6472364,46.11218419999998],[12.647266300000002,46.1120633],[12.6473161,46.111883799999994],[12.647316100000001,46.11176290000001],[12.6471866,46.11160749999999],[12.647072000000001,46.11144519999998],[12.646912600000002,46.111203499999995],[12.6466985,46.1108375],[12.6464899,46.11045070000002],[12.6463683,46.110284699999994],[12.6462948,46.11019829999999]]},"properties":{"type":"road","highway":"track","name":"","shade_pct":56.1,"length_m":297}},{"type":"Feature","geometry":{"type":"LineString","coordinates":[[12.635053200000002,46.11359639999999],[12.6352214,46.1137607],[12.6354375,46.1140411],[12.6355111,46.1145238],[12.6356352,46.114854799999996],[12.6358466,46.115103],[12.636117900000002,46.11540639999999],[12.6362788,46.115723599999995],[12.6366337,46.116192600000005],[12.6368319,46.1164432],[12.6370331,46.11663109999999],[12.6372371,46.11679069999999]]},"properties":{"type":"road","highway":"track","name":"","shade_pct":97.7,"length_m":399}},{"type":"Feature","geometry":{"type":"LineString","coordinates":[[12.635053200000002,46.11359639999999],[12.6349546,46.1136704],[12.6348683,46.11373939999998],[12.634837100000002,46.11377639999999]]},"properties":{"type":"road","highway":"track","name":"","shade_pct":32.5,"length_m":26}},{"type":"Feature","geometry":{"type":"LineString","coordinates":[[12.634837100000002,46.11377639999999],[12.6348683,46.11373939999998],[12.6349546,46.1136704],[12.635053200000002,46.11359639999999]]},"properties":{"type":"road","highway":"track","name":"","shade_pct":32.5,"length_m":26}},{"type":"Feature","geometry":{"type":"LineString","coordinates":[[12.6327309,46.1169538],[12.6327079,46.116967699999975],[12.6326693,46.117013],[12.6326132,46.11709780000001],[12.632577100000002,46.1171858],[12.6325173,46.1173196],[12.6324824,46.117404199999996],[12.632431,46.11762269999999],[12.6323812,46.117826400000006],[12.6323663,46.1179235],[12.632334599999998,46.118003400000006],[12.6322692,46.11807399999999]]},"properties":{"type":"road","highway":"track","name":"","shade_pct":27.0,"length_m":131}},{"type":"Feature","geometry":{"type":"LineString","coordinates":[[12.6461803,46.118142],[12.646411300000002,46.11863629999999],[12.646851200000002,46.11946919999999],[12.647022900000001,46.11979639999999],[12.6471052,46.1199551],[12.6471689,46.120077899999984],[12.647366200000002,46.12045829999999],[12.6476376,46.1209498],[12.6480668,46.12161169999998],[12.6486644,46.12264459999999],[12.648728700000001,46.12287509999997],[12.648836,46.12322460000001],[12.6489465,46.1236493],[12.6490613,46.1239162],[12.649125700000003,46.1240278],[12.6492684,46.124236700000004],[12.6494905,46.124637499999984],[12.6496943,46.1250614],[12.6498231,46.1253737],[12.6499336,46.125664399999984],[12.6500131,46.12583199999999]]},"properties":{"type":"road","highway":"track","name":"","shade_pct":32.8,"length_m":907}},{"type":"Feature","geometry":{"type":"LineString","coordinates":[[12.6461803,46.118142],[12.646544,46.118016199999985],[12.646713400000001,46.117971299999994],[12.6471368,46.1178884],[12.647535300000001,46.11778480000001],[12.6478541,46.1176709],[12.648098100000002,46.11757419999999],[12.648402,46.11743260000001],[12.6486311,46.11729449999999],[12.6487656,46.1171115],[12.6489449,46.11687669999999],[12.649074400000002,46.1166903],[12.6492537,46.11648310000001],[12.649353300000001,46.1162552],[12.6493708,46.11619799999999]]},"properties":{"type":"road","highway":"track","name":"","shade_pct":21.6,"length_m":349}},{"type":"Feature","geometry":{"type":"LineString","coordinates":[[12.632178000000001,46.118192799999996],[12.6322692,46.11807399999999]]},"properties":{"type":"road","highway":"unclassified","name":"","shade_pct":97.8,"length_m":15}},{"type":"Feature","geometry":{"type":"LineString","coordinates":[[12.632178000000001,46.118192799999996],[12.632098100000002,46.118297],[12.632068100000001,46.11836370000001]]},"properties":{"type":"road","highway":"unclassified","name":"","shade_pct":99.4,"length_m":21}},{"type":"Feature","geometry":{"type":"LineString","coordinates":[[12.643516700000001,46.122228299999996],[12.6434072,46.1220795],[12.6432034,46.121826599999984],[12.6429277,46.12153730000003],[12.642613300000002,46.121231699999996],[12.642305400000001,46.120912699999984],[12.642119800000001,46.120785500000004],[12.6418119,46.1205408],[12.6414439,46.1202352],[12.6410501,46.11978229999998],[12.6409428,46.119640999999994],[12.6405244,46.11933609999999],[12.639888200000001,46.11902299999999],[12.6396339,46.118793199999985],[12.6393946,46.118457799999995],[12.6389687,46.118131299999995],[12.6386973,46.117922299999975],[12.6384537,46.117811499999995],[12.6380655,46.11762779999999],[12.637731400000002,46.117378800000004],[12.6376634,46.117240399999986]]},"properties":{"type":"road","highway":"track","name":"","shade_pct":82.0,"length_m":725}},{"type":"Feature","geometry":{"type":"LineString","coordinates":[[12.643516700000001,46.122228299999996],[12.6435499,46.1222735],[12.6438825,46.1225636],[12.6441722,46.1227495],[12.6445874,46.123128],[12.645177500000003,46.123417999999994],[12.645502600000002,46.1235749],[12.645803,46.123768199999994],[12.645974600000002,46.12390950000001],[12.646819,46.1244144],[12.647251400000002,46.12468289999999],[12.6476805,46.12490599999999],[12.6485388,46.1252703],[12.6494401,46.12559009999998],[12.649815600000002,46.12573879999999],[12.6500131,46.12583199999999]]},"properties":{"type":"road","highway":"track","name":"","shade_pct":52.5,"length_m":649}},{"type":"Feature","geometry":{"type":"LineString","coordinates":[[12.643516700000001,46.122228299999996],[12.643438,46.1222653],[12.6433535,46.12231169999999],[12.6432091,46.1224069],[12.643050600000002,46.12248749999999],[12.6428181,46.12258270000001],[12.6426068,46.1226681],[12.642444800000002,46.1227023],[12.6422018,46.1227877],[12.6419869,46.12284139999999],[12.6417333,46.12292689999999],[12.6414551,46.12299769999999],[12.640976100000001,46.123088],[12.6407894,46.123100199999996],[12.640571000000001,46.12317099999999],[12.6404266,46.12324180000001],[12.640211,46.1233506],[12.640108,46.123408]]},"properties":{"type":"road","highway":"track","name":"","shade_pct":77.9,"length_m":298}},{"type":"Feature","geometry":{"type":"LineString","coordinates":[[12.6399305,46.123561299999984],[12.639927,46.123534399999976],[12.6399411,46.123505099999996],[12.6399904,46.12347339999998],[12.640108,46.123408]]},"properties":{"type":"road","highway":"track","name":"","shade_pct":26.4,"length_m":23}},{"type":"Feature","geometry":{"type":"LineString","coordinates":[[12.6399305,46.123561299999984],[12.6399728,46.1236125],[12.640046700000001,46.12373699999999],[12.6401927,46.1239793],[12.6403422,46.124289999999995],[12.640451700000002,46.12458689999998],[12.6405613,46.12492519999999],[12.640641,46.12522209999998],[12.640680900000001,46.12558109999999],[12.6407905,46.1260506],[12.64091,46.12637519999999],[12.6411192,46.126685800000004],[12.6413085,46.12715529999998],[12.6416372,46.12761099999999],[12.641868400000002,46.12797089999997],[12.6421274,46.1282332],[12.6424064,46.12847489999999],[12.6426056,46.12857849999998],[12.642996600000002,46.12871480000002],[12.6432656,46.128830499999985],[12.6435421,46.129008199999994],[12.643699,46.1291498],[12.643816000000001,46.129329299999995],[12.6440128,46.129584699999995],[12.6441109,46.129789],[12.6442148,46.1299477],[12.644350400000002,46.130117299999995],[12.644493,46.1303236],[12.644655,46.130539600000006],[12.644747000000002,46.130683999999995]]},"properties":{"type":"road","highway":"track","name":"","shade_pct":62.1,"length_m":902}},{"type":"Feature","geometry":{"type":"LineString","coordinates":[[12.6399305,46.123561299999984],[12.6398512,46.1235261],[12.6397965,46.12345940000001],[12.6397353,46.12331689999999],[12.6396763,46.123163899999994],[12.639584500000002,46.12299269999998],[12.6395385,46.12288199999999],[12.6395014,46.12285779999999],[12.6394292,46.1228487],[12.6393112,46.1228517],[12.6390182,46.12290169999999],[12.638957000000001,46.12291079999999],[12.638939500000001,46.1229002],[12.638924200000002,46.12286989999998],[12.6388389,46.12273199999999],[12.638734,46.12252899999999],[12.6386509,46.1223395],[12.6385962,46.122237999999996],[12.6385416,46.1221835]]},"properties":{"type":"road","highway":"track","name":"","shade_pct":91.2,"length_m":217}},{"type":"Feature","geometry":{"type":"LineString","coordinates":[[12.6399305,46.123561299999984],[12.6398163,46.123669],[12.6395597,46.123894099999994],[12.6392876,46.124144799999996],[12.638935100000001,46.1245134],[12.638459000000001,46.125122],[12.6381127,46.12562770000001],[12.6375809,46.12625770000001],[12.637284100000002,46.12671629999999],[12.6370924,46.127101999999994],[12.6370305,46.12722629999999],[12.6369316,46.1273463],[12.636758400000002,46.12748349999998],[12.6366966,46.1275992],[12.6366224,46.12778769999998],[12.6365729,46.1279956],[12.6365606,46.1282377],[12.6365637,46.1283749],[12.6365327,46.12841770000001],[12.6363936,46.1285785],[12.636137,46.12881840000002],[12.6358649,46.1291163],[12.6356175,46.129349899999994],[12.6355062,46.12946989999999]]},"properties":{"type":"road","highway":"track","name":"","shade_pct":99.4,"length_m":751}},{"type":"Feature","geometry":{"type":"LineString","coordinates":[[12.648772500000002,46.1298312],[12.6487122,46.129885],[12.6481161,46.13041779999999],[12.647332800000001,46.131176899999986],[12.6468443,46.131626],[12.6462871,46.132108699999996],[12.6462536,46.1321377]]},"properties":{"type":"road","highway":"unclassified","name":"Via Montereale","shade_pct":45.0,"length_m":322}},{"type":"Feature","geometry":{"type":"LineString","coordinates":[[12.648772500000002,46.1298312],[12.6488705,46.1298413],[12.649049900000001,46.1299104],[12.649154500000002,46.13000699999999],[12.649264,46.130117500000004],[12.6494035,46.130272800000014],[12.6495181,46.130421299999995],[12.649647600000002,46.13059039999998],[12.6497422,46.130735400000006],[12.649871700000002,46.130835499999975],[12.6500361,46.13095630000002],[12.650220399999998,46.131101300000005],[12.6502802,46.1311876],[12.6503698,46.13136359999999],[12.650384800000001,46.131494799999984],[12.6503898,46.13157759999999],[12.6504097,46.13168470000001],[12.6504296,46.1318124],[12.6504695,46.13191939999999],[12.6505492,46.1320506],[12.6506139,46.1321472],[12.6506836,46.1322404],[12.650793200000003,46.132357799999994],[12.650859,46.13249619999999],[12.650998400000002,46.13268949999997],[12.6512176,46.13288279999999],[12.6514169,46.1330899],[12.651646,46.1333729],[12.6518751,46.133690499999986],[12.651924900000001,46.13389759999999],[12.651964800000002,46.1340564],[12.6519747,46.13423589999998],[12.651905,46.13442229999999],[12.651875100000002,46.134498199999975],[12.6518253,46.13462940000001],[12.6516858,46.1349953],[12.6514268,46.13517470000001],[12.6513381,46.13522960000001]]},"properties":{"type":"road","highway":"track","name":"","shade_pct":60.2,"length_m":690}},{"type":"Feature","geometry":{"type":"LineString","coordinates":[[12.644747000000002,46.130683999999995],[12.644702100000002,46.130683999999995],[12.6446025,46.1306944],[12.644448100000002,46.13070819999999],[12.6442514,46.1307479],[12.6438952,46.1307858],[12.643441900000001,46.130851399999976],[12.6431481,46.130917],[12.6426798,46.13103089999999],[12.6423013,46.131130999999996],[12.641957600000001,46.13123460000001],[12.6416388,46.131320900000006],[12.6413001,46.131410599999995],[12.641122400000002,46.131463399999994]]},"properties":{"type":"road","highway":"track","name":"","shade_pct":89.7,"length_m":295}},{"type":"Feature","geometry":{"type":"LineString","coordinates":[[12.644747000000002,46.130683999999995],[12.644655,46.130539600000006],[12.644493,46.1303236],[12.644350400000002,46.130117299999995],[12.6442148,46.1299477],[12.6441109,46.129789],[12.6440128,46.129584699999995],[12.643816000000001,46.129329299999995],[12.643699,46.1291498],[12.6435421,46.129008199999994],[12.6432656,46.128830499999985],[12.642996600000002,46.12871480000002],[12.6426056,46.12857849999998],[12.6424064,46.12847489999999],[12.6421274,46.1282332],[12.641868400000002,46.12797089999997],[12.6416372,46.12761099999999],[12.6413085,46.12715529999998],[12.6411192,46.126685800000004],[12.64091,46.12637519999999],[12.6407905,46.1260506],[12.640680900000001,46.12558109999999],[12.640641,46.12522209999998],[12.6405613,46.12492519999999],[12.640451700000002,46.12458689999998],[12.6403422,46.124289999999995],[12.6401927,46.1239793],[12.640046700000001,46.12373699999999],[12.6399728,46.1236125],[12.6399305,46.123561299999984]]},"properties":{"type":"road","highway":"track","name":"","shade_pct":62.1,"length_m":902}},{"type":"Feature","geometry":{"type":"LineString","coordinates":[[12.641056000000003,46.1314831],[12.6410355,46.131444],[12.6410167,46.1314105],[12.6410073,46.1313659],[12.641011300000002,46.1313241],[12.6410046,46.1312851],[12.6409644,46.13120980000001],[12.6408652,46.13104899999999],[12.6407391,46.13079799999999],[12.6406238,46.13055829999999],[12.640432,46.130185600000004],[12.640316600000002,46.12999409999999],[12.6402697,46.12989839999998],[12.6401906,46.1297924],[12.640153000000002,46.12977099999999],[12.6400696,46.129788500000004],[12.6396805,46.1298673],[12.6392213,46.12993699999999],[12.6388191,46.130006699999974],[12.6383599,46.13013699999999],[12.6380707,46.13022339999999]]},"properties":{"type":"road","highway":"track","name":"","shade_pct":26.7,"length_m":373}},{"type":"Feature","geometry":{"type":"LineString","coordinates":[[12.6405081,46.13164880000002],[12.6403188,46.131741999999996],[12.640039900000001,46.13189039999998],[12.6398805,46.131980199999994],[12.6397809,46.13204919999999],[12.639741,46.13211479999998],[12.6396862,46.132173599999994]]},"properties":{"type":"road","highway":"track","name":"","shade_pct":93.2,"length_m":87}},{"type":"Feature","geometry":{"type":"LineString","coordinates":[[12.685638000000003,46.13103949999997],[12.6856572,46.13100419999999],[12.6856763,46.13095330000001],[12.685652000000001,46.13085349999999],[12.6853867,46.130749999999985],[12.6850253,46.1305676],[12.6847839,46.1304282],[12.6846659,46.130326000000004],[12.684625,46.13022209999999],[12.6846599,46.1301384],[12.6847967,46.12997109999999],[12.684963600000001,46.12973109999999],[12.685187,46.12938210000001],[12.685414300000001,46.12903779999998],[12.6856127,46.12871990000001],[12.685794500000002,46.12847099999999],[12.6859239,46.12829239999999],[12.685995600000002,46.12815869999999],[12.686146500000001,46.127883399999995],[12.6863557,46.127571099999976],[12.686540099999998,46.12732220000001],[12.686711800000001,46.127089799999986],[12.686862,46.1268779],[12.6870531,46.12662859999999],[12.6872375,46.12640019999998],[12.6875198,46.126046799999976],[12.687756100000001,46.1257353],[12.6879161,46.12549489999997],[12.687983100000002,46.125333099999985],[12.6880529,46.12520859999999],[12.688093800000003,46.12514889999997],[12.688295,46.12481059999999],[12.688421,46.1245931],[12.6886349,46.1242828],[12.6889172,46.1238885],[12.6890147,46.123727200000005],[12.6892518,46.123425799999985],[12.6893964,46.1232243],[12.6894879,46.12312090000002],[12.689573200000002,46.1230003],[12.6896595,46.12287359999998],[12.689713800000002,46.1227786],[12.689850000000002,46.1226059],[12.6899747,46.12243840000001]]},"properties":{"type":"road","highway":"track","name":"","shade_pct":51.5,"length_m":1090}},{"type":"Feature","geometry":{"type":"LineString","coordinates":[[12.6835904,46.132501399999995],[12.6834532,46.132583200000006],[12.6833798,46.132631899999986],[12.6833336,46.1327192],[12.6832873,46.132806499999994],[12.6832328,46.1329138],[12.683187700000001,46.132991999999994],[12.6830478,46.13304509999998],[12.6829215,46.1330983],[12.6828042,46.1331577],[12.6827113,46.133283600000006]]},"properties":{"type":"road","highway":"track","name":"","shade_pct":32.4,"length_m":115}},{"type":"Feature","geometry":{"type":"LineString","coordinates":[[12.6247685,46.1229653],[12.624913,46.122955899999994],[12.6251793,46.122955899999994],[12.625371100000002,46.1229653],[12.6254975,46.1230247],[12.6256284,46.1231624]]},"properties":{"type":"road","highway":"track","name":"","shade_pct":100.0,"length_m":77}},{"type":"Feature","geometry":{"type":"LineString","coordinates":[[12.6247685,46.1229653],[12.6245496,46.122980899999995],[12.6242833,46.1230529],[12.624031600000002,46.123099799999984],[12.6238816,46.12313189999999],[12.623812999999998,46.12311090000002],[12.6237364,46.123044500000006],[12.6237044,46.122988299999996],[12.6235555,46.1228569],[12.6234155,46.12273489999998],[12.6233253,46.12269109999999],[12.623230500000002,46.122681699999994],[12.623122100000002,46.122713],[12.6230499,46.12279430000001],[12.6228468,46.1229726],[12.622661700000002,46.12308839999999],[12.6225218,46.1231604],[12.6223303,46.1232223],[12.6221707,46.1232643],[12.621992,46.123303],[12.6217781,46.1233495],[12.621639300000002,46.12337939999999],[12.6214478,46.123422500000004],[12.6212862,46.1234513],[12.621138800000002,46.12347599999999],[12.6209647,46.12351679999999]]},"properties":{"type":"road","highway":"track","name":"","shade_pct":46.4,"length_m":350}},{"type":"Feature","geometry":{"type":"LineString","coordinates":[[12.6256284,46.1231624],[12.6254975,46.1230247],[12.625371100000002,46.1229653],[12.6251793,46.122955899999994],[12.624913,46.122955899999994],[12.6247685,46.1229653]]},"properties":{"type":"road","highway":"track","name":"","shade_pct":100.0,"length_m":77}},{"type":"Feature","geometry":{"type":"LineString","coordinates":[[12.6209647,46.12351679999999],[12.621138800000002,46.12347599999999],[12.6212862,46.1234513],[12.6214478,46.123422500000004],[12.621639300000002,46.12337939999999],[12.6217781,46.1233495],[12.621992,46.123303],[12.6221707,46.1232643],[12.6223303,46.1232223],[12.6225218,46.1231604],[12.622661700000002,46.12308839999999],[12.6228468,46.1229726],[12.6230499,46.12279430000001],[12.623122100000002,46.122713],[12.623230500000002,46.122681699999994],[12.6233253,46.12269109999999],[12.6234155,46.12273489999998],[12.6235555,46.1228569],[12.6237044,46.122988299999996],[12.6237364,46.123044500000006],[12.623812999999998,46.12311090000002],[12.6238816,46.12313189999999],[12.624031600000002,46.123099799999984],[12.6242833,46.1230529],[12.6245496,46.122980899999995],[12.6247685,46.1229653]]},"properties":{"type":"road","highway":"track","name":"","shade_pct":46.4,"length_m":350}},{"type":"Feature","geometry":{"type":"LineString","coordinates":[[12.630943800000002,46.12501360000001],[12.6308608,46.12487419999998],[12.6306789,46.12465519999999],[12.630548,46.124469399999995],[12.6304523,46.1243831],[12.6304203,46.1243101],[12.6304203,46.124184],[12.6304411,46.1240491],[12.6304188,46.1239396],[12.6303549,46.12385769999999],[12.6302671,46.1237881],[12.6301985,46.12378470000001],[12.630042100000002,46.123788100000006],[12.6298889,46.12381429999999],[12.6296814,46.12385630000001],[12.6294836,46.123843099999995],[12.6293543,46.123805499999996],[12.6292059,46.123683799999995],[12.6291408,46.12360939999999],[12.6288384,46.123393500000006],[12.6285224,46.12315889999999],[12.6284096,46.123027499999985],[12.6282696,46.122820999999995],[12.628161300000002,46.1226646],[12.6279717,46.122586399999996],[12.6277821,46.1225739],[12.627610600000002,46.1225707],[12.627551900000002,46.12255510000001],[12.627461700000001,46.122454999999995],[12.6272946,46.1221839],[12.627059300000003,46.121787499999996]]},"properties":{"type":"road","highway":"track","name":"","shade_pct":94.0,"length_m":525}},{"type":"Feature","geometry":{"type":"LineString","coordinates":[[12.6293296,46.1298106],[12.6293295,46.129771899999994],[12.6292768,46.12962259999998],[12.6292401,46.1294866],[12.629174700000002,46.129350499999994],[12.6290918,46.129170499999994],[12.6289789,46.1289875],[12.628877,46.128810599999994],[12.628810700000002,46.12867069999999],[12.628735,46.128499700000006],[12.628688700000001,46.1283495],[12.6286323,46.12819859999999],[12.628577000000002,46.1280288],[12.628522800000002,46.127889599999996],[12.628449400000001,46.127758],[12.628361300000002,46.1276636],[12.6282734,46.1275101],[12.628192,46.12735429999998],[12.6280682,46.1271196],[12.6279021,46.1268171],[12.6277165,46.126523699999986],[12.6275634,46.1262912],[12.6274119,46.12609279999999],[12.627371,46.12604120000001],[12.627323,46.12597800000001],[12.6272834,46.1259264],[12.627243800000002,46.1258806],[12.627215,46.125832399999986],[12.627205400000001,46.1258016]]},"properties":{"type":"road","highway":"track","name":"","shade_pct":93.5,"length_m":477}},{"type":"Feature","geometry":{"type":"LineString","coordinates":[[12.6290609,46.1360234],[12.6288971,46.135867300000015]]},"properties":{"type":"road","highway":"secondary","name":"Via Giais","shade_pct":100.0,"length_m":21}},{"type":"Feature","geometry":{"type":"LineString","coordinates":[[12.6290609,46.1360234],[12.6292178,46.136172900000005],[12.6295356,46.13649680000002],[12.6298284,46.13682009999998],[12.6304373,46.13750249999999],[12.6305555,46.13764179999999]]},"properties":{"type":"road","highway":"secondary","name":"Via Giais","shade_pct":73.3,"length_m":214}},{"type":"Feature","geometry":{"type":"LineString","coordinates":[[12.6265733,46.1326342],[12.6261976,46.13204919999999],[12.625843900000001,46.131477]]},"properties":{"type":"road","highway":"secondary","name":"Via Giais","shade_pct":100.0,"length_m":140}},{"type":"Feature","geometry":{"type":"LineString","coordinates":[[12.6265733,46.1326342],[12.6271169,46.1334806],[12.627630800000002,46.134241499999995]]},"properties":{"type":"road","highway":"secondary","name":"Via Giais","shade_pct":95.3,"length_m":196}},{"type":"Feature","geometry":{"type":"LineString","coordinates":[[12.6265733,46.1326342],[12.626280300000001,46.132716],[12.625724800000002,46.132895199999986],[12.6253274,46.133014700000004],[12.625040000000002,46.13312079999999],[12.6248485,46.1332901],[12.6246043,46.13344270000001],[12.6244367,46.133605400000015],[12.624293,46.133698300000006],[12.6240775,46.13376460000002],[12.6239386,46.13391399999999],[12.6237423,46.13404009999999],[12.6236705,46.13418279999998],[12.6235699,46.1344184],[12.6234166,46.1345146],[12.6232347,46.1346805],[12.6231581,46.13481989999997],[12.623100600000003,46.13487959999999],[12.6230479,46.13490619999999],[12.622933,46.1348697],[12.6227893,46.13478009999999],[12.6226217,46.13465070000001],[12.6224924,46.1345578]]},"properties":{"type":"road","highway":"track","name":"","shade_pct":68.0,"length_m":447}},{"type":"Feature","geometry":{"type":"LineString","coordinates":[[12.6224924,46.1345578],[12.6226217,46.13465070000001],[12.6227893,46.13478009999999],[12.622933,46.1348697],[12.6230479,46.13490619999999],[12.623100600000003,46.13487959999999],[12.6231581,46.13481989999997],[12.6232347,46.1346805],[12.6234166,46.1345146],[12.6235699,46.1344184],[12.6236705,46.13418279999998],[12.6237423,46.13404009999999],[12.6239386,46.13391399999999],[12.6240775,46.13376460000002],[12.624293,46.133698300000006],[12.6244367,46.133605400000015],[12.6246043,46.13344270000001],[12.6248485,46.1332901],[12.625040000000002,46.13312079999999],[12.6253274,46.133014700000004],[12.625724800000002,46.132895199999986],[12.626280300000001,46.132716],[12.6265733,46.1326342]]},"properties":{"type":"road","highway":"track","name":"","shade_pct":68.0,"length_m":447}},{"type":"Feature","geometry":{"type":"LineString","coordinates":[[12.6288971,46.135867300000015],[12.6290609,46.1360234]]},"properties":{"type":"road","highway":"secondary","name":"Via Giais","shade_pct":100.0,"length_m":21}},{"type":"Feature","geometry":{"type":"LineString","coordinates":[[12.6288971,46.135867300000015],[12.628570400000001,46.135555999999994],[12.628077700000002,46.1348875],[12.627630800000002,46.134241499999995]]},"properties":{"type":"road","highway":"secondary","name":"Via Giais","shade_pct":47.1,"length_m":206}},{"type":"Feature","geometry":{"type":"LineString","coordinates":[[12.626142,46.14259849999999],[12.6262702,46.14264819999999],[12.6263745,46.1427074],[12.6264537,46.142792699999994],[12.626528,46.1428676]]},"properties":{"type":"road","highway":"track","name":"","shade_pct":100.0,"length_m":43}},{"type":"Feature","geometry":{"type":"LineString","coordinates":[[12.626528,46.1428676],[12.6264537,46.142792699999994],[12.6263745,46.1427074],[12.6262702,46.14264819999999],[12.626142,46.14259849999999]]},"properties":{"type":"road","highway":"track","name":"","shade_pct":100.0,"length_m":43}},{"type":"Feature","geometry":{"type":"LineString","coordinates":[[12.626528,46.1428676],[12.6266378,46.1428485],[12.6269523,46.142907400000006],[12.6271485,46.14297549999999],[12.6273235,46.14305429999999],[12.6276667,46.14310210000001],[12.6279387,46.1431088],[12.6280329,46.143112499999994],[12.6282213,46.1430706],[12.6284132,46.143046],[12.628598,46.1430484],[12.6287297,46.1431008],[12.628971000000002,46.143062500000006],[12.629164500000002,46.14305209999999],[12.6293933,46.1430312],[12.629492,46.1430617]]},"properties":{"type":"road","highway":"track","name":"","shade_pct":80.4,"length_m":239}},{"type":"Feature","geometry":{"type":"LineString","coordinates":[[12.626528,46.1428676],[12.6264635,46.142901900000005],[12.6264102,46.1430127],[12.626211100000003,46.14309149999999],[12.6260496,46.1431886]]},"properties":{"type":"road","highway":"track","name":"","shade_pct":100.0,"length_m":53}},{"type":"Feature","geometry":{"type":"LineString","coordinates":[[12.6260496,46.1431886],[12.626211100000003,46.14309149999999],[12.6264102,46.1430127],[12.6264635,46.142901900000005],[12.626528,46.1428676]]},"properties":{"type":"road","highway":"track","name":"","shade_pct":100.0,"length_m":53}},{"type":"Feature","geometry":{"type":"LineString","coordinates":[[12.623004000000002,46.15432019999998],[12.623068400000001,46.154205],[12.6231462,46.15404710000001],[12.623187700000003,46.153949499999996],[12.6232025,46.1538343],[12.6232028,46.1537452],[12.6231938,46.153714],[12.623165000000002,46.1536662],[12.6231529,46.15361649999999],[12.6231636,46.153588599999985],[12.6231938,46.1535728],[12.6232266,46.15357089999999],[12.6232488,46.15357980000001],[12.6232743,46.153600199999985],[12.6232783,46.15364159999997],[12.6232897,46.1536954],[12.6233395,46.15378389999999],[12.623398300000002,46.15389379999999],[12.6234862,46.154012599999994],[12.6236146,46.154187199999996]]},"properties":{"type":"road","highway":"track","name":"","shade_pct":100.0,"length_m":166}},{"type":"Feature","geometry":{"type":"LineString","coordinates":[[12.623004000000002,46.15432019999998],[12.6229155,46.154467000000004],[12.622878,46.154624899999995],[12.6228216,46.15470289999999],[12.6227117,46.154829299999996],[12.622641900000001,46.1549594],[12.6226553,46.15502999999999],[12.6226795,46.1551061],[12.6227301,46.15523679999999],[12.6227277,46.155376999999994],[12.6226567,46.1555417],[12.6226092,46.1557014]]},"properties":{"type":"road","highway":"track","name":"","shade_pct":100.0,"length_m":161}},{"type":"Feature","geometry":{"type":"LineString","coordinates":[[12.6548489,46.1340778],[12.654804500000001,46.13399949999999],[12.654715400000002,46.133745999999995],[12.653985900000002,46.1325118],[12.6532992,46.131329599999994],[12.6531093,46.1309214],[12.6528915,46.13034809999999],[12.6528089,46.12998449999999],[12.6526233,46.12972359999999],[12.6519045,46.128950299999985],[12.6517804,46.12882709999999]]},"properties":{"type":"road","highway":"track","name":"","shade_pct":67.6,"length_m":634}},{"type":"Feature","geometry":{"type":"LineString","coordinates":[[12.6548489,46.1340778],[12.6553477,46.1339695],[12.6556454,46.1338164],[12.656063100000003,46.13352699999999],[12.6563848,46.1332076],[12.6566056,46.13295800000001],[12.656692,46.13287479999998],[12.6568793,46.1327684],[12.6571674,46.132585399999996],[12.657273,46.132482200000005],[12.657316200000002,46.13238239999999],[12.6574506,46.13227930000001],[12.6577339,46.1322027],[12.658290100000002,46.1320241]]},"properties":{"type":"road","highway":"track","name":"","shade_pct":51.9,"length_m":363}},{"type":"Feature","geometry":{"type":"LineString","coordinates":[[12.6514332,46.1557612],[12.6516283,46.156139700000004],[12.6518647,46.156412599999975],[12.6520308,46.15649750000001]]},"properties":{"type":"road","highway":"unclassified","name":"Via Vincenzo Chiaranda","shade_pct":100.0,"length_m":96}},{"type":"Feature","geometry":{"type":"LineString","coordinates":[[12.6514332,46.1557612],[12.6512664,46.15543749999998],[12.6508733,46.1547631],[12.6507961,46.15457599999999]]},"properties":{"type":"road","highway":"unclassified","name":"Via Vincenzo Chiaranda","shade_pct":77.4,"length_m":141}},{"type":"Feature","geometry":{"type":"LineString","coordinates":[[12.6520308,46.15649750000001],[12.6523853,46.15667869999999],[12.652566,46.156739400000006],[12.6527593,46.15672489999999],[12.6530843,46.156647299999996],[12.6533546,46.15654920000001],[12.6542733,46.15650999999999],[12.654422400000001,46.156542099999996],[12.6545008,46.156567999999986],[12.6546488,46.15672039999998]]},"properties":{"type":"road","highway":"unclassified","name":"Via Vincenzo Chiaranda","shade_pct":100.0,"length_m":225}},{"type":"Feature","geometry":{"type":"LineString","coordinates":[[12.6520308,46.15649750000001],[12.6518647,46.156412599999975],[12.6516283,46.156139700000004],[12.6514332,46.1557612]]},"properties":{"type":"road","highway":"unclassified","name":"Via Vincenzo Chiaranda","shade_pct":100.0,"length_m":96}},{"type":"Feature","geometry":{"type":"LineString","coordinates":[[12.6574471,46.1583822],[12.6576115,46.1582387]]},"properties":{"type":"road","highway":"unclassified","name":"","shade_pct":95.4,"length_m":20}},{"type":"Feature","geometry":{"type":"LineString","coordinates":[[12.6574471,46.1583822],[12.6572254,46.1585757]]},"properties":{"type":"road","highway":"unclassified","name":"","shade_pct":44.1,"length_m":27}},{"type":"Feature","geometry":{"type":"LineString","coordinates":[[12.6543123,46.11322649999998],[12.654259,46.1130654],[12.6538287,46.11174410000001],[12.653665200000002,46.11050119999999],[12.6535529,46.1096519]]},"properties":{"type":"road","highway":"primary","name":"Via San Martino","shade_pct":81.4,"length_m":402}},{"type":"Feature","geometry":{"type":"LineString","coordinates":[[12.6543123,46.11322649999998],[12.6543097,46.1133238],[12.6543032,46.1133775],[12.6541998,46.113334999999985],[12.6540964,46.113243100000005],[12.6539671,46.1131154],[12.6538119,46.11299439999999],[12.653643800000001,46.1128554],[12.6534563,46.1127299],[12.6533561,46.11262459999999],[12.6532333,46.11253949999999],[12.653026400000002,46.1124162],[12.6529521,46.1123131],[12.652881,46.11222349999999],[12.652774300000003,46.11210469999999],[12.6526321,46.1120196],[12.652535100000001,46.11199039999999],[12.6524284,46.11197479999999],[12.6522862,46.1119658],[12.652153700000001,46.1119613],[12.6520018,46.1119613],[12.6518918,46.11197249999998],[12.6518143,46.11200389999999],[12.6517884,46.11205539999998],[12.6518013,46.11213159999998],[12.651824000000001,46.112234699999995],[12.651869200000002,46.11240949999999],[12.6519112,46.1126717],[12.6519177,46.11289579999999],[12.6518983,46.11299879999998],[12.6517949,46.11313999999999],[12.651659100000002,46.11331929999997],[12.6514749,46.11348509999999],[12.6511484,46.113677800000005],[12.650818699999999,46.113969100000006],[12.6504663,46.11433879999999],[12.6501463,46.11458089999998],[12.6498942,46.11479820000001]]},"properties":{"type":"road","highway":"track","name":"","shade_pct":46.4,"length_m":649}},{"type":"Feature","geometry":{"type":"LineString","coordinates":[[12.6498942,46.11479820000001],[12.6496615,46.11500440000001],[12.649354400000002,46.11523069999998],[12.6492117,46.1153251]]},"properties":{"type":"road","highway":"track","name":"","shade_pct":39.6,"length_m":79}},{"type":"Feature","geometry":{"type":"LineString","coordinates":[[12.6498942,46.11479820000001],[12.6501463,46.11458089999998],[12.6504663,46.11433879999999],[12.650818699999999,46.113969100000006],[12.6511484,46.113677800000005],[12.6514749,46.11348509999999],[12.651659100000002,46.11331929999997],[12.6517949,46.11313999999999],[12.6518983,46.11299879999998],[12.6519177,46.11289579999999],[12.6519112,46.1126717],[12.651869200000002,46.11240949999999],[12.651824000000001,46.112234699999995],[12.6518013,46.11213159999998],[12.6517884,46.11205539999998],[12.6518143,46.11200389999999],[12.6518918,46.11197249999998],[12.6520018,46.1119613],[12.652153700000001,46.1119613],[12.6522862,46.1119658],[12.6524284,46.11197479999999],[12.652535100000001,46.11199039999999],[12.6526321,46.1120196],[12.652774300000003,46.11210469999999],[12.652881,46.11222349999999],[12.6529521,46.1123131],[12.653026400000002,46.1124162],[12.6532333,46.11253949999999],[12.6533561,46.11262459999999],[12.6534563,46.1127299],[12.653643800000001,46.1128554],[12.6538119,46.11299439999999],[12.6539671,46.1131154],[12.6540964,46.113243100000005],[12.6541998,46.113334999999985],[12.6543032,46.1133775],[12.6543097,46.1133238],[12.6543123,46.11322649999998]]},"properties":{"type":"road","highway":"track","name":"","shade_pct":46.4,"length_m":649}},{"type":"Feature","geometry":{"type":"LineString","coordinates":[[12.6498942,46.11479820000001],[12.6497461,46.114849199999995],[12.6493974,46.114902199999996],[12.6490699,46.11497219999998]]},"properties":{"type":"road","highway":"track","name":"","shade_pct":37.2,"length_m":67}},{"type":"Feature","geometry":{"type":"LineString","coordinates":[[12.6492117,46.1153251],[12.6493035,46.115502499999984],[12.6493832,46.11575109999997],[12.6494231,46.116027300000006],[12.6493708,46.11619799999999]]},"properties":{"type":"road","highway":"track","name":"","shade_pct":20.8,"length_m":100}},{"type":"Feature","geometry":{"type":"LineString","coordinates":[[12.6492117,46.1153251],[12.649354400000002,46.11523069999998],[12.6496615,46.11500440000001],[12.6498942,46.11479820000001]]},"properties":{"type":"road","highway":"track","name":"","shade_pct":39.6,"length_m":79}},{"type":"Feature","geometry":{"type":"LineString","coordinates":[[12.632068100000001,46.11836370000001],[12.6320197,46.11847139999998],[12.631959900000002,46.1187216],[12.6319248,46.118996],[12.6318815,46.11920760000001],[12.6318465,46.11929479999998],[12.6317227,46.119429200000006],[12.6314196,46.11959209999999],[12.6311286,46.11974339999999],[12.6306456,46.1199901],[12.630552100000001,46.1200916]]},"properties":{"type":"road","highway":"unclassified","name":"","shade_pct":74.2,"length_m":240}},{"type":"Feature","geometry":{"type":"LineString","coordinates":[[12.632068100000001,46.11836370000001],[12.632098100000002,46.118297],[12.632178000000001,46.118192799999996]]},"properties":{"type":"road","highway":"unclassified","name":"","shade_pct":99.4,"length_m":21}},{"type":"Feature","geometry":{"type":"LineString","coordinates":[[12.6239522,46.12841639999997],[12.6226512,46.126311300000005]]},"properties":{"type":"road","highway":"secondary","name":"Via Giais","shade_pct":21.1,"length_m":255}},{"type":"Feature","geometry":{"type":"LineString","coordinates":[[12.6239522,46.12841639999997],[12.625843900000001,46.131477]]},"properties":{"type":"road","highway":"secondary","name":"Via Giais","shade_pct":53.1,"length_m":370}},{"type":"Feature","geometry":{"type":"LineString","coordinates":[[12.6517804,46.12882709999999],[12.6519045,46.128950299999985],[12.6526233,46.12972359999999],[12.6528089,46.12998449999999],[12.6528915,46.13034809999999],[12.6531093,46.1309214],[12.6532992,46.131329599999994],[12.653985900000002,46.1325118],[12.654715400000002,46.133745999999995],[12.654804500000001,46.13399949999999],[12.6548489,46.1340778]]},"properties":{"type":"road","highway":"track","name":"","shade_pct":67.6,"length_m":634}},{"type":"Feature","geometry":{"type":"LineString","coordinates":[[12.625843900000001,46.131477],[12.6239522,46.12841639999997]]},"properties":{"type":"road","highway":"secondary","name":"Via Giais","shade_pct":53.1,"length_m":370}},{"type":"Feature","geometry":{"type":"LineString","coordinates":[[12.625843900000001,46.131477],[12.6261976,46.13204919999999],[12.6265733,46.1326342]]},"properties":{"type":"road","highway":"secondary","name":"Via Giais","shade_pct":100.0,"length_m":140}},{"type":"Feature","geometry":{"type":"LineString","coordinates":[[12.6305555,46.13764179999999],[12.6304373,46.13750249999999],[12.6298284,46.13682009999998],[12.6295356,46.13649680000002],[12.6292178,46.136172900000005],[12.6290609,46.1360234]]},"properties":{"type":"road","highway":"secondary","name":"Via Giais","shade_pct":73.3,"length_m":214}},{"type":"Feature","geometry":{"type":"LineString","coordinates":[[12.6517997,46.09430859999999],[12.6516891,46.0947253],[12.651675300000003,46.09481089999999],[12.6516832,46.094876],[12.651736500000002,46.09491499999999],[12.6518066,46.09493160000001]]},"properties":{"type":"road","highway":"track","name":"","shade_pct":80.9,"length_m":76}},{"type":"Feature","geometry":{"type":"LineString","coordinates":[[12.6518066,46.09493160000001],[12.651736500000002,46.09491499999999],[12.6516832,46.094876],[12.651675300000003,46.09481089999999],[12.6516891,46.0947253],[12.6517997,46.09430859999999]]},"properties":{"type":"road","highway":"track","name":"","shade_pct":80.9,"length_m":76}},{"type":"Feature","geometry":{"type":"LineString","coordinates":[[12.6518066,46.09493160000001],[12.651769000000002,46.09509129999999],[12.6516321,46.095755700000005],[12.6516056,46.096414599999996],[12.6516194,46.0970421],[12.6516036,46.0981364],[12.6516088,46.09919589999999],[12.6516094,46.09989259999999],[12.651609,46.10007590000002],[12.651624,46.100894399999994],[12.651692400000002,46.10141439999999]]},"properties":{"type":"road","highway":"primary","name":"Via San Martino","shade_pct":68.8,"length_m":722}},{"type":"Feature","geometry":{"type":"LineString","coordinates":[[12.6518066,46.09493160000001],[12.651975,46.09421629999999],[12.6521748,46.0933771],[12.6522169,46.092593199999996],[12.6522668,46.09054969999998],[12.6523261,46.088765499999994],[12.652327300000001,46.08872889999998]]},"properties":{"type":"road","highway":"primary","name":"Via San Martino","shade_pct":64.4,"length_m":692}},{"type":"Feature","geometry":{"type":"LineString","coordinates":[[12.658880700000001,46.102959599999984],[12.6587592,46.102742199999994]]},"properties":{"type":"road","highway":"track","name":"","shade_pct":100.0,"length_m":26}},{"type":"Feature","geometry":{"type":"LineString","coordinates":[[12.658880700000001,46.102959599999984],[12.659071,46.1033001]]},"properties":{"type":"road","highway":"track","name":"","shade_pct":65.6,"length_m":41}},{"type":"Feature","geometry":{"type":"LineString","coordinates":[[12.6568764,46.1041745],[12.6572284,46.104063099999976],[12.6576255,46.103861599999995],[12.6580345,46.1036719],[12.6586095,46.10349409999999],[12.659071,46.1033001]]},"properties":{"type":"road","highway":"track","name":"","shade_pct":35.5,"length_m":196}},{"type":"Feature","geometry":{"type":"LineString","coordinates":[[12.6788108,46.07427649999998],[12.6788269,46.0744373],[12.6788554,46.074520799999995],[12.6788578,46.07460590000001]]},"properties":{"type":"road","highway":"track","name":"","shade_pct":30.2,"length_m":37}},{"type":"Feature","geometry":{"type":"LineString","coordinates":[[12.6788578,46.07460590000001],[12.6788554,46.074520799999995],[12.6788269,46.0744373],[12.6788108,46.07427649999998]]},"properties":{"type":"road","highway":"track","name":"","shade_pct":30.2,"length_m":37}},{"type":"Feature","geometry":{"type":"LineString","coordinates":[[12.6782823,46.0786218],[12.6782683,46.078976999999995],[12.6783104,46.0794003],[12.6782262,46.0797312],[12.6781369,46.07986950000001]]},"properties":{"type":"road","highway":"track","name":"","shade_pct":29.4,"length_m":141}},{"type":"Feature","geometry":{"type":"LineString","coordinates":[[12.6777316,46.084475099999985],[12.677590800000003,46.0843558],[12.677483500000001,46.0840582],[12.6773548,46.0836117],[12.6773655,46.08306840000002],[12.6773333,46.08237629999999],[12.6774299,46.0819001],[12.677579,46.081216499999975],[12.6777185,46.08066579999999],[12.6778054,46.0803819],[12.6779438,46.08015230000001],[12.6780629,46.07999489999998],[12.6781369,46.07986950000001]]},"properties":{"type":"road","highway":"track","name":"","shade_pct":84.3,"length_m":526}},{"type":"Feature","geometry":{"type":"LineString","coordinates":[[12.6777316,46.084475099999985],[12.6777839,46.08451949999998],[12.6779223,46.084825699999996],[12.678083300000003,46.085287099999995],[12.6782131,46.0858813],[12.6783311,46.08668499999999],[12.678501700000002,46.0878394],[12.678631500000002,46.08960179999998],[12.6787979,46.090525199999995]]},"properties":{"type":"road","highway":"track","name":"","shade_pct":63.9,"length_m":680}},{"type":"Feature","geometry":{"type":"LineString","coordinates":[[12.6682827,46.0863856],[12.668679500000001,46.086402799999995],[12.668951400000001,46.0863907]]},"properties":{"type":"road","highway":"track","name":"","shade_pct":21.8,"length_m":52}},{"type":"Feature","geometry":{"type":"LineString","coordinates":[[12.668951400000001,46.0863907],[12.668953,46.08614289999999],[12.6688886,46.0857634],[12.6688243,46.0855327]]},"properties":{"type":"road","highway":"track","name":"","shade_pct":52.5,"length_m":96}},{"type":"Feature","geometry":{"type":"LineString","coordinates":[[12.668951400000001,46.0863907],[12.668679500000001,46.086402799999995],[12.6682827,46.0863856]]},"properties":{"type":"road","highway":"track","name":"","shade_pct":21.8,"length_m":52}},{"type":"Feature","geometry":{"type":"LineString","coordinates":[[12.6714182,46.0921033],[12.6714814,46.0920936],[12.6715725,46.092132500000005],[12.6717216,46.0922869],[12.6719426,46.09253139999999],[12.6720014,46.09263359999998],[12.67204,46.0928087],[12.6720681,46.092961899999985],[12.6721523,46.09335479999999],[12.672152300000002,46.0934229],[12.6720611,46.09345450000001],[12.672002200000001,46.09345920000001]]},"properties":{"type":"road","highway":"track","name":"","shade_pct":32.0,"length_m":179}},{"type":"Feature","geometry":{"type":"LineString","coordinates":[[12.665691,46.09269669999999],[12.665870700000001,46.09266089999999],[12.6663162,46.092590400000006],[12.6668809,46.09251489999999],[12.6672737,46.092440800000034],[12.6674912,46.09240909999999],[12.667768200000001,46.092352000000005],[12.6681172,46.09228389999997],[12.668524100000003,46.0922182],[12.668603,46.09222429999999],[12.6686293,46.0922498],[12.6686486,46.092308200000005],[12.668696,46.09240429999999],[12.6687802,46.092579399999984],[12.6689012,46.0929905],[12.6689766,46.09309989999999],[12.669045000000002,46.09316439999999],[12.669181800000002,46.09332619999999],[12.6692502,46.0934207],[12.6693098,46.0935837],[12.6693378,46.09374909999999],[12.6693782,46.0938537],[12.6694518,46.09390479999999],[12.669578100000003,46.09392670000001],[12.6696763,46.09392789999999],[12.6697728,46.09391449999999],[12.669897300000002,46.09387799999999],[12.6699815,46.0938476],[12.6702673,46.09373809999999],[12.6704392,46.09367369999999],[12.670597,46.09359829999999],[12.6707812,46.0935448],[12.6710319,46.09349000000001],[12.671212600000002,46.0934511],[12.6713652,46.09343409999999],[12.6714967,46.0934414],[12.671624700000002,46.093463299999996],[12.6717545,46.09349249999999],[12.6718878,46.0935144],[12.6719579,46.09348879999999],[12.672002200000001,46.09345920000001]]},"properties":{"type":"road","highway":"track","name":"","shade_pct":35.2,"length_m":646}},{"type":"Feature","geometry":{"type":"LineString","coordinates":[[12.665691,46.09269669999999],[12.6656064,46.092752199999985],[12.6654799,46.09279169999997],[12.665102900000003,46.092838199999996],[12.6647954,46.09289150000001],[12.6644407,46.092934500000005],[12.664187700000001,46.09296369999999],[12.6640861,46.0929809],[12.664024,46.093008399999995],[12.6639968,46.09305489999999],[12.6640092,46.093123700000014],[12.6641778,46.093546799999984],[12.6642001,46.093612099999994],[12.6641803,46.09366549999998],[12.6641133,46.093693],[12.6637592,46.0937562],[12.663483900000001,46.09380259999999],[12.6632855,46.09384219999998],[12.6631094,46.09386969999999],[12.662982900000001,46.0938749],[12.6629606,46.09393159999999],[12.6629779,46.0940211],[12.663005200000002,46.09410189999999],[12.6630449,46.094181000000006],[12.663047400000002,46.0942412],[12.6629655,46.09427730000001],[12.6628043,46.0943135],[12.662588500000002,46.09434440000001],[12.662573700000001,46.09436509999999],[12.662720000000002,46.0949859],[12.6631275,46.0961447],[12.6633419,46.0967289]]},"properties":{"type":"road","highway":"track","name":"","shade_pct":29.7,"length_m":658}},{"type":"Feature","geometry":{"type":"LineString","coordinates":[[12.672002200000001,46.09345920000001],[12.6715134,46.09322309999999],[12.670753400000002,46.09283819999999],[12.6701315,46.0925043],[12.6692767,46.09206040000001],[12.6681649,46.0914896],[12.6672061,46.09100129999999],[12.666240000000002,46.090488400000005],[12.6652058,46.089965800000016],[12.6642973,46.08949390000002]]},"properties":{"type":"road","highway":"tertiary","name":"Via Pordenone","shade_pct":23.8,"length_m":741}},{"type":"Feature","geometry":{"type":"LineString","coordinates":[[12.672002200000001,46.09345920000001],[12.6720611,46.09345450000001],[12.672152300000002,46.0934229],[12.6721523,46.09335479999999],[12.6720681,46.092961899999985],[12.67204,46.0928087],[12.6720014,46.09263359999998],[12.6719426,46.09253139999999],[12.6717216,46.0922869],[12.6715725,46.092132500000005],[12.6714814,46.0920936],[12.6714182,46.0921033]]},"properties":{"type":"road","highway":"track","name":"","shade_pct":32.0,"length_m":179}},{"type":"Feature","geometry":{"type":"LineString","coordinates":[[12.672002200000001,46.09345920000001],[12.6719579,46.09348879999999],[12.6718878,46.0935144],[12.6717545,46.09349249999999],[12.671624700000002,46.093463299999996],[12.6714967,46.0934414],[12.6713652,46.09343409999999],[12.671212600000002,46.0934511],[12.6710319,46.09349000000001],[12.6707812,46.0935448],[12.670597,46.09359829999999],[12.6704392,46.09367369999999],[12.6702673,46.09373809999999],[12.6699815,46.0938476],[12.669897300000002,46.09387799999999],[12.6697728,46.09391449999999],[12.6696763,46.09392789999999],[12.669578100000003,46.09392670000001],[12.6694518,46.09390479999999],[12.6693782,46.0938537],[12.6693378,46.09374909999999],[12.6693098,46.0935837],[12.6692502,46.0934207],[12.669181800000002,46.09332619999999],[12.669045000000002,46.09316439999999],[12.6689766,46.09309989999999],[12.6689012,46.0929905],[12.6687802,46.092579399999984],[12.668696,46.09240429999999],[12.6686486,46.092308200000005],[12.6686293,46.0922498],[12.668603,46.09222429999999],[12.668524100000003,46.0922182],[12.6681172,46.09228389999997],[12.667768200000001,46.092352000000005],[12.6674912,46.09240909999999],[12.6672737,46.092440800000034],[12.6668809,46.09251489999999],[12.6663162,46.092590400000006],[12.665870700000001,46.09266089999999],[12.665691,46.09269669999999]]},"properties":{"type":"road","highway":"track","name":"","shade_pct":35.2,"length_m":646}},{"type":"Feature","geometry":{"type":"LineString","coordinates":[[12.6633419,46.0967289],[12.6631275,46.0961447],[12.662720000000002,46.0949859],[12.662573700000001,46.09436509999999],[12.662588500000002,46.09434440000001],[12.6628043,46.0943135],[12.6629655,46.09427730000001],[12.663047400000002,46.0942412],[12.6630449,46.094181000000006],[12.663005200000002,46.09410189999999],[12.6629779,46.0940211],[12.6629606,46.09393159999999],[12.662982900000001,46.0938749],[12.6631094,46.09386969999999],[12.6632855,46.09384219999998],[12.663483900000001,46.09380259999999],[12.6637592,46.0937562],[12.6641133,46.093693],[12.6641803,46.09366549999998],[12.6642001,46.093612099999994],[12.6641778,46.093546799999984],[12.6640092,46.093123700000014],[12.6639968,46.09305489999999],[12.664024,46.093008399999995],[12.6640861,46.0929809],[12.664187700000001,46.09296369999999],[12.6644407,46.092934500000005],[12.6647954,46.09289150000001],[12.665102900000003,46.092838199999996],[12.6654799,46.09279169999997],[12.6656064,46.092752199999985],[12.665691,46.09269669999999]]},"properties":{"type":"road","highway":"track","name":"","shade_pct":29.7,"length_m":658}},{"type":"Feature","geometry":{"type":"LineString","coordinates":[[12.6724611,46.10353440000001],[12.6724815,46.103453899999984],[12.672511200000002,46.10338789999997],[12.6725618,46.10328069999999],[12.6725648,46.10317959999999],[12.6725529,46.103061999999994],[12.6725469,46.1029691],[12.6725261,46.10281229999998],[12.672535,46.102729800000006],[12.672532,46.1026452],[12.6725053,46.10256269999999],[12.6724577,46.10250289999999],[12.6723476,46.10245129999998],[12.6721839,46.10242859999998],[12.6719191,46.102436899999994],[12.6717198,46.102461600000005],[12.671505500000002,46.102474],[12.671309100000002,46.10251939999997],[12.6711485,46.10254],[12.671038400000002,46.1025359],[12.6709938,46.102509100000006],[12.6709819,46.102467800000014],[12.670964,46.1023523],[12.6709223,46.102013900000024],[12.670880700000001,46.10171689999997],[12.6708569,46.101448699999985],[12.6708182,46.1012547],[12.6707617,46.101023699999985],[12.6707527,46.10094730000001],[12.6706605,46.10045629999999],[12.670598,46.1002025],[12.6705742,46.0999983],[12.6705564,46.09988889999999],[12.670520700000003,46.09981259999999],[12.670482000000002,46.09973209999999],[12.6703689,46.09956089999999],[12.6702469,46.09942269999998],[12.6701904,46.09937730000001],[12.670101100000002,46.09938759999999],[12.669869100000001,46.09940619999999],[12.6696132,46.09943919999999],[12.6692859,46.0994763],[12.6691817,46.09951339999999],[12.669143100000001,46.09955260000001],[12.6691401,46.0996001],[12.6691609,46.099662],[12.669175800000001,46.0997259],[12.6691817,46.0997858],[12.6691282,46.09982290000001],[12.6690359,46.09983739999999],[12.668634300000003,46.09986209999998],[12.668057,46.099891],[12.6679172,46.099897199999994],[12.6677922,46.0999281],[12.6677625,46.09996730000002],[12.6677922,46.1001489],[12.6678577,46.10035309999999],[12.6679469,46.1006358],[12.6680481,46.100844200000004],[12.6681314,46.1010113],[12.6681671,46.10108759999998],[12.668179000000002,46.101186599999984],[12.668196900000002,46.10129599999999],[12.6682594,46.1014074],[12.6684022,46.101601300000006],[12.6684587,46.10176429999999],[12.668503300000001,46.102016],[12.668539,46.10220369999999],[12.6686075,46.10234199999999],[12.6686908,46.10235229999999],[12.6687771,46.102343999999995],[12.668908,46.1023234],[12.6690002,46.102343999999995],[12.669027,46.10238739999999],[12.669053800000002,46.1024616],[12.6690657,46.1026287],[12.6690806,46.10276079999999],[12.6690865,46.1028392],[12.6691252,46.10289070000002],[12.6692234,46.10292170000001],[12.6693156,46.10293409999999],[12.669360300000001,46.10294019999998],[12.669393,46.1030186],[12.669467400000002,46.1032621],[12.6695328,46.103524099999994],[12.669619100000002,46.10375509999998],[12.669641400000001,46.1038088],[12.669673400000002,46.103854199999994]]},"properties":{"type":"road","highway":"track","name":"","shade_pct":75.3,"length_m":1310}},{"type":"Feature","geometry":{"type":"LineString","coordinates":[[12.669673400000002,46.103854199999994],[12.669641400000001,46.1038088],[12.669619100000002,46.10375509999998],[12.6695328,46.103524099999994],[12.669467400000002,46.1032621],[12.669393,46.1030186],[12.669360300000001,46.10294019999998],[12.6693156,46.10293409999999],[12.6692234,46.10292170000001],[12.6691252,46.10289070000002],[12.6690865,46.1028392],[12.6690806,46.10276079999999],[12.6690657,46.1026287],[12.669053800000002,46.1024616],[12.669027,46.10238739999999],[12.6690002,46.102343999999995],[12.668908,46.1023234],[12.6687771,46.102343999999995],[12.6686908,46.10235229999999],[12.6686075,46.10234199999999],[12.668539,46.10220369999999],[12.668503300000001,46.102016],[12.6684587,46.10176429999999],[12.6684022,46.101601300000006],[12.6682594,46.1014074],[12.668196900000002,46.10129599999999],[12.668179000000002,46.101186599999984],[12.6681671,46.10108759999998],[12.6681314,46.1010113],[12.6680481,46.100844200000004],[12.6679469,46.1006358],[12.6678577,46.10035309999999],[12.6677922,46.1001489],[12.6677625,46.09996730000002],[12.6677922,46.0999281],[12.6679172,46.099897199999994],[12.668057,46.099891],[12.668634300000003,46.09986209999998],[12.6690359,46.09983739999999],[12.6691282,46.09982290000001],[12.6691817,46.0997858],[12.669175800000001,46.0997259],[12.6691609,46.099662],[12.6691401,46.0996001],[12.669143100000001,46.09955260000001],[12.6691817,46.09951339999999],[12.6692859,46.0994763],[12.6696132,46.09943919999999],[12.669869100000001,46.09940619999999],[12.670101100000002,46.09938759999999],[12.6701904,46.09937730000001],[12.6702469,46.09942269999998],[12.6703689,46.09956089999999],[12.670482000000002,46.09973209999999],[12.670520700000003,46.09981259999999],[12.6705564,46.09988889999999],[12.6705742,46.0999983],[12.670598,46.1002025],[12.6706605,46.10045629999999],[12.6707527,46.10094730000001],[12.6707617,46.101023699999985],[12.6708182,46.1012547],[12.6708569,46.101448699999985],[12.670880700000001,46.10171689999997],[12.6709223,46.102013900000024],[12.670964,46.1023523],[12.6709819,46.102467800000014],[12.6709938,46.102509100000006],[12.671038400000002,46.1025359],[12.6711485,46.10254],[12.671309100000002,46.10251939999997],[12.671505500000002,46.102474],[12.6717198,46.102461600000005],[12.6719191,46.102436899999994],[12.6721839,46.10242859999998],[12.6723476,46.10245129999998],[12.6724577,46.10250289999999],[12.6725053,46.10256269999999],[12.672532,46.1026452],[12.672535,46.102729800000006],[12.6725261,46.10281229999998],[12.6725469,46.1029691],[12.6725529,46.103061999999994],[12.6725648,46.10317959999999],[12.6725618,46.10328069999999],[12.672511200000002,46.10338789999997],[12.6724815,46.103453899999984],[12.6724611,46.10353440000001]]},"properties":{"type":"road","highway":"track","name":"","shade_pct":75.3,"length_m":1310}},{"type":"Feature","geometry":{"type":"LineString","coordinates":[[12.669673400000002,46.103854199999994],[12.6695048,46.1039918],[12.6693411,46.10418440000001],[12.6691675,46.10428069999998],[12.6688202,46.1043116],[12.6684468,46.104334200000004],[12.6672332,46.104485],[12.6656759,46.104718399999996],[12.6654374,46.10472819999999],[12.6652339,46.10476219999999],[12.664971400000002,46.104808199999994]]},"properties":{"type":"road","highway":"track","name":"","shade_pct":89.5,"length_m":392}},{"type":"Feature","geometry":{"type":"LineString","coordinates":[[12.673518600000001,46.1043351],[12.6736826,46.10417109999999],[12.6740551,46.10383010000001],[12.6741802,46.10373609999999]]},"properties":{"type":"road","highway":"unclassified","name":"Via Montereale","shade_pct":42.6,"length_m":84}},{"type":"Feature","geometry":{"type":"LineString","coordinates":[[12.664971400000002,46.104808199999994],[12.6652339,46.10476219999999],[12.6654374,46.10472819999999],[12.6656759,46.104718399999996],[12.6672332,46.104485],[12.6684468,46.104334200000004],[12.6688202,46.1043116],[12.6691675,46.10428069999998],[12.6693411,46.10418440000001],[12.6695048,46.1039918],[12.669673400000002,46.103854199999994]]},"properties":{"type":"road","highway":"track","name":"","shade_pct":89.5,"length_m":392}},{"type":"Feature","geometry":{"type":"LineString","coordinates":[[12.664971400000002,46.104808199999994],[12.6632908,46.104951899999996],[12.663192600000002,46.1049178],[12.6631295,46.1047914],[12.6631715,46.1044169],[12.6631786,46.10380889999998],[12.6631645,46.1032666],[12.6631575,46.1030355],[12.6631822,46.1023375]]},"properties":{"type":"road","highway":"track","name":"","shade_pct":64.8,"length_m":427}},{"type":"Feature","geometry":{"type":"LineString","coordinates":[[12.664971400000002,46.104808199999994],[12.6650847,46.1050918],[12.6652404,46.10540189999998],[12.6656317,46.106116699999994],[12.6658842,46.106598099999985],[12.6661157,46.10700359999999],[12.666317600000001,46.10733029999999],[12.666544900000002,46.10759],[12.666881500000002,46.1079605],[12.6669446,46.1079955],[12.667424300000002,46.1080451],[12.668042800000002,46.108126799999994],[12.6688423,46.108196799999995],[12.669373,46.10826849999997]]},"properties":{"type":"road","highway":"track","name":"","shade_pct":97.4,"length_m":578}},{"type":"Feature","geometry":{"type":"LineString","coordinates":[[12.6513343,46.126506],[12.6513975,46.126499300000006],[12.651423800000002,46.12649319999996],[12.651564100000002,46.12647129999999],[12.651672800000002,46.126468900000006],[12.651813100000002,46.126512600000005],[12.652027000000002,46.126592899999984],[12.6523603,46.126741200000005],[12.6526619,46.12687970000002],[12.6530655,46.12698790000001],[12.6536558,46.1272492],[12.6542907,46.1274864],[12.6544247,46.12748640000001],[12.654505100000002,46.12744750000001]]},"properties":{"type":"road","highway":"track","name":"","shade_pct":44.5,"length_m":277}},{"type":"Feature","geometry":{"type":"LineString","coordinates":[[12.654505100000002,46.12744750000001],[12.6544247,46.12748640000001],[12.6542907,46.1274864],[12.6536558,46.1272492],[12.6530655,46.12698790000001],[12.6526619,46.12687970000002],[12.6523603,46.126741200000005],[12.652027000000002,46.126592899999984],[12.651813100000002,46.126512600000005],[12.651672800000002,46.126468900000006],[12.651564100000002,46.12647129999999],[12.651423800000002,46.12649319999996],[12.6513975,46.126499300000006],[12.6513343,46.126506]]},"properties":{"type":"road","highway":"track","name":"","shade_pct":44.5,"length_m":277}},{"type":"Feature","geometry":{"type":"LineString","coordinates":[[12.654505100000002,46.12744750000001],[12.6547669,46.12735229999999],[12.655282800000002,46.127187299999996],[12.6556945,46.127067000000004],[12.656210400000003,46.12689850000002],[12.6567907,46.1266304],[12.6573264,46.126503199999995],[12.6576982,46.1264592]]},"properties":{"type":"road","highway":"track","name":"","shade_pct":47.7,"length_m":272}},{"type":"Feature","geometry":{"type":"LineString","coordinates":[[12.640108,46.123408],[12.6399904,46.12347339999998],[12.6399411,46.123505099999996],[12.639927,46.123534399999976],[12.6399305,46.123561299999984]]},"properties":{"type":"road","highway":"track","name":"","shade_pct":26.4,"length_m":23}},{"type":"Feature","geometry":{"type":"LineString","coordinates":[[12.640108,46.123408],[12.6402519,46.12359779999999],[12.6406255,46.12414119999999],[12.6407685,46.124381],[12.6410429,46.12482369999999],[12.6412804,46.125192899999995],[12.6414972,46.1255093],[12.6417762,46.1258977],[12.6419902,46.126209],[12.6422761,46.12664050000001],[12.6426497,46.12720459999999],[12.6430025,46.1277464],[12.6432216,46.12809],[12.6434746,46.128463199999985]]},"properties":{"type":"road","highway":"track","name":"","shade_pct":82.8,"length_m":619}},{"type":"Feature","geometry":{"type":"LineString","coordinates":[[12.640108,46.123408],[12.640211,46.1233506],[12.6404266,46.12324180000001],[12.640571000000001,46.12317099999999],[12.6407894,46.123100199999996],[12.640976100000001,46.123088],[12.6414551,46.12299769999999],[12.6417333,46.12292689999999],[12.6419869,46.12284139999999],[12.6422018,46.1227877],[12.642444800000002,46.1227023],[12.6426068,46.1226681],[12.6428181,46.12258270000001],[12.643050600000002,46.12248749999999],[12.6432091,46.1224069],[12.6433535,46.12231169999999],[12.643438,46.1222653],[12.643516700000001,46.122228299999996]]},"properties":{"type":"road","highway":"track","name":"","shade_pct":77.9,"length_m":298}},{"type":"Feature","geometry":{"type":"LineString","coordinates":[[12.6841274,46.127476400000006],[12.6840233,46.1275992],[12.683892900000002,46.127791299999984],[12.6837494,46.12796079999997],[12.683690700000001,46.1280331],[12.6836222,46.1280557],[12.683504800000001,46.12806479999999],[12.6833939,46.1280602],[12.683332000000002,46.12806019999999],[12.6832798,46.1280919],[12.6832537,46.12812579999999],[12.6828558,46.12871109999999],[12.6824482,46.12931230000001],[12.682283500000002,46.12952589999998],[12.6822362,46.1295971],[12.682233,46.12964120000002],[12.682246000000001,46.129678500000004],[12.682277,46.12969989999999],[12.6823145,46.129715699999984],[12.6823846,46.129735],[12.6824254,46.12975529999998],[12.6824563,46.129791499999996],[12.682451500000003,46.12982079999998],[12.682291700000002,46.1300412],[12.6821107,46.1303079],[12.6819867,46.130476200000004],[12.6816385,46.13099079999999],[12.681331900000002,46.1314239],[12.681158900000002,46.13167320000001],[12.6808707,46.13206949999999],[12.680637800000001,46.13240029999997],[12.6805317,46.1325345]]},"properties":{"type":"road","highway":"track","name":"","shade_pct":31.4,"length_m":660}},{"type":"Feature","geometry":{"type":"LineString","coordinates":[[12.6434746,46.128463199999985],[12.6432216,46.12809],[12.6430025,46.1277464],[12.6426497,46.12720459999999],[12.6422761,46.12664050000001],[12.6419902,46.126209],[12.6417762,46.1258977],[12.6414972,46.1255093],[12.6412804,46.125192899999995],[12.6410429,46.12482369999999],[12.6407685,46.124381],[12.6406255,46.12414119999999],[12.6402519,46.12359779999999],[12.640108,46.123408]]},"properties":{"type":"road","highway":"track","name":"","shade_pct":82.8,"length_m":619}},{"type":"Feature","geometry":{"type":"LineString","coordinates":[[12.6434746,46.128463199999985],[12.6436641,46.12875339999999],[12.643858,46.12904360000001],[12.6440784,46.12936739999999],[12.6443297,46.129734000000006],[12.6446603,46.13023799999999],[12.6449776,46.130607600000005],[12.645131900000003,46.13076949999999],[12.6452465,46.131023],[12.6453567,46.13127350000001],[12.6453721,46.13131940000001],[12.6454405,46.13146439999999],[12.6455727,46.13166609999999],[12.6456861,46.1317998],[12.6457516,46.13186670000001],[12.6457999,46.13189700000001],[12.6458715,46.131906699999995],[12.645932300000002,46.1319045],[12.646024300000002,46.131906699999995],[12.6461225,46.1319682],[12.6462082,46.13205460000002],[12.6462536,46.1321377]]},"properties":{"type":"road","highway":"track","name":"","shade_pct":43.9,"length_m":473}},{"type":"Feature","geometry":{"type":"LineString","coordinates":[[12.6741422,46.1316013],[12.6739774,46.131956900000006],[12.6738057,46.1323373]]},"properties":{"type":"road","highway":"track","name":"","shade_pct":100.0,"length_m":86}},{"type":"Feature","geometry":{"type":"LineString","coordinates":[[12.6741422,46.1316013],[12.6741829,46.13151349999999],[12.674403900000001,46.13099089999999],[12.6745288,46.13072589999999],[12.674648400000002,46.1304826],[12.674856500000002,46.13005909999999],[12.6749189,46.1298969],[12.6750411,46.12975809999997],[12.6751451,46.1297365],[12.6753116,46.12974549999999],[12.6754364,46.129750899999976],[12.6755404,46.12974729999999],[12.6756471,46.12972739999998],[12.6757485,46.12967520000001],[12.6757986,46.12959479999999],[12.675975100000002,46.12893719999999],[12.6759825,46.1285753],[12.6761222,46.1282235],[12.6762693,46.127412899999996],[12.6765342,46.12668390000003],[12.6766077,46.12624550000001],[12.676861500000001,46.1252462],[12.676846800000002,46.1248001],[12.6769976,46.124326],[12.6769792,46.12388549999998],[12.6769246,46.12381229999997]]},"properties":{"type":"road","highway":"track","name":"","shade_pct":89.5,"length_m":937}},{"type":"Feature","geometry":{"type":"LineString","coordinates":[[12.6741422,46.1316013],[12.674480500000001,46.13166050000002],[12.6749762,46.131726099999995],[12.675194700000002,46.131764499999996],[12.6756578,46.1318142],[12.6764503,46.1319091],[12.6768057,46.131933999999994],[12.677011200000003,46.1319543],[12.6773438,46.13199050000001],[12.677666600000002,46.1320605],[12.6780547,46.13213509999999],[12.6786254,46.132200599999976],[12.6788635,46.1322481],[12.6792776,46.1323272],[12.6795483,46.13239049999999],[12.6799266,46.132456],[12.6802886,46.132476399999994],[12.6805317,46.1325345]]},"properties":{"type":"road","highway":"track","name":"","shade_pct":96.5,"length_m":506}},{"type":"Feature","geometry":{"type":"LineString","coordinates":[[12.6462536,46.1321377],[12.6462871,46.132108699999996],[12.6468443,46.131626],[12.647332800000001,46.131176899999986],[12.6481161,46.13041779999999],[12.6487122,46.129885],[12.648772500000002,46.1298312]]},"properties":{"type":"road","highway":"unclassified","name":"Via Montereale","shade_pct":45.0,"length_m":322}},{"type":"Feature","geometry":{"type":"LineString","coordinates":[[12.6462536,46.1321377],[12.6462082,46.13205460000002],[12.6461225,46.1319682],[12.646024300000002,46.131906699999995],[12.645932300000002,46.1319045],[12.6458715,46.131906699999995],[12.6457999,46.13189700000001],[12.6457516,46.13186670000001],[12.6456861,46.1317998],[12.6455727,46.13166609999999],[12.6454405,46.13146439999999],[12.6453721,46.13131940000001],[12.6453567,46.13127350000001],[12.6452465,46.131023],[12.645131900000003,46.13076949999999],[12.6449776,46.130607600000005],[12.6446603,46.13023799999999],[12.6443297,46.129734000000006],[12.6440784,46.12936739999999],[12.643858,46.12904360000001],[12.6436641,46.12875339999999],[12.6434746,46.128463199999985]]},"properties":{"type":"road","highway":"track","name":"","shade_pct":43.9,"length_m":473}},{"type":"Feature","geometry":{"type":"LineString","coordinates":[[12.6459997,46.1323579],[12.64605,46.13247830000001],[12.6461007,46.1326173],[12.6461668,46.13272729999998],[12.646263800000002,46.13282039999999],[12.6464136,46.13295480000001],[12.6465326,46.13312289999999],[12.6466164,46.133260299999996],[12.6467001,46.133455799999986],[12.6467839,46.1336299],[12.646828,46.1338162],[12.6468604,46.133873],[12.6469134,46.1340156],[12.6469882,46.1341451],[12.647112900000002,46.13434819999999],[12.6471908,46.13449719999999],[12.6472376,46.13465270000001],[12.6472812,46.13477579999999],[12.6473217,46.1348514],[12.647437,46.13499610000001],[12.6475524,46.1351128],[12.6476396,46.135209999999994],[12.647755,46.13532870000001],[12.647807900000002,46.13540649999999],[12.6478578,46.1354994],[12.647920100000002,46.13560739999998],[12.648010500000002,46.13573259999998],[12.648163300000002,46.1360026],[12.6482942,46.1362445],[12.6484126,46.13644749999999],[12.6484567,46.1365362],[12.6484919,46.1366401],[12.648531600000002,46.136805],[12.6486462,46.137125700000006],[12.6487388,46.1374495],[12.6489151,46.1378496],[12.649109,46.13817639999999],[12.6494,46.1386429],[12.6494319,46.1387026]]},"properties":{"type":"road","highway":"track","name":"","shade_pct":88.6,"length_m":759}},{"type":"Feature","geometry":{"type":"LineString","coordinates":[[12.6805317,46.1325345],[12.6802886,46.132476399999994],[12.6799266,46.132456],[12.6795483,46.13239049999999],[12.6792776,46.1323272],[12.6788635,46.1322481],[12.6786254,46.132200599999976],[12.6780547,46.13213509999999],[12.677666600000002,46.1320605],[12.6773438,46.13199050000001],[12.677011200000003,46.1319543],[12.6768057,46.131933999999994],[12.6764503,46.1319091],[12.6756578,46.1318142],[12.675194700000002,46.131764499999996],[12.6749762,46.131726099999995],[12.674480500000001,46.13166050000002],[12.6741422,46.1316013]]},"properties":{"type":"road","highway":"track","name":"","shade_pct":96.5,"length_m":506}},{"type":"Feature","geometry":{"type":"LineString","coordinates":[[12.6805317,46.1325345],[12.680146600000002,46.133037900000005],[12.6790213,46.13454],[12.6789129,46.134687],[12.678825300000002,46.13476049999999],[12.6787515,46.1347957],[12.6786247,46.134814799999994],[12.6784932,46.13481960000001],[12.6783295,46.1348292],[12.6782027,46.134842000000006],[12.6781197,46.13486919999999],[12.678025100000001,46.13491230000001],[12.6779698,46.134949099999986]]},"properties":{"type":"road","highway":"track","name":"","shade_pct":25.8,"length_m":352}},{"type":"Feature","geometry":{"type":"LineString","coordinates":[[12.6805317,46.1325345],[12.680637800000001,46.13240029999997],[12.6808707,46.13206949999999],[12.681158900000002,46.13167320000001],[12.681331900000002,46.1314239],[12.6816385,46.13099079999999],[12.6819867,46.130476200000004],[12.6821107,46.1303079],[12.682291700000002,46.1300412],[12.682451500000003,46.12982079999998],[12.6824563,46.129791499999996],[12.6824254,46.12975529999998],[12.6823846,46.129735],[12.6823145,46.129715699999984],[12.682277,46.12969989999999],[12.682246000000001,46.129678500000004],[12.682233,46.12964120000002],[12.6822362,46.1295971],[12.682283500000002,46.12952589999998],[12.6824482,46.12931230000001],[12.6828558,46.12871109999999],[12.6832537,46.12812579999999],[12.6832798,46.1280919],[12.683332000000002,46.12806019999999],[12.6833939,46.1280602],[12.683504800000001,46.12806479999999],[12.6836222,46.1280557],[12.683690700000001,46.1280331],[12.6837494,46.12796079999997],[12.683892900000002,46.127791299999984],[12.6840233,46.1275992],[12.6841274,46.127476400000006]]},"properties":{"type":"road","highway":"track","name":"","shade_pct":31.4,"length_m":660}},{"type":"Feature","geometry":{"type":"LineString","coordinates":[[12.6779698,46.134949099999986],[12.6779283,46.13499539999997],[12.6777138,46.135364499999994],[12.6775184,46.135604399999984]]},"properties":{"type":"road","highway":"track","name":"","shade_pct":47.2,"length_m":81}},{"type":"Feature","geometry":{"type":"LineString","coordinates":[[12.6779698,46.134949099999986],[12.678025100000001,46.13491230000001],[12.6781197,46.13486919999999],[12.6782027,46.134842000000006],[12.6783295,46.1348292],[12.6784932,46.13481960000001],[12.6786247,46.134814799999994],[12.6787515,46.1347957],[12.678825300000002,46.13476049999999],[12.6789129,46.134687],[12.6790213,46.13454],[12.680146600000002,46.133037900000005],[12.6805317,46.1325345]]},"properties":{"type":"road","highway":"track","name":"","shade_pct":25.8,"length_m":352}},{"type":"Feature","geometry":{"type":"LineString","coordinates":[[12.6513381,46.13522960000001],[12.6511479,46.135347299999985],[12.6508789,46.1354992],[12.6505601,46.13555439999999],[12.650188600000002,46.13567940000001],[12.6500813,46.1358727]]},"properties":{"type":"road","highway":"track","name":"","shade_pct":100.0,"length_m":127}},{"type":"Feature","geometry":{"type":"LineString","coordinates":[[12.6513381,46.13522960000001],[12.6514268,46.13517470000001],[12.6516858,46.1349953],[12.6518253,46.13462940000001],[12.651875100000002,46.134498199999975],[12.651905,46.13442229999999],[12.6519747,46.13423589999998],[12.651964800000002,46.1340564],[12.651924900000001,46.13389759999999],[12.6518751,46.133690499999986],[12.651646,46.1333729],[12.6514169,46.1330899],[12.6512176,46.13288279999999],[12.650998400000002,46.13268949999997],[12.650859,46.13249619999999],[12.650793200000003,46.132357799999994],[12.6506836,46.1322404],[12.6506139,46.1321472],[12.6505492,46.1320506],[12.6504695,46.13191939999999],[12.6504296,46.1318124],[12.6504097,46.13168470000001],[12.6503898,46.13157759999999],[12.650384800000001,46.131494799999984],[12.6503698,46.13136359999999],[12.6502802,46.1311876],[12.650220399999998,46.131101300000005],[12.6500361,46.13095630000002],[12.649871700000002,46.130835499999975],[12.6497422,46.130735400000006],[12.649647600000002,46.13059039999998],[12.6495181,46.130421299999995],[12.6494035,46.130272800000014],[12.649264,46.130117500000004],[12.649154500000002,46.13000699999999],[12.649049900000001,46.1299104],[12.6488705,46.1298413],[12.648772500000002,46.1298312]]},"properties":{"type":"road","highway":"track","name":"","shade_pct":60.2,"length_m":690}},{"type":"Feature","geometry":{"type":"LineString","coordinates":[[12.6531952,46.136199000000005],[12.6527739,46.136519500000006],[12.651743999999999,46.137144],[12.6511432,46.13751580000001],[12.6510161,46.137720499999986],[12.650934,46.1379363],[12.650886,46.1381668]]},"properties":{"type":"road","highway":"track","name":"","shade_pct":89.2,"length_m":291}},{"type":"Feature","geometry":{"type":"LineString","coordinates":[[12.6531952,46.136199000000005],[12.6538683,46.135686899999996],[12.6545249,46.13502],[12.654791,46.1346312],[12.655094200000002,46.13446039999999]]},"properties":{"type":"road","highway":"track","name":"","shade_pct":74.5,"length_m":245}},{"type":"Feature","geometry":{"type":"LineString","coordinates":[[12.6494319,46.1387026],[12.6491019,46.1388635],[12.6486794,46.1390152],[12.6486493,46.139025999999994]]},"properties":{"type":"road","highway":"track","name":"","shade_pct":100.0,"length_m":71}},{"type":"Feature","geometry":{"type":"LineString","coordinates":[[12.6494319,46.1387026],[12.649676500000002,46.1385834],[12.650216500000003,46.138359599999994],[12.650677100000001,46.13818719999998],[12.650886,46.1381668]]},"properties":{"type":"road","highway":"track","name":"","shade_pct":100.0,"length_m":128}},{"type":"Feature","geometry":{"type":"LineString","coordinates":[[12.6494319,46.1387026],[12.649557800000002,46.1389025],[12.6496653,46.13908609999999],[12.6497573,46.13931069999999],[12.6500004,46.13973609999999],[12.6501437,46.1400061],[12.650447100000001,46.140568200000025],[12.6505221,46.140727000000005],[12.650694000000001,46.14098969999997],[12.6508306,46.14118509999999],[12.6510069,46.1413806],[12.6512141,46.1417104],[12.6513507,46.14199449999999],[12.6514169,46.142272399999996],[12.6515359,46.142532],[12.6517034,46.1429199],[12.6518488,46.1432619],[12.6518885,46.14360090000001],[12.6519238,46.1438177],[12.6519634,46.1441567],[12.652003100000002,46.144394899999995],[12.6519947,46.14451809999999],[12.6519506,46.14466010000001],[12.651946199999998,46.1448021],[12.6519462,46.14486779999999],[12.6519638,46.1449655],[12.6520145,46.1450357],[12.652085,46.145109],[12.652347300000002,46.14531059999999],[12.652528000000002,46.14545559999999],[12.6526228,46.145522799999995],[12.6528366,46.1456633],[12.653063599999998,46.1457794],[12.653385300000002,46.145947299999996],[12.653517600000002,46.1460114],[12.653795300000002,46.1461305],[12.654079600000001,46.14626189999999],[12.654272800000001,46.14631589999999]]},"properties":{"type":"road","highway":"track","name":"","shade_pct":55.4,"length_m":969}},{"type":"Feature","geometry":{"type":"LineString","coordinates":[[12.6494319,46.1387026],[12.6494,46.1386429],[12.649109,46.13817639999999],[12.6489151,46.1378496],[12.6487388,46.1374495],[12.6486462,46.137125700000006],[12.648531600000002,46.136805],[12.6484919,46.1366401],[12.6484567,46.1365362],[12.6484126,46.13644749999999],[12.6482942,46.1362445],[12.648163300000002,46.1360026],[12.648010500000002,46.13573259999998],[12.647920100000002,46.13560739999998],[12.6478578,46.1354994],[12.647807900000002,46.13540649999999],[12.647755,46.13532870000001],[12.6476396,46.135209999999994],[12.6475524,46.1351128],[12.647437,46.13499610000001],[12.6473217,46.1348514],[12.6472812,46.13477579999999],[12.6472376,46.13465270000001],[12.6471908,46.13449719999999],[12.647112900000002,46.13434819999999],[12.6469882,46.1341451],[12.6469134,46.1340156],[12.6468604,46.133873],[12.646828,46.1338162],[12.6467839,46.1336299],[12.6467001,46.133455799999986],[12.6466164,46.133260299999996],[12.6465326,46.13312289999999],[12.6464136,46.13295480000001],[12.646263800000002,46.13282039999999],[12.6461668,46.13272729999998],[12.6461007,46.1326173],[12.64605,46.13247830000001],[12.6459997,46.1323579]]},"properties":{"type":"road","highway":"track","name":"","shade_pct":88.6,"length_m":759}},{"type":"Feature","geometry":{"type":"LineString","coordinates":[[12.6918752,46.0746095],[12.6917526,46.0753127],[12.6915973,46.075817399999984],[12.6914455,46.0763245]]},"properties":{"type":"road","highway":"track","name":"","shade_pct":46.1,"length_m":194}},{"type":"Feature","geometry":{"type":"LineString","coordinates":[[12.6910894,46.0826052],[12.6998081,46.083062999999996]]},"properties":{"type":"road","highway":"track","name":"","shade_pct":70.4,"length_m":676}},{"type":"Feature","geometry":{"type":"LineString","coordinates":[[12.691077500000002,46.0827443],[12.692826,46.08284850000001],[12.6947276,46.08296660000003],[12.696848800000001,46.08306579999997],[12.6986869,46.083154],[12.6998884,46.0832141]]},"properties":{"type":"road","highway":"track","name":"","shade_pct":52.5,"length_m":684}},{"type":"Feature","geometry":{"type":"LineString","coordinates":[[12.6998081,46.083062999999996],[12.6910894,46.0826052]]},"properties":{"type":"road","highway":"track","name":"","shade_pct":70.4,"length_m":676}},{"type":"Feature","geometry":{"type":"LineString","coordinates":[[12.6999026,46.08306799999999],[12.6998884,46.0832141]]},"properties":{"type":"road","highway":"track","name":"","shade_pct":100.0,"length_m":16}},{"type":"Feature","geometry":{"type":"LineString","coordinates":[[12.6998884,46.0832141],[12.6999026,46.08306799999999]]},"properties":{"type":"road","highway":"track","name":"","shade_pct":100.0,"length_m":16}},{"type":"Feature","geometry":{"type":"LineString","coordinates":[[12.6998884,46.0832141],[12.6986869,46.083154],[12.696848800000001,46.08306579999997],[12.6947276,46.08296660000003],[12.692826,46.08284850000001],[12.691077500000002,46.0827443]]},"properties":{"type":"road","highway":"track","name":"","shade_pct":52.5,"length_m":684}},{"type":"Feature","geometry":{"type":"LineString","coordinates":[[12.6845711,46.08532559999999],[12.684754800000002,46.085325],[12.685267,46.08539659999999],[12.6853822,46.085407599999996],[12.685469600000001,46.0854049],[12.6855569,46.085377299999976],[12.6856364,46.08530850000001],[12.6856761,46.0851845],[12.685688,46.08500819999998],[12.6856959,46.08478509999999],[12.6857118,46.0846915],[12.6857833,46.084661199999985],[12.6860692,46.084686],[12.6866649,46.084782399999995],[12.686915100000002,46.08480719999999],[12.6875386,46.08487049999998],[12.687947600000001,46.084898099999975],[12.688127,46.0849013]]},"properties":{"type":"road","highway":"track","name":"","shade_pct":38.3,"length_m":347}},{"type":"Feature","geometry":{"type":"LineString","coordinates":[[12.6876545,46.0871672],[12.6874532,46.08814329999999],[12.6872458,46.089159300000006],[12.687203,46.0893711]]},"properties":{"type":"road","highway":"unclassified","name":"Via San Foca","shade_pct":54.8,"length_m":247}},{"type":"Feature","geometry":{"type":"LineString","coordinates":[[12.6876545,46.0871672],[12.6885897,46.0871862],[12.6894515,46.0872275],[12.6903569,46.0872909],[12.690893,46.0873212],[12.6916873,46.0873542],[12.6926443,46.087403799999976],[12.6933671,46.08744509999998],[12.6942844,46.087478199999985],[12.695136700000003,46.08752239999997]]},"properties":{"type":"road","highway":"track","name":"","shade_pct":43.6,"length_m":580}},{"type":"Feature","geometry":{"type":"LineString","coordinates":[[12.712525,46.0880657],[12.7121676,46.088443],[12.711695,46.08890289999999],[12.7113932,46.08921970000002],[12.710908700000001,46.08969339999999],[12.7105811,46.08998529999999]]},"properties":{"type":"road","highway":"track","name":"","shade_pct":54.7,"length_m":261}},{"type":"Feature","geometry":{"type":"LineString","coordinates":[[12.7084637,46.088196999999994],[12.708214100000001,46.08902649999998]]},"properties":{"type":"road","highway":"unclassified","name":"Via Partidor","shade_pct":100.0,"length_m":94}},{"type":"Feature","geometry":{"type":"LineString","coordinates":[[12.7084637,46.088196999999994],[12.7086448,46.0875955],[12.7086468,46.08758840000001],[12.708654700000002,46.087543000000004],[12.708658900000001,46.08749769999999]]},"properties":{"type":"road","highway":"unclassified","name":"Via Partidor","shade_pct":86.5,"length_m":79}},{"type":"Feature","geometry":{"type":"LineString","coordinates":[[12.7084637,46.088196999999994],[12.7076189,46.08813550000001],[12.7068008,46.08809689999998],[12.7054228,46.08804460000001],[12.7045344,46.088001299999995],[12.703669500000002,46.08796619999999],[12.702709100000002,46.08789999999999],[12.701625200000002,46.087861100000005],[12.7006873,46.087822099999975],[12.6997607,46.087748100000006],[12.6985177,46.08769579999997],[12.6974892,46.0876545],[12.696480500000002,46.087591100000004],[12.695451900000002,46.08753880000001],[12.695136700000003,46.08752239999997]]},"properties":{"type":"road","highway":"track","name":"","shade_pct":79.6,"length_m":1034}},{"type":"Feature","geometry":{"type":"LineString","coordinates":[[12.708214100000001,46.08902649999998],[12.7084637,46.088196999999994]]},"properties":{"type":"road","highway":"unclassified","name":"Via Partidor","shade_pct":100.0,"length_m":94}},{"type":"Feature","geometry":{"type":"LineString","coordinates":[[12.708214100000001,46.08902649999998],[12.7078489,46.0902396],[12.7078362,46.090283699999986]]},"properties":{"type":"road","highway":"unclassified","name":"Via Partidor","shade_pct":97.5,"length_m":143}},{"type":"Feature","geometry":{"type":"LineString","coordinates":[[12.708214100000001,46.08902649999998],[12.7096217,46.08916180000001],[12.7099235,46.089183899999995],[12.7101459,46.089203199999986],[12.710388100000001,46.08928029999999],[12.7104477,46.0893822],[12.7104758,46.089522599999974],[12.7105374,46.0898008],[12.7105811,46.08998529999999]]},"properties":{"type":"road","highway":"track","name":"","shade_pct":95.7,"length_m":251}},{"type":"Feature","geometry":{"type":"LineString","coordinates":[[12.7105811,46.08998529999999],[12.7105374,46.0898008],[12.7104758,46.089522599999974],[12.7104477,46.0893822],[12.710388100000001,46.08928029999999],[12.7101459,46.089203199999986],[12.7099235,46.089183899999995],[12.7096217,46.08916180000001],[12.708214100000001,46.08902649999998]]},"properties":{"type":"road","highway":"track","name":"","shade_pct":95.7,"length_m":251}},{"type":"Feature","geometry":{"type":"LineString","coordinates":[[12.7105811,46.08998529999999],[12.710908700000001,46.08969339999999],[12.7113932,46.08921970000002],[12.711695,46.08890289999999],[12.7121676,46.088443],[12.712525,46.0880657]]},"properties":{"type":"road","highway":"track","name":"","shade_pct":54.7,"length_m":261}},{"type":"Feature","geometry":{"type":"LineString","coordinates":[[12.7077952,46.09042939999999],[12.7071766,46.0926479]]},"properties":{"type":"road","highway":"unclassified","name":"Via Partidor","shade_pct":95.8,"length_m":251}},{"type":"Feature","geometry":{"type":"LineString","coordinates":[[12.7077952,46.09042939999999],[12.7078235,46.09032779999998],[12.7078362,46.090283699999986]]},"properties":{"type":"road","highway":"unclassified","name":"Via Partidor","shade_pct":100.0,"length_m":17}},{"type":"Feature","geometry":{"type":"LineString","coordinates":[[12.7077952,46.09042939999999],[12.706848300000003,46.09039369999999],[12.7055341,46.090327499999994],[12.7045681,46.0902574],[12.7035235,46.090214499999995],[12.7025014,46.0901561],[12.701614100000002,46.0901016],[12.7007099,46.0900743],[12.699946100000002,46.090023699999996],[12.698851,46.0899886],[12.697621,46.089914599999986],[12.6958351,46.08982120000001],[12.694779300000002,46.08976659999998],[12.6946964,46.08976250000002]]},"properties":{"type":"road","highway":"track","name":"","shade_pct":84.6,"length_m":1016}},{"type":"Feature","geometry":{"type":"LineString","coordinates":[[12.6832573,46.0987961],[12.6833943,46.0988292],[12.683656400000002,46.098876000000004],[12.683938400000002,46.0988952],[12.6840708,46.09891010000001]]},"properties":{"type":"road","highway":"track","name":"","shade_pct":29.1,"length_m":64}},{"type":"Feature","geometry":{"type":"LineString","coordinates":[[12.7043667,46.103102],[12.7044492,46.103132400000014],[12.7045619,46.1032031],[12.7047604,46.1032551],[12.705114400000001,46.103296099999994],[12.7055329,46.103340700000004],[12.7058416,46.103341799999974],[12.706045400000002,46.103341799999995],[12.7061927,46.10332949999999],[12.7062815,46.10332319999999],[12.706351200000002,46.1033195],[12.7063912,46.103333199999994]]},"properties":{"type":"road","highway":"track","name":"","shade_pct":54.2,"length_m":163}},{"type":"Feature","geometry":{"type":"LineString","coordinates":[[12.6835712,46.07575949999999],[12.6838451,46.07577539999999],[12.684119,46.0758013],[12.6843971,46.0758373],[12.6846358,46.0758445],[12.684847400000002,46.07586890000001],[12.684978200000002,46.07588479999999],[12.685129600000002,46.075933699999986],[12.6853268,46.0759841],[12.6856318,46.0760546],[12.6858456,46.0761108],[12.6859265,46.07613380000001],[12.685986700000003,46.0761842],[12.6860738,46.0762619],[12.6862004,46.07638430000001],[12.686320800000003,46.07649510000002],[12.6864453,46.0766175],[12.6865428,46.07675570000001],[12.686659,46.0769097],[12.6867797,46.07702819999999],[12.6868245,46.07706480000001]]},"properties":{"type":"road","highway":"track","name":"","shade_pct":66.7,"length_m":313}},{"type":"Feature","geometry":{"type":"LineString","coordinates":[[12.683461600000001,46.07675040000001],[12.683559100000002,46.07675909999999],[12.6837833,46.0767749],[12.6838766,46.076784999999994],[12.6839244,46.07680229999999],[12.683959600000001,46.07684110000002],[12.6839659,46.07687859999998],[12.683951300000002,46.07692320000001],[12.6839202,46.0770513],[12.6838891,46.07717650000001],[12.6838455,46.077355],[12.6838414,46.07740109999999],[12.6838476,46.07743709999998],[12.6838663,46.0774572],[12.6839534,46.077477399999985],[12.6841174,46.07749469999998],[12.6844224,46.0775594],[12.6848001,46.077608399999995],[12.6850616,46.0776473],[12.6852234,46.07766449999999],[12.6855119,46.0776919],[12.685850100000001,46.07774659999997],[12.6860695,46.0777974],[12.686183900000001,46.07782489999999],[12.6863923,46.0778971],[12.686525800000002,46.07793989999999]]},"properties":{"type":"road","highway":"track","name":"","shade_pct":66.6,"length_m":325}},{"type":"Feature","geometry":{"type":"LineString","coordinates":[[12.6868245,46.07706480000001],[12.6867797,46.07702819999999],[12.686659,46.0769097],[12.6865428,46.07675570000001],[12.6864453,46.0766175],[12.686320800000003,46.07649510000002],[12.6862004,46.07638430000001],[12.6860738,46.0762619],[12.685986700000003,46.0761842],[12.6859265,46.07613380000001],[12.6858456,46.0761108],[12.6856318,46.0760546],[12.6853268,46.0759841],[12.685129600000002,46.075933699999986],[12.684978200000002,46.07588479999999],[12.684847400000002,46.07586890000001],[12.6846358,46.0758445],[12.6843971,46.0758373],[12.684119,46.0758013],[12.6838451,46.07577539999999],[12.6835712,46.07575949999999]]},"properties":{"type":"road","highway":"track","name":"","shade_pct":66.7,"length_m":313}},{"type":"Feature","geometry":{"type":"LineString","coordinates":[[12.6868245,46.07706480000001],[12.686815,46.077077900000006],[12.6867959,46.0771206],[12.6867915,46.077178599999996],[12.6867959,46.07723559999998],[12.686795900000002,46.0773191],[12.6867841,46.07746160000001],[12.6867686,46.0775709],[12.6867481,46.077685900000006],[12.6867143,46.077778599999995],[12.6866835,46.07785590000001],[12.686605700000001,46.0779109],[12.686525800000002,46.07793989999999]]},"properties":{"type":"road","highway":"track","name":"","shade_pct":89.2,"length_m":105}},{"type":"Feature","geometry":{"type":"LineString","coordinates":[[12.6868245,46.07706480000001],[12.686918400000001,46.07708589999999],[12.6870409,46.077103199999996],[12.687252500000001,46.0771147],[12.6874528,46.07712699999998],[12.687739100000002,46.07714709999998],[12.6881251,46.07716009999998],[12.6884115,46.0771831],[12.6885575,46.077201099999996]]},"properties":{"type":"road","highway":"track","name":"","shade_pct":49.2,"length_m":135}},{"type":"Feature","geometry":{"type":"LineString","coordinates":[[12.6885575,46.077201099999996],[12.6885763,46.07714109999999],[12.688840000000003,46.07632880000001],[12.6892141,46.07532269999998]]},"properties":{"type":"road","highway":"unclassified","name":"Via San Foca","shade_pct":31.2,"length_m":215}},{"type":"Feature","geometry":{"type":"LineString","coordinates":[[12.6885575,46.077201099999996],[12.6884115,46.0771831],[12.6881251,46.07716009999998],[12.687739100000002,46.07714709999998],[12.6874528,46.07712699999998],[12.687252500000001,46.0771147],[12.6870409,46.077103199999996],[12.686918400000001,46.07708589999999],[12.6868245,46.07706480000001]]},"properties":{"type":"road","highway":"track","name":"","shade_pct":49.2,"length_m":135}},{"type":"Feature","geometry":{"type":"LineString","coordinates":[[12.686525800000002,46.07793989999999],[12.686605700000001,46.0779109],[12.6866835,46.07785590000001],[12.6867143,46.077778599999995],[12.6867481,46.077685900000006],[12.6867686,46.0775709],[12.6867841,46.07746160000001],[12.686795900000002,46.0773191],[12.6867959,46.07723559999998],[12.6867915,46.077178599999996],[12.6867959,46.0771206],[12.686815,46.077077900000006],[12.6868245,46.07706480000001]]},"properties":{"type":"road","highway":"track","name":"","shade_pct":89.2,"length_m":105}},{"type":"Feature","geometry":{"type":"LineString","coordinates":[[12.686525800000002,46.07793989999999],[12.6863923,46.0778971],[12.686183900000001,46.07782489999999],[12.6860695,46.0777974],[12.685850100000001,46.07774659999997],[12.6855119,46.0776919],[12.6852234,46.07766449999999],[12.6850616,46.0776473],[12.6848001,46.077608399999995],[12.6844224,46.0775594],[12.6841174,46.07749469999998],[12.6839534,46.077477399999985],[12.6838663,46.0774572],[12.6838476,46.07743709999998],[12.6838414,46.07740109999999],[12.6838455,46.077355],[12.6838891,46.07717650000001],[12.6839202,46.0770513],[12.683951300000002,46.07692320000001],[12.6839659,46.07687859999998],[12.683959600000001,46.07684110000002],[12.6839244,46.07680229999999],[12.6838766,46.076784999999994],[12.6837833,46.0767749],[12.683559100000002,46.07675909999999],[12.683461600000001,46.07675040000001]]},"properties":{"type":"road","highway":"track","name":"","shade_pct":66.6,"length_m":325}},{"type":"Feature","geometry":{"type":"LineString","coordinates":[[12.686525800000002,46.07793989999999],[12.6864818,46.0779938],[12.6864539,46.0780529],[12.6864451,46.07809159999999],[12.6864392,46.0782768],[12.686451000000002,46.0785557],[12.6864745,46.07880409999998],[12.6864686,46.0790544],[12.6864803,46.0792763],[12.686451000000002,46.0793748],[12.686382500000002,46.07954179999999],[12.6862435,46.07980810000001],[12.6860878,46.08006719999999],[12.686009,46.0802097],[12.685899000000001,46.0803824],[12.685820100000003,46.08048749999999],[12.6856749,46.080617],[12.685559,46.080721799999985]]},"properties":{"type":"road","highway":"track","name":"","shade_pct":65.1,"length_m":327}},{"type":"Feature","geometry":{"type":"LineString","coordinates":[[12.685559,46.080721799999985],[12.6856749,46.080617],[12.685820100000003,46.08048749999999],[12.685899000000001,46.0803824],[12.686009,46.0802097],[12.6860878,46.08006719999999],[12.6862435,46.07980810000001],[12.686382500000002,46.07954179999999],[12.686451000000002,46.0793748],[12.6864803,46.0792763],[12.6864686,46.0790544],[12.6864745,46.07880409999998],[12.686451000000002,46.0785557],[12.6864392,46.0782768],[12.6864451,46.07809159999999],[12.6864539,46.0780529],[12.6864818,46.0779938],[12.686525800000002,46.07793989999999]]},"properties":{"type":"road","highway":"track","name":"","shade_pct":65.1,"length_m":327}},{"type":"Feature","geometry":{"type":"LineString","coordinates":[[12.685359100000001,46.0858464],[12.6852118,46.08578589999999],[12.6850458,46.08573839999998],[12.684830000000002,46.08571109999999],[12.684584400000002,46.085651699999985]]},"properties":{"type":"road","highway":"track","name":"","shade_pct":23.4,"length_m":64}},{"type":"Feature","geometry":{"type":"LineString","coordinates":[[12.660141700000002,46.086033699999994],[12.6589003,46.0860337],[12.6583598,46.08603459999999]]},"properties":{"type":"road","highway":"residential","name":"Via Pordenone","shade_pct":77.3,"length_m":138}},{"type":"Feature","geometry":{"type":"LineString","coordinates":[[12.6583598,46.08603459999999],[12.6590686,46.086447199999995],[12.6600282,46.087026400000006],[12.6608747,46.0875267],[12.6618043,46.088084200000004],[12.6627023,46.088616299999984],[12.6634967,46.0890686],[12.6642973,46.08949390000002]]},"properties":{"type":"road","highway":"tertiary","name":"Via Pordenone","shade_pct":39.9,"length_m":599}},{"type":"Feature","geometry":{"type":"LineString","coordinates":[[12.6583598,46.08603459999999],[12.6589003,46.0860337],[12.660141700000002,46.086033699999994]]},"properties":{"type":"road","highway":"residential","name":"Via Pordenone","shade_pct":77.3,"length_m":138}},{"type":"Feature","geometry":{"type":"LineString","coordinates":[[12.6729223,46.0884373],[12.6728754,46.088551300000006],[12.6728225,46.0886693],[12.672755,46.0888322],[12.6726934,46.0890194],[12.6726597,46.08914870000001],[12.6726259,46.0892555],[12.6725966,46.089372600000004],[12.672601000000002,46.089476399999995],[12.672579400000002,46.08954339999999]]},"properties":{"type":"road","highway":"track","name":"","shade_pct":100.0,"length_m":126}},{"type":"Feature","geometry":{"type":"LineString","coordinates":[[12.6787979,46.090525199999995],[12.678631500000002,46.08960179999998],[12.678501700000002,46.0878394],[12.6783311,46.08668499999999],[12.6782131,46.0858813],[12.678083300000003,46.085287099999995],[12.6779223,46.084825699999996],[12.6777839,46.08451949999998],[12.6777316,46.084475099999985]]},"properties":{"type":"road","highway":"track","name":"","shade_pct":63.9,"length_m":680}},{"type":"Feature","geometry":{"type":"LineString","coordinates":[[12.6787979,46.090525199999995],[12.678823500000002,46.090666999999996],[12.6790396,46.091376600000004],[12.679051,46.0917938]]},"properties":{"type":"road","highway":"track","name":"","shade_pct":100.0,"length_m":143}},{"type":"Feature","geometry":{"type":"LineString","coordinates":[[12.6787979,46.090525199999995],[12.6786228,46.090553199999995],[12.678451600000002,46.090606399999984],[12.6781904,46.0906817],[12.6779792,46.090728500000004],[12.677764900000001,46.09076919999998],[12.6776064,46.09077729999999],[12.677474400000001,46.090765099999984],[12.6773687,46.090765099999984],[12.6772572,46.090781400000026],[12.6771105,46.090805799999984],[12.6768786,46.09084859999999],[12.676696700000003,46.09088319999999],[12.6766174,46.090911699999985],[12.676582200000002,46.09097069999999],[12.6765822,46.091013399999994],[12.6765822,46.09105009999999],[12.6765061,46.09108359999999]]},"properties":{"type":"road","highway":"track","name":"","shade_pct":100.0,"length_m":199}},{"type":"Feature","geometry":{"type":"LineString","coordinates":[[12.6385416,46.1221835],[12.6385962,46.122237999999996],[12.6386509,46.1223395],[12.638734,46.12252899999999],[12.6388389,46.12273199999999],[12.638924200000002,46.12286989999998],[12.638939500000001,46.1229002],[12.638957000000001,46.12291079999999],[12.6390182,46.12290169999999],[12.6393112,46.1228517],[12.6394292,46.1228487],[12.6395014,46.12285779999999],[12.6395385,46.12288199999999],[12.639584500000002,46.12299269999998],[12.6396763,46.123163899999994],[12.6397353,46.12331689999999],[12.6397965,46.12345940000001],[12.6398512,46.1235261],[12.6399305,46.123561299999984]]},"properties":{"type":"road","highway":"track","name":"","shade_pct":91.2,"length_m":217}},{"type":"Feature","geometry":{"type":"LineString","coordinates":[[12.6351507,46.129090600000005],[12.635305300000002,46.12923409999999],[12.6354289,46.129375599999996],[12.6355062,46.12946989999999]]},"properties":{"type":"road","highway":"track","name":"","shade_pct":100.0,"length_m":50}},{"type":"Feature","geometry":{"type":"LineString","coordinates":[[12.6355062,46.12946989999999],[12.6355557,46.1294949],[12.6356392,46.12949489999999],[12.6357196,46.1295067],[12.635851000000002,46.129588199999986],[12.6360009,46.129687800000006],[12.6361246,46.1297574]]},"properties":{"type":"road","highway":"track","name":"","shade_pct":100.0,"length_m":59}},{"type":"Feature","geometry":{"type":"LineString","coordinates":[[12.6355062,46.12946989999999],[12.6354246,46.1295593],[12.6352468,46.12972430000001],[12.6351154,46.12989249999999],[12.634971700000001,46.13009930000001],[12.6348202,46.130282500000014],[12.6346795,46.1304229],[12.6344538,46.130605],[12.6342574,46.13077429999999],[12.634143,46.1309125],[12.6340704,46.13101],[12.634033300000002,46.13114710000001],[12.6339776,46.13131639999998],[12.6339173,46.1314856],[12.633866300000001,46.131594899999996],[12.6337952,46.131746],[12.6337411,46.13192169999999],[12.633683900000001,46.13202239999999],[12.6336421,46.1320743]]},"properties":{"type":"road","highway":"track","name":"","shade_pct":46.6,"length_m":328}},{"type":"Feature","geometry":{"type":"LineString","coordinates":[[12.6355062,46.12946989999999],[12.6356175,46.129349899999994],[12.6358649,46.1291163],[12.636137,46.12881840000002],[12.6363936,46.1285785],[12.6365327,46.12841770000001],[12.6365637,46.1283749],[12.6365606,46.1282377],[12.6365729,46.1279956],[12.6366224,46.12778769999998],[12.6366966,46.1275992],[12.636758400000002,46.12748349999998],[12.6369316,46.1273463],[12.6370305,46.12722629999999],[12.6370924,46.127101999999994],[12.637284100000002,46.12671629999999],[12.6375809,46.12625770000001],[12.6381127,46.12562770000001],[12.638459000000001,46.125122],[12.638935100000001,46.1245134],[12.6392876,46.124144799999996],[12.6395597,46.123894099999994],[12.6398163,46.123669],[12.6399305,46.123561299999984]]},"properties":{"type":"road","highway":"track","name":"","shade_pct":99.4,"length_m":751}},{"type":"Feature","geometry":{"type":"LineString","coordinates":[[12.6355062,46.12946989999999],[12.6354289,46.129375599999996],[12.635305300000002,46.12923409999999],[12.6351507,46.129090600000005]]},"properties":{"type":"road","highway":"track","name":"","shade_pct":100.0,"length_m":50}},{"type":"Feature","geometry":{"type":"LineString","coordinates":[[12.639731,46.129554],[12.6396632,46.1294237],[12.6396479,46.1293797],[12.6395889,46.12935850000001],[12.6395145,46.12936309999999],[12.6394293,46.129385799999994],[12.6393658,46.12939029999999],[12.6392981,46.12935849999997],[12.6392478,46.129302499999994],[12.6391778,46.1291388],[12.639118800000002,46.12898879999998],[12.6390663,46.12891610000002],[12.639022600000002,46.12889789999999],[12.6389592,46.12891],[12.6388608,46.12892370000001],[12.6385569,46.12900849999998],[12.638159,46.129123699999994],[12.6377021,46.129240300000006],[12.6371446,46.12940249999999],[12.6367314,46.12951760000001],[12.6365225,46.12959979999997],[12.6363038,46.1296785],[12.6361246,46.1297574]]},"properties":{"type":"road","highway":"track","name":"","shade_pct":95.3,"length_m":350}},{"type":"Feature","geometry":{"type":"LineString","coordinates":[[12.6361246,46.1297574],[12.6363038,46.1296785],[12.6365225,46.12959979999997],[12.6367314,46.12951760000001],[12.6371446,46.12940249999999],[12.6377021,46.129240300000006],[12.638159,46.129123699999994],[12.6385569,46.12900849999998],[12.6388608,46.12892370000001],[12.6389592,46.12891],[12.639022600000002,46.12889789999999],[12.6390663,46.12891610000002],[12.639118800000002,46.12898879999998],[12.6391778,46.1291388],[12.6392478,46.129302499999994],[12.6392981,46.12935849999997],[12.6393658,46.12939029999999],[12.6394293,46.129385799999994],[12.6395145,46.12936309999999],[12.6395889,46.12935850000001],[12.6396479,46.1293797],[12.6396632,46.1294237],[12.639731,46.129554]]},"properties":{"type":"road","highway":"track","name":"","shade_pct":95.3,"length_m":350}},{"type":"Feature","geometry":{"type":"LineString","coordinates":[[12.6361246,46.1297574],[12.6362544,46.1298895],[12.636494000000003,46.13009739999999],[12.6365806,46.130194900000006],[12.6367954,46.1303781],[12.636959300000001,46.13051629999999],[12.6370072,46.1305463],[12.6370382,46.130556999999996],[12.637075300000001,46.130549499999994],[12.6374765,46.1304101]]},"properties":{"type":"road","highway":"track","name":"","shade_pct":100.0,"length_m":152}},{"type":"Feature","geometry":{"type":"LineString","coordinates":[[12.6361246,46.1297574],[12.6360009,46.129687800000006],[12.635851000000002,46.129588199999986],[12.6357196,46.1295067],[12.6356392,46.12949489999999],[12.6355557,46.1294949],[12.6355062,46.12946989999999]]},"properties":{"type":"road","highway":"track","name":"","shade_pct":100.0,"length_m":59}},{"type":"Feature","geometry":{"type":"LineString","coordinates":[[12.6336421,46.1320743],[12.6337211,46.132084799999994],[12.6338194,46.132135499999976],[12.6339517,46.132236999999996],[12.6340107,46.1323302],[12.634078500000001,46.13246429999998],[12.6341583,46.1326158],[12.6342064,46.13278699999999],[12.6343267,46.13317789999999],[12.6343857,46.1333355],[12.6344784,46.133534700000006],[12.634558800000002,46.13382399999999],[12.634572,46.133952699999995]]},"properties":{"type":"road","highway":"track","name":"","shade_pct":20.5,"length_m":228}},{"type":"Feature","geometry":{"type":"LineString","coordinates":[[12.6336421,46.1320743],[12.633683900000001,46.13202239999999],[12.6337411,46.13192169999999],[12.6337952,46.131746],[12.633866300000001,46.131594899999996],[12.6339173,46.1314856],[12.6339776,46.13131639999998],[12.634033300000002,46.13114710000001],[12.6340704,46.13101],[12.634143,46.1309125],[12.6342574,46.13077429999999],[12.6344538,46.130605],[12.6346795,46.1304229],[12.6348202,46.130282500000014],[12.634971700000001,46.13009930000001],[12.6351154,46.12989249999999],[12.6352468,46.12972430000001],[12.6354246,46.1295593],[12.6355062,46.12946989999999]]},"properties":{"type":"road","highway":"track","name":"","shade_pct":46.6,"length_m":328}},{"type":"Feature","geometry":{"type":"LineString","coordinates":[[12.6342293,46.14327670000001],[12.6348261,46.14408939999999]]},"properties":{"type":"road","highway":"track","name":"Via Vittorio Alfieri","shade_pct":53.1,"length_m":101}},{"type":"Feature","geometry":{"type":"LineString","coordinates":[[12.6348261,46.14408939999999],[12.6342293,46.14327670000001]]},"properties":{"type":"road","highway":"track","name":"Via Vittorio Alfieri","shade_pct":53.1,"length_m":101}},{"type":"Feature","geometry":{"type":"LineString","coordinates":[[12.6453034,46.154888],[12.6453812,46.154850200000006],[12.645412300000002,46.15477469999999],[12.645347500000002,46.154731599999984],[12.645119100000002,46.15463449999999],[12.6449064,46.154532100000026],[12.6446521,46.15447640000001],[12.6445146,46.1543991],[12.6443926,46.1542751],[12.6443355,46.154162700000015],[12.6443303,46.1541088],[12.6443353,46.1540533]]},"properties":{"type":"road","highway":"track","name":"Vicolo Cavallotti","shade_pct":35.7,"length_m":140}},{"type":"Feature","geometry":{"type":"LineString","coordinates":[[12.689834000000001,46.09176119999999],[12.6907235,46.09180299999999],[12.698093800000002,46.0921789]]},"properties":{"type":"road","highway":"track","name":"","shade_pct":65.4,"length_m":640}},{"type":"Feature","geometry":{"type":"LineString","coordinates":[[12.669373,46.10826849999997],[12.669079,46.108544800000004],[12.6682883,46.109299500000006],[12.667877000000002,46.10970989999999],[12.6674683,46.11000059999999],[12.6669901,46.11027679999997],[12.6659565,46.1108977],[12.6650757,46.1114118],[12.664072,46.112031900000005],[12.6628813,46.11273109999999]]},"properties":{"type":"road","highway":"unclassified","name":"Via Montereale","shade_pct":38.9,"length_m":710}},{"type":"Feature","geometry":{"type":"LineString","coordinates":[[12.669373,46.10826849999997],[12.6701545,46.1083701],[12.6711854,46.10847509999997],[12.6725782,46.1086268],[12.6733356,46.1087085],[12.6744591,46.10883389999999],[12.6751576,46.108924300000005],[12.6754879,46.1089491],[12.675592,46.108945000000006],[12.675734899999998,46.108930500000014],[12.675880600000001,46.10894909999999],[12.676327,46.10902749999999],[12.6766552,46.109085799999995],[12.6772611,46.1091529],[12.678249900000003,46.1092492],[12.6789905,46.1093309],[12.6797395,46.1094155],[12.6806947,46.10950589999999],[12.6811744,46.10954379999998],[12.681504200000001,46.109562299999986]]},"properties":{"type":"road","highway":"track","name":"","shade_pct":46.4,"length_m":950}},{"type":"Feature","geometry":{"type":"LineString","coordinates":[[12.669373,46.10826849999997],[12.6688423,46.108196799999995],[12.668042800000002,46.108126799999994],[12.667424300000002,46.1080451],[12.6669446,46.1079955],[12.666881500000002,46.1079605],[12.666544900000002,46.10759],[12.666317600000001,46.10733029999999],[12.6661157,46.10700359999999],[12.6658842,46.106598099999985],[12.6656317,46.106116699999994],[12.6652404,46.10540189999998],[12.6650847,46.1050918],[12.664971400000002,46.104808199999994]]},"properties":{"type":"road","highway":"track","name":"","shade_pct":97.4,"length_m":578}},{"type":"Feature","geometry":{"type":"LineString","coordinates":[[12.6741802,46.10373609999999],[12.6743901,46.1035784],[12.6746956,46.10346199999999],[12.675303,46.10329199999998],[12.6764594,46.10299750000001],[12.6768863,46.10285739999999],[12.6771648,46.10270220000001],[12.6772945,46.10260099999999]]},"properties":{"type":"road","highway":"unclassified","name":"Via Montereale","shade_pct":47.8,"length_m":276}},{"type":"Feature","geometry":{"type":"LineString","coordinates":[[12.6741802,46.10373609999999],[12.6740551,46.10383010000001],[12.6736826,46.10417109999999],[12.673518600000001,46.1043351]]},"properties":{"type":"road","highway":"unclassified","name":"Via Montereale","shade_pct":42.6,"length_m":84}},{"type":"Feature","geometry":{"type":"LineString","coordinates":[[12.6741802,46.10373609999999],[12.6740614,46.103737500000015],[12.6738487,46.10374169999998],[12.673710300000002,46.10374990000001],[12.6735065,46.1037695],[12.6733756,46.10379429999999],[12.6731852,46.103818],[12.6730572,46.10382929999999],[12.672966500000001,46.10382419999999],[12.6729001,46.1038085]]},"properties":{"type":"road","highway":"track","name":"","shade_pct":21.9,"length_m":100}},{"type":"Feature","geometry":{"type":"LineString","coordinates":[[12.6729001,46.1038085],[12.672966500000001,46.10382419999999],[12.6730572,46.10382929999999],[12.6731852,46.103818],[12.6733756,46.10379429999999],[12.6735065,46.1037695],[12.673710300000002,46.10374990000001],[12.6738487,46.10374169999998],[12.6740614,46.103737500000015],[12.6741802,46.10373609999999]]},"properties":{"type":"road","highway":"track","name":"","shade_pct":21.9,"length_m":100}},{"type":"Feature","geometry":{"type":"LineString","coordinates":[[12.657463700000001,46.14246020000001],[12.657203400000002,46.14161419999999],[12.6571822,46.1414846],[12.657197600000002,46.1413106],[12.657231500000002,46.14115819999999],[12.6573205,46.14078129999999]]},"properties":{"type":"road","highway":"tertiary","name":"Via San Martino","shade_pct":37.1,"length_m":190}},{"type":"Feature","geometry":{"type":"LineString","coordinates":[[12.6385781,46.1533737],[12.6384097,46.1535146]]},"properties":{"type":"road","highway":"track","name":"","shade_pct":100.0,"length_m":20}},{"type":"Feature","geometry":{"type":"LineString","coordinates":[[12.6385781,46.1533737],[12.6388133,46.15317689999999],[12.639161,46.15291019999999],[12.639515,46.1527231],[12.6396857,46.15254680000003],[12.639859600000001,46.15235320000001],[12.639965900000002,46.15223799999998]]},"properties":{"type":"road","highway":"track","name":"","shade_pct":83.6,"length_m":167}},{"type":"Feature","geometry":{"type":"LineString","coordinates":[[12.6544487,46.16632019999998],[12.6544906,46.16635779999999],[12.6546843,46.16650579999999],[12.654911400000001,46.166762600000006],[12.6550884,46.167026299999996],[12.6551653,46.1672159],[12.6551452,46.167465699999994],[12.655168600000001,46.1675883],[12.6552888,46.167731699999976],[12.6554358,46.16785899999999],[12.655556,46.16800239999999],[12.6556796,46.168069499999994],[12.6557965,46.168145799999984],[12.655823200000002,46.168242899999996],[12.6557765,46.16837250000001],[12.655786500000001,46.16851359999999],[12.6559101,46.1687911],[12.6560604,46.1690733],[12.6561906,46.16934859999999],[12.656224,46.16948270000001],[12.656210700000003,46.16964689999998],[12.6562708,46.16977409999999],[12.6564211,46.170026299999996],[12.6566048,46.1701188],[12.6567551,46.170206699999994],[12.6568419,46.17034779999999],[12.6569889,46.17043329999997],[12.657196000000003,46.17049809999999],[12.6573963,46.17059289999998],[12.6575333,46.17070859999999],[12.6576268,46.17091679999998],[12.6577237,46.17107169999999],[12.657853900000001,46.1712383],[12.6578873,46.1714163],[12.6580243,46.1715898],[12.6582547,46.17177949999998],[12.6584918,46.171899700000026],[12.658739000000002,46.17194369999999],[12.6590062,46.171999199999995],[12.65924,46.17210789999999],[12.659393600000001,46.172168],[12.6594849,46.17212529999999]]},"properties":{"type":"road","highway":"track","name":"","shade_pct":62.0,"length_m":813}},{"type":"Feature","geometry":{"type":"LineString","coordinates":[[12.6544487,46.16632019999998],[12.6542869,46.166175],[12.654023,46.16596220000001],[12.6537759,46.16572159999998],[12.6535688,46.1655782],[12.653378400000001,46.16543709999999],[12.6532014,46.165323799999996],[12.653024400000001,46.165222],[12.6528741,46.1651133],[12.6527305,46.1649421],[12.6526336,46.164870400000005]]},"properties":{"type":"road","highway":"track","name":"","shade_pct":90.4,"length_m":215}},{"type":"Feature","geometry":{"type":"LineString","coordinates":[[12.6546488,46.15672039999998],[12.6546969,46.15677],[12.6548185,46.156840700000004]]},"properties":{"type":"road","highway":"unclassified","name":"Via Vincenzo Chiaranda","shade_pct":100.0,"length_m":19}},{"type":"Feature","geometry":{"type":"LineString","coordinates":[[12.6546488,46.15672039999998],[12.6545008,46.156567999999986],[12.654422400000001,46.156542099999996],[12.6542733,46.15650999999999],[12.6533546,46.15654920000001],[12.6530843,46.156647299999996],[12.6527593,46.15672489999999],[12.652566,46.156739400000006],[12.6523853,46.15667869999999],[12.6520308,46.15649750000001]]},"properties":{"type":"road","highway":"unclassified","name":"Via Vincenzo Chiaranda","shade_pct":100.0,"length_m":225}},{"type":"Feature","geometry":{"type":"LineString","coordinates":[[12.629846800000001,46.157675699999984],[12.6298211,46.1577018],[12.629815400000002,46.15775630000001],[12.6298268,46.157814],[12.6298564,46.1578622],[12.6299694,46.1579791],[12.6301507,46.15817029999999],[12.63021,46.1583157],[12.630243100000001,46.158433399999986],[12.6302408,46.1584927],[12.630169000000002,46.158760499999985],[12.6300686,46.158950100000006],[12.6299386,46.1590963],[12.6297504,46.15932779999999],[12.6296625,46.1594313],[12.6294572,46.1596233],[12.6293546,46.1597307],[12.6292348,46.15984679999999],[12.629192600000001,46.159849199999975]]},"properties":{"type":"road","highway":"unclassified","name":"Via Chiaranda","shade_pct":100.0,"length_m":275}},{"type":"Feature","geometry":{"type":"LineString","coordinates":[[12.629846800000001,46.157675699999984],[12.6298919,46.157662699999996],[12.629983,46.1576418],[12.6302659,46.1576536],[12.6305477,46.15769],[12.630907000000002,46.15774209999998],[12.631072300000001,46.1577903],[12.631272,46.157859],[12.6315719,46.157973600000005],[12.631794400000002,46.158046299999995],[12.632024800000002,46.158126099999976],[12.6322574,46.1582296],[12.6323476,46.15830070000002],[12.6324981,46.15843109999998],[12.6326487,46.158570900000015],[12.6326741,46.1585942]]},"properties":{"type":"road","highway":"unclassified","name":"Via Chiaranda","shade_pct":66.2,"length_m":253}},{"type":"Feature","geometry":{"type":"LineString","coordinates":[[12.6421047,46.16088969999998],[12.64209,46.16096970000001],[12.6421092,46.16104819999999],[12.6420996,46.1611372]]},"properties":{"type":"road","highway":"unclassified","name":"Via Chiaranda","shade_pct":26.0,"length_m":28}},{"type":"Feature","geometry":{"type":"LineString","coordinates":[[12.6547603,46.1625556],[12.654661600000003,46.16278779999998],[12.6542789,46.1632302],[12.6539722,46.163388100000006],[12.6535023,46.16352839999999],[12.6530437,46.163582999999996],[12.6527168,46.16353889999999],[12.6524588,46.16347829999999],[12.6521404,46.16338019999999],[12.651765,46.16324269999998],[12.6509926,46.1629961],[12.6504728,46.16279469999999],[12.6490233,46.16218269999998]]},"properties":{"type":"road","highway":"unclassified","name":"Via Chiaranda","shade_pct":100.0,"length_m":538}},{"type":"Feature","geometry":{"type":"LineString","coordinates":[[12.6547603,46.1625556],[12.6547883,46.1624896],[12.6547095,46.162014099999986],[12.654715100000002,46.16178219999999],[12.6547883,46.1616107],[12.6551541,46.1612598],[12.6554242,46.16109999999999],[12.655725,46.16110140000001],[12.6559476,46.16103959999999],[12.656069300000002,46.160974499999995],[12.6561389,46.1608856],[12.656264100000001,46.1607006]]},"properties":{"type":"road","highway":"unclassified","name":"Via Chiaranda","shade_pct":100.0,"length_m":270}},{"type":"Feature","geometry":{"type":"LineString","coordinates":[[12.641122400000002,46.131463399999994],[12.6413001,46.131410599999995],[12.6416388,46.131320900000006],[12.641957600000001,46.13123460000001],[12.6423013,46.131130999999996],[12.6426798,46.13103089999999],[12.6431481,46.130917],[12.643441900000001,46.130851399999976],[12.6438952,46.1307858],[12.6442514,46.1307479],[12.644448100000002,46.13070819999999],[12.6446025,46.1306944],[12.644702100000002,46.130683999999995],[12.644747000000002,46.130683999999995]]},"properties":{"type":"road","highway":"track","name":"","shade_pct":89.7,"length_m":295}},{"type":"Feature","geometry":{"type":"LineString","coordinates":[[12.6458916,46.132455399999984],[12.6459346,46.1325185],[12.6460528,46.1328265],[12.646261,46.13334919999999],[12.6464636,46.133863899999994],[12.6465968,46.13419019999998],[12.6468125,46.13470099999999],[12.6470563,46.135304099999985],[12.6473696,46.13604110000001],[12.647620900000001,46.1366338],[12.6479079,46.137374699999995],[12.648163000000002,46.13802069999999],[12.6484725,46.13862500000001],[12.6486493,46.139025999999994]]},"properties":{"type":"road","highway":"track","name":"","shade_pct":57.6,"length_m":761}},{"type":"Feature","geometry":{"type":"LineString","coordinates":[[12.6458916,46.132455399999984],[12.6454845,46.132864899999994],[12.6450288,46.1335355],[12.644891400000002,46.13371769999999],[12.6447073,46.13385029999999],[12.6445553,46.1339227],[12.6436495,46.13419360000001],[12.6421578,46.13462529999999]]},"properties":{"type":"road","highway":"unclassified","name":"Via Montereale","shade_pct":40.9,"length_m":396}},{"type":"Feature","geometry":{"type":"LineString","coordinates":[[12.6486493,46.139025999999994],[12.6481863,46.13919229999999],[12.647538500000001,46.13940829999999]]},"properties":{"type":"road","highway":"track","name":"","shade_pct":100.0,"length_m":96}},{"type":"Feature","geometry":{"type":"LineString","coordinates":[[12.6486493,46.139025999999994],[12.6486794,46.1390152],[12.6491019,46.1388635],[12.6494319,46.1387026]]},"properties":{"type":"road","highway":"track","name":"","shade_pct":100.0,"length_m":71}},{"type":"Feature","geometry":{"type":"LineString","coordinates":[[12.6486493,46.139025999999994],[12.6484725,46.13862500000001],[12.648163000000002,46.13802069999999],[12.6479079,46.137374699999995],[12.647620900000001,46.1366338],[12.6473696,46.13604110000001],[12.6470563,46.135304099999985],[12.6468125,46.13470099999999],[12.6465968,46.13419019999998],[12.6464636,46.133863899999994],[12.646261,46.13334919999999],[12.6460528,46.1328265],[12.6459346,46.1325185],[12.6458916,46.132455399999984]]},"properties":{"type":"road","highway":"track","name":"","shade_pct":57.6,"length_m":761}},{"type":"Feature","geometry":{"type":"LineString","coordinates":[[12.6490699,46.11497219999998],[12.649044500000002,46.1149017],[12.649044500000002,46.114780799999984],[12.6490395,46.11464959999999],[12.649059500000002,46.11449429999999],[12.6490395,46.1143458],[12.6490246,46.114180000000005],[12.6490445,46.11406260000001],[12.649089400000001,46.11378980000001],[12.6490794,46.113603400000024],[12.6490943,46.113385799999975],[12.649059500000002,46.11315789999999],[12.6490794,46.11294389999999],[12.6491093,46.112781600000005],[12.6491491,46.1125709],[12.6491292,46.11245009999998],[12.6490644,46.1123119],[12.648895100000003,46.11214269999998],[12.6487955,46.11203219999999],[12.6485763,46.11196320000001],[12.6483671,46.1119597]]},"properties":{"type":"road","highway":"track","name":"","shade_pct":50.4,"length_m":370}},{"type":"Feature","geometry":{"type":"LineString","coordinates":[[12.6490699,46.11497219999998],[12.6493974,46.114902199999996],[12.6497461,46.114849199999995],[12.6498942,46.11479820000001]]},"properties":{"type":"road","highway":"track","name":"","shade_pct":37.2,"length_m":67}},{"type":"Feature","geometry":{"type":"LineString","coordinates":[[12.6549353,46.11510929999999],[12.655354600000003,46.116376499999994]]},"properties":{"type":"road","highway":"primary","name":"Via San Martino","shade_pct":80.7,"length_m":145}},{"type":"Feature","geometry":{"type":"LineString","coordinates":[[12.6549353,46.11510929999999],[12.6551789,46.11505089999998],[12.6556697,46.11494679999999],[12.6561552,46.11484449999999],[12.6564073,46.1147906],[12.6565066,46.11474789999998],[12.6565334,46.1147125],[12.6565066,46.114625099999984],[12.656383200000002,46.11415100000001],[12.6562759,46.11376429999998],[12.6562142,46.1135095],[12.6560586,46.113016800000004],[12.656005,46.11283079999999],[12.6559969,46.11277879999998],[12.6560184,46.112527799999995],[12.656080100000002,46.1123139],[12.6561069,46.11219489999999],[12.656233,46.111969899999984],[12.6563188,46.11181929999998],[12.6563242,46.1117208],[12.6562571,46.11159250000001],[12.656141800000002,46.1114158],[12.6568311,46.1112317],[12.6570055,46.1111797],[12.657002800000003,46.11110339999999],[12.6569009,46.1109286],[12.6567825,46.1106237],[12.6565894,46.1102109],[12.6565223,46.110104899999996],[12.6564955,46.11007889999999],[12.6563238,46.1101123],[12.6561388,46.110168099999996],[12.6560234,46.11019039999999],[12.6559483,46.11016809999999],[12.6559108,46.1100826],[12.6556935,46.10975719999999],[12.655500400000001,46.109446600000005],[12.655382400000002,46.10925319999999],[12.6553287,46.1091677],[12.6552509,46.1091547],[12.655159700000002,46.1091807],[12.654714500000003,46.10934060000001],[12.6543095,46.1094448],[12.653931300000002,46.109539599999984],[12.6536926,46.1096251],[12.6535529,46.1096519]]},"properties":{"type":"road","highway":"track","name":"","shade_pct":67.3,"length_m":1026}},{"type":"Feature","geometry":{"type":"LineString","coordinates":[[12.644986700000002,46.116136],[12.6449415,46.11581019999999],[12.644684,46.1155127],[12.6445123,46.11533419999998],[12.6443621,46.11516319999999],[12.644340600000001,46.114843299999976],[12.6442441,46.1143748],[12.644125,46.1140918],[12.6440499,46.11395050000001],[12.6439437,46.11382439999999],[12.6438933,46.113669],[12.6436433,46.1131922],[12.6435499,46.112888],[12.6433965,46.112641799999984],[12.6432173,46.1123228],[12.643031200000001,46.1120814]]},"properties":{"type":"road","highway":"track","name":"","shade_pct":40.2,"length_m":482}},{"type":"Feature","geometry":{"type":"LineString","coordinates":[[12.643531400000002,46.14260409999998],[12.6431988,46.14271930000001],[12.6426543,46.1429331],[12.6420884,46.143137499999995],[12.641692700000002,46.143293599999964],[12.6411818,46.1435333],[12.640863200000002,46.143698199999996]]},"properties":{"type":"road","highway":"track","name":"","shade_pct":59.2,"length_m":240}},{"type":"Feature","geometry":{"type":"LineString","coordinates":[[12.640863200000002,46.143698199999996],[12.6411818,46.1435333],[12.641692700000002,46.143293599999964],[12.6420884,46.143137499999995],[12.6426543,46.1429331],[12.6431988,46.14271930000001],[12.643531400000002,46.14260409999998]]},"properties":{"type":"road","highway":"track","name":"","shade_pct":59.2,"length_m":240}},{"type":"Feature","geometry":{"type":"LineString","coordinates":[[12.6122667,46.1495111],[12.6122653,46.149453],[12.6123614,46.1489789],[12.612691300000002,46.1482046],[12.612713300000001,46.14815959999999],[12.612908800000001,46.1479205],[12.613036200000002,46.14769669999999],[12.6131839,46.147574299999995],[12.6133357,46.147516],[12.613633800000002,46.14744989999999],[12.613936700000002,46.1473177],[12.6144093,46.14715029999999],[12.6145035,46.14713230000001],[12.614599500000002,46.147145099999996],[12.6146829,46.1471803],[12.6147348,46.1472243],[12.6147826,46.14729599999999],[12.6148002,46.14736430000001],[12.6147974,46.1475426],[12.6148408,46.148007400000004],[12.6147876,46.14861819999999],[12.6147468,46.1487021],[12.6144464,46.14886089999999],[12.614251900000001,46.1492317],[12.614032500000002,46.14944559999998],[12.6138962,46.14969729999999],[12.6138674,46.1498294],[12.613877600000002,46.14990399999999]]},"properties":{"type":"road","highway":"track","name":"","shade_pct":85.3,"length_m":686}},{"type":"Feature","geometry":{"type":"LineString","coordinates":[[12.6122667,46.1495111],[12.612268900000002,46.14960339999999],[12.6124657,46.15036709999999],[12.612496200000002,46.15059539999998],[12.6125037,46.15087649999998],[12.6125394,46.15104440000002],[12.6125528,46.1511866],[12.612532700000001,46.151221899999996],[12.6124898,46.151235799999995],[12.6124375,46.1512326],[12.612299300000002,46.15118009999999],[12.6121457,46.15109590000001],[12.6120338,46.15099829999999],[12.6118541,46.15076289999999],[12.611779500000003,46.15068360000001]]},"properties":{"type":"road","highway":"track","name":"","shade_pct":100.0,"length_m":281}},{"type":"Feature","geometry":{"type":"LineString","coordinates":[[12.6376634,46.117240399999986],[12.637473700000001,46.117044299999975],[12.637377600000002,46.11689599999999],[12.6372371,46.11679069999999]]},"properties":{"type":"road","highway":"track","name":"","shade_pct":100.0,"length_m":60}},{"type":"Feature","geometry":{"type":"LineString","coordinates":[[12.6376634,46.117240399999986],[12.637731400000002,46.117378800000004],[12.6380655,46.11762779999999],[12.6384537,46.117811499999995],[12.6386973,46.117922299999975],[12.6389687,46.118131299999995],[12.6393946,46.118457799999995],[12.6396339,46.118793199999985],[12.639888200000001,46.11902299999999],[12.6405244,46.11933609999999],[12.6409428,46.119640999999994],[12.6410501,46.11978229999998],[12.6414439,46.1202352],[12.6418119,46.1205408],[12.642119800000001,46.120785500000004],[12.642305400000001,46.120912699999984],[12.642613300000002,46.121231699999996],[12.6429277,46.12153730000003],[12.6432034,46.121826599999984],[12.6434072,46.1220795],[12.643516700000001,46.122228299999996]]},"properties":{"type":"road","highway":"track","name":"","shade_pct":82.0,"length_m":725}},{"type":"Feature","geometry":{"type":"LineString","coordinates":[[12.657076600000002,46.1563729],[12.656914700000002,46.156354300000004],[12.656535,46.156312100000015],[12.656375,46.15625929999998],[12.6561988,46.1562334],[12.656037300000001,46.156232300000006],[12.655760500000001,46.156260599999996],[12.6555941,46.156284799999995],[12.6555273,46.15629349999999]]},"properties":{"type":"road","highway":"track","name":"","shade_pct":84.1,"length_m":122}},{"type":"Feature","geometry":{"type":"LineString","coordinates":[[12.65694,46.09914229999999],[12.6570806,46.099398699999995],[12.657172,46.09951749999999],[12.657343400000002,46.09976310000001],[12.657657600000002,46.100420699999994],[12.658177400000001,46.10145059999998],[12.658646600000003,46.102458999999996],[12.658735100000001,46.102659],[12.6587592,46.102742199999994]]},"properties":{"type":"road","highway":"track","name":"","shade_pct":73.2,"length_m":425}},{"type":"Feature","geometry":{"type":"LineString","coordinates":[[12.6911314,46.1191615],[12.6909075,46.119430400000006],[12.688811800000002,46.122187399999994]]},"properties":{"type":"road","highway":"track","name":"Via Antonio dell'Agnolo - Pellegrin","shade_pct":45.8,"length_m":381}},{"type":"Feature","geometry":{"type":"LineString","coordinates":[[12.6911314,46.1191615],[12.690903200000001,46.11908329999999],[12.6904043,46.118993999999994],[12.6901468,46.1189494],[12.6895889,46.11886009999998],[12.688886200000002,46.11878949999999],[12.6882478,46.11878579999999],[12.687771000000001,46.1187802]]},"properties":{"type":"road","highway":"track","name":"","shade_pct":86.8,"length_m":265}},{"type":"Feature","geometry":{"type":"LineString","coordinates":[[12.687771000000001,46.1187802],[12.6882478,46.11878579999999],[12.688886200000002,46.11878949999999],[12.6895889,46.11886009999998],[12.6901468,46.1189494],[12.6904043,46.118993999999994],[12.690903200000001,46.11908329999999],[12.6911314,46.1191615]]},"properties":{"type":"road","highway":"track","name":"","shade_pct":86.8,"length_m":265}},{"type":"Feature","geometry":{"type":"LineString","coordinates":[[12.687771000000001,46.1187802],[12.6877603,46.119535],[12.6877462,46.1205409],[12.687749600000002,46.1206964],[12.6877066,46.1211277],[12.6874921,46.12115739999998],[12.6845949,46.120424299999975]]},"properties":{"type":"road","highway":"track","name":"","shade_pct":79.3,"length_m":516}},{"type":"Feature","geometry":{"type":"LineString","coordinates":[[12.687771000000001,46.1187802],[12.6877818,46.11866119999999],[12.6877871,46.118162899999994],[12.6878622,46.117434100000004],[12.687873000000002,46.1167611],[12.6878837,46.1163743],[12.6879052,46.1160136],[12.6879588,46.1152401],[12.6879749,46.1145447],[12.6880071,46.11383450000001],[12.6880339,46.113775],[12.6882378,46.113760099999986],[12.6885757,46.11377130000001],[12.6889083,46.11377130000001],[12.6889405,46.1136932],[12.6889351,46.113525800000005],[12.6889244,46.11320599999999],[12.688968,46.11303029999999]]},"properties":{"type":"road","highway":"track","name":"","shade_pct":100.0,"length_m":708}},{"type":"Feature","geometry":{"type":"LineString","coordinates":[[12.695047,46.114272699999994],[12.694607300000001,46.1147954],[12.6933992,46.1167163],[12.6914641,46.11876199999999],[12.6912116,46.1190652]]},"properties":{"type":"road","highway":"track","name":"Via Antonio dell'Agnolo - Pellegrin","shade_pct":22.4,"length_m":611}},{"type":"Feature","geometry":{"type":"LineString","coordinates":[[12.695047,46.114272699999994],[12.695806700000002,46.113369399999996],[12.6966914,46.1122857]]},"properties":{"type":"road","highway":"track","name":"Via Antonio dell'Agnolo - Pellegrin","shade_pct":65.0,"length_m":255}},{"type":"Feature","geometry":{"type":"LineString","coordinates":[[12.695047,46.114272699999994],[12.694697200000002,46.11419799999999],[12.6940105,46.1140455],[12.693297100000002,46.11389679999999],[12.6925031,46.1137443],[12.6919721,46.11364390000001],[12.6911459,46.11349140000001],[12.690158900000002,46.113279399999996],[12.6893381,46.11311949999997],[12.688968,46.11303029999999]]},"properties":{"type":"road","highway":"track","name":"","shade_pct":63.4,"length_m":490}},{"type":"Feature","geometry":{"type":"LineString","coordinates":[[12.688968,46.11303029999999],[12.6889244,46.11320599999999],[12.6889351,46.113525800000005],[12.6889405,46.1136932],[12.6889083,46.11377130000001],[12.6885757,46.11377130000001],[12.6882378,46.113760099999986],[12.6880339,46.113775],[12.6880071,46.11383450000001],[12.6879749,46.1145447],[12.6879588,46.1152401],[12.6879052,46.1160136],[12.6878837,46.1163743],[12.687873000000002,46.1167611],[12.6878622,46.117434100000004],[12.6877871,46.118162899999994],[12.6877818,46.11866119999999],[12.687771000000001,46.1187802]]},"properties":{"type":"road","highway":"track","name":"","shade_pct":100.0,"length_m":708}},{"type":"Feature","geometry":{"type":"LineString","coordinates":[[12.688968,46.11303029999999],[12.6893381,46.11311949999997],[12.690158900000002,46.113279399999996],[12.6911459,46.11349140000001],[12.6919721,46.11364390000001],[12.6925031,46.1137443],[12.693297100000002,46.11389679999999],[12.6940105,46.1140455],[12.694697200000002,46.11419799999999],[12.695047,46.114272699999994]]},"properties":{"type":"road","highway":"track","name":"","shade_pct":63.4,"length_m":490}},{"type":"Feature","geometry":{"type":"LineString","coordinates":[[12.688968,46.11303029999999],[12.688512,46.1130247],[12.6876966,46.113019099999995],[12.686894600000002,46.1130154],[12.6861195,46.11301170000001],[12.6853148,46.1130005],[12.684813200000002,46.1130005],[12.6842124,46.112998700000006],[12.6836384,46.1129875],[12.682963400000002,46.112996700000004]]},"properties":{"type":"road","highway":"track","name":"","shade_pct":42.1,"length_m":464}},{"type":"Feature","geometry":{"type":"LineString","coordinates":[[12.688968,46.11303029999999],[12.6890928,46.11296229999999],[12.689578,46.111888900000004],[12.6895056,46.11176529999999],[12.688961700000002,46.1116809],[12.6889426,46.11152440000001],[12.6889755,46.110605099999994],[12.6888812,46.110514699999975]]},"properties":{"type":"road","highway":"track","name":"","shade_pct":51.6,"length_m":327}},{"type":"Feature","geometry":{"type":"LineString","coordinates":[[12.682963400000002,46.112996700000004],[12.6836384,46.1129875],[12.6842124,46.112998700000006],[12.684813200000002,46.1130005],[12.6853148,46.1130005],[12.6861195,46.11301170000001],[12.686894600000002,46.1130154],[12.6876966,46.113019099999995],[12.688512,46.1130247],[12.688968,46.11303029999999]]},"properties":{"type":"road","highway":"track","name":"","shade_pct":42.1,"length_m":464}},{"type":"Feature","geometry":{"type":"LineString","coordinates":[[12.6808359,46.111530399999985],[12.6807745,46.11176069999998],[12.680702,46.11222450000001],[12.6806518,46.1126779],[12.680643000000002,46.11340429999998],[12.680764,46.11411369999999],[12.6810016,46.115028800000005],[12.681035200000002,46.11516339999999]]},"properties":{"type":"road","highway":"tertiary","name":"Via Maniago","shade_pct":43.4,"length_m":407}},{"type":"Feature","geometry":{"type":"LineString","coordinates":[[12.6808359,46.111530399999985],[12.6810233,46.11155109999997],[12.6812365,46.11157059999999],[12.6815986,46.1116292],[12.6818655,46.111673800000005],[12.6820626,46.1116989],[12.6822839,46.11174449999999],[12.6824797,46.1118086],[12.6826353,46.1118347],[12.6828163,46.11186439999998],[12.6829357,46.111905300000004],[12.682991300000001,46.111937]]},"properties":{"type":"road","highway":"track","name":"","shade_pct":29.3,"length_m":174}},{"type":"Feature","geometry":{"type":"LineString","coordinates":[[12.682991300000001,46.111937],[12.6829357,46.111905300000004],[12.6828163,46.11186439999998],[12.6826353,46.1118347],[12.6824797,46.1118086],[12.6822839,46.11174449999999],[12.6820626,46.1116989],[12.6818655,46.111673800000005],[12.6815986,46.1116292],[12.6812365,46.11157059999999],[12.6810233,46.11155109999997],[12.6808359,46.111530399999985]]},"properties":{"type":"road","highway":"track","name":"","shade_pct":29.3,"length_m":174}},{"type":"Feature","geometry":{"type":"LineString","coordinates":[[12.6535529,46.1096519],[12.653665200000002,46.11050119999999],[12.6538287,46.11174410000001],[12.654259,46.1130654],[12.6543123,46.11322649999998]]},"properties":{"type":"road","highway":"primary","name":"Via San Martino","shade_pct":81.4,"length_m":402}},{"type":"Feature","geometry":{"type":"LineString","coordinates":[[12.6535529,46.1096519],[12.6536926,46.1096251],[12.653931300000002,46.109539599999984],[12.6543095,46.1094448],[12.654714500000003,46.10934060000001],[12.655159700000002,46.1091807],[12.6552509,46.1091547],[12.6553287,46.1091677],[12.655382400000002,46.10925319999999],[12.655500400000001,46.109446600000005],[12.6556935,46.10975719999999],[12.6559108,46.1100826],[12.6559483,46.11016809999999],[12.6560234,46.11019039999999],[12.6561388,46.110168099999996],[12.6563238,46.1101123],[12.6564955,46.11007889999999],[12.6565223,46.110104899999996],[12.6565894,46.1102109],[12.6567825,46.1106237],[12.6569009,46.1109286],[12.657002800000003,46.11110339999999],[12.6570055,46.1111797],[12.6568311,46.1112317],[12.656141800000002,46.1114158],[12.6562571,46.11159250000001],[12.6563242,46.1117208],[12.6563188,46.11181929999998],[12.656233,46.111969899999984],[12.6561069,46.11219489999999],[12.656080100000002,46.1123139],[12.6560184,46.112527799999995],[12.6559969,46.11277879999998],[12.656005,46.11283079999999],[12.6560586,46.113016800000004],[12.6562142,46.1135095],[12.6562759,46.11376429999998],[12.656383200000002,46.11415100000001],[12.6565066,46.114625099999984],[12.6565334,46.1147125],[12.6565066,46.11474789999998],[12.6564073,46.1147906],[12.6561552,46.11484449999999],[12.6556697,46.11494679999999],[12.6551789,46.11505089999998],[12.6549353,46.11510929999999]]},"properties":{"type":"road","highway":"track","name":"","shade_pct":67.3,"length_m":1026}},{"type":"Feature","geometry":{"type":"LineString","coordinates":[[12.6690401,46.1517589],[12.6682555,46.15285479999999],[12.668088,46.153120899999976],[12.667881,46.153285200000006],[12.6673915,46.1536367],[12.6672075,46.15376159999998]]},"properties":{"type":"road","highway":"unclassified","name":"Via Ponte Giulio","shade_pct":97.2,"length_m":267}},{"type":"Feature","geometry":{"type":"LineString","coordinates":[[12.6690401,46.1517589],[12.6690999,46.15167539999999],[12.669244399999998,46.151458499999976],[12.6692815,46.15137889999999],[12.6692904,46.151300799999994],[12.6692539,46.15116699999999],[12.6691722,46.1510643],[12.669067000000002,46.1506897],[12.6691163,46.150604300000005]]},"properties":{"type":"road","highway":"unclassified","name":"Via Ponte Giulio","shade_pct":100.0,"length_m":136}},{"type":"Feature","geometry":{"type":"LineString","coordinates":[[12.700015100000002,46.107965199999995],[12.702105700000002,46.105021]]},"properties":{"type":"road","highway":"track","name":"Via Antonio dell'Agnolo - Pellegrin","shade_pct":52.7,"length_m":365}},{"type":"Feature","geometry":{"type":"LineString","coordinates":[[12.700015100000002,46.107965199999995],[12.6998128,46.1082501],[12.6997694,46.10831059999998]]},"properties":{"type":"road","highway":"track","name":"Via Antonio dell'Agnolo - Pellegrin","shade_pct":54.5,"length_m":43}},{"type":"Feature","geometry":{"type":"LineString","coordinates":[[12.6966914,46.1122857],[12.695806700000002,46.113369399999996],[12.695047,46.114272699999994]]},"properties":{"type":"road","highway":"track","name":"Via Antonio dell'Agnolo - Pellegrin","shade_pct":65.0,"length_m":255}},{"type":"Feature","geometry":{"type":"LineString","coordinates":[[12.6912116,46.1190652],[12.6914641,46.11876199999999],[12.6933992,46.1167163],[12.694607300000001,46.1147954],[12.695047,46.114272699999994]]},"properties":{"type":"road","highway":"track","name":"Via Antonio dell'Agnolo - Pellegrin","shade_pct":22.4,"length_m":611}},{"type":"Feature","geometry":{"type":"LineString","coordinates":[[12.668777600000002,46.113614699999985],[12.6797486,46.1152768],[12.680599,46.11541509999997],[12.6809586,46.115422],[12.6810948,46.1154018]]},"properties":{"type":"road","highway":"track","name":"","shade_pct":89.0,"length_m":974}},{"type":"Feature","geometry":{"type":"LineString","coordinates":[[12.668777600000002,46.113614699999985],[12.6661482,46.1132163],[12.665975300000001,46.11320249999999],[12.6657472,46.1132301],[12.6651387,46.1131748],[12.6648967,46.1130642],[12.6645994,46.1129605],[12.6628813,46.11273109999999]]},"properties":{"type":"road","highway":"track","name":"","shade_pct":31.9,"length_m":470}},{"type":"Feature","geometry":{"type":"LineString","coordinates":[[12.667782,46.11683980000001],[12.6670815,46.11674390000001]]},"properties":{"type":"road","highway":"track","name":"","shade_pct":99.9,"length_m":55}},{"type":"Feature","geometry":{"type":"LineString","coordinates":[[12.667782,46.11683980000001],[12.6720804,46.11742829999999],[12.6785087,46.1189056]]},"properties":{"type":"road","highway":"track","name":"","shade_pct":97.6,"length_m":862}},{"type":"Feature","geometry":{"type":"LineString","coordinates":[[12.6738057,46.1323373],[12.6734501,46.13312530000001],[12.6732969,46.13348049999999],[12.6731425,46.1338068],[12.672905300000002,46.1341501]]},"properties":{"type":"road","highway":"track","name":"","shade_pct":78.4,"length_m":214}},{"type":"Feature","geometry":{"type":"LineString","coordinates":[[12.6738057,46.1323373],[12.6739774,46.131956900000006],[12.6741422,46.1316013]]},"properties":{"type":"road","highway":"track","name":"","shade_pct":100.0,"length_m":86}},{"type":"Feature","geometry":{"type":"LineString","coordinates":[[12.6738057,46.1323373],[12.6737638,46.13224220000001],[12.6736189,46.1319262],[12.6734526,46.131692],[12.6733453,46.1316028],[12.6730771,46.1315507],[12.6724334,46.13144669999999],[12.6714222,46.1313147],[12.670622900000001,46.131192],[12.6702045,46.13113439999999],[12.6697834,46.13107680000001],[12.6692818,46.1310061],[12.6688419,46.13094109999999],[12.668174,46.13085369999999],[12.6678817,46.1308054],[12.6675173,46.1307147]]},"properties":{"type":"road","highway":"track","name":"","shade_pct":94.1,"length_m":551}},{"type":"Feature","geometry":{"type":"LineString","coordinates":[[12.6675173,46.1307147],[12.6670756,46.13113649999999],[12.6664345,46.131604899999985],[12.665949000000001,46.13218479999998],[12.6657049,46.13241529999999],[12.665434,46.1325789],[12.6652222,46.132772200000005],[12.6650264,46.1329464]]},"properties":{"type":"road","highway":"track","name":"","shade_pct":92.3,"length_m":316}},{"type":"Feature","geometry":{"type":"LineString","coordinates":[[12.6675173,46.1307147],[12.6676361,46.13060120000001],[12.6691248,46.1293074],[12.669478500000002,46.128992999999994]]},"properties":{"type":"road","highway":"track","name":"","shade_pct":97.9,"length_m":244}},{"type":"Feature","geometry":{"type":"LineString","coordinates":[[12.6675173,46.1307147],[12.6678817,46.1308054],[12.668174,46.13085369999999],[12.6688419,46.13094109999999],[12.6692818,46.1310061],[12.6697834,46.13107680000001],[12.6702045,46.13113439999999],[12.670622900000001,46.131192],[12.6714222,46.1313147],[12.6724334,46.13144669999999],[12.6730771,46.1315507],[12.6733453,46.1316028],[12.6734526,46.131692],[12.6736189,46.1319262],[12.6737638,46.13224220000001],[12.6738057,46.1323373]]},"properties":{"type":"road","highway":"track","name":"","shade_pct":94.1,"length_m":551}},{"type":"Feature","geometry":{"type":"LineString","coordinates":[[12.6601551,46.127591099999975],[12.660291,46.1275988],[12.6605807,46.127636],[12.6607363,46.127662],[12.660867700000003,46.1276936],[12.660983,46.12774379999998],[12.6610689,46.12778659999997],[12.661194900000002,46.1278293],[12.6612995,46.12785160000003],[12.6614524,46.1278832],[12.6615785,46.1279037],[12.661691100000002,46.1279279],[12.6617716,46.1279539],[12.6618548,46.1280004],[12.6619486,46.128030100000004],[12.6627224,46.1281212],[12.664648300000001,46.128374],[12.6660618,46.12854870000001],[12.667907200000002,46.12879409999999],[12.6693153,46.1289614]]},"properties":{"type":"road","highway":"track","name":"","shade_pct":88.6,"length_m":728}},{"type":"Feature","geometry":{"type":"LineString","coordinates":[[12.669478500000002,46.128992999999994],[12.6693153,46.1289614]]},"properties":{"type":"road","highway":"track","name":"","shade_pct":100.0,"length_m":13}},{"type":"Feature","geometry":{"type":"LineString","coordinates":[[12.669478500000002,46.128992999999994],[12.6691248,46.1293074],[12.6676361,46.13060120000001],[12.6675173,46.1307147]]},"properties":{"type":"road","highway":"track","name":"","shade_pct":97.9,"length_m":244}},{"type":"Feature","geometry":{"type":"LineString","coordinates":[[12.669478500000002,46.128992999999994],[12.6696183,46.12886869999999],[12.6700179,46.128504400000004],[12.6707985,46.127887199999996],[12.6716083,46.1272714]]},"properties":{"type":"road","highway":"track","name":"","shade_pct":98.7,"length_m":253}},{"type":"Feature","geometry":{"type":"LineString","coordinates":[[12.6693153,46.1289614],[12.669478500000002,46.128992999999994]]},"properties":{"type":"road","highway":"track","name":"","shade_pct":100.0,"length_m":13}},{"type":"Feature","geometry":{"type":"LineString","coordinates":[[12.6693153,46.1289614],[12.667907200000002,46.12879409999999],[12.6660618,46.12854870000001],[12.664648300000001,46.128374],[12.6627224,46.1281212],[12.6619486,46.128030100000004],[12.6618548,46.1280004],[12.6617716,46.1279539],[12.661691100000002,46.1279279],[12.6615785,46.1279037],[12.6614524,46.1278832],[12.6612995,46.12785160000003],[12.661194900000002,46.1278293],[12.6610689,46.12778659999997],[12.660983,46.12774379999998],[12.660867700000003,46.1276936],[12.6607363,46.127662],[12.6605807,46.127636],[12.660291,46.1275988],[12.6601551,46.127591099999975]]},"properties":{"type":"road","highway":"track","name":"","shade_pct":88.6,"length_m":728}},{"type":"Feature","geometry":{"type":"LineString","coordinates":[[12.6693153,46.1289614],[12.6691732,46.1290971],[12.6686179,46.12960829999999],[12.6681834,46.1300265],[12.6678052,46.1303667],[12.6674673,46.13066599999999],[12.6673707,46.13070869999999],[12.666478900000001,46.130599],[12.6652612,46.130442899999984],[12.6642392,46.13031649999999],[12.6630296,46.130167799999995],[12.6618574,46.1300098],[12.6615678,46.12995589999999],[12.6614149,46.12994100000001],[12.66127,46.129944699999996],[12.6611359,46.12995029999999],[12.6610823,46.1299893],[12.661009900000002,46.130047],[12.660948200000002,46.1300916],[12.6608623,46.1301306],[12.6607363,46.130132499999995],[12.6606156,46.130121299999985],[12.6605029,46.1300916],[12.66046,46.1300525],[12.660457300000001,46.12999119999998],[12.6604841,46.12990940000001],[12.660543200000001,46.12984439999999],[12.6606075,46.129773699999994],[12.6606129,46.12970679999999],[12.660578,46.12964920000001],[12.660342,46.129623099999996],[12.6601167,46.129600799999984],[12.659979900000002,46.12955619999998],[12.659942600000003,46.12951919999998]]},"properties":{"type":"road","highway":"track","name":"","shade_pct":81.6,"length_m":900}},{"type":"Feature","geometry":{"type":"LineString","coordinates":[[12.6380707,46.13022339999999],[12.6383599,46.13013699999999],[12.6388191,46.130006699999974],[12.6392213,46.12993699999999],[12.6396805,46.1298673],[12.6400696,46.129788500000004],[12.640153000000002,46.12977099999999],[12.6401906,46.1297924],[12.6402697,46.12989839999998],[12.640316600000002,46.12999409999999],[12.640432,46.130185600000004],[12.6406238,46.13055829999999],[12.6407391,46.13079799999999],[12.6408652,46.13104899999999],[12.6409644,46.13120980000001],[12.6410046,46.1312851],[12.641011300000002,46.1313241],[12.6410073,46.1313659],[12.6410167,46.1314105],[12.6410355,46.131444],[12.641056000000003,46.1314831]]},"properties":{"type":"road","highway":"track","name":"","shade_pct":26.7,"length_m":373}},{"type":"Feature","geometry":{"type":"LineString","coordinates":[[12.6380707,46.13022339999999],[12.637664300000003,46.130344799999996],[12.6374765,46.1304101]]},"properties":{"type":"road","highway":"track","name":"","shade_pct":100.0,"length_m":50}},{"type":"Feature","geometry":{"type":"LineString","coordinates":[[12.6374765,46.1304101],[12.637664300000003,46.130344799999996],[12.6380707,46.13022339999999]]},"properties":{"type":"road","highway":"track","name":"","shade_pct":100.0,"length_m":50}},{"type":"Feature","geometry":{"type":"LineString","coordinates":[[12.6374765,46.1304101],[12.637075300000001,46.130549499999994],[12.6370382,46.130556999999996],[12.6370072,46.1305463],[12.636959300000001,46.13051629999999],[12.6367954,46.1303781],[12.6365806,46.130194900000006],[12.636494000000003,46.13009739999999],[12.6362544,46.1298895],[12.6361246,46.1297574]]},"properties":{"type":"road","highway":"track","name":"","shade_pct":100.0,"length_m":152}},{"type":"Feature","geometry":{"type":"LineString","coordinates":[[12.6745875,46.134848899999994],[12.674652600000002,46.13467399999999]]},"properties":{"type":"road","highway":"track","name":"","shade_pct":96.2,"length_m":20}},{"type":"Feature","geometry":{"type":"LineString","coordinates":[[12.6745875,46.134848899999994],[12.674558100000002,46.13492769999999],[12.674543400000001,46.1350061],[12.6745287,46.13507169999998],[12.6744974,46.13517430000002],[12.6744506,46.13532080000001],[12.6744297,46.13535589999999],[12.674418600000001,46.135432399999985],[12.674352400000002,46.1358427],[12.6743009,46.135988],[12.6742715,46.1361154],[12.6742421,46.136278499999996],[12.6741648,46.136485],[12.674117,46.136571599999996],[12.673973600000002,46.1368978],[12.6739589,46.1370151],[12.6738853,46.13725719999999],[12.6738044,46.137394799999996],[12.6737897,46.13751460000002],[12.673683,46.1377771],[12.6736242,46.13790449999999],[12.673569,46.13807529999998],[12.6734955,46.1382307],[12.6734146,46.138536499999994],[12.6733741,46.1386767],[12.6732969,46.1388245],[12.6732674,46.138944299999984],[12.6732343,46.139216999999995],[12.6731424,46.13952529999999],[12.673135,46.1396528],[12.6730504,46.13997639999999],[12.6729585,46.1402491],[12.672888600000002,46.14045809999998],[12.6728518,46.14060330000001],[12.672800300000002,46.14074089999998],[12.6724289,46.1415029],[12.6723443,46.1416405],[12.6722487,46.14186729999999],[12.672141999999997,46.1420865],[12.6720611,46.14227760000001],[12.6718993,46.14251709999998],[12.6718753,46.142558299999976]]},"properties":{"type":"road","highway":"track","name":"","shade_pct":100.0,"length_m":886}},{"type":"Feature","geometry":{"type":"LineString","coordinates":[[12.6718753,46.142558299999976],[12.6718993,46.14251709999998],[12.6720611,46.14227760000001],[12.672141999999997,46.1420865],[12.6722487,46.14186729999999],[12.6723443,46.1416405],[12.6724289,46.1415029],[12.672800300000002,46.14074089999998],[12.6728518,46.14060330000001],[12.672888600000002,46.14045809999998],[12.6729585,46.1402491],[12.6730504,46.13997639999999],[12.673135,46.1396528],[12.6731424,46.13952529999999],[12.6732343,46.139216999999995],[12.6732674,46.138944299999984],[12.6732969,46.1388245],[12.6733741,46.1386767],[12.6734146,46.138536499999994],[12.6734955,46.1382307],[12.673569,46.13807529999998],[12.6736242,46.13790449999999],[12.673683,46.1377771],[12.6737897,46.13751460000002],[12.6738044,46.137394799999996],[12.6738853,46.13725719999999],[12.6739589,46.1370151],[12.673973600000002,46.1368978],[12.674117,46.136571599999996],[12.6741648,46.136485],[12.6742421,46.136278499999996],[12.6742715,46.1361154],[12.6743009,46.135988],[12.674352400000002,46.1358427],[12.674418600000001,46.135432399999985],[12.6744297,46.13535589999999],[12.6744506,46.13532080000001],[12.6744974,46.13517430000002],[12.6745287,46.13507169999998],[12.674543400000001,46.1350061],[12.674558100000002,46.13492769999999],[12.6745875,46.134848899999994]]},"properties":{"type":"road","highway":"track","name":"","shade_pct":100.0,"length_m":886}},{"type":"Feature","geometry":{"type":"LineString","coordinates":[[12.6718753,46.142558299999976],[12.6718073,46.1426751],[12.6716639,46.14296049999999]]},"properties":{"type":"road","highway":"track","name":"","shade_pct":99.2,"length_m":48}},{"type":"Feature","geometry":{"type":"LineString","coordinates":[[12.674742600000002,46.1432114],[12.6751345,46.1426128],[12.6758281,46.14154800000001],[12.676075,46.1412889],[12.6762382,46.141038],[12.6767056,46.14009589999999]]},"properties":{"type":"road","highway":"unclassified","name":"Via Antonio dell'Agnolo - Pellegrin","shade_pct":81.0,"length_m":379}},{"type":"Feature","geometry":{"type":"LineString","coordinates":[[12.6411541,46.151605200000006],[12.640776700000002,46.1513837],[12.6405308,46.151213600000005],[12.640353,46.1510719],[12.640149500000001,46.15092039999999],[12.640020300000002,46.15078009999999]]},"properties":{"type":"road","highway":"residential","name":"Via Montenero","shade_pct":93.7,"length_m":127}},{"type":"Feature","geometry":{"type":"LineString","coordinates":[[12.6771822,46.09796579999997],[12.6771855,46.0979282],[12.677192100000001,46.097841499999994],[12.6771942,46.0978118]]},"properties":{"type":"road","highway":"track","name":"","shade_pct":100.0,"length_m":17}},{"type":"Feature","geometry":{"type":"LineString","coordinates":[[12.673127800000001,46.098003799999994],[12.6731268,46.097982499999986],[12.6731737,46.0979233],[12.6732052,46.09788330000001]]},"properties":{"type":"road","highway":"track","name":"Via John Fitzgerald Kennedy","shade_pct":100.0,"length_m":15}},{"type":"Feature","geometry":{"type":"LineString","coordinates":[[12.6582564,46.11637090000003],[12.6587026,46.11613729999998],[12.6590952,46.1157954],[12.6598423,46.1150483],[12.6604857,46.11436269999999],[12.661086900000003,46.11383369999999],[12.661165000000002,46.113782199999996]]},"properties":{"type":"road","highway":"unclassified","name":"Via Montereale","shade_pct":76.7,"length_m":367}},{"type":"Feature","geometry":{"type":"LineString","coordinates":[[12.6582564,46.11637090000003],[12.657908200000001,46.11655329999999],[12.6572408,46.1168732],[12.656549500000002,46.117248499999995],[12.6561965,46.11745109999999]]},"properties":{"type":"road","highway":"unclassified","name":"Via Montereale","shade_pct":91.7,"length_m":200}},{"type":"Feature","geometry":{"type":"LineString","coordinates":[[12.6493708,46.11619799999999],[12.649353300000001,46.1162552],[12.6492537,46.11648310000001],[12.649074400000002,46.1166903],[12.6489449,46.11687669999999],[12.6487656,46.1171115],[12.6486311,46.11729449999999],[12.648402,46.11743260000001],[12.648098100000002,46.11757419999999],[12.6478541,46.1176709],[12.647535300000001,46.11778480000001],[12.6471368,46.1178884],[12.646713400000001,46.117971299999994],[12.646544,46.118016199999985],[12.6461803,46.118142]]},"properties":{"type":"road","highway":"track","name":"","shade_pct":21.6,"length_m":349}},{"type":"Feature","geometry":{"type":"LineString","coordinates":[[12.6493708,46.11619799999999],[12.6494231,46.116027300000006],[12.6493832,46.11575109999997],[12.6493035,46.115502499999984],[12.6492117,46.1153251]]},"properties":{"type":"road","highway":"track","name":"","shade_pct":20.8,"length_m":100}},{"type":"Feature","geometry":{"type":"LineString","coordinates":[[12.6493708,46.11619799999999],[12.6495981,46.116161899999994],[12.6498261,46.1161545],[12.6500621,46.11613769999999],[12.6503357,46.11610989999999],[12.6509915,46.116071700000006],[12.6510693,46.116056899999975],[12.6511189,46.11602799999999],[12.6511431,46.115999199999976],[12.651141700000002,46.115968599999995],[12.6510787,46.11591930000001],[12.651033100000001,46.11584959999999],[12.651009,46.11580399999999],[12.651017,46.11575939999999],[12.651072,46.11570729999997],[12.651599000000001,46.1154163],[12.6519263,46.1152118],[12.6520282,46.115167199999995],[12.652114,46.11521549999999],[12.6521569,46.1152825],[12.652183800000001,46.115386599999994],[12.6522589,46.11552050000001],[12.6523608,46.1155985],[12.652489500000001,46.11563199999999],[12.6525646,46.1156841],[12.6526236,46.115751],[12.6526236,46.11581790000001],[12.6526344,46.115892299999985],[12.6526934,46.1161266],[12.6528275,46.1165654],[12.6528865,46.1166993],[12.652929400000001,46.11672529999999],[12.653063500000002,46.11671039999999],[12.6532245,46.1166918],[12.6538414,46.11662489999999],[12.6545763,46.1164985],[12.655354600000003,46.116376499999994]]},"properties":{"type":"road","highway":"track","name":"","shade_pct":92.6,"length_m":661}},{"type":"Feature","geometry":{"type":"LineString","coordinates":[[12.655354600000003,46.116376499999994],[12.6557502,46.117571899999994]]},"properties":{"type":"road","highway":"primary","name":"Via San Martino","shade_pct":28.3,"length_m":136}},{"type":"Feature","geometry":{"type":"LineString","coordinates":[[12.655354600000003,46.116376499999994],[12.6549353,46.11510929999999]]},"properties":{"type":"road","highway":"primary","name":"Via San Martino","shade_pct":80.7,"length_m":145}},{"type":"Feature","geometry":{"type":"LineString","coordinates":[[12.655354600000003,46.116376499999994],[12.6545763,46.1164985],[12.6538414,46.11662489999999],[12.6532245,46.1166918],[12.653063500000002,46.11671039999999],[12.652929400000001,46.11672529999999],[12.6528865,46.1166993],[12.6528275,46.1165654],[12.6526934,46.1161266],[12.6526344,46.115892299999985],[12.6526236,46.11581790000001],[12.6526236,46.115751],[12.6525646,46.1156841],[12.652489500000001,46.11563199999999],[12.6523608,46.1155985],[12.6522589,46.11552050000001],[12.652183800000001,46.115386599999994],[12.6521569,46.1152825],[12.652114,46.11521549999999],[12.6520282,46.115167199999995],[12.6519263,46.1152118],[12.651599000000001,46.1154163],[12.651072,46.11570729999997],[12.651017,46.11575939999999],[12.651009,46.11580399999999],[12.651033100000001,46.11584959999999],[12.6510787,46.11591930000001],[12.651141700000002,46.115968599999995],[12.6511431,46.115999199999976],[12.6511189,46.11602799999999],[12.6510693,46.116056899999975],[12.6509915,46.116071700000006],[12.6503357,46.11610989999999],[12.6500621,46.11613769999999],[12.6498261,46.1161545],[12.6495981,46.116161899999994],[12.6493708,46.11619799999999]]},"properties":{"type":"road","highway":"track","name":"","shade_pct":92.6,"length_m":661}},{"type":"Feature","geometry":{"type":"LineString","coordinates":[[12.6565302,46.16323349999999],[12.6565382,46.1632109],[12.6565493,46.16308819999998],[12.656542,46.1629919]]},"properties":{"type":"road","highway":"primary","name":"Via Aristide Zenari","shade_pct":100.0,"length_m":27}},{"type":"Feature","geometry":{"type":"LineString","coordinates":[[12.6565302,46.16323349999999],[12.6565089,46.163293599999996],[12.656472,46.16335399999999],[12.6564189,46.163408399999994],[12.656356700000002,46.1634512],[12.6562699,46.163498999999995],[12.656074500000003,46.163583300000006],[12.6527304,46.1648413],[12.6526336,46.164870400000005]]},"properties":{"type":"road","highway":"primary","name":["Magredo","Via Aristide Zenari"],"shade_pct":71.5,"length_m":356}},{"type":"Feature","geometry":{"type":"LineString","coordinates":[[12.6551244,46.15707390000001],[12.6551569,46.157108399999984],[12.6552439,46.15728969999999],[12.6553113,46.15744109999999],[12.655491300000001,46.15756240000002],[12.6556779,46.15763140000001],[12.6558412,46.157664],[12.656724300000002,46.158329699999996],[12.657129400000002,46.15863769999999]]},"properties":{"type":"road","highway":"unclassified","name":"Via Vincenzo Chiaranda","shade_pct":40.7,"length_m":239}},{"type":"Feature","geometry":{"type":"LineString","coordinates":[[12.6551244,46.15707390000001],[12.6550477,46.15699250000001],[12.6549116,46.15689480000001],[12.6548185,46.156840700000004]]},"properties":{"type":"road","highway":"unclassified","name":"Via Vincenzo Chiaranda","shade_pct":100.0,"length_m":35}},{"type":"Feature","geometry":{"type":"LineString","coordinates":[[12.6376011,46.147464799999995],[12.6376636,46.1473996],[12.637952,46.147194199999994],[12.638241600000002,46.14704930000002],[12.6384294,46.1469601],[12.638858600000002,46.1467557],[12.639411100000002,46.1464844],[12.639649800000003,46.146372899999996],[12.6398429,46.14628929999999],[12.640049,46.146200699999994]]},"properties":{"type":"road","highway":"track","name":"","shade_pct":62.7,"length_m":237}},{"type":"Feature","geometry":{"type":"LineString","coordinates":[[12.6376011,46.147464799999995],[12.6375416,46.1475269],[12.637408800000001,46.14755849999999],[12.6372653,46.14760679999999],[12.6369113,46.147727599999996],[12.6366055,46.1478725],[12.6363063,46.1480409]]},"properties":{"type":"road","highway":"track","name":"","shade_pct":37.1,"length_m":120}},{"type":"Feature","geometry":{"type":"LineString","coordinates":[[12.638145600000001,46.1489322],[12.6384874,46.14907929999998],[12.6387314,46.14921660000001],[12.638914700000003,46.14937309999999],[12.6390684,46.14956069999998],[12.639251,46.1497935],[12.6394148,46.1499906],[12.639609400000001,46.15013789999998],[12.6397258,46.1501981],[12.6398306,46.1502676],[12.639905600000002,46.150337799999996],[12.6399441,46.15041399999999],[12.639997500000002,46.15052839999999],[12.640020300000002,46.15078009999999]]},"properties":{"type":"road","highway":"residential","name":"Via Montenero","shade_pct":100.0,"length_m":261}},{"type":"Feature","geometry":{"type":"LineString","coordinates":[[12.638145600000001,46.1489322],[12.6370324,46.14845329999999],[12.6366513,46.14825439999999],[12.6363528,46.148071699999996],[12.6363063,46.1480409]]},"properties":{"type":"road","highway":"residential","name":"Via Montenero","shade_pct":54.2,"length_m":174}},{"type":"Feature","geometry":{"type":"LineString","coordinates":[[12.640049,46.146200699999994],[12.6398429,46.14628929999999],[12.639649800000003,46.146372899999996],[12.639411100000002,46.1464844],[12.638858600000002,46.1467557],[12.6384294,46.1469601],[12.638241600000002,46.14704930000002],[12.637952,46.147194199999994],[12.6376636,46.1473996],[12.6376011,46.147464799999995]]},"properties":{"type":"road","highway":"track","name":"","shade_pct":62.7,"length_m":237}},{"type":"Feature","geometry":{"type":"LineString","coordinates":[[12.6363063,46.1480409],[12.6363528,46.148071699999996],[12.6366513,46.14825439999999],[12.6370324,46.14845329999999],[12.638145600000001,46.1489322]]},"properties":{"type":"road","highway":"residential","name":"Via Montenero","shade_pct":54.2,"length_m":174}},{"type":"Feature","geometry":{"type":"LineString","coordinates":[[12.6363063,46.1480409],[12.6366055,46.1478725],[12.6369113,46.147727599999996],[12.6372653,46.14760679999999],[12.637408800000001,46.14755849999999],[12.6375416,46.1475269],[12.6376011,46.147464799999995]]},"properties":{"type":"road","highway":"track","name":"","shade_pct":37.1,"length_m":120}},{"type":"Feature","geometry":{"type":"LineString","coordinates":[[12.6370226,46.1545889],[12.6369776,46.154606599999994],[12.6367277,46.1546483],[12.6366151,46.154808800000005],[12.636498900000001,46.15531639999998]]},"properties":{"type":"road","highway":"track","name":"","shade_pct":100.0,"length_m":101}},{"type":"Feature","geometry":{"type":"LineString","coordinates":[[12.6370226,46.1545889],[12.6371231,46.15454940000001],[12.6372987,46.154473399999986],[12.6374427,46.154322499999985],[12.6376631,46.15411749999999],[12.6377808,46.15396109999998],[12.6381566,46.153673999999995],[12.6384097,46.1535146]]},"properties":{"type":"road","highway":"track","name":"","shade_pct":100.0,"length_m":163}},{"type":"Feature","geometry":{"type":"LineString","coordinates":[[12.702105700000002,46.105021],[12.700015100000002,46.107965199999995]]},"properties":{"type":"road","highway":"track","name":"Via Antonio dell'Agnolo - Pellegrin","shade_pct":52.7,"length_m":365}},{"type":"Feature","geometry":{"type":"LineString","coordinates":[[12.702105700000002,46.105021],[12.7020246,46.10499749999999],[12.7018315,46.10494919999999],[12.7015659,46.1048971],[12.701295,46.1048562],[12.7010643,46.10482270000001],[12.700758600000002,46.1047706],[12.700412600000002,46.1047186],[12.700200700000002,46.10470560000002],[12.6999941,46.1046665],[12.6998037,46.10462369999999],[12.699567700000001,46.1045624],[12.6992324,46.1044898],[12.698905200000002,46.1044545],[12.698481400000002,46.10435220000001],[12.6978162,46.1042239],[12.6971832,46.104077],[12.6966333,46.10395609999999],[12.6962256,46.1038817],[12.6959128,46.1038285]]},"properties":{"type":"road","highway":"track","name":"","shade_pct":43.8,"length_m":498}},{"type":"Feature","geometry":{"type":"LineString","coordinates":[[12.690137,46.1030262],[12.6903244,46.103109599999996],[12.690491100000001,46.10312669999999],[12.6910865,46.103137800000006],[12.6915264,46.1031434],[12.6918724,46.103167599999985],[12.692154000000002,46.10319549999999],[12.6923552,46.10326800000001],[12.692513500000002,46.103361],[12.6927817,46.103385199999984],[12.6932028,46.10342610000001],[12.693699,46.1034651],[12.694045,46.1035079],[12.6945332,46.1035823],[12.6951045,46.10369570000002],[12.695646300000002,46.10378310000001],[12.6959128,46.1038285]]},"properties":{"type":"road","highway":"track","name":"","shade_pct":56.7,"length_m":461}},{"type":"Feature","geometry":{"type":"LineString","coordinates":[[12.690137,46.1030262],[12.690088,46.10307920000001],[12.6900061,46.10311800000001],[12.6899577,46.10320359999999],[12.6899573,46.103292199999984],[12.689949300000002,46.10342239999999],[12.689938600000001,46.103485600000006],[12.6899198,46.103507900000004],[12.6898179,46.10350420000001],[12.6895121,46.10347819999998],[12.6890963,46.10346699999999],[12.689029300000001,46.10348189999998],[12.689005100000001,46.10354139999998],[12.688999800000001,46.103632499999975],[12.6889166,46.10396169999999],[12.6888764,46.1041477],[12.6889919,46.104238099999996],[12.688963200000002,46.10439819999999],[12.6889375,46.1045219],[12.6888844,46.10463860000001],[12.6887825,46.10487849999999],[12.6886779,46.10505889999998],[12.6885277,46.105296900000006],[12.6883695,46.105746999999994],[12.6882943,46.106018500000005]]},"properties":{"type":"road","highway":"track","name":"","shade_pct":32.9,"length_m":423}},{"type":"Feature","geometry":{"type":"LineString","coordinates":[[12.690137,46.1030262],[12.6901075,46.1029686],[12.6899882,46.1028217],[12.6898031,46.102692399999995],[12.6893431,46.102379],[12.689048,46.1021707],[12.688753,46.10192709999999],[12.688466,46.1017151],[12.6881763,46.101486299999976],[12.687993900000002,46.1013766],[12.687774,46.1012316],[12.6876399,46.1011069],[12.6875514,46.1009954],[12.6874951,46.10087629999999],[12.6873797,46.10068480000001],[12.6872895,46.1005881]]},"properties":{"type":"road","highway":"track","name":"","shade_pct":74.6,"length_m":353}},{"type":"Feature","geometry":{"type":"LineString","coordinates":[[12.6882943,46.106018500000005],[12.6883695,46.105746999999994],[12.6885277,46.105296900000006],[12.6886779,46.10505889999998],[12.6887825,46.10487849999999],[12.6888844,46.10463860000001],[12.6889375,46.1045219],[12.688963200000002,46.10439819999999],[12.6889919,46.104238099999996],[12.6888764,46.1041477],[12.6889166,46.10396169999999],[12.688999800000001,46.103632499999975],[12.689005100000001,46.10354139999998],[12.689029300000001,46.10348189999998],[12.6890963,46.10346699999999],[12.6895121,46.10347819999998],[12.6898179,46.10350420000001],[12.6899198,46.103507900000004],[12.689938600000001,46.103485600000006],[12.689949300000002,46.10342239999999],[12.6899573,46.103292199999984],[12.6899577,46.10320359999999],[12.6900061,46.10311800000001],[12.690088,46.10307920000001],[12.690137,46.1030262]]},"properties":{"type":"road","highway":"track","name":"","shade_pct":32.9,"length_m":423}},{"type":"Feature","geometry":{"type":"LineString","coordinates":[[12.6882943,46.106018500000005],[12.6886216,46.106046400000004],[12.6890266,46.106065],[12.689614000000002,46.1061059],[12.6900968,46.106148700000006],[12.6907325,46.1062305]]},"properties":{"type":"road","highway":"track","name":"","shade_pct":68.0,"length_m":190}},{"type":"Feature","geometry":{"type":"LineString","coordinates":[[12.6907325,46.1062305],[12.6900968,46.106148700000006],[12.689614000000002,46.1061059],[12.6890266,46.106065],[12.6886216,46.106046400000004],[12.6882943,46.106018500000005]]},"properties":{"type":"road","highway":"track","name":"","shade_pct":68.0,"length_m":190}},{"type":"Feature","geometry":{"type":"LineString","coordinates":[[12.6907325,46.1062305],[12.6916659,46.106476],[12.6937258,46.106922299999994],[12.6956221,46.10733509999999],[12.6966119,46.1075397],[12.6978618,46.1078335],[12.6990272,46.108096],[12.6997694,46.10831059999998]]},"properties":{"type":"road","highway":"track","name":"","shade_pct":92.5,"length_m":736}},{"type":"Feature","geometry":{"type":"LineString","coordinates":[[12.6907325,46.1062305],[12.6889692,46.11023529999999],[12.6888812,46.110514699999975]]},"properties":{"type":"road","highway":"track","name":"","shade_pct":70.2,"length_m":497}},{"type":"Feature","geometry":{"type":"LineString","coordinates":[[12.6997694,46.10831059999998],[12.6986414,46.10988329999999],[12.6970393,46.1118591]]},"properties":{"type":"road","highway":"track","name":"Via Antonio dell'Agnolo - Pellegrin","shade_pct":25.3,"length_m":447}},{"type":"Feature","geometry":{"type":"LineString","coordinates":[[12.6997694,46.10831059999998],[12.6998128,46.1082501],[12.700015100000002,46.107965199999995]]},"properties":{"type":"road","highway":"track","name":"Via Antonio dell'Agnolo - Pellegrin","shade_pct":54.5,"length_m":43}},{"type":"Feature","geometry":{"type":"LineString","coordinates":[[12.6997694,46.10831059999998],[12.6990272,46.108096],[12.6978618,46.1078335],[12.6966119,46.1075397],[12.6956221,46.10733509999999],[12.6937258,46.106922299999994],[12.6916659,46.106476],[12.6907325,46.1062305]]},"properties":{"type":"road","highway":"track","name":"","shade_pct":92.5,"length_m":736}},{"type":"Feature","geometry":{"type":"LineString","coordinates":[[12.6946964,46.08976250000002],[12.694779300000002,46.08976659999998],[12.6958351,46.08982120000001],[12.697621,46.089914599999986],[12.698851,46.0899886],[12.699946100000002,46.090023699999996],[12.7007099,46.0900743],[12.701614100000002,46.0901016],[12.7025014,46.0901561],[12.7035235,46.090214499999995],[12.7045681,46.0902574],[12.7055341,46.090327499999994],[12.706848300000003,46.09039369999999],[12.7077952,46.09042939999999]]},"properties":{"type":"road","highway":"track","name":"","shade_pct":84.6,"length_m":1016}},{"type":"Feature","geometry":{"type":"LineString","coordinates":[[12.6946964,46.08976250000002],[12.6924027,46.0896478],[12.691313100000002,46.089591300000016],[12.690291,46.0895349],[12.6894907,46.0894979],[12.6887634,46.08946670000001],[12.688317,46.0894316],[12.6878199,46.0894141],[12.687203,46.0893711]]},"properties":{"type":"road","highway":"track","name":"","shade_pct":58.7,"length_m":581}},{"type":"Feature","geometry":{"type":"LineString","coordinates":[[12.6946964,46.08976250000002],[12.6947665,46.08939819999999],[12.6948523,46.088888499999996],[12.6949435,46.08846059999999],[12.695034700000003,46.08803279999999],[12.695136700000003,46.08752239999997]]},"properties":{"type":"road","highway":"track","name":"","shade_pct":81.6,"length_m":251}},{"type":"Feature","geometry":{"type":"LineString","coordinates":[[12.695136700000003,46.08752239999997],[12.695451900000002,46.08753880000001],[12.696480500000002,46.087591100000004],[12.6974892,46.0876545],[12.6985177,46.08769579999997],[12.6997607,46.087748100000006],[12.7006873,46.087822099999975],[12.701625200000002,46.087861100000005],[12.702709100000002,46.08789999999999],[12.703669500000002,46.08796619999999],[12.7045344,46.088001299999995],[12.7054228,46.08804460000001],[12.7068008,46.08809689999998],[12.7076189,46.08813550000001],[12.7084637,46.088196999999994]]},"properties":{"type":"road","highway":"track","name":"","shade_pct":79.6,"length_m":1034}},{"type":"Feature","geometry":{"type":"LineString","coordinates":[[12.695136700000003,46.08752239999997],[12.6942844,46.087478199999985],[12.6933671,46.08744509999998],[12.6926443,46.087403799999976],[12.6916873,46.0873542],[12.690893,46.0873212],[12.6903569,46.0872909],[12.6894515,46.0872275],[12.6885897,46.0871862],[12.6876545,46.0871672]]},"properties":{"type":"road","highway":"track","name":"","shade_pct":43.6,"length_m":580}},{"type":"Feature","geometry":{"type":"LineString","coordinates":[[12.695136700000003,46.08752239999997],[12.695034700000003,46.08803279999999],[12.6949435,46.08846059999999],[12.6948523,46.088888499999996],[12.6947665,46.08939819999999],[12.6946964,46.08976250000002]]},"properties":{"type":"road","highway":"track","name":"","shade_pct":81.6,"length_m":251}},{"type":"Feature","geometry":{"type":"LineString","coordinates":[[12.6316685,46.149144899999996],[12.631723900000003,46.149212],[12.6318322,46.14943300000001],[12.631877700000002,46.149504],[12.6318834,46.149581],[12.631877700000002,46.14977039999998],[12.6318834,46.149904499999984],[12.631946100000002,46.15005250000001],[12.6320315,46.1501354],[12.632077100000002,46.15022809999999],[12.6321212,46.15028629999999],[12.632161,46.1503365]]},"properties":{"type":"road","highway":"track","name":"","shade_pct":100.0,"length_m":141}},{"type":"Feature","geometry":{"type":"LineString","coordinates":[[12.6316685,46.149144899999996],[12.6316328,46.14910150000001],[12.6315018,46.1489792],[12.631461900000001,46.14880159999999],[12.6314904,46.14837549999999],[12.6316727,46.14806370000001],[12.631872000000001,46.14777169999999],[12.6319746,46.14735739999998],[12.6320486,46.14732570000001]]},"properties":{"type":"road","highway":"track","name":"","shade_pct":100.0,"length_m":217}},{"type":"Feature","geometry":{"type":"LineString","coordinates":[[12.6315678,46.144232900000006],[12.6318112,46.14449359999999]]},"properties":{"type":"road","highway":"residential","name":"Via Risorgimento","shade_pct":100.0,"length_m":35}},{"type":"Feature","geometry":{"type":"LineString","coordinates":[[12.632577200000002,46.145382],[12.632663800000001,46.1455777],[12.632823200000002,46.1459012],[12.632908700000002,46.14612219999999],[12.6329485,46.14641419999998],[12.632880200000002,46.146714200000005],[12.6328061,46.1468523],[12.6327891,46.1470022],[12.6327321,46.147152199999994],[12.6326125,46.1472508],[12.632379,46.1473298],[12.632139700000002,46.147333699999976],[12.6320486,46.14732570000001]]},"properties":{"type":"road","highway":"track","name":"","shade_pct":100.0,"length_m":263}},{"type":"Feature","geometry":{"type":"LineString","coordinates":[[12.632577200000002,46.145382],[12.632555500000002,46.145332999999994],[12.632322000000002,46.145036999999995],[12.632101100000002,46.14484909999999],[12.6319131,46.1446834],[12.6318112,46.14449359999999]]},"properties":{"type":"road","highway":"track","name":"","shade_pct":100.0,"length_m":116}},{"type":"Feature","geometry":{"type":"LineString","coordinates":[[12.632061400000001,46.14706909999999],[12.632069800000002,46.1470982],[12.6320698,46.1471895],[12.6320486,46.14732570000001]]},"properties":{"type":"road","highway":"track","name":"","shade_pct":100.0,"length_m":29}},{"type":"Feature","geometry":{"type":"LineString","coordinates":[[12.705806100000002,46.0948546],[12.703962000000002,46.096903699999984],[12.70386,46.09696509999999],[12.7037463,46.09698019999997],[12.7033778,46.09697250000001]]},"properties":{"type":"road","highway":"track","name":"","shade_pct":27.7,"length_m":317}},{"type":"Feature","geometry":{"type":"LineString","coordinates":[[12.705806100000002,46.0948546],[12.7050877,46.0948334],[12.7038109,46.0947814],[12.701922600000001,46.094669799999984],[12.7004635,46.09458790000001],[12.6989213,46.09449209999998],[12.6985846,46.094469799999985],[12.6982936,46.09445399999999],[12.697953,46.094432600000005],[12.6977183,46.09441679999999],[12.6976092,46.0943981]]},"properties":{"type":"road","highway":"track","name":"","shade_pct":59.5,"length_m":636}},{"type":"Feature","geometry":{"type":"LineString","coordinates":[[12.686270299999999,46.0939718],[12.6863352,46.09368620000001],[12.6864705,46.09308240000001],[12.6865651,46.09254370000001],[12.6866732,46.0919868],[12.686751300000001,46.09161619999999]]},"properties":{"type":"road","highway":"unclassified","name":"Via San Foca","shade_pct":22.1,"length_m":264}},{"type":"Feature","geometry":{"type":"LineString","coordinates":[[12.686270299999999,46.0939718],[12.6868004,46.09401869999999],[12.6872805,46.094068999999976],[12.6875702,46.094102400000004],[12.687706900000002,46.09415270000001],[12.6878169,46.094210299999986],[12.6878947,46.09423639999999],[12.6879752,46.0942438],[12.6881468,46.094225200000004],[12.6886591,46.09402799999999],[12.6887602,46.0939963],[12.688801300000002,46.0939834],[12.6889729,46.0939815],[12.6891983,46.094005700000004],[12.689445,46.09402250000001],[12.6896864,46.09404480000002],[12.690155800000001,46.0940559],[12.6909095,46.09407829999999],[12.6914709,46.09408669999999]]},"properties":{"type":"road","highway":"track","name":"","shade_pct":56.0,"length_m":415}},{"type":"Feature","geometry":{"type":"LineString","coordinates":[[12.6732052,46.09788330000001],[12.6735042,46.09750309999999]]},"properties":{"type":"road","highway":"track","name":"Via John Fitzgerald Kennedy","shade_pct":87.8,"length_m":48}},{"type":"Feature","geometry":{"type":"LineString","coordinates":[[12.6732052,46.09788330000001],[12.6731737,46.0979233],[12.6731268,46.097982499999986],[12.673127800000001,46.098003799999994]]},"properties":{"type":"road","highway":"track","name":"Via John Fitzgerald Kennedy","shade_pct":100.0,"length_m":15}},{"type":"Feature","geometry":{"type":"LineString","coordinates":[[12.6793749,46.098334699999995],[12.679059100000002,46.09797699999999],[12.6785503,46.097425499999986]]},"properties":{"type":"road","highway":"tertiary","name":"Via Circonvallazione","shade_pct":54.6,"length_m":119}},{"type":"Feature","geometry":{"type":"LineString","coordinates":[[12.6771942,46.0978118],[12.677192100000001,46.097841499999994],[12.6771855,46.0979282],[12.6771822,46.09796579999997]]},"properties":{"type":"road","highway":"track","name":"","shade_pct":100.0,"length_m":17}},{"type":"Feature","geometry":{"type":"LineString","coordinates":[[12.6548304,46.15447249999999],[12.6550958,46.1545057],[12.655703,46.154563],[12.655951900000002,46.15462119999999]]},"properties":{"type":"road","highway":"secondary","name":"Via Marziano Ciotti","shade_pct":20.8,"length_m":88}},{"type":"Feature","geometry":{"type":"LineString","coordinates":[[12.6222045,46.1377636],[12.621899600000003,46.13774949999999],[12.621594700000001,46.137746699999994],[12.6212288,46.13772420000001],[12.620745000000001,46.13771849999999],[12.6203791,46.1376622],[12.619980700000001,46.137631199999994]]},"properties":{"type":"road","highway":"track","name":"","shade_pct":70.9,"length_m":173}},{"type":"Feature","geometry":{"type":"LineString","coordinates":[[12.619980700000001,46.137631199999994],[12.6203791,46.1376622],[12.620745000000001,46.13771849999999],[12.6212288,46.13772420000001],[12.621594700000001,46.137746699999994],[12.621899600000003,46.13774949999999],[12.6222045,46.1377636]]},"properties":{"type":"road","highway":"track","name":"","shade_pct":70.9,"length_m":173}},{"type":"Feature","geometry":{"type":"LineString","coordinates":[[12.6753519,46.143314100000005],[12.6751948,46.14348],[12.6747588,46.1438581],[12.674574700000003,46.143923699999995],[12.6742798,46.1439184]]},"properties":{"type":"road","highway":"track","name":"","shade_pct":45.7,"length_m":115}},{"type":"Feature","geometry":{"type":"LineString","coordinates":[[12.6753519,46.143314100000005],[12.6756454,46.14300420000001],[12.675902900000002,46.142602799999985],[12.676179,46.142364500000006]]},"properties":{"type":"road","highway":"track","name":"","shade_pct":51.4,"length_m":124}},{"type":"Feature","geometry":{"type":"LineString","coordinates":[[12.670139700000002,46.1523824],[12.6701311,46.1523935],[12.6695262,46.153325300000006]]},"properties":{"type":"road","highway":"track","name":"","shade_pct":31.6,"length_m":115}},{"type":"Feature","geometry":{"type":"LineString","coordinates":[[12.670139700000002,46.1523824],[12.6703801,46.1520713],[12.6704945,46.1519141],[12.670716600000002,46.1515814]]},"properties":{"type":"road","highway":"track","name":"","shade_pct":47.4,"length_m":100}},{"type":"Feature","geometry":{"type":"LineString","coordinates":[[12.6674828,46.15650589999999],[12.667292600000001,46.15681899999999],[12.666825400000002,46.15743009999998],[12.6666233,46.1576069]]},"properties":{"type":"road","highway":"track","name":"","shade_pct":52.8,"length_m":140}},{"type":"Feature","geometry":{"type":"LineString","coordinates":[[12.6859376,46.099071],[12.6863526,46.0991285],[12.6869508,46.09920949999999],[12.6876244,46.09931739999998],[12.6879965,46.09936289999999],[12.6888434,46.0994866],[12.6892204,46.0995378]]},"properties":{"type":"road","highway":"unclassified","name":"Via Partidor","shade_pct":59.7,"length_m":259}},{"type":"Feature","geometry":{"type":"LineString","coordinates":[[12.6335319,46.1449939],[12.633659400000003,46.144986700000004],[12.6341106,46.14493160000001],[12.6342358,46.144882700000004]]},"properties":{"type":"road","highway":"residential","name":"Via Risorgimento","shade_pct":32.6,"length_m":56}},{"type":"Feature","geometry":{"type":"LineString","coordinates":[[12.6335319,46.1449939],[12.6331924,46.145012900000005],[12.6328215,46.14491259999999],[12.632348,46.1446791],[12.6318112,46.14449359999999]]},"properties":{"type":"road","highway":"residential","name":"Via Risorgimento","shade_pct":100.0,"length_m":148}},{"type":"Feature","geometry":{"type":"LineString","coordinates":[[12.646196900000001,46.16156479999999],[12.6465029,46.16170809999998],[12.6474877,46.16189519999999],[12.6477319,46.16192710000001],[12.648227,46.1619085]]},"properties":{"type":"road","highway":"unclassified","name":"Via Chiaranda","shade_pct":100.0,"length_m":165}},{"type":"Feature","geometry":{"type":"LineString","coordinates":[[12.639000500000002,46.102640199999996],[12.6389772,46.102796700000006]]},"properties":{"type":"road","highway":"track","name":"","shade_pct":38.5,"length_m":17}},{"type":"Feature","geometry":{"type":"LineString","coordinates":[[12.639000500000002,46.102640199999996],[12.6390104,46.102573699999986],[12.6390183,46.10252049999999],[12.6390902,46.102167900000026],[12.639021900000001,46.101837],[12.6389103,46.10141249999997],[12.6389175,46.10123620000001],[12.639064800000002,46.1009244]]},"properties":{"type":"road","highway":"track","name":"","shade_pct":20.6,"length_m":194}},{"type":"Feature","geometry":{"type":"LineString","coordinates":[[12.7033778,46.09697250000001],[12.7037463,46.09698019999997],[12.70386,46.09696509999999],[12.703962000000002,46.096903699999984],[12.705806100000002,46.0948546]]},"properties":{"type":"road","highway":"track","name":"","shade_pct":27.7,"length_m":317}},{"type":"Feature","geometry":{"type":"LineString","coordinates":[[12.7033778,46.09697250000001],[12.7033016,46.0969709],[12.6988032,46.096736500000006],[12.698387,46.09670539999998],[12.6976185,46.09668729999997],[12.6960572,46.096593599999984]]},"properties":{"type":"road","highway":"track","name":"","shade_pct":41.7,"length_m":568}},{"type":"Feature","geometry":{"type":"LineString","coordinates":[[12.7033778,46.09697250000001],[12.7032978,46.09728700000001],[12.7027454,46.09789919999999],[12.7021975,46.0982357]]},"properties":{"type":"road","highway":"track","name":"","shade_pct":22.8,"length_m":172}},{"type":"Feature","geometry":{"type":"LineString","coordinates":[[12.6969067,46.09909589999999],[12.6968849,46.099524599999995],[12.6969876,46.0995705],[12.697640400000001,46.099647300000015]]},"properties":{"type":"road","highway":"track","name":"","shade_pct":28.1,"length_m":108}},{"type":"Feature","geometry":{"type":"LineString","coordinates":[[12.6969067,46.09909589999999],[12.6968104,46.09908459999999],[12.6966772,46.0990903],[12.696560900000001,46.09911009999998],[12.696407900000002,46.099121499999995],[12.6963172,46.099113],[12.6961953,46.0990704],[12.6961074,46.0990308],[12.6960167,46.09901659999999],[12.6958155,46.0989967],[12.695715000000002,46.09899810000001]]},"properties":{"type":"road","highway":"track","name":"Via Partidor","shade_pct":23.0,"length_m":95}},{"type":"Feature","geometry":{"type":"LineString","coordinates":[[12.697640400000001,46.099647300000015],[12.6969876,46.0995705],[12.6968849,46.099524599999995],[12.6969067,46.09909589999999]]},"properties":{"type":"road","highway":"track","name":"","shade_pct":28.1,"length_m":108}},{"type":"Feature","geometry":{"type":"LineString","coordinates":[[12.6872895,46.1005881],[12.6873797,46.10068480000001],[12.6874951,46.10087629999999],[12.6875514,46.1009954],[12.6876399,46.1011069],[12.687774,46.1012316],[12.687993900000002,46.1013766],[12.6881763,46.101486299999976],[12.688466,46.1017151],[12.688753,46.10192709999999],[12.689048,46.1021707],[12.6893431,46.102379],[12.6898031,46.102692399999995],[12.6899882,46.1028217],[12.6901075,46.1029686],[12.690137,46.1030262]]},"properties":{"type":"road","highway":"track","name":"","shade_pct":74.6,"length_m":353}},{"type":"Feature","geometry":{"type":"LineString","coordinates":[[12.6959128,46.1038285],[12.6962256,46.1038817],[12.6966333,46.10395609999999],[12.6971832,46.104077],[12.6978162,46.1042239],[12.698481400000002,46.10435220000001],[12.698905200000002,46.1044545],[12.6992324,46.1044898],[12.699567700000001,46.1045624],[12.6998037,46.10462369999999],[12.6999941,46.1046665],[12.700200700000002,46.10470560000002],[12.700412600000002,46.1047186],[12.700758600000002,46.1047706],[12.7010643,46.10482270000001],[12.701295,46.1048562],[12.7015659,46.1048971],[12.7018315,46.10494919999999],[12.7020246,46.10499749999999],[12.702105700000002,46.105021]]},"properties":{"type":"road","highway":"track","name":"","shade_pct":43.8,"length_m":498}},{"type":"Feature","geometry":{"type":"LineString","coordinates":[[12.6959128,46.1038285],[12.695646300000002,46.10378310000001],[12.6951045,46.10369570000002],[12.6945332,46.1035823],[12.694045,46.1035079],[12.693699,46.1034651],[12.6932028,46.10342610000001],[12.6927817,46.103385199999984],[12.692513500000002,46.103361],[12.6923552,46.10326800000001],[12.692154000000002,46.10319549999999],[12.6918724,46.103167599999985],[12.6915264,46.1031434],[12.6910865,46.103137800000006],[12.690491100000001,46.10312669999999],[12.6903244,46.103109599999996],[12.690137,46.1030262]]},"properties":{"type":"road","highway":"track","name":"","shade_pct":56.7,"length_m":461}},{"type":"Feature","geometry":{"type":"LineString","coordinates":[[12.7021975,46.0982357],[12.7027454,46.09789919999999],[12.7032978,46.09728700000001],[12.7033778,46.09697250000001]]},"properties":{"type":"road","highway":"track","name":"","shade_pct":22.8,"length_m":172}},{"type":"Feature","geometry":{"type":"LineString","coordinates":[[12.7021975,46.0982357],[12.701992300000002,46.09836169999999],[12.695678,46.0988407]]},"properties":{"type":"road","highway":"track","name":"","shade_pct":66.0,"length_m":512}},{"type":"Feature","geometry":{"type":"LineString","coordinates":[[12.7021975,46.0982357],[12.7024516,46.09842390000001],[12.7040234,46.09826950000001]]},"properties":{"type":"road","highway":"track","name":"","shade_pct":22.0,"length_m":151}},{"type":"Feature","geometry":{"type":"LineString","coordinates":[[12.600043899999998,46.1508182],[12.600052300000002,46.150736499999994],[12.6000899,46.15037179999999],[12.6001357,46.15024940000001],[12.600340000000001,46.14973159999999],[12.600565,46.14942810000001],[12.6005841,46.1492948],[12.600867999999998,46.14932309999999],[12.601307600000002,46.1494984],[12.601515,46.14961629999999],[12.6016831,46.1493126],[12.601768999999999,46.149071099999986],[12.6019943,46.14879599999999],[12.601993400000001,46.148689600000004],[12.6020801,46.14824169999999],[12.602178699999998,46.14817070000001],[12.602359400000001,46.1482581],[12.6024428,46.147692700000015],[12.602525299999998,46.1475733],[12.602623599999998,46.147519699999975],[12.6027672,46.147518999999996],[12.602908,46.1474834],[12.6030489,46.1475334],[12.603118500000003,46.1475058],[12.6031077,46.14744619999999],[12.6032678,46.1473399],[12.603242099999997,46.1471385],[12.6036231,46.147286],[12.6042479,46.1478516],[12.6044853,46.14792629999999],[12.6053592,46.1481132],[12.6056177,46.148153699999995],[12.605790800000003,46.1481207],[12.6061571,46.148071299999984],[12.6064381,46.1479858],[12.606767600000001,46.147934299999996],[12.6073272,46.14826149999999],[12.607683799999998,46.14843230000001],[12.608177500000002,46.14856939999999],[12.6090753,46.148822100000004],[12.610133799999998,46.1491077],[12.610335599999999,46.1491613],[12.6105911,46.1491363],[12.610603499999998,46.149219499999994],[12.610708800000001,46.1492382],[12.610745800000002,46.14929179999999],[12.6107391,46.1494408],[12.6110115,46.149541],[12.610905,46.14961550000002],[12.610985,46.149699099999985],[12.6112157,46.149777199999996],[12.6113654,46.1498798],[12.611595999999999,46.150079199999986],[12.611628699999999,46.1502111],[12.611838,46.150342799999976],[12.6117643,46.15047789999999],[12.611779500000003,46.15068360000001]]},"properties":{"type":"trail","highway":"path","name":"","shade_pct":99.5,"length_m":1497}},{"type":"Feature","geometry":{"type":"LineString","coordinates":[[12.6389208,46.17727669999999],[12.639017,46.177285999999995],[12.639102300000001,46.177316499999996],[12.639182100000001,46.1773431],[12.6392756,46.177343099999995],[12.6393196,46.177339299999986],[12.6393911,46.1773793],[12.6394571,46.1773945],[12.639542400000002,46.17746309999999],[12.6395837,46.17750689999999],[12.639660700000002,46.17750689999999],[12.639732199999997,46.1774879],[12.639754199999999,46.17745169999998],[12.639792700000001,46.177406000000005],[12.639831199999998,46.1773926],[12.6398643,46.1773736],[12.6399303,46.17736789999999],[12.640026599999999,46.17738499999999],[12.6401063,46.177383100000014],[12.6401201,46.177356499999995],[12.6402054,46.17734500000001],[12.6403181,46.177306899999984],[12.640408900000002,46.177272599999995],[12.640496899999999,46.17730309999999],[12.640574,46.177314599999995],[12.640645499999998,46.17728029999999],[12.6407142,46.177230699999996],[12.6408243,46.1771812],[12.6409976,46.1771641],[12.6411104,46.177171699999995],[12.6412039,46.17715459999999],[12.641212100000004,46.177106899999984],[12.641253400000002,46.17708409999999],[12.641338700000002,46.1771203],[12.6414515,46.1771736],[12.641569700000002,46.17721169999999],[12.641602699999998,46.17724790000002],[12.641674299999998,46.177265],[12.641775999999998,46.17723839999999],[12.6418201,46.17724030000001],[12.641921800000002,46.17728409999998],[12.6420484,46.1772803],[12.642161100000001,46.17728409999999],[12.642213400000001,46.17725359999999],[12.642298700000001,46.177202199999996],[12.642375699999999,46.1771831],[12.6424747,46.17716219999998],[12.642587499999998,46.1771146],[12.6426783,46.17703649999999],[12.642774599999997,46.17700409999999],[12.642953400000001,46.176925999999995],[12.6430689,46.176905],[12.6432339,46.1769279],[12.6433962,46.176926],[12.6435888,46.176842199999996],[12.643687799999999,46.17673929999999],[12.6437924,46.176638399999995],[12.643946399999999,46.1765869],[12.6440427,46.17657360000001],[12.644177500000001,46.176550799999994],[12.6442765,46.176518399999985],[12.644518599999998,46.176415500000004],[12.6446231,46.176415500000004],[12.6447331,46.1764593],[12.6448486,46.17646309999999],[12.644917400000002,46.17643269999999],[12.6449587,46.17638499999998],[12.645104499999999,46.17630889999999],[12.645247500000002,46.17631839999999],[12.6453273,46.17631840000001],[12.645362999999998,46.17626309999999],[12.645352,46.176179299999994],[12.645390500000001,46.1760289],[12.645409800000001,46.1759298],[12.6455391,46.17581739999999],[12.6457647,46.1757355],[12.645968200000002,46.17568789999999],[12.646083700000002,46.175686],[12.6464138,46.17563079999999],[12.646598099999999,46.175630799999986],[12.646705400000002,46.17559649999999],[12.6467962,46.17558699999999],[12.646931,46.175526],[12.647079500000002,46.17551839999999],[12.6472171,46.1754955],[12.647439899999998,46.1754327],[12.647596700000001,46.175375500000015],[12.647703899999998,46.17533550000001],[12.647824999999997,46.17532409999999],[12.6479543,46.17536789999999],[12.648091800000001,46.175404099999994],[12.6482486,46.1754098],[12.648366899999997,46.1753908],[12.648606199999998,46.17537550000001],[12.648707999999997,46.175339300000005],[12.648801499999998,46.17535079999998],[12.648853799999998,46.1753584],[12.649060099999998,46.175316499999994],[12.649260900000002,46.1753184],[12.6493627,46.1753222],[12.6494892,46.1753108],[12.6496157,46.1752746],[12.649668,46.17527649999999],[12.649731300000001,46.17530889999998],[12.649846799999999,46.175339300000005],[12.649951300000001,46.17533550000001],[12.650083399999998,46.1752993],[12.650270399999998,46.17523839999999],[12.650479500000001,46.175185],[12.650594999999997,46.175141200000006],[12.650716,46.17513929999999],[12.650826100000003,46.17517929999999],[12.651002100000001,46.17516979999999],[12.651117600000001,46.17514500000001],[12.6511864,46.175126],[12.651293700000002,46.175118399999995],[12.651400999999998,46.175103099999994],[12.651489000000002,46.175135499999996],[12.651623799999998,46.1751679],[12.651758600000003,46.17520599999999],[12.651824600000001,46.1752555],[12.6517888,46.17535459999999],[12.651667799999998,46.175527900000006],[12.6515825,46.17557549999999],[12.6514615,46.1757165],[12.6514092,46.17576789999999],[12.6513597,46.17587650000001],[12.651255199999998,46.1760155],[12.6511699,46.176103099999985],[12.651147899999998,46.17614699999999],[12.651147899999998,46.17621929999999],[12.651068099999998,46.1763355],[12.650963599999999,46.17641359999998],[12.650927799999998,46.17652600000001],[12.650922300000001,46.17664219999999],[12.650900299999998,46.17676029999998],[12.650900299999998,46.17680219999999],[12.650848099999997,46.176918399999984],[12.6508013,46.17705169999998],[12.6508151,46.17714689999999],[12.650790299999999,46.17720979999999],[12.650870100000002,46.177266899999985],[12.6509994,46.17723260000001],[12.651106599999999,46.1772593],[12.651180899999998,46.177295499999985],[12.651254299999998,46.17730639999999],[12.651320399999996,46.17725919999999],[12.6513632,46.1771744],[12.6514371,46.177168999999964],[12.651526599999999,46.1772027],[12.6516161,46.17720130000001],[12.6516861,46.1771717],[12.651765800000002,46.177164899999994],[12.6518514,46.1771165],[12.651979800000001,46.1770397],[12.6520518,46.1770397],[12.6520518,46.1770774],[12.652045899999996,46.17712319999998],[12.6521335,46.17713530000001],[12.652213199999998,46.17709219999998],[12.652279300000002,46.1770464],[12.652411600000002,46.1770114],[12.6524738,46.177020799999994],[12.652541999999999,46.177056199999996],[12.652582800000001,46.1770774],[12.652666399999998,46.177096299999995],[12.6527384,46.1770747],[12.652765599999999,46.177019499999986],[12.6527977,46.17698719999999],[12.652852199999998,46.17698450000002],[12.652934800000002,46.17700869999999],[12.653075599999998,46.17701549999998],[12.653177400000002,46.176977399999984],[12.653240599999998,46.176931699999976],[12.653386399999999,46.176847899999984],[12.653499200000002,46.17683839999999],[12.6536065,46.17684219999999],[12.653678,46.176815500000004],[12.653664300000003,46.176766],[12.653691800000002,46.17669939999998],[12.653746800000002,46.1766822],[12.6537923,46.176654099999986],[12.653817600000002,46.17662310000001],[12.6539168,46.1766123],[12.6539595,46.1765759],[12.654039299999999,46.17655979999999],[12.654101500000001,46.176557100000004],[12.6541735,46.17649509999999],[12.6542377,46.17648569999999],[12.6543739,46.1764507],[12.6545158,46.176456099999996],[12.6545547,46.176433199999984],[12.6547026,46.1764911],[12.654805699999999,46.17649779999999],[12.654914599999998,46.17646420000001],[12.6550235,46.17636990000001],[12.655116900000001,46.176351],[12.655231599999999,46.17626080000001],[12.655264700000002,46.176163800000005],[12.655400900000002,46.17610049999998],[12.655498099999999,46.1760359],[12.655595400000001,46.175983299999984],[12.6557782,46.1759025],[12.655852099999999,46.1758217],[12.655869599999999,46.17576649999999],[12.6558618,46.1757086],[12.655918300000002,46.175658699999985],[12.656117099999998,46.1755566]]},"properties":{"type":"trail","highway":"path","name":"","shade_pct":64.5,"length_m":1933}},{"type":"Feature","geometry":{"type":"LineString","coordinates":[[12.5922522,46.15652029999998],[12.5920629,46.156699999999994],[12.5919258,46.15682590000001],[12.591812399999998,46.156908099999995],[12.5916278,46.15711129999999],[12.5915087,46.1572282],[12.591349999999998,46.15729180000001],[12.5910811,46.157277300000004],[12.590785200000001,46.15727979999998],[12.5904617,46.1572739],[12.590206300000002,46.15727929999999],[12.590003,46.1572752],[12.589828,46.1573171],[12.589629499999997,46.1573858],[12.589486199999998,46.1574521],[12.5893183,46.157564900000004],[12.5889465,46.1577184],[12.5887628,46.157817],[12.588624500000002,46.15788129999999],[12.588470199999998,46.15792419999999],[12.588316,46.15798209999999],[12.588127100000001,46.1580637],[12.5879061,46.1581841],[12.587799700000001,46.158243999999996],[12.5877008,46.15830809999999],[12.587568299999997,46.1584505],[12.5873385,46.1586582],[12.587278099999997,46.15870509999999],[12.5871896,46.158715099999995],[12.5871396,46.1587266],[12.587085299999998,46.158753199999985],[12.587004,46.1587767],[12.586782100000004,46.1588962],[12.5866369,46.158950499999996],[12.5864992,46.15899419999999],[12.586426400000002,46.15900839999998],[12.586274200000002,46.15902419999998],[12.586213699999998,46.15904479999998],[12.5859397,46.159077499999995],[12.585875700000003,46.159098099999994],[12.5857031,46.159132799999995],[12.5855395,46.15919779999999],[12.585488099999997,46.1592338],[12.585403,46.1593338],[12.585344600000003,46.15938609999999],[12.585257,46.15939899999999],[12.585232899999998,46.15942079999999],[12.585208899999998,46.159466200000004],[12.5851594,46.1595215],[12.5850809,46.15956520000002],[12.584885999999997,46.159619899999996],[12.584803200000001,46.1596685],[12.584708799999998,46.159745],[12.584596300000001,46.15980520000001],[12.584481299999998,46.15983680000001],[12.5843099,46.15985669999999],[12.5841824,46.1598485],[12.584033200000002,46.15984900000001],[12.5838934,46.15986850000001],[12.583635899999999,46.1600481],[12.5832649,46.16006749999998],[12.582981200000003,46.1601128],[12.5827003,46.160182699999986],[12.582516400000001,46.1602684],[12.5823609,46.16040579999999],[12.582315799999998,46.1604393],[12.582291200000002,46.16045099999999],[12.5822183,46.1604687],[12.5821929,46.1604799],[12.582105,46.160552099999975],[12.5819599,46.160640300000004],[12.5818369,46.16072799999999],[12.581779400000002,46.16075900000001],[12.581444000000001,46.160881999999994],[12.5814119,46.16088669999999],[12.581348899999998,46.16087569999999],[12.5812966,46.1608871],[12.5812275,46.160907699999996],[12.580931100000003,46.16101549999999],[12.580814600000002,46.1610421],[12.580716,46.16109049999999],[12.5805868,46.16117439999997],[12.580477000000002,46.161226400000004],[12.5804155,46.161251199999995],[12.5802226,46.16131509999999],[12.5800839,46.161393000000004],[12.580041199999998,46.1614124],[12.5799199,46.161452700000005],[12.579759699999999,46.1614932],[12.5797475,46.1614962]]},"properties":{"type":"trail","highway":"path","name":"","shade_pct":56.5,"length_m":1169}},{"type":"Feature","geometry":{"type":"LineString","coordinates":[[12.595295600000004,46.15190379999999],[12.595257999999996,46.15196470000001],[12.595183800000001,46.152064999999986],[12.5951484,46.1522023],[12.595112000000002,46.15231020000002],[12.5950084,46.152404299999986],[12.5949227,46.15248220000001],[12.594834000000002,46.15256870000001],[12.594735100000001,46.152599099999996],[12.5946714,46.15269359999999],[12.5946364,46.152780500000006],[12.5945519,46.1528805],[12.5944598,46.15291620000001],[12.5943678,46.152981099999984],[12.594265099999998,46.15306379999999],[12.594196799999999,46.153128499999994],[12.594127700000001,46.1531748],[12.594093099999998,46.1532475],[12.594065399999998,46.153338000000005],[12.593973100000003,46.15343229999999],[12.593926999999999,46.153524699999984],[12.5939027,46.1536092],[12.593872699999999,46.15370349999999],[12.5937823,46.1537751],[12.593735500000001,46.15383849999999],[12.5936956,46.15392999999999],[12.5936783,46.1540429],[12.593685300000002,46.154161499999994],[12.5936884,46.15424460000002],[12.5937112,46.1543382],[12.5936857,46.15440079999999],[12.593579,46.1544572],[12.5935328,46.154531499999976],[12.5935249,46.15462529999999],[12.593507399999998,46.154702799999995],[12.5934433,46.15482449999998],[12.593377999999998,46.154926999999994],[12.593339599999998,46.15500829999999],[12.593271200000002,46.1551501],[12.5931427,46.15536959999999],[12.5929802,46.155621],[12.5929164,46.15578669999999],[12.592797999999997,46.1558658],[12.5927225,46.155934499999994],[12.5926954,46.15598469999999],[12.5926635,46.15604400000001],[12.592541199999998,46.15617699999999],[12.5923876,46.1563194],[12.592263900000003,46.1564517],[12.5922522,46.15652029999998]]},"properties":{"type":"trail","highway":"path","name":"","shade_pct":31.2,"length_m":583}},{"type":"Feature","geometry":{"type":"LineString","coordinates":[[12.595288899999998,46.149848999999996],[12.595316899999998,46.1499521],[12.5954832,46.15006169999999],[12.595619999999998,46.15016020000001],[12.5957434,46.15020479999998],[12.595874799999999,46.15021780000001],[12.596030400000002,46.1502382],[12.5961243,46.15026240000002],[12.5962289,46.15030139999999],[12.5963442,46.15034779999997],[12.596403200000001,46.1504259],[12.5965347,46.15043519999999],[12.5966124,46.150411],[12.5966983,46.15036639999999],[12.5968646,46.1502958],[12.5970309,46.1502605],[12.5972025,46.1502271],[12.5975029,46.150150899999986],[12.5976593,46.1501075],[12.597680800000001,46.15009619999999],[12.5977127,46.15008599999998],[12.597763499999997,46.15006850000001],[12.5979039,46.1500137],[12.5979959,46.1499511],[12.5981098,46.14990069999999],[12.5982613,46.149865099999985],[12.5984023,46.1498633],[12.5985258,46.1498837],[12.598646099999998,46.149939299999986],[12.598804500000002,46.14998349999999],[12.598984000000002,46.15002140000001],[12.599158800000001,46.150057200000006],[12.599295,46.150103000000016],[12.599400500000003,46.15013830000001],[12.5995111,46.1501574],[12.599672800000002,46.15019829999997],[12.599787199999998,46.150230099999995],[12.5999372,46.1502378],[12.600059100000001,46.1502409],[12.6001357,46.15024940000001],[12.6002715,46.1501989],[12.600396199999999,46.15018769999998],[12.6005217,46.150238299999984],[12.600628399999998,46.15028519999999],[12.600681,46.1503671],[12.6007429,46.150468599999996],[12.6007731,46.15055139999999],[12.600822,46.15062369999999],[12.600889,46.15068119999999],[12.600975299999998,46.15071559999999],[12.601002899999997,46.15073720000001],[12.6010162,46.15075409999999],[12.6010633,46.15081430000001],[12.601154299999997,46.150906799999994],[12.601259800000001,46.1509716],[12.601350299999998,46.151060799999996],[12.6014382,46.1511663],[12.601511,46.1512701],[12.601589099999998,46.1513591],[12.601667299999999,46.151445200000005],[12.6017336,46.151536400000005],[12.601805000000004,46.151631000000016],[12.6018605,46.1517093],[12.6019358,46.151835899999995],[12.6020348,46.151938799999996],[12.602099900000002,46.15205010000002],[12.6021692,46.152145000000004],[12.602234600000003,46.15221639999999],[12.602282900000004,46.15227799999999],[12.6023544,46.1523854],[12.602437999999998,46.1524761],[12.6025287,46.1525511],[12.602651000000002,46.152605599999994],[12.6027674,46.1526354],[12.602853600000001,46.15267819999999],[12.602940399999998,46.15272619999999],[12.6030759,46.1527645],[12.603182100000001,46.15283789999998],[12.6033215,46.15291829999998],[12.6034215,46.15296860000001],[12.6035263,46.153010999999985],[12.603617700000001,46.153068300000015],[12.603711099999998,46.15315530000001],[12.603825800000001,46.15325689999999],[12.603971100000003,46.15340949999999],[12.6041055,46.1535289],[12.6042419,46.15368449999999],[12.604424899999998,46.15384439999998],[12.6046182,46.15395800000001],[12.604795500000002,46.15406459999999],[12.604997900000003,46.1541823],[12.6051844,46.1543151],[12.605324599999998,46.154432799999995],[12.605464299999998,46.15453459999999],[12.6056687,46.1546643],[12.6059778,46.15481699999998],[12.606283300000001,46.154931100000006],[12.6063228,46.154942999999996],[12.606397399999999,46.1550847],[12.606491599999998,46.15518039999999],[12.606586799999999,46.15528409999999],[12.6066816,46.155373899999994],[12.606757300000002,46.15550569999999],[12.6068727,46.155593999999994],[12.606972800000001,46.1556671],[12.607119500000001,46.155709300000005],[12.607239700000001,46.1557363],[12.607390700000002,46.15577059999999],[12.607579700000002,46.15584719999998],[12.607678000000002,46.1559224],[12.6078224,46.15601029999998],[12.607949099999999,46.15610799999999],[12.6080712,46.156211600000006],[12.608148,46.1562809],[12.608159800000001,46.15633900000001],[12.6082208,46.1564245],[12.608451199999998,46.156463599999995],[12.6085956,46.156517],[12.6087952,46.15654249999999],[12.6090747,46.1565454],[12.6089753,46.15671699999999],[12.6089629,46.15678239999999],[12.608975100000002,46.15687079999999],[12.6093046,46.156822899999995],[12.609583100000002,46.1568291],[12.609658700000002,46.1570828],[12.6098551,46.1571121],[12.609842399999998,46.157205599999976],[12.609950199999998,46.15722719999999],[12.609996699999998,46.15745209999999],[12.6102466,46.15746929999999],[12.6102145,46.157734699999985],[12.610211100000003,46.157826799999995],[12.610197300000001,46.15788549999999],[12.610162899999999,46.157933199999974],[12.6101148,46.157998299999996],[12.6100758,46.1580523],[12.610053399999998,46.1580991],[12.610034600000002,46.1581396],[12.610065699999998,46.158170500000004]]},"properties":{"type":"trail","highway":"path","name":"","shade_pct":92.8,"length_m":1739}},{"type":"Feature","geometry":{"type":"LineString","coordinates":[[12.5855099,46.146111200000014],[12.5854073,46.146170099999985],[12.5853948,46.1462501],[12.5853355,46.146338799999995],[12.585303,46.14646160000001],[12.585240099999998,46.146596],[12.585137900000001,46.14675720000001],[12.585024499999998,46.146957500000006],[12.5850053,46.14707859999999],[12.5848541,46.147200299999994],[12.584756600000004,46.1472982],[12.584665300000001,46.14740909999999],[12.584561899999999,46.147509799999995],[12.584438100000002,46.14760610000001],[12.5843415,46.147633699999986],[12.584070199999998,46.14763969999999],[12.584046999999996,46.14772309999999],[12.584013799999997,46.14778719999999],[12.584017799999998,46.147836899999994],[12.5840395,46.14786809999999],[12.584124600000003,46.14793649999997],[12.5842364,46.14803719999998],[12.5842777,46.1480597],[12.5843174,46.14806600000001],[12.584389599999998,46.14806140000001],[12.5845052,46.148027699999986],[12.584549,46.1480197],[12.584581099999998,46.148025899999986],[12.5845993,46.1480431],[12.5846332,46.14809760000001],[12.5846515,46.14814889999999],[12.5846613,46.14829530000001],[12.584651899999999,46.1483417],[12.5846574,46.1483602],[12.5847154,46.1484377],[12.584707899999998,46.14850169999999],[12.5846875,46.148525299999996],[12.5846415,46.14853639999999],[12.584608099999999,46.148558299999976],[12.5846062,46.14856609999998],[12.5846232,46.148597999999986],[12.584623400000002,46.1486161],[12.584619699999998,46.148634099999995],[12.584597200000001,46.14865799999999],[12.584507999999998,46.148703699999984],[12.5844151,46.14872359999999],[12.584327500000002,46.1487506],[12.584306799999998,46.14876089999999],[12.5842955,46.14877870000001],[12.584294500000002,46.1488627],[12.5842835,46.148889200000006],[12.584080499999999,46.1491039],[12.5840255,46.14914929999999],[12.583956900000002,46.14918569999999],[12.583908300000001,46.149218399999995],[12.5837436,46.149360399999985],[12.583689899999998,46.14939319999999],[12.5836128,46.149421799999985],[12.5835673,46.14945939999999],[12.5834993,46.1495408],[12.583373799999999,46.14970729999999],[12.5832937,46.14977450000001],[12.583148199999998,46.14997230000001],[12.583087900000002,46.15007769999998],[12.5830317,46.1501972],[12.582971000000002,46.1502916],[12.582895500000001,46.1503805],[12.5827469,46.15047939999999],[12.5827107,46.15052229999999],[12.582505600000001,46.15093329999999],[12.582351199999998,46.151144299999984],[12.582279499999999,46.1513616],[12.582295699999998,46.1515802],[12.5823753,46.15167249999998],[12.5823082,46.1517719],[12.582201700000002,46.151886],[12.582127799999999,46.151980899999984],[12.5821345,46.15202159999999],[12.582157299999999,46.15207339999998],[12.582137900000001,46.15214069999998],[12.5820634,46.15220330000001],[12.582027199999999,46.15225339999999],[12.582018300000001,46.152282299999996],[12.5820253,46.152381299999995],[12.5819055,46.15251839999999],[12.581874299999999,46.1525738],[12.581851300000002,46.15269359999997],[12.5818324,46.1527585],[12.5817464,46.15297759999998],[12.5817243,46.15310949999998],[12.5816829,46.1532414],[12.581643699999999,46.1533321],[12.5815778,46.153436000000006],[12.5815353,46.15356809999999],[12.5814762,46.15367890000001],[12.5814561,46.15372829999999],[12.581447900000002,46.153761999999986],[12.581446899999998,46.1538537],[12.581439500000002,46.153901700000006],[12.5813938,46.15394689999999],[12.5813794,46.15398279999999],[12.581388000000004,46.1540469],[12.581385299999999,46.15412880000001],[12.581291,46.15428319999999],[12.581226200000001,46.15444409999998],[12.581118400000003,46.154656299999985],[12.581062399999999,46.154829099999986],[12.5809504,46.154986199999996],[12.580804700000002,46.15511969999999],[12.5805981,46.1552813],[12.580537,46.1553959],[12.580518800000004,46.155534199999984],[12.580529899999998,46.15563019999997],[12.580529099999998,46.15572819999999],[12.580516699999999,46.1557986],[12.5805159,46.15589309999999],[12.5804414,46.156092],[12.580445600000001,46.156187300000006],[12.580466299999998,46.15628079999999],[12.5805558,46.1564282],[12.5806153,46.1565634],[12.580646999999999,46.1567144],[12.5806875,46.15686779999999],[12.580771000000004,46.1570051],[12.580795,46.157169100000004],[12.580791499999998,46.1573352],[12.5808535,46.15745609999999],[12.580941,46.157588699999984],[12.580931300000001,46.1577531],[12.580893499999998,46.157880600000006],[12.5808682,46.158013499999996],[12.580880800000001,46.158109999999986],[12.580922100000002,46.15822939999999],[12.580902300000002,46.15837059999999],[12.580888899999998,46.158626699999985],[12.580932900000004,46.158792],[12.5809599,46.1589829],[12.580917599999998,46.15911009999999],[12.5807759,46.1593981],[12.5807441,46.159489099999995],[12.5806658,46.1596706],[12.5805894,46.15972289999999],[12.580608,46.1597635],[12.580666499999998,46.15983739999999],[12.5807309,46.15993519999999],[12.580753899999998,46.1600082],[12.580735500000001,46.16009399999999],[12.580658899999998,46.16018959999998],[12.580577500000002,46.160265100000004],[12.5804817,46.160434500000015],[12.580421099999999,46.16048750000001],[12.580414599999997,46.160550299999976],[12.580448200000001,46.16062069999999],[12.5804284,46.160697],[12.5803624,46.160805],[12.580269699999999,46.161048599999994],[12.580194099999998,46.16113369999999],[12.5800848,46.161227399999994],[12.579840300000003,46.16143399999997],[12.5797475,46.1614962]]},"properties":{"type":"trail","highway":"path","name":"","shade_pct":57.0,"length_m":1940}},{"type":"Feature","geometry":{"type":"LineString","coordinates":[[12.610065699999998,46.158170500000004],[12.6099282,46.15821869999999],[12.609821000000002,46.15821],[12.6097046,46.1582538],[12.6095276,46.1583655],[12.609349699999997,46.1583888],[12.609190399999997,46.15839530000001],[12.6088828,46.158446700000006],[12.6086022,46.1585137],[12.608369400000003,46.15864929999999],[12.608208000000001,46.15871409999999],[12.6080416,46.1588344],[12.607846299999999,46.158941699999986],[12.607626399999997,46.15912339999999],[12.607505399999999,46.1591958],[12.607394499999998,46.159293899999994],[12.6072477,46.15943559999998],[12.6071482,46.1595566],[12.6070648,46.15964019999999],[12.607004500000002,46.159742399999985],[12.6069199,46.159800999999995],[12.606768300000002,46.15990929999999],[12.606637200000002,46.160010299999996],[12.606545099999998,46.16012479999998],[12.606391999999998,46.160250699999985],[12.606286399999998,46.16034509999999],[12.606166299999998,46.1604544],[12.6059852,46.1605795],[12.605828800000001,46.16066709999999],[12.605675599999998,46.16074760000001],[12.6055676,46.16081890000001],[12.605502899999998,46.160869199999986],[12.6053494,46.160959299999995],[12.605250300000002,46.16101329999999],[12.6051485,46.16108229999999],[12.6050504,46.16115490000001],[12.604945399999998,46.16124869999998],[12.6048315,46.1613028],[12.604773900000001,46.1613879],[12.6047689,46.1614902],[12.604678199999999,46.16170880000001],[12.604545,46.1618592],[12.6043991,46.1619696],[12.604198599999998,46.162102799999985],[12.604051300000002,46.16213450000001],[12.603918400000001,46.16216940000001],[12.6037406,46.1622256],[12.6036054,46.16232599999999],[12.603511399999999,46.16240169999998],[12.603455700000001,46.16248630000001],[12.6034735,46.16256599999999],[12.603451599999996,46.162640299999985],[12.603308499999999,46.16279149999999],[12.602889100000002,46.16295529999999],[12.6026605,46.1630422],[12.6024065,46.163146499999996],[12.6021597,46.16324679999999],[12.601981499999999,46.16332959999999],[12.6017248,46.16337760000001],[12.6015541,46.1634238],[12.601337899999999,46.163453],[12.6012303,46.1635059],[12.6010726,46.163532800000006],[12.600977999999998,46.1635504],[12.6008892,46.163566999999986],[12.600804499999999,46.163594],[12.600596999999999,46.16361139999999],[12.6005063,46.16365119999999],[12.600459,46.163713599999994],[12.600456099999999,46.163776299999995],[12.6004135,46.163827899999994],[12.600331699999998,46.1639004],[12.6002563,46.1639751],[12.600151000000002,46.164083099999985],[12.6000254,46.1641718],[12.5999639,46.164276599999994],[12.599757299999998,46.1643138],[12.599483800000002,46.164291500000004],[12.599293400000002,46.1642822],[12.5991539,46.16430449999999],[12.599177999999998,46.164458499999995],[12.598987600000001,46.16451619999999],[12.5986415,46.16476679999999],[12.598461799999999,46.164791199999996],[12.598244500000002,46.164822599999994],[12.5978017,46.164962800000005],[12.597555200000002,46.164832099999984],[12.5974211,46.164594300000005],[12.5973568,46.16438999999999],[12.597254799999998,46.164170799999994],[12.5971073,46.1640906],[12.596992,46.163825199999984],[12.5968632,46.163609699999995],[12.5972066,46.1633125],[12.597505199999999,46.16311429999997],[12.5976275,46.16306509999999],[12.5978161,46.16296820000001],[12.5978817,46.16283860000001],[12.59793,46.162633500000005],[12.597963100000001,46.16243079999997],[12.5980678,46.16218740000001],[12.5981155,46.161959200000005],[12.5980381,46.16181890000001],[12.5982062,46.1617056],[12.5981594,46.1615281],[12.598122500000002,46.161447199999984],[12.598047800000002,46.1613024],[12.597979799999997,46.161207799999985],[12.5979116,46.161111600000005],[12.5978354,46.1610458],[12.597769800000002,46.16095779999999],[12.5976696,46.1608589],[12.597562599999998,46.16077930000001],[12.5974869,46.16070469999999],[12.5973739,46.160614699999996],[12.5972587,46.160516999999984],[12.5972087,46.1603927],[12.5972044,46.1603072],[12.597176499999998,46.160219500000004],[12.5971156,46.1601286],[12.597027999999998,46.16003689999999],[12.596961099999998,46.159928099999995],[12.596890700000001,46.15983489999999],[12.596921300000002,46.1597382],[12.5969326,46.15957179999999],[12.596861699999998,46.159476899999994],[12.596681100000001,46.159373099999996],[12.596481199999998,46.159262799999986],[12.596237499999999,46.15913369999999],[12.596084899999997,46.159054299999994],[12.595920200000002,46.1589634],[12.595773100000002,46.15888],[12.5956183,46.15877350000001],[12.595421400000001,46.1586881],[12.595232800000002,46.15859929999999],[12.595095599999999,46.15849739999997],[12.5949674,46.158436599999995],[12.594825699999998,46.1583574],[12.594697699999998,46.1582912],[12.5945579,46.1582275],[12.5944208,46.15808989999999],[12.5943637,46.15795979999999]]},"properties":{"type":"trail","highway":"path","name":"","shade_pct":100.0,"length_m":2258}},{"type":"Feature","geometry":{"type":"LineString","coordinates":[[12.629137699999998,46.17970209999999],[12.6290796,46.179701299999984],[12.6286214,46.1797559],[12.6275313,46.18017129999999],[12.627185599999999,46.180357799999996],[12.6272231,46.180643800000006],[12.626917399999998,46.180721799999986],[12.6266599,46.18078130000001],[12.626403500000002,46.180906500000006],[12.6261502,46.18104869999999],[12.625839100000004,46.18105239999999],[12.6248668,46.1814794],[12.6233462,46.181735700000004],[12.6220113,46.1821304],[12.620822500000001,46.18267669999998],[12.620243400000001,46.1827374],[12.619761099999998,46.1829681],[12.618533700000002,46.1832687],[12.6182325,46.18340519999999],[12.6181943,46.18345539999999],[12.6177306,46.18363889999999],[12.617492099999998,46.18394009999998],[12.617108500000004,46.18415929999999],[12.6155876,46.184451],[12.614755799999998,46.18448639999998],[12.613849599999998,46.1847554],[12.613020799999997,46.1851379],[12.612894799999996,46.185269699999985],[12.6129416,46.18561919999999],[12.6127987,46.185905599999984],[12.6124756,46.186139799999985],[12.612260799999998,46.186096499999984],[12.612051599999997,46.18592009999999],[12.611524099999999,46.185872199999984],[12.6112623,46.185953],[12.611049499999996,46.186148200000005],[12.6108831,46.18670519999999],[12.610207199999998,46.187117399999984],[12.6080219,46.18802159999999]]},"properties":{"type":"trail","highway":"path","name":"","shade_pct":25.8,"length_m":2024}},{"type":"Feature","geometry":{"type":"LineString","coordinates":[[12.636594300000004,46.1517168],[12.636458299999997,46.151715900000006],[12.636341800000002,46.1517418],[12.6361402,46.15173780000001],[12.635946800000001,46.151712199999984],[12.635595899999998,46.1516127],[12.6352542,46.151562299999995],[12.635076299999998,46.151530499999986],[12.634934699999999,46.1514727],[12.634694899999998,46.151375],[12.6345009,46.15129859999998],[12.6342693,46.15120780000001],[12.6341863,46.1511661],[12.6339641,46.151063799999996],[12.6338724,46.1510197],[12.6336877,46.15096299999998],[12.633510999999999,46.1509027],[12.6333476,46.1508209],[12.6332447,46.15078879999999],[12.6331089,46.1507335],[12.632904199999999,46.1506951],[12.632724299999998,46.1506003],[12.6325407,46.1505823],[12.632482899999998,46.15068210000001],[12.632266399999999,46.150712899999995],[12.6321776,46.15078059999999],[12.632014200000002,46.1508279],[12.631844999999998,46.15088549999998],[12.6316739,46.1509103],[12.6314745,46.15089079999999],[12.6313021,46.1508376],[12.631179700000002,46.15082379999998],[12.6310006,46.1508307],[12.630791,46.150919099999996],[12.6307116,46.1509481],[12.6305291,46.1509693],[12.630383699999998,46.150921299999986],[12.630117800000003,46.150905399999985],[12.629966400000002,46.1508608],[12.629825200000003,46.150731999999984],[12.629698,46.150686999999984],[12.629616999999996,46.15060779999999],[12.6291742,46.15038100000002],[12.6286158,46.1501278],[12.628395199999998,46.15007359999999],[12.628240100000001,46.1499545],[12.627851999999999,46.14977029999999],[12.627820099999997,46.149752599999985]]},"properties":{"type":"trail","highway":"path","name":"","shade_pct":71.3,"length_m":775}},{"type":"Feature","geometry":{"type":"LineString","coordinates":[[12.6236287,46.14795530000001],[12.623669900000001,46.147923299999995],[12.6236917,46.1479181],[12.6237409,46.147910599999996],[12.623765899999999,46.147910899999985],[12.6237905,46.14791359999999],[12.6238182,46.14791859999998],[12.624032000000001,46.14798849999998],[12.6245445,46.148210600000006],[12.6245741,46.148224899999995],[12.6247146,46.148300599999985],[12.6247444,46.14831819999999],[12.624882100000002,46.14839539999999],[12.624895999999998,46.148403499999986],[12.6249715,46.1484539],[12.625038399999996,46.148499400000006],[12.6250591,46.14851609999999],[12.625095100000001,46.1485432],[12.6251339,46.1485657],[12.6251447,46.148570899999996],[12.6252152,46.148608199999984],[12.625241199999998,46.148623699999995],[12.6252549,46.148632299999996],[12.6252954,46.1486582],[12.625393799999998,46.148723699999984],[12.6254039,46.148730799999996],[12.6254256,46.1487433],[12.6254369,46.148748399999995],[12.625533300000003,46.1487833],[12.6255417,46.148786599999994],[12.625590000000003,46.14880529999999],[12.625610300000002,46.1488129],[12.625671499999997,46.148832299999995],[12.625732600000003,46.1488583],[12.625780900000002,46.1488839],[12.625814999999998,46.14892969999998],[12.625866,46.148967],[12.625910600000001,46.14895159999999],[12.625916300000004,46.14893539999999],[12.625914899999998,46.14891889999999],[12.625900799999998,46.148875],[12.625889099999998,46.1488451],[12.625893700000002,46.14880720000001],[12.6259353,46.14881019999999],[12.625948199999998,46.148815199999994],[12.6260083,46.14884449999999],[12.6260425,46.148866700000006],[12.626064000000001,46.148880199999994],[12.6261059,46.1489074],[12.6261208,46.1489225],[12.6261302,46.148939799999994],[12.626144500000002,46.148970399999996],[12.626169399999998,46.1490221],[12.626198,46.14905400000001],[12.626274600000002,46.1490785],[12.626362799999999,46.14908050000001],[12.6263837,46.149076599999994],[12.626420600000001,46.1490581],[12.6265563,46.14904659999999],[12.626594899999999,46.14906],[12.6266491,46.14910369999998],[12.626684,46.14914169999999],[12.6267044,46.14916139999999],[12.626763299999999,46.14920539999999],[12.6267785,46.1492163],[12.6269129,46.14932609999999],[12.627096500000004,46.14944009999999],[12.6271459,46.14947769999999],[12.627175199999998,46.1495126]]},"properties":{"type":"trail","highway":"path","name":"","shade_pct":72.7,"length_m":373}},{"type":"Feature","geometry":{"type":"LineString","coordinates":[[12.6147468,46.1487021],[12.6144464,46.14886089999999],[12.614251900000001,46.14923169999999],[12.614032499999999,46.14944559999998],[12.613896200000001,46.14969729999999],[12.613867399999998,46.14982939999999],[12.613877600000002,46.14990399999999]]},"properties":{"type":"trail","highway":"track","name":"","shade_pct":100.0,"length_m":155}},{"type":"Feature","geometry":{"type":"LineString","coordinates":[[12.612691300000002,46.14820460000001],[12.612713300000003,46.14815959999999],[12.612908800000001,46.1479205],[12.6130362,46.14769669999999],[12.613183899999997,46.147574299999995],[12.613335699999999,46.147515999999996],[12.613633800000002,46.14744990000001],[12.613936700000002,46.147317699999995],[12.614409299999998,46.14715029999999],[12.6145035,46.14713230000001],[12.614599500000002,46.147145099999996],[12.6146829,46.1471803],[12.614734800000004,46.1472243],[12.6147826,46.14729599999998],[12.6148002,46.14736430000001],[12.6147974,46.1475426],[12.614840799999998,46.14800739999998],[12.614787600000001,46.14861819999999],[12.6147468,46.1487021]]},"properties":{"type":"trail","highway":"track","name":"","shade_pct":72.4,"length_m":381}},{"type":"Feature","geometry":{"type":"LineString","coordinates":[[12.6106017,46.150033799999996],[12.610619400000001,46.15004079999999],[12.6110306,46.15025940000001],[12.611514000000001,46.1504897],[12.611630100000003,46.15055759999999],[12.611779500000003,46.15068360000001],[12.6118541,46.15076289999999],[12.6120338,46.15099829999999],[12.612145699999997,46.15109590000001],[12.612299300000002,46.15118009999999],[12.612437499999999,46.1512326],[12.6124898,46.151235799999995],[12.6125327,46.151221899999996],[12.6125528,46.1511866],[12.6125394,46.1510444],[12.612503699999998,46.15087649999999],[12.612496200000002,46.15059539999999],[12.6124657,46.15036709999999],[12.612268900000002,46.14960339999999],[12.6122667,46.1495111],[12.6122653,46.149453],[12.6123614,46.1489789],[12.612691300000002,46.14820460000001]]},"properties":{"type":"trail","highway":"track","name":"","shade_pct":100.0,"length_m":547}},{"type":"Feature","geometry":{"type":"LineString","coordinates":[[12.586160000000001,46.14505989999999],[12.5861835,46.14499279999999],[12.586230399999998,46.14487969999999],[12.586346199999998,46.14475139999999],[12.5864974,46.14468660000001],[12.5867033,46.14461429999999],[12.587079799999996,46.14450320000001],[12.587185000000002,46.14450850000001],[12.587307899999999,46.14448449999999],[12.587447300000003,46.1444323],[12.5876151,46.14436039999998],[12.587769300000001,46.1443412],[12.587956899999998,46.1443016],[12.5881768,46.14427529999999],[12.588347199999998,46.14428059999999],[12.588434200000002,46.14431129999999],[12.5885369,46.14430639999999],[12.5886155,46.14428829999999],[12.588728400000003,46.144310299999994],[12.588814100000002,46.144338299999994],[12.588971800000003,46.1443487],[12.589015800000002,46.14437329999999],[12.5891105,46.144379099999995],[12.589262099999997,46.14440389999999],[12.589386399999999,46.14439380000001],[12.5895175,46.14437100000001],[12.589624299999999,46.14438679999999],[12.5896917,46.14437789999998],[12.5897629,46.1443548],[12.589832200000002,46.1443882],[12.5899378,46.144404300000005],[12.590039699999998,46.1444104],[12.5902069,46.14434169999999],[12.590322399999998,46.144418699999996],[12.5903707,46.14447040000002],[12.590474999999998,46.1445066],[12.590557999999998,46.1444967],[12.590652799999999,46.1445002],[12.590697399999998,46.14452750000001],[12.5906801,46.14459039999999],[12.5906691,46.14467170000001],[12.590677700000002,46.144759300000004],[12.590721799999999,46.14481829999999],[12.590787399999998,46.144845499999995],[12.5909316,46.14497140000002],[12.5910309,46.1450099],[12.5911512,46.145011100000005],[12.591304200000002,46.145044699999985],[12.5915132,46.14507449999999],[12.591939000000002,46.14516119999998],[12.592044799999998,46.1452329],[12.592109899999999,46.145293900000006],[12.592307999999997,46.14535499999999],[12.5924047,46.14535099999999],[12.592489599999999,46.1453609],[12.5926256,46.145332100000005],[12.5926767,46.1453312],[12.592740500000001,46.145345899999995],[12.5928394,46.14539959999999],[12.592921099999998,46.14542509999999],[12.592999699999998,46.14544250000001],[12.593043700000003,46.145446799999995],[12.593101900000002,46.145445300000006],[12.593200199999998,46.145423499999985],[12.593255999999998,46.14541779999999],[12.5932987,46.14541859999999],[12.593325700000001,46.14542429999999],[12.593368299999998,46.14544630000001],[12.593406199999999,46.145474699999994],[12.5935454,46.1456198],[12.5936054,46.14567389999999],[12.593675499999998,46.1457177],[12.5937475,46.14574189999998],[12.593835799999999,46.14575609999999],[12.593935799999999,46.145756399999996],[12.594103800000001,46.14573649999999],[12.5943243,46.14569519999999],[12.5944232,46.1456901],[12.5945336,46.14570989999999],[12.594649099999998,46.145742100000014],[12.594903399999998,46.14582269999999],[12.594965399999998,46.14585429999999],[12.5950201,46.145903499999996],[12.595219,46.1461045],[12.595289,46.14614689999999],[12.5953794,46.14619259999999],[12.595460100000002,46.14622580000002],[12.5955014,46.14625160000001],[12.595748100000002,46.1465259],[12.5957745,46.1465647],[12.595791699999998,46.146605299999976],[12.595794700000003,46.1467075],[12.5958463,46.1469667],[12.595872700000001,46.14702049999999],[12.5959064,46.1470724],[12.595993299999998,46.1471352],[12.5960098,46.1471604],[12.59602,46.14722609999999],[12.596022100000003,46.147354099999994],[12.596016799999997,46.1473989],[12.5958885,46.14770049999999],[12.5956074,46.1481155],[12.595589700000001,46.148133599999994],[12.595517100000002,46.1481772],[12.5954638,46.14822019999999],[12.5954106,46.1482743],[12.595394599999999,46.14830519999998],[12.595390699999998,46.1483239],[12.5954218,46.1483947],[12.5953615,46.148585600000004],[12.5953432,46.14878299999999],[12.5953762,46.14916409999998],[12.5953817,46.149426500000004],[12.5953692,46.14958649999999],[12.595341999999999,46.149697599999996],[12.5953199,46.14973549999999],[12.5952959,46.14976100000002],[12.595288899999998,46.149848999999996]]},"properties":{"type":"trail","highway":"path","name":"","shade_pct":34.2,"length_m":1294}},{"type":"Feature","geometry":{"type":"LineString","coordinates":[[12.633909500000001,46.1342386],[12.6340335,46.13418579999998],[12.634309900000002,46.134057299999995],[12.634571999999999,46.133952699999995],[12.634752899999999,46.1339194],[12.6351316,46.133797799999996],[12.63551,46.1336853],[12.6359277,46.1335338],[12.636328500000001,46.13337179999999],[12.636608200000001,46.133246099999994],[12.636828600000001,46.13311269999999],[12.6371404,46.1330384],[12.6383119,46.132698500000004],[12.638862300000001,46.13248709999999],[12.6396033,46.132162299999976],[12.6396862,46.132173599999994],[12.639711799999999,46.1323465],[12.6397846,46.132560099999985],[12.639812400000002,46.13269100000001],[12.6398959,46.132773799999995],[12.6399599,46.1328105],[12.640058499999999,46.1328628],[12.6401835,46.1329673],[12.6405095,46.1332949],[12.6406744,46.133459499999994],[12.6408873,46.13364329999999],[12.641169,46.13385400000001],[12.641448200000001,46.13404490000001],[12.641569100000002,46.13416019999998],[12.6416709,46.13426450000001],[12.641793399999997,46.1344268],[12.6419209,46.134581999999995],[12.642015900000002,46.13466359999999]]},"properties":{"type":"trail","highway":"cycleway","name":"Itinerario pedemontano pordenonese","shade_pct":53.9,"length_m":843}},{"type":"Feature","geometry":{"type":"LineString","coordinates":[[12.633909500000001,46.1342386],[12.633902499999998,46.13430629999999],[12.633855700000002,46.1347591],[12.6337769,46.135337400000004],[12.6338163,46.136027299999995],[12.633849199999998,46.13656939999999],[12.633892099999999,46.13776279999999]]},"properties":{"type":"trail","highway":"track","name":"Via Damiano Chiesa","shade_pct":91.2,"length_m":392}},{"type":"Feature","geometry":{"type":"LineString","coordinates":[[12.686751300000001,46.09161619999999],[12.689833999999998,46.091761199999986],[12.6907235,46.09180299999999],[12.698093800000002,46.0921789]]},"properties":{"type":"trail","highway":"track","name":"","shade_pct":50.6,"length_m":879}},{"type":"Feature","geometry":{"type":"LineString","coordinates":[[12.676854800000001,46.092507600000005],[12.676806599999999,46.09225250000001],[12.676812200000002,46.09205119999999],[12.6768293,46.0917734],[12.6767527,46.0913851],[12.6766885,46.09123990000001],[12.6765919,46.09114319999999],[12.6765061,46.09108359999999],[12.676291500000001,46.09108359999998],[12.6760126,46.09107620000001],[12.6756049,46.091068799999995],[12.6753259,46.09103899999999],[12.675175700000002,46.0910092],[12.6750685,46.0909348],[12.674929000000002,46.09076369999999],[12.674886099999998,46.090540499999996],[12.674778799999999,46.09023539999999],[12.6745427,46.090034499999994],[12.6741458,46.089721999999995],[12.673770299999997,46.08954339999999],[12.673384,46.0894839],[12.673029999999999,46.08948389999998],[12.6725794,46.08954339999999],[12.6720858,46.0896178],[12.6717425,46.089707099999984],[12.671517200000002,46.089669900000004],[12.6713777,46.0896029],[12.671291899999996,46.0895137],[12.671173899999998,46.08938719999998],[12.6709915,46.089335099999985],[12.670605300000002,46.08927549999999],[12.670218999999998,46.0891565],[12.6700259,46.0890449],[12.6699186,46.0889258],[12.6697362,46.0887547],[12.669650400000004,46.08853150000001],[12.6696289,46.0883157],[12.6695216,46.088181699999986],[12.669414400000003,46.08808499999999],[12.669167599999998,46.08798079999999],[12.6690388,46.08788409999999],[12.6689423,46.08779479999999],[12.668951400000001,46.0863907],[12.668953,46.08614289999999],[12.668888600000002,46.08576339999997],[12.6688243,46.0855327],[12.6686633,46.0854806],[12.668362900000002,46.085458299999985],[12.668105399999998,46.0853838],[12.6679348,46.08532319999999],[12.666174199999999,46.0849374],[12.664640000000002,46.084490900000006],[12.6640178,46.084342],[12.6636127,46.0842613],[12.663418,46.08426649999999],[12.663304800000004,46.08428029999999],[12.663706600000001,46.085956799999984],[12.663803200000002,46.0862694],[12.664007,46.088643099999985],[12.664295399999999,46.0889788],[12.664484499999999,46.089239899999995],[12.6642282,46.08950319999999]]},"properties":{"type":"trail","highway":"track","name":"","shade_pct":40.8,"length_m":2264}},{"type":"Feature","geometry":{"type":"LineString","coordinates":[[12.7071766,46.0926479],[12.6991735,46.09223399999998]]},"properties":{"type":"trail","highway":"track","name":"","shade_pct":52.0,"length_m":621}},{"type":"Feature","geometry":{"type":"LineString","coordinates":[[12.6767056,46.14009589999999],[12.6768469,46.140222400000006],[12.676840300000002,46.14044909999999],[12.676705600000002,46.1408861],[12.676482199999997,46.14140849999998],[12.676301500000001,46.141766600000004],[12.676225900000002,46.14219039999998],[12.676179,46.14236450000001],[12.676156900000002,46.1424466],[12.6761142,46.14273579999999],[12.676212799999998,46.14289999999998],[12.6763573,46.1430446],[12.676551200000002,46.14306100000002],[12.676820499999998,46.143057699999986]]},"properties":{"type":"trail","highway":"track","name":"","shade_pct":43.3,"length_m":379}},{"type":"Feature","geometry":{"type":"LineString","coordinates":[[12.6691163,46.150604300000005],[12.6689225,46.15056489999999],[12.6679763,46.1504565],[12.6676313,46.15042359999999],[12.6673948,46.15044],[12.667095800000004,46.15050579999998],[12.6668165,46.15044989999999],[12.6659623,46.15018709999999],[12.6650917,46.14989469999998],[12.664579199999999,46.14971069999998]]},"properties":{"type":"trail","highway":"track","name":"","shade_pct":93.9,"length_m":373}},{"type":"Feature","geometry":{"type":"LineString","coordinates":[[12.679051,46.0917938],[12.679196099999999,46.09165780000001],[12.6793707,46.09150590000001],[12.679595200000003,46.091385700000004],[12.6819682,46.09073279999999],[12.6827068,46.09050329999999]]},"properties":{"type":"trail","highway":"track","name":"","shade_pct":74.6,"length_m":322}},{"type":"Feature","geometry":{"type":"LineString","coordinates":[[12.655094200000002,46.13446040000001],[12.654791,46.1346312],[12.654524899999998,46.13501999999998],[12.6538683,46.135686899999996],[12.6531952,46.136199000000005],[12.6527739,46.13651950000001],[12.651743999999999,46.137144],[12.6511432,46.13751580000001],[12.6510161,46.13772049999998],[12.650934,46.137936299999986],[12.650886,46.1381668],[12.650879999999999,46.138191],[12.650997699999998,46.1384817],[12.6511861,46.138764699999996],[12.651701099999999,46.13944870000002],[12.6522806,46.1402507],[12.652573999999998,46.14066040000001],[12.652743900000003,46.140956399999986],[12.652865799999999,46.141253999999996],[12.6531379,46.14166499999999],[12.6532683,46.14184639999998],[12.653432699999998,46.14209300000001],[12.653597100000002,46.14249839999999],[12.6537615,46.14300009999999],[12.6537712,46.1432959]]},"properties":{"type":"trail","highway":"track","name":"","shade_pct":78.4,"length_m":1154}},{"type":"Feature","geometry":{"type":"LineString","coordinates":[[12.6703801,46.1520713],[12.670139700000002,46.1523824],[12.6701311,46.1523935],[12.669526199999998,46.15332529999999]]},"properties":{"type":"trail","highway":"track","name":"","shade_pct":31.6,"length_m":154}},{"type":"Feature","geometry":{"type":"LineString","coordinates":[[12.6735042,46.097503099999976],[12.672512700000002,46.097309300000006],[12.671978299999997,46.09720730000001],[12.6716192,46.09710329999999],[12.6712235,46.0970625],[12.670801200000001,46.096923800000006],[12.6703361,46.096805399999994],[12.669083999999998,46.096519799999996],[12.6689094,46.0964791],[12.668816299999998,46.096385999999995],[12.6685602,46.095693399999995],[12.669247,46.09551880000001],[12.670382,46.0951055]]},"properties":{"type":"trail","highway":"track","name":"Via del Bosco","shade_pct":77.5,"length_m":622}},{"type":"Feature","geometry":{"type":"LineString","coordinates":[[12.677416800000001,46.10172489999999],[12.6774883,46.10076300000001],[12.677461700000002,46.10058349999999],[12.6773597,46.10033049999999],[12.677333399999998,46.1002231],[12.677325399999999,46.099964599999986],[12.677310800000003,46.09973619999998],[12.677281899999999,46.0993897],[12.6772549,46.099053999999995],[12.677164600000001,46.09866880000001],[12.677104000000002,46.09828480000001],[12.6771103,46.098136700000005],[12.677136000000003,46.09805870000001],[12.677151399999998,46.09796789999999]]},"properties":{"type":"trail","highway":"track","name":"","shade_pct":45.6,"length_m":420}},{"type":"Feature","geometry":{"type":"LineString","coordinates":[[12.669526199999998,46.15332529999999],[12.669339400000002,46.1535073],[12.6689747,46.1539574],[12.668478599999998,46.154805],[12.668127000000002,46.155445700000016],[12.667482799999998,46.15650589999999],[12.667292600000001,46.15681899999999],[12.6668254,46.15743009999999],[12.6666233,46.15760689999999],[12.6665041,46.157686299999995],[12.6659016,46.1579436],[12.6658346,46.1580547],[12.6656084,46.15851670000001],[12.66587,46.1591385],[12.6657993,46.160062800000006]]},"properties":{"type":"trail","highway":"track","name":"","shade_pct":23.1,"length_m":838}},{"type":"Feature","geometry":{"type":"LineString","coordinates":[[12.6789172,46.0932814],[12.6789285,46.092936699999996],[12.678930799999998,46.09259660000001],[12.678953499999999,46.09236979999999],[12.678998800000002,46.09205239999999],[12.679035100000002,46.091911799999984],[12.679051,46.0917938],[12.679039599999998,46.091376600000004]]},"properties":{"type":"trail","highway":"track","name":"","shade_pct":64.5,"length_m":212}},{"type":"Feature","geometry":{"type":"LineString","coordinates":[[12.613877600000002,46.14990399999999],[12.613894800000002,46.150009600000004],[12.6139274,46.15030299999999],[12.613964999999999,46.150423799999984],[12.614037399999997,46.1505241],[12.614222499999999,46.150710000000004],[12.614310999999999,46.15081399999999],[12.6144451,46.150902300000006],[12.614552399999999,46.150937600000006],[12.614662300000003,46.15096359999998],[12.6147915,46.15096489999999],[12.614909099999998,46.150949699999984],[12.6150137,46.1509209],[12.6150915,46.150920899999996],[12.615161200000001,46.1509329],[12.615241699999999,46.15096079999999],[12.615460699999998,46.1510929],[12.6155408,46.151140999999996],[12.615617199999999,46.1511773],[12.615685600000003,46.151194899999986],[12.615788900000002,46.15120979999999],[12.6159096,46.151225599999975],[12.616040999999997,46.15123949999999],[12.616236800000001,46.151261800000015],[12.616542600000002,46.15129709999999],[12.616674000000001,46.1513083],[12.6168054,46.15129899999999],[12.6169637,46.15125619999999],[12.6170549,46.1512117],[12.617130000000001,46.15116520000001],[12.6171997,46.1511522],[12.6172695,46.15117259999998],[12.6173285,46.15122559999998],[12.617392800000001,46.1513501],[12.617550900000001,46.15155509999999],[12.617687900000002,46.151761700000016],[12.617864900000002,46.1519493],[12.6179346,46.1520013],[12.6180232,46.152038499999996],[12.618090199999997,46.1520552],[12.618172400000002,46.1520587],[12.6182887,46.15204779999999],[12.618388500000002,46.15201609999998],[12.6185119,46.15193189999998],[12.6186883,46.15183410000001],[12.618757,46.15177200000001],[12.618780899999999,46.151724499999986],[12.618771099999998,46.151674400000005],[12.618717799999999,46.15161299999998],[12.618685699999999,46.151525699999986],[12.618685699999999,46.151445800000005],[12.6187063,46.151357899999994],[12.618754700000002,46.1512674],[12.6188035,46.15120479999999],[12.6188466,46.1511745],[12.618893499999999,46.151164299999984],[12.6189427,46.151164900000005],[12.6189887,46.15117769999999],[12.619006400000002,46.15119639999999],[12.619020899999999,46.151241399999996],[12.619022999999999,46.1513006],[12.619017600000001,46.151403800000004],[12.619010900000001,46.15155969999999],[12.6190411,46.1516427],[12.619085299999998,46.151726199999985],[12.619133599999998,46.15180809999998],[12.61926,46.1520021],[12.6194291,46.15225780000001],[12.6196319,46.15245339999999],[12.619695,46.15256269999999],[12.6197548,46.15268999999998],[12.6197282,46.15287070000001],[12.6196112,46.1529897],[12.619482600000001,46.1530625],[12.6194623,46.15319010000002],[12.619612,46.153300899999984],[12.619812699999999,46.15337130000001],[12.619999699999997,46.15342059999998],[12.620222299999996,46.15347419999999],[12.6203527,46.15347739999999],[12.620514599999996,46.153437999999994],[12.6206986,46.15334189999999],[12.620755000000003,46.153296399999995],[12.6208091,46.1532678],[12.6208596,46.15326199999998],[12.620918599999998,46.15327229999998],[12.620964200000001,46.153311299999984],[12.621025900000001,46.15338369999999],[12.621115700000002,46.15358999999998],[12.6212016,46.15376279999999],[12.621460100000002,46.154093500000016],[12.6216894,46.1543551],[12.6219619,46.15481759999998],[12.622156599999999,46.1552445],[12.6221753,46.15546860000003],[12.6222181,46.15576569999999],[12.622259699999999,46.15591339999999],[12.622313299999998,46.1560184],[12.6223908,46.15615780000001],[12.6224963,46.1562889],[12.622580200000002,46.1563733],[12.6226553,46.156443899999985],[12.622701,46.15646989999999],[12.622738500000002,46.156474100000004],[12.6227746,46.15646540000001],[12.6227874,46.1564429],[12.6227713,46.15641179999998],[12.6227009,46.156358399999995],[12.6226414,46.15629769999999],[12.622584299999998,46.15620229999998],[12.622558800000002,46.1560481],[12.6225789,46.15583259999999],[12.622609199999998,46.1557014],[12.6226567,46.15554170000001],[12.622727699999999,46.15537699999998],[12.6227301,46.15523679999999],[12.622679499999998,46.1551061],[12.6226553,46.15503000000001],[12.622641900000001,46.154959399999996],[12.6227117,46.154829299999996],[12.6228216,46.15470289999999],[12.622877999999998,46.154624899999995],[12.6229155,46.154467000000004],[12.623004000000002,46.15432019999998],[12.623068400000001,46.15420499999999],[12.623146200000003,46.15404710000001],[12.6231877,46.15394949999999],[12.623202500000001,46.15383429999998],[12.623202799999998,46.1537452],[12.6231938,46.153714],[12.623165000000002,46.15366619999999],[12.623152899999997,46.15361649999999],[12.623163599999996,46.153588599999985],[12.623193800000001,46.1535728],[12.623226599999999,46.15357089999999],[12.6232488,46.15357979999999],[12.6232743,46.153600199999985],[12.6232783,46.15364159999999],[12.6232897,46.1536954],[12.6233395,46.15378389999999],[12.623398300000002,46.15389379999999],[12.623486199999999,46.15401259999999],[12.6236146,46.154187199999996],[12.6236299,46.15421349999998]]},"properties":{"type":"trail","highway":"track","name":"","shade_pct":88.4,"length_m":1814}},{"type":"Feature","geometry":{"type":"LineString","coordinates":[[12.635558999999999,46.153062900000016],[12.6354936,46.153015899999986],[12.635415600000002,46.15296029999998],[12.6353133,46.1529036],[12.6351097,46.15283869999999],[12.635045600000002,46.152824700000004],[12.634840900000002,46.1527715],[12.634537299999998,46.1526823],[12.6343788,46.15262699999999],[12.634251,46.15262289999999],[12.6342426,46.152570099999984],[12.6340665,46.15252489999999],[12.633858799999997,46.15248989999999],[12.633783299999997,46.15247319999999],[12.633700200000002,46.1524689],[12.6335831,46.15245420000001],[12.633468,46.15246079999998],[12.633477999999998,46.1524935],[12.6334926,46.15252179999999],[12.6335274,46.15258169999998],[12.633597300000002,46.1526206],[12.6336895,46.1527244],[12.6337587,46.15280959999999],[12.633877800000002,46.15291079999999],[12.633931600000002,46.153027900000005],[12.634027700000003,46.1531104],[12.634062300000002,46.153232899999985],[12.634146800000002,46.153339399999986],[12.6342852,46.15347520000001],[12.634404299999998,46.153658799999995],[12.634459999999999,46.15383190000001],[12.6344523,46.15392769999998],[12.6343909,46.154011600000004],[12.6342736,46.15410870000001],[12.6342045,46.154166],[12.6341276,46.15423919999999],[12.633985400000004,46.1542658],[12.633898999999998,46.154212599999994],[12.633660700000002,46.1540755],[12.6334666,46.153962299999996],[12.633312899999998,46.15383849999999],[12.633072699999998,46.1537201],[12.6328498,46.153616299999996],[12.63265,46.1534818],[12.632425200000002,46.153362],[12.6320505,46.1532223],[12.6318065,46.153161],[12.631556699999999,46.1530679],[12.631276100000001,46.15297199999999],[12.6310302,46.15288279999999],[12.630863,46.15286689999999],[12.630640100000003,46.1528429],[12.6302904,46.15287349999998],[12.6299849,46.152893499999976],[12.6296948,46.1528735],[12.6293835,46.152834899999995],[12.629168300000002,46.1528482],[12.628893499999998,46.1528376],[12.628559200000002,46.1528975],[12.628372499999998,46.153058899999984],[12.628118899999999,46.15292850000001],[12.627846,46.15271279999999],[12.627434799999998,46.15253709999999],[12.6270813,46.1524014],[12.6267739,46.15239069999999],[12.626531699999996,46.15280069999999],[12.626566300000002,46.15298700000002],[12.6264664,46.15318939999999],[12.626504799999998,46.1534662],[12.626543299999998,46.15406250000001],[12.6265239,46.1545535],[12.626610400000002,46.154895599999996],[12.6264855,46.15518970000001],[12.6264355,46.155414699999994],[12.626512400000001,46.155619599999994],[12.6267372,46.1557181],[12.626794799999999,46.1559098],[12.626616100000001,46.15608279999999],[12.626494299999997,46.1562609],[12.626609600000002,46.15648720000001],[12.626634499999996,46.15674009999999],[12.626617,46.156989199999984],[12.626880700000001,46.157086799999995],[12.6272138,46.1572559],[12.627217,46.15731470000001]]},"properties":{"type":"trail","highway":"path","name":"","shade_pct":81.0,"length_m":1662}},{"type":"Feature","geometry":{"type":"LineString","coordinates":[[12.610578400000003,46.157855500000004],[12.6106503,46.15776739999999],[12.6107044,46.15767679999998],[12.6107988,46.15757399999999],[12.6108759,46.157504499999995],[12.610960500000001,46.15744480000001],[12.6110409,46.157382],[12.6110885,46.157327599999995],[12.611097199999998,46.15726539999999],[12.6110633,46.1571911],[12.61102,46.157114499999985],[12.610972199999997,46.1570267],[12.610934,46.15694109999998],[12.6109214,46.15686360000001],[12.610939799999999,46.1567756],[12.610992699999999,46.15670069999999],[12.611046700000001,46.156618899999984],[12.611055099999998,46.1565584],[12.6110401,46.1564902],[12.6110164,46.1564051],[12.6109896,46.15630539999999],[12.6109617,46.15621929999999],[12.610936900000002,46.15611249999999],[12.6109277,46.15601830000001],[12.610914300000001,46.15593009999999],[12.610860800000001,46.1558508],[12.6108402,46.155797200000016],[12.6108414,46.15572929999999],[12.610870200000004,46.1556375],[12.610896399999998,46.15554629999999],[12.6108954,46.1554711],[12.610862200000001,46.1553944],[12.6108061,46.15534189999999],[12.6107344,46.155297],[12.6106439,46.1552406],[12.610555199999997,46.155184499999976],[12.610474600000002,46.15512120000001],[12.610407400000001,46.15505159999999],[12.610369,46.154980099999996],[12.6103809,46.1549218],[12.6104439,46.15485919999998],[12.6105333,46.15480279999999],[12.6106046,46.154745600000005],[12.6106711,46.15467859999999],[12.610720400000002,46.1546041],[12.6107425,46.1545192],[12.610745099999999,46.15442749999999],[12.610739699999998,46.15434419999999],[12.610718099999998,46.15424059999999],[12.6106831,46.154141700000004],[12.610643,46.15401099999998],[12.610603800000002,46.153890399999995],[12.610575299999997,46.153767199999976],[12.610549900000002,46.1536611],[12.6105273,46.15354559999999],[12.6104955,46.1534386],[12.6104598,46.1533329],[12.610415700000004,46.15322140000001],[12.610383200000003,46.153114300000006],[12.610344599999998,46.15299799999999],[12.610301499999998,46.1528949],[12.610246700000001,46.15277119999999],[12.610187,46.1526651],[12.610134399999998,46.15258829999999],[12.610067,46.15252660000001],[12.6099852,46.15248210000001],[12.609903,46.152428],[12.609855899999998,46.15235289999998],[12.6098388,46.1522809],[12.6098479,46.152221100000006],[12.6098898,46.15216259999998],[12.609973800000002,46.152087999999985],[12.6100499,46.1520108],[12.610088799999998,46.1519337],[12.610107699999999,46.1518518],[12.610107899999997,46.15176999999999],[12.610112900000003,46.15166550000001],[12.610106499999999,46.15156329999999],[12.610077699999998,46.151462099999996],[12.610032799999999,46.1513618],[12.609966099999998,46.15128810000001],[12.609867199999998,46.151213],[12.609755200000002,46.151124499999995],[12.6096725,46.151042399999994],[12.609638700000001,46.15096489999999],[12.609659500000001,46.1508893],[12.609732899999997,46.150820399999986],[12.609812799999998,46.15076409999998],[12.6098442,46.15070219999999],[12.609837000000002,46.1506435],[12.6097957,46.15056749999999],[12.6097445,46.1504722],[12.609699700000002,46.150373299999984],[12.609666,46.15024879999999],[12.609678999999998,46.15013969999998],[12.6097277,46.1500488],[12.609791900000001,46.14997129999999],[12.6098464,46.1498922],[12.6098839,46.149847699999974],[12.609899399999998,46.1498294],[12.6099591,46.1497903],[12.610043199999998,46.14979439999998],[12.610124100000002,46.1498299],[12.6101771,46.149854199999986],[12.610210800000003,46.14986599999999],[12.6104359,46.149954599999994],[12.610550200000002,46.15001079999999],[12.6106017,46.150033799999996]]},"properties":{"type":"trail","highway":"track","name":"","shade_pct":100.0,"length_m":1041}},{"type":"Feature","geometry":{"type":"LineString","coordinates":[[12.6229445,46.148641899999994],[12.6228843,46.14868169999999],[12.622818600000004,46.14875790000001],[12.622783799999999,46.14883119999999],[12.6227759,46.148874400000004],[12.622770999999997,46.14889149999998],[12.622749500000001,46.1489415],[12.622661999999998,46.14911],[12.622557099999998,46.149203299999996],[12.622453199999999,46.1492874],[12.622330800000002,46.14933179999999],[12.6221326,46.1494166],[12.6219315,46.14952809999999],[12.621885499999998,46.14954209999998],[12.621847399999998,46.149504199999996],[12.6218601,46.149407099999976],[12.621856400000002,46.149275399999986],[12.6218179,46.1491685],[12.6217912,46.14900189999999],[12.6217323,46.148939],[12.6216714,46.148887099999996],[12.6214664,46.148948199999985],[12.621249600000002,46.14904040000001],[12.6211389,46.14909370000001],[12.621069999999998,46.1491072],[12.621007999999998,46.149124499999985],[12.620953499999999,46.149110099999994],[12.6205938,46.1490913],[12.6204149,46.1490227],[12.6203549,46.149023899999996],[12.6202152,46.1490683],[12.620031600000003,46.149113],[12.6198587,46.14918180000001],[12.619611999999998,46.1491817],[12.6194286,46.14910120000001],[12.6193094,46.1490013],[12.6190789,46.14882699999999],[12.6189011,46.148764799999995],[12.618748000000002,46.148699799999996],[12.6186009,46.14864719999998],[12.618350200000002,46.1485748],[12.6182485,46.1485617],[12.6179609,46.14855899999999],[12.6178746,46.14853309999999],[12.617773000000001,46.14851809999999],[12.6177081,46.14861869999999],[12.617728000000001,46.148789799999996],[12.617719600000001,46.14884540000001],[12.6176806,46.14889659999999],[12.6176604,46.14892589999999],[12.617628799999997,46.1489599],[12.617545600000001,46.14909099999998],[12.6175628,46.149266399999995],[12.617541899999997,46.149437899999995],[12.617414400000001,46.14960899999999],[12.6172769,46.14974399999999],[12.617147099999999,46.149807],[12.6171114,46.14979709999999],[12.617049399999999,46.14977540000001],[12.6169834,46.14975060000002],[12.6169181,46.14974120000001],[12.616852300000001,46.14975060000002],[12.616766100000001,46.149762800000005],[12.616631999999997,46.14977999999999],[12.616569000000002,46.14986549999999],[12.616534299999998,46.14998359999999],[12.616471199999998,46.15014969999999],[12.616445899999999,46.1503247],[12.616445899999999,46.15042530000001],[12.6164301,46.150539],[12.616360699999998,46.15063299999999],[12.6163102,46.15072479999999],[12.616240799999998,46.15086259999999],[12.6161552,46.1509617],[12.616007799999998,46.15109239999998],[12.6158935,46.15117449999999],[12.615788900000002,46.15120979999999]]},"properties":{"type":"trail","highway":"path","name":"","shade_pct":94.1,"length_m":930}},{"type":"Feature","geometry":{"type":"LineString","coordinates":[[12.6128496,46.15328619999999],[12.612838400000001,46.15342489999999],[12.6128157,46.15354610000001],[12.612789700000002,46.153640499999995],[12.612776799999997,46.153746],[12.6127703,46.153835799999996],[12.6127444,46.15395709999999],[12.612734599999998,46.15407609999999],[12.612734599999998,46.1541547],[12.6127573,46.15423779999999],[12.612805999999999,46.154334399999996],[12.6128416,46.154437699999995],[12.612828699999998,46.15452080000001],[12.61278,46.1545881],[12.6127833,46.15466669999999],[12.612857799999999,46.15482389999999],[12.612932399999998,46.154934],[12.612990699999996,46.15503729999998],[12.613019899999998,46.15512480000001],[12.6130588,46.155250599999995],[12.6130945,46.15535839999999],[12.613130099999998,46.1554617],[12.613123699999997,46.155553799999986],[12.6131173,46.15573200000001],[12.613149399999998,46.15589719999999],[12.613185999999997,46.15602099999999],[12.613222700000001,46.156160799999995],[12.613236499999998,46.15632589999999],[12.6132456,46.156478299999996],[12.6132777,46.15668789999998],[12.613319000000002,46.1568467],[12.613341900000002,46.15701190000002],[12.6133511,46.157123],[12.613349300000001,46.1571728],[12.613359,46.157457],[12.613449700000002,46.15771739999998],[12.613644299999999,46.158013799999985],[12.613734999999998,46.15820249999998],[12.613735000000002,46.15836409999999],[12.613747999999998,46.158570700000006],[12.613748,46.158723400000014],[12.6137869,46.1589031],[12.613812799999998,46.15908269999999],[12.613799899999997,46.15920839999999],[12.613696099999999,46.159298299999996],[12.613553499999998,46.159423999999994],[12.613401699999999,46.1595064]]},"properties":{"type":"trail","highway":"track","name":"","shade_pct":100.0,"length_m":718}},{"type":"Feature","geometry":{"type":"LineString","coordinates":[[12.679039599999998,46.091376600000004],[12.678823499999998,46.090667],[12.6787979,46.090525200000016],[12.678631500000002,46.08960179999998],[12.6785017,46.087839399999986],[12.6783311,46.08668499999999],[12.678213100000002,46.0858813],[12.678083299999999,46.085287099999995],[12.677922299999999,46.084825699999996],[12.677783899999998,46.08451949999998],[12.6777316,46.084475099999985],[12.677590800000003,46.08435579999998],[12.677483500000001,46.08405819999999],[12.677354800000002,46.08361169999998],[12.677365500000002,46.08306840000001],[12.6773333,46.08237629999999],[12.6774299,46.0819001],[12.677578999999998,46.081216499999975],[12.6777185,46.08066579999999],[12.677805399999999,46.08038189999999],[12.677943799999998,46.08015230000001],[12.6780629,46.07999489999998]]},"properties":{"type":"trail","highway":"track","name":"","shade_pct":76.4,"length_m":1288}},{"type":"Feature","geometry":{"type":"LineString","coordinates":[[12.682964300000002,46.090242800000006],[12.6838334,46.09010889999999],[12.684208900000003,46.090056799999985],[12.6846273,46.0900047],[12.685356900000002,46.089833600000006],[12.686697999999996,46.08951369999998],[12.6871704,46.089536800000005]]},"properties":{"type":"trail","highway":"track","name":"","shade_pct":28.8,"length_m":337}},{"type":"Feature","geometry":{"type":"LineString","coordinates":[[12.697039299999998,46.11185909999998],[12.696002600000003,46.11155969999999],[12.6951324,46.1114437],[12.6948253,46.11138369999998],[12.6945622,46.1112864],[12.6936368,46.111035299999976],[12.692814999999998,46.110871],[12.692223300000002,46.110752699999985],[12.6913006,46.1105147],[12.690765800000001,46.1104172],[12.689466,46.110157699999995],[12.689294399999998,46.1101577],[12.689181700000002,46.110178100000006],[12.6891066,46.110228299999996],[12.689031499999999,46.1103771],[12.688992799999998,46.1104503],[12.6888812,46.1105147],[12.688712299999999,46.1105128],[12.688103499999997,46.110447699999995],[12.6857002,46.11011299999999],[12.683039400000002,46.109770899999994],[12.681937599999998,46.109652100000005],[12.681462300000002,46.10957569999999]]},"properties":{"type":"trail","highway":"track","name":"","shade_pct":44.0,"length_m":1268}},{"type":"Feature","geometry":{"type":"LineString","coordinates":[[12.711895999999998,46.087102199999975],[12.7114498,46.087280999999976],[12.7093566,46.08745179999999],[12.708658900000001,46.08749769999999]]},"properties":{"type":"trail","highway":"track","name":"","shade_pct":94.8,"length_m":257}},{"type":"Feature","geometry":{"type":"LineString","coordinates":[[12.625930799999999,46.13472000000001],[12.6276308,46.134241499999995]]},"properties":{"type":"trail","highway":"track","name":"","shade_pct":77.0,"length_m":142}},{"type":"Feature","geometry":{"type":"LineString","coordinates":[[12.7020066,46.10144459999998],[12.702485,46.099858799999986],[12.702666899999999,46.099040499999994],[12.702764599999998,46.09879810000001],[12.702774100000001,46.09877449999999],[12.7028502,46.0985855],[12.7030421,46.0985555],[12.7042602,46.09848980000001],[12.7048259,46.0984557],[12.7053827,46.098485399999994],[12.7055003,46.098509299999996],[12.705665900000001,46.09855240000001],[12.705799299999999,46.098587099999996],[12.705942,46.09858729999999],[12.706220399999998,46.0985398]]},"properties":{"type":"trail","highway":"track","name":"","shade_pct":65.7,"length_m":589}},{"type":"Feature","geometry":{"type":"LineString","coordinates":[[12.6628813,46.11273109999999],[12.664599399999998,46.1129605],[12.664896699999998,46.1130642],[12.665138699999998,46.113174799999996],[12.665747199999998,46.1132301],[12.6659753,46.11320249999999],[12.6661482,46.1132163],[12.668777599999999,46.113614699999985],[12.6797486,46.1152768],[12.680598999999999,46.11541509999999],[12.680958599999999,46.115444700000005],[12.681062099999998,46.1154374]]},"properties":{"type":"trail","highway":"track","name":"","shade_pct":69.9,"length_m":1442}},{"type":"Feature","geometry":{"type":"LineString","coordinates":[[12.661165,46.113782199999996],[12.661202399999999,46.112645499999985],[12.661147099999999,46.110453700000015],[12.661105600000003,46.10914689999999],[12.661015700000002,46.10841400000001],[12.661001899999999,46.107929999999996],[12.661029499999998,46.107688],[12.661022599999999,46.10722479999999],[12.660908799999998,46.10636119999999],[12.660723300000003,46.105671299999976],[12.660508799999999,46.105363999999994],[12.659071,46.10330009999999],[12.6588807,46.102959599999984],[12.6587592,46.102742199999994]]},"properties":{"type":"trail","highway":"track","name":"","shade_pct":43.7,"length_m":1263}},{"type":"Feature","geometry":{"type":"LineString","coordinates":[[12.671608300000004,46.1272714],[12.671279800000002,46.126589900000006],[12.6713075,46.12637970000001],[12.6708484,46.12536189999998],[12.6687354,46.120754199999986],[12.668514099999998,46.120228700000006],[12.6675738,46.11809359999998],[12.6673913,46.11757369999999],[12.6670815,46.11674390000001]]},"properties":{"type":"trail","highway":"track","name":"","shade_pct":95.7,"length_m":1223}},{"type":"Feature","geometry":{"type":"LineString","coordinates":[[12.6845711,46.08532559999999],[12.684754799999999,46.085324999999976],[12.685267000000001,46.08539659999999],[12.685382199999998,46.08540759999999],[12.6854696,46.085404900000015],[12.6855569,46.08537729999998],[12.6856364,46.08530850000001],[12.685676099999998,46.0851845],[12.685687999999999,46.08500819999998],[12.685695900000002,46.08478509999999],[12.685711799999998,46.08469149999999],[12.685783299999999,46.084661199999985],[12.686069200000002,46.084686],[12.686664900000002,46.08478239999999],[12.6869151,46.084807199999986],[12.6875386,46.084870499999994],[12.687947600000001,46.08489809999998],[12.688126999999998,46.0849013],[12.708026599999998,46.08594380000002],[12.708041500000002,46.08594460000001]]},"properties":{"type":"trail","highway":"track","name":"","shade_pct":46.2,"length_m":1891}},{"type":"Feature","geometry":{"type":"LineString","coordinates":[[12.691875199999998,46.0746095],[12.6921926,46.0746695],[12.692897599999998,46.07481269999999],[12.6933304,46.07490049999997],[12.6937784,46.074990799999995],[12.694444500000001,46.07512510000001],[12.6949806,46.07522929999999],[12.6955077,46.0753326],[12.695991,46.07542689999998],[12.6967426,46.075582999999995],[12.6973596,46.07571329999999],[12.6979217,46.07582459999999],[12.6985908,46.0759609],[12.699004000000002,46.07604909999999],[12.6993927,46.07615739999999],[12.699622999999999,46.0762146],[12.700313499999998,46.076400699999986],[12.701051500000002,46.07659970000001],[12.701499699999998,46.07665579999998],[12.7018218,46.07664179999999],[12.7056522,46.07613059999999]]},"properties":{"type":"trail","highway":"track","name":"","shade_pct":24.0,"length_m":1106}},{"type":"Feature","geometry":{"type":"LineString","coordinates":[[12.711594499999999,46.086238799999975],[12.711576799999998,46.0861487],[12.711555500000001,46.086069800000004],[12.7115289,46.085583799999995],[12.711483999999999,46.0853654],[12.7114479,46.085190299999994],[12.711452099999999,46.085044100000005],[12.7114507,46.0849219],[12.7114673,46.08477950000001],[12.7115076,46.084678499999995],[12.711618499999998,46.08452940000001],[12.7119472,46.084056100000005],[12.713238,46.0821689],[12.7140334,46.080971000000005],[12.714118899999999,46.08080729999999]]},"properties":{"type":"trail","highway":"track","name":"","shade_pct":60.6,"length_m":650}},{"type":"Feature","geometry":{"type":"LineString","coordinates":[[12.707613699999998,46.083454700000004],[12.707243400000001,46.083453399999996],[12.6999026,46.08306799999999],[12.6998081,46.083062999999996],[12.6910894,46.082605199999996],[12.6909388,46.08259730000002],[12.690807299999998,46.082570399999994],[12.6907417,46.082557],[12.6893837,46.0817817],[12.6888311,46.08145920000002],[12.688679100000002,46.08140470000001],[12.6885771,46.0813766]]},"properties":{"type":"trail","highway":"track","name":"","shade_pct":40.8,"length_m":1523}},{"type":"Feature","geometry":{"type":"LineString","coordinates":[[12.6892141,46.07532269999998],[12.689421800000002,46.0753091],[12.689764900000002,46.075449199999994],[12.689982,46.07565919999998],[12.6903531,46.0759113],[12.6908713,46.07613539999999],[12.691445500000002,46.07632449999999],[12.691571500000002,46.07645049999999],[12.6915995,46.07654849999999]]},"properties":{"type":"trail","highway":"track","name":"","shade_pct":58.0,"length_m":240}},{"type":"Feature","geometry":{"type":"LineString","coordinates":[[12.6326822,46.1169093],[12.632730900000002,46.11695380000001],[12.632830700000001,46.1170448],[12.6329703,46.11716769999999],[12.633160900000004,46.11731969999999],[12.633364099999998,46.11744159999999],[12.633612,46.11758000000001]]},"properties":{"type":"trail","highway":"cycleway","name":"","shade_pct":100.0,"length_m":104}},{"type":"Feature","geometry":{"type":"LineString","coordinates":[[12.6421578,46.13462529999999],[12.6422652,46.13469180000002],[12.642408000000001,46.13478609999999],[12.6430603,46.1353298],[12.643208,46.13543910000001],[12.6433232,46.135503299999996],[12.6434056,46.1355352],[12.643693600000002,46.13560340000001],[12.6440184,46.1356687],[12.6443666,46.135733300000005],[12.6446732,46.135803200000005],[12.6448025,46.135830399999996],[12.644913199999998,46.1359055],[12.645002199999999,46.13597849999999],[12.645138999999999,46.13614649999999],[12.645280300000001,46.13633509999998],[12.6455049,46.1366129],[12.645647199999999,46.136802199999984],[12.645765699999998,46.13696499999998],[12.645816499999999,46.1370479],[12.645854899999998,46.1371043],[12.6459329,46.137132699999995],[12.6460333,46.13715429999999],[12.6461914,46.13716689999999],[12.646299799999998,46.1371919],[12.646409799999999,46.137235399999994],[12.6465415,46.1373312],[12.6466603,46.1374589],[12.6467741,46.13759249999998],[12.6468464,46.1377036],[12.6468893,46.13779290000001],[12.6469187,46.1380448],[12.646934499999999,46.13817469999999],[12.646965999999999,46.13826039999999],[12.647024799999999,46.138421900000004],[12.647108399999999,46.13865819999999],[12.6471942,46.13880530000001],[12.647326600000001,46.13898890000001],[12.6474313,46.1391481],[12.647508100000001,46.1392466],[12.647546900000002,46.13928969999999],[12.647523900000001,46.13933900000001],[12.647538500000001,46.13940829999999],[12.647596199999999,46.1394757],[12.647726499999997,46.139627],[12.6478239,46.13976679999999],[12.6479462,46.13991869999998],[12.6482439,46.14025709999999],[12.648396999999997,46.1404308],[12.6485251,46.1406187],[12.6486336,46.14075069999999],[12.648835400000001,46.140902199999985],[12.6490698,46.14107699999998],[12.649269000000002,46.14124939999999],[12.6493552,46.141347100000004],[12.649403899999998,46.14145639999999],[12.649526899999998,46.141779499999984],[12.649598800000001,46.141938700000004],[12.649662,46.1420621],[12.649818899999998,46.142583999999985],[12.6498958,46.14279870000001],[12.6500711,46.1431308],[12.650169599999998,46.14346099999999],[12.650236300000001,46.14379939999998]]},"properties":{"type":"trail","highway":"cycleway","name":"Itinerario pedemontano pordenonese","shade_pct":71.3,"length_m":1266}},{"type":"Feature","geometry":{"type":"LineString","coordinates":[[12.634991599999998,46.113553800000005],[12.6357254,46.113035999999994],[12.6364764,46.11229229999999],[12.636809,46.11195010000001],[12.637270299999999,46.1114146],[12.637627599999998,46.111043499999994],[12.6378712,46.11081209999999],[12.6380106,46.1102692],[12.637962200000002,46.10980869999999],[12.638042800000001,46.1091981],[12.638110400000004,46.10882689999999],[12.637992399999996,46.1081649],[12.637710200000004,46.10750219999999],[12.6375222,46.1068065],[12.6375176,46.1067892],[12.6375096,46.1064169],[12.637569900000003,46.10587859999999],[12.637800299999999,46.105372999999986],[12.6380997,46.10498869999999],[12.6384071,46.10455720000001],[12.6386039,46.104244799999975],[12.638731200000002,46.104002799999996]]},"properties":{"type":"trail","highway":"track","name":"","shade_pct":50.6,"length_m":1162}},{"type":"Feature","geometry":{"type":"LineString","coordinates":[[12.643516700000001,46.122228299999996],[12.6434072,46.1220795],[12.6432034,46.121826599999984],[12.6429277,46.1215373],[12.642613300000002,46.121231699999996],[12.642305400000001,46.120912699999984],[12.642119800000001,46.120785500000004],[12.641811899999999,46.1205408],[12.641443899999999,46.1202352],[12.641050099999998,46.11978229999998],[12.6409428,46.11964099999999],[12.640524399999999,46.11933609999999],[12.639888200000001,46.11902299999999],[12.639633899999998,46.118793199999985],[12.639394599999997,46.118457799999995],[12.6389687,46.11813130000001],[12.638697300000002,46.117922299999975],[12.6384537,46.117811499999995],[12.6380655,46.11762779999999],[12.637731399999998,46.11737879999998],[12.6376634,46.117240399999986],[12.637473700000001,46.1170443],[12.637377600000002,46.11689599999999],[12.637237099999998,46.11679069999999]]},"properties":{"type":"trail","highway":"track","name":"","shade_pct":83.4,"length_m":786}},{"type":"Feature","geometry":{"type":"LineString","coordinates":[[12.643031200000001,46.1120814],[12.6432173,46.1123228],[12.643396499999998,46.11264179999999],[12.643549900000002,46.112888000000005],[12.643643300000003,46.1131922],[12.643893299999998,46.113669],[12.6439437,46.1138244],[12.6440499,46.11395050000001],[12.644125000000003,46.1140918],[12.6442441,46.1143748],[12.644340600000001,46.114843299999976],[12.6443621,46.11516319999999],[12.644512300000002,46.1153342],[12.644684,46.1155127],[12.6449415,46.11581019999999],[12.644986700000004,46.11613600000001],[12.6449951,46.11619689999999],[12.645155999999998,46.11650189999999],[12.6453384,46.11671009999999],[12.645617400000003,46.1170522],[12.645939199999999,46.117632300000004],[12.646014299999997,46.117803299999984],[12.6461645,46.1181083],[12.6461803,46.118141999999985],[12.646411299999999,46.11863629999999],[12.646851200000002,46.11946919999999],[12.647022899999998,46.11979640000001],[12.6471052,46.1199551],[12.647168899999999,46.120077899999984],[12.647366200000002,46.12045829999999],[12.6476376,46.1209498],[12.6480668,46.12161169999998],[12.6486644,46.12264459999999],[12.6487287,46.122875099999995],[12.648836,46.12322460000001],[12.6489465,46.1236493],[12.649061299999998,46.1239162],[12.649125700000003,46.1240278],[12.6492684,46.124236700000004],[12.6494905,46.124637499999984],[12.649694299999998,46.1250614],[12.649823099999999,46.125373700000004],[12.649933599999999,46.125664399999984],[12.6500131,46.12583199999999],[12.6501911,46.126207299999976],[12.6505526,46.126950099999995],[12.650724600000002,46.127392099999994]]},"properties":{"type":"trail","highway":"track","name":"","shade_pct":29.3,"length_m":1813}},{"type":"Feature","geometry":{"type":"LineString","coordinates":[[12.6504462,46.1278127],[12.6514034,46.12845279999998],[12.6517804,46.12882709999999],[12.6519045,46.128950299999985],[12.6526233,46.12972359999999],[12.652808900000002,46.12998449999999],[12.6528915,46.13034809999999],[12.653109299999999,46.1309214],[12.653299200000001,46.131329599999994],[12.653985900000004,46.1325118],[12.654715400000002,46.13374599999999],[12.654804500000001,46.13399949999999],[12.654848899999998,46.13407779999999],[12.6549225,46.13420769999999],[12.655094200000002,46.13446040000001],[12.6552197,46.13478679999998],[12.655383799999997,46.135151899999975],[12.6555019,46.1355385],[12.6557347,46.13575329999999],[12.655992200000002,46.136013500000004],[12.656134900000001,46.136289399999995],[12.656313999999997,46.136756999999996],[12.6565393,46.13721050000001],[12.6567861,46.137478099999996],[12.6570543,46.13777549999998],[12.6572507,46.1381182],[12.6573118,46.13837769999999],[12.657476,46.1384453],[12.6575774,46.13844480000001]]},"properties":{"type":"trail","highway":"track","name":"","shade_pct":54.9,"length_m":1330}},{"type":"Feature","geometry":{"type":"LineString","coordinates":[[12.682456,46.121011],[12.682163,46.12119469999999],[12.6816373,46.121514499999996],[12.6812725,46.121744999999976],[12.680239799999999,46.1222358],[12.6798751,46.12239939999999],[12.679244699999998,46.12269690000001],[12.678386399999999,46.12311329999999],[12.6775684,46.12351489999999],[12.6769246,46.12381229999999],[12.6762621,46.12419160000001],[12.675446700000002,46.124697199999986],[12.6739769,46.12553009999999],[12.672965700000002,46.12623649999998],[12.6725258,46.126504199999985],[12.671959900000001,46.12698750000001],[12.671608300000004,46.1272714],[12.6707985,46.1278872],[12.670017899999998,46.128504400000004],[12.6696183,46.12886869999999],[12.669478500000004,46.128992999999994],[12.669124799999999,46.1293074],[12.6676361,46.13060119999999],[12.6675173,46.1307147],[12.667075599999999,46.13113649999999],[12.6664345,46.13160490000001],[12.665949000000001,46.13218479999998],[12.6657049,46.13241529999999],[12.665434,46.1325789],[12.6652222,46.132772200000005],[12.6650264,46.1329464],[12.6648156,46.132828099999976],[12.6638704,46.132708300000004],[12.662689799999999,46.132596199999995],[12.6612635,46.13244129999999],[12.660477699999998,46.13234490000001],[12.660337600000002,46.1323217]]},"properties":{"type":"trail","highway":"track","name":"","shade_pct":73.7,"length_m":2278}},{"type":"Feature","geometry":{"type":"LineString","coordinates":[[12.704074700000001,46.10222909999998],[12.702193800000002,46.10489700000001],[12.7021057,46.10502099999999],[12.700015099999998,46.107965199999995],[12.6998128,46.10825009999998],[12.6997694,46.108310599999996],[12.6986414,46.10988329999999],[12.697039299999998,46.11185909999998],[12.6969939,46.1119151],[12.696691399999999,46.1122857],[12.6958067,46.113369399999996],[12.695047,46.11427269999998],[12.694607300000001,46.1147954],[12.6933992,46.1167163],[12.6914641,46.11876199999999],[12.6912116,46.1190652],[12.6911314,46.1191615],[12.6909075,46.119430400000006],[12.688811800000002,46.122187399999994],[12.686566800000001,46.125406199999986],[12.6854528,46.12704459999999]]},"properties":{"type":"trail","highway":"track","name":"Via Antonio dell'Agnolo - Pellegrin","shade_pct":39.4,"length_m":3114}},{"type":"Feature","geometry":{"type":"LineString","coordinates":[[12.5943637,46.15795979999999],[12.5945073,46.157960299999985],[12.5947023,46.1579346],[12.5948284,46.157898499999995],[12.5949209,46.157882199999996],[12.5950235,46.157870599999995],[12.595105800000002,46.15787059999999],[12.5951899,46.15785199999999],[12.595242000000002,46.15784259999998],[12.595304200000001,46.15783330000001],[12.595381599999998,46.157817],[12.5954623,46.1578007],[12.5955262,46.157766899999984],[12.5955884,46.15774020000001],[12.5956724,46.1577297],[12.5957447,46.15772850000001],[12.5960017,46.15770309999998],[12.596142,46.1576866],[12.5962062,46.157638899999995],[12.596215699999998,46.157559799999994],[12.5962014,46.15750049999999],[12.596177599999999,46.15741319999999],[12.5962062,46.1573161],[12.5962513,46.15725180000002],[12.5962323,46.1572024],[12.596367800000001,46.15706639999999],[12.5965226,46.15707640000001],[12.5966721,46.157049099999995],[12.596816699999998,46.15700989999999],[12.5969377,46.1568845],[12.5970596,46.15680749999999],[12.5972324,46.156823499999994],[12.597447800000001,46.15682519999999],[12.597601299999997,46.15685760000001],[12.597717899999997,46.156919299999984],[12.597825399999996,46.15693859999998],[12.5978953,46.15695209999999],[12.597938299999997,46.156957799999994],[12.5980159,46.1569836],[12.598100800000001,46.157007699999994]]},"properties":{"type":"trail","highway":"path","name":"","shade_pct":80.9,"length_m":369}},{"type":"Feature","geometry":{"type":"LineString","coordinates":[[12.586160000000001,46.14505989999999],[12.5861223,46.145295100000006],[12.5860995,46.1454131],[12.586017199999999,46.1454896],[12.585971000000002,46.14558379999998],[12.585975700000002,46.14567800000001],[12.5858246,46.145775],[12.5856149,46.14583459999999],[12.585475099999998,46.14592639999999],[12.5854311,46.1459693],[12.5854799,46.1460581],[12.5855099,46.146111200000014]]},"properties":{"type":"trail","highway":"path","name":"","shade_pct":20.3,"length_m":143}},{"type":"Feature","geometry":{"type":"LineString","coordinates":[[12.6552474,46.156356999999986],[12.6552839,46.15633619999998],[12.6554224,46.15630649999999],[12.6555273,46.15629349999999],[12.6555941,46.156284799999995],[12.6557605,46.156260599999996],[12.656037300000001,46.156232300000006],[12.6561988,46.1562334],[12.656374999999999,46.156259299999995],[12.656535000000002,46.15631209999998],[12.656914700000002,46.156354300000004],[12.6570766,46.1563729],[12.657219799999998,46.15641819999999],[12.6574157,46.15650449999999],[12.657599699999999,46.15664109999999],[12.657847600000002,46.156887999999995]]},"properties":{"type":"trail","highway":"track","name":"","shade_pct":64.5,"length_m":230}},{"type":"Feature","geometry":{"type":"LineString","coordinates":[[12.680224,46.09873169999999],[12.6803633,46.098766600000005],[12.680622599999998,46.0988257],[12.680862600000001,46.09885789999999],[12.6811374,46.09887399999999],[12.681435500000003,46.0988901],[12.681772200000001,46.098881999999996],[12.682070200000002,46.09887929999999],[12.6823334,46.0988847],[12.6825811,46.098911499999986],[12.682875300000001,46.0989411],[12.683316599999998,46.099013499999984],[12.6835798,46.0990511],[12.6837772,46.099085999999986],[12.684013000000002,46.0991489],[12.684136800000001,46.099148400000004]]},"properties":{"type":"trail","highway":"track","name":"","shade_pct":43.1,"length_m":308}},{"type":"Feature","geometry":{"type":"LineString","coordinates":[[12.637237099999998,46.11679069999999],[12.637033099999998,46.11663109999999],[12.6368319,46.1164432],[12.6366337,46.116192599999984],[12.6362788,46.115723599999995],[12.6361179,46.11540639999999],[12.6358466,46.115103],[12.6356352,46.114854799999996],[12.635511100000004,46.1145238],[12.6354375,46.1140411],[12.635221399999999,46.1137607],[12.635053200000002,46.11359639999999],[12.634991599999998,46.113553800000005]]},"properties":{"type":"trail","highway":"track","name":"","shade_pct":96.1,"length_m":406}},{"type":"Feature","geometry":{"type":"LineString","coordinates":[[12.643001399999998,46.111995499999985],[12.6420872,46.1103848],[12.641845299999998,46.109975699999985],[12.641528599999997,46.10952269999998],[12.6414362,46.10931159999999],[12.641225100000002,46.10899930000001],[12.6406489,46.10770620000001],[12.640486199999998,46.10731470000001],[12.6402399,46.10685729999999],[12.639755999999998,46.106065599999994],[12.639391,46.105568600000005],[12.6391271,46.1051024],[12.6389687,46.104658099999995],[12.638731200000002,46.104002799999996],[12.638872,46.10361129999999],[12.638858799999998,46.10326819999999],[12.638955499999998,46.10294279999999],[12.6389772,46.102796700000006]]},"properties":{"type":"trail","highway":"track","name":"","shade_pct":42.2,"length_m":1086}},{"type":"Feature","geometry":{"type":"LineString","coordinates":[[12.658226599999999,46.17125629999999],[12.658683199999999,46.171616],[12.658850499999998,46.171753599999995],[12.6592444,46.17198049999998],[12.659484900000002,46.17212530000001],[12.659645200000002,46.1721808],[12.659735799999998,46.172188099999985],[12.659833399999998,46.172173599999994],[12.6599171,46.17214220000002],[12.6600565,46.172067399999996],[12.660150599999998,46.17198049999999],[12.6602169,46.17185249999999],[12.6602169,46.171649800000004],[12.6602099,46.1714543],[12.660237800000004,46.1712901],[12.6602726,46.1712684],[12.660321399999999,46.171265999999974],[12.660361399999998,46.1712775],[12.660389799999999,46.171295799999996],[12.6604007,46.171328599999995],[12.660393799999998,46.17136259999999],[12.660367799999998,46.171411799999994],[12.6603533,46.171559],[12.660384500000001,46.171685],[12.6604528,46.17184119999999],[12.6605445,46.1719153],[12.660631600000002,46.171958799999985],[12.6607153,46.171953900000005],[12.660788499999999,46.1719201],[12.6608512,46.1718791],[12.6608861,46.171811499999976],[12.660872099999999,46.1716257],[12.660777999999999,46.171360099999994],[12.6607257,46.1711646],[12.660708299999998,46.171029499999996],[12.6607292,46.17096909999999],[12.660788499999999,46.170942600000004],[12.660875599999999,46.17095950000001],[12.660917400000002,46.1710077],[12.6609349,46.17111629999999],[12.6609523,46.171227399999985],[12.660980199999997,46.1713891],[12.660997600000002,46.17149289999998],[12.6610534,46.1715508],[12.6611336,46.171579799999996],[12.6612068,46.171572600000005],[12.661234600000002,46.17152430000001],[12.661234599999998,46.171435],[12.661182400000001,46.1711622],[12.661081100000002,46.170987299999986],[12.660920999999998,46.170858100000004],[12.6608056,46.1707366],[12.6607346,46.1705672],[12.660784200000002,46.17032389999999],[12.660774099999998,46.17019009999999],[12.6607342,46.17006069999999],[12.660699300000001,46.1699748],[12.6607543,46.1698743],[12.660797699999998,46.1698304],[12.660871099999998,46.16951980000001],[12.6608626,46.1694066],[12.6607726,46.1693088],[12.6607131,46.16913949999999],[12.6607026,46.168933999999986],[12.6606887,46.1687687],[12.6606246,46.1681201],[12.6605862,46.167751399999986],[12.6605557,46.1675955],[12.660506299999998,46.167447599999996],[12.6603091,46.16707209999999],[12.6602302,46.16675799999999]]},"properties":{"type":"trail","highway":"track","name":"","shade_pct":100.0,"length_m":1144}},{"type":"Feature","geometry":{"type":"LineString","coordinates":[[12.652255800000004,46.16107299999999],[12.6521658,46.16105670000001],[12.652092899999998,46.16104479999999],[12.6520114,46.161022499999994],[12.651962099999997,46.16099729999999],[12.651923499999999,46.160978],[12.651889200000001,46.160975],[12.651839899999999,46.16097500000001],[12.6517648,46.16097349999998],[12.6517284,46.1609809],[12.651694100000002,46.160997300000005],[12.6516598,46.161006199999996],[12.6516298,46.161027],[12.651612599999998,46.1610433],[12.651563299999996,46.16106709999998],[12.6515376,46.161075999999994],[12.651434700000001,46.1610893],[12.651372499999999,46.1610938],[12.651331699999998,46.161084900000006],[12.651284599999999,46.161096799999996],[12.651226699999999,46.161086399999995],[12.6511645,46.161074499999984],[12.6511066,46.16106859999999],[12.6510251,46.1610522],[12.6509244,46.161049299999995],[12.6506951,46.161073499999986],[12.6505662,46.161061699999976],[12.6504975,46.16103349999999],[12.6504526,46.160996299999994],[12.650339,46.16094580000001],[12.6502682,46.160904299999984],[12.650182299999999,46.16085679999999],[12.650140099999998,46.160818699999986],[12.6500919,46.16079179999999],[12.649978,46.160766699999996],[12.6498763,46.16076],[12.649785400000003,46.160748899999994],[12.6496912,46.16073610000001],[12.649582500000001,46.1607315],[12.649495000000002,46.16073149999998],[12.6494857,46.1607315],[12.649440699999998,46.16074479999999],[12.6494235,46.16077750000001],[12.6493849,46.16084129999998],[12.6493699,46.16089629999998],[12.6493463,46.16094979999998],[12.6492799,46.161075999999994],[12.649256300000001,46.161135399999985],[12.649239100000003,46.161248199999996],[12.649219799999997,46.16130759999999],[12.6491963,46.1613567],[12.649138400000004,46.16141459999999],[12.649089099999998,46.16146359999998],[12.6490719,46.16153490000003],[12.649059,46.1615883],[12.649059000000001,46.1616269],[12.649048300000002,46.1616982],[12.6490269,46.161750199999986],[12.649033299999997,46.161794699999994],[12.649065499999999,46.161840799999986],[12.6490891,46.1619091],[12.6491041,46.161943199999996],[12.6490848,46.16196850000001],[12.649044,46.1619967],[12.6490162,46.1620413],[12.649009699999999,46.16206949999999],[12.6490205,46.16210960000001],[12.649024699999998,46.162151099999996],[12.6490233,46.162182699999995]]},"properties":{"type":"trail","highway":"path","name":"","shade_pct":92.1,"length_m":406}},{"type":"Feature","geometry":{"type":"LineString","coordinates":[[12.656437099999998,46.16047559999999],[12.656485599999998,46.16045249999999],[12.6565296,46.160428399999994],[12.6565796,46.16040629999999],[12.6566312,46.16040739999999],[12.656666000000001,46.1604021],[12.6567176,46.1603927],[12.656750899999999,46.16036849999999],[12.656778199999998,46.1603507],[12.6568101,46.1603171],[12.6568449,46.160273999999994],[12.656895,46.16027089999999],[12.656931399999998,46.16025089999999],[12.656984399999997,46.160227799999994],[12.6570815,46.16019099999999],[12.657119400000001,46.1601658],[12.6571573,46.1601553],[12.6572058,46.16013850000001],[12.657240600000002,46.16010699999999],[12.657281600000001,46.1600829],[12.657330099999998,46.1600671],[12.657361899999998,46.160061899999995],[12.657425599999998,46.160061899999995],[12.657468100000003,46.1600556],[12.657525699999999,46.1600461],[12.6575742,46.1600577],[12.6576272,46.160064],[12.657710599999998,46.160058699999986],[12.6577561,46.160047199999994],[12.6577713,46.160019899999995],[12.657801600000003,46.15998419999999],[12.6578835,46.15992959999999],[12.6579517,46.1598771],[12.6580017,46.15986029999999],[12.6580426,46.159854],[12.658107800000002,46.1598351],[12.658206399999997,46.159806700000004],[12.658219999999998,46.15976160000001],[12.658244299999998,46.159713199999985],[12.6582594,46.15966599999999],[12.6582987,46.15957569999999],[12.6582858,46.159541499999996],[12.658253599999998,46.1595148],[12.658223599999998,46.15949839999998],[12.658221499999998,46.15946280000001],[12.658191500000001,46.15941080000001],[12.658150700000002,46.15938109999998],[12.6580907,46.1593574],[12.658052100000003,46.15932320000001],[12.6580264,46.15929650000001],[12.658019900000001,46.159263799999984],[12.658009200000002,46.159247499999985],[12.657983500000004,46.1592549],[12.657981300000001,46.1592311],[12.6579556,46.1591836],[12.6579192,46.15914200000001],[12.6578849,46.159097499999994],[12.657841999999999,46.15904249999998],[12.657824800000002,46.15895339999999],[12.6578313,46.1589178],[12.657854799999999,46.15888059999999],[12.657867700000002,46.15883159999999],[12.657822699999999,46.15873959999998],[12.657794799999998,46.1586935],[12.6577777,46.158634099999986],[12.657766899999999,46.15857919999999],[12.657747599999999,46.15852269999999],[12.657775499999998,46.1584856],[12.657814100000001,46.1584544],[12.657850599999998,46.15843209999999],[12.657857000000003,46.1583876],[12.6578763,46.158341499999985],[12.657887000000002,46.158297000000005],[12.6579063,46.15824500000001],[12.6579299,46.1581975],[12.6579192,46.158164799999994],[12.6578784,46.158111299999995],[12.6578163,46.1580638],[12.6577498,46.1580193],[12.6576919,46.15797169999999],[12.6576211,46.1579183],[12.657559,46.1578693],[12.657511800000002,46.15784399999998],[12.6574839,46.15780389999999],[12.657389600000004,46.157711800000016],[12.657351000000002,46.157673199999984],[12.657299500000004,46.15763310000001],[12.6572416,46.157584099999994],[12.6571945,46.15752179999999],[12.657158,46.157462299999985],[12.657134399999999,46.15740589999999],[12.657100100000001,46.157358400000014],[12.657068,46.15729749999999],[12.656811500000002,46.157222499999996],[12.657044400000002,46.15720689999998],[12.657110900000001,46.15719799999999],[12.657187999999998,46.157199500000004],[12.657233099999996,46.15718170000001],[12.657306,46.15716529999999],[12.657327400000002,46.1571312],[12.657318800000002,46.15709999999997],[12.6572652,46.15705539999998],[12.6571838,46.1570346],[12.657131100000003,46.15701509999999],[12.657050799999999,46.156985599999985],[12.6569951,46.1569708],[12.6569458,46.1569693],[12.65689,46.156973699999995],[12.656845,46.156979699999994],[12.656815,46.1569856],[12.656774200000003,46.1569722],[12.656737799999998,46.15695149999998],[12.6567142,46.156936599999995],[12.656690599999997,46.1569351],[12.656649899999998,46.15690539999999],[12.656639199999999,46.156889099999994],[12.656585599999998,46.156862299999986],[12.6565427,46.15684749999999],[12.6565191,46.15682669999998],[12.656491199999998,46.156804399999984],[12.6564462,46.15675839999998],[12.656424799999998,46.15671830000001],[12.656369,46.156685599999996],[12.656291799999998,46.1566782],[12.6562468,46.156647],[12.6561953,46.1566158],[12.6561653,46.1565802],[12.6561224,46.15653119999999],[12.656068799999998,46.1565252],[12.6560174,46.1564807],[12.6559767,46.15643609999999],[12.6558952,46.1564109],[12.655828699999999,46.15640489999999],[12.655734400000002,46.1563856],[12.655670100000002,46.156387099999975],[12.655585599999998,46.15633379999999],[12.6555273,46.15629349999999],[12.6553643,46.15614570000001],[12.6553127,46.15608690000002],[12.6552491,46.1560281],[12.655191400000001,46.155969199999994],[12.655170200000002,46.155904099999994],[12.655151999999998,46.15586629999999],[12.655112599999999,46.1557802],[12.655103500000001,46.1557046],[12.655057999999999,46.15565840000001],[12.6550095,46.1555576],[12.654967099999999,46.15549669999999],[12.6549307,46.155423100000014],[12.654869999999999,46.155351699999976],[12.6548276,46.15529079999999],[12.6547669,46.1552488],[12.6546699,46.15518789999999],[12.654621399999998,46.1551207],[12.6546214,46.15505979999998],[12.654575900000001,46.155022],[12.6545031,46.154950599999985],[12.654442799999998,46.154910299999976],[12.654421,46.154858699999984],[12.6543869,46.15481569999999],[12.6543403,46.154772599999994],[12.6543341,46.15473179999999],[12.654303,46.15468009999999],[12.654243999999998,46.15464569999999],[12.654216100000001,46.15461779999999],[12.654234700000002,46.154542500000005],[12.6541881,46.154490799999984],[12.654191199999998,46.1544457],[12.6542161,46.154396199999994],[12.654243999999998,46.15437250000001],[12.654422599999997,46.154459599999996],[12.654491299999998,46.154408999999994]]},"properties":{"type":"trail","highway":"path","name":"","shade_pct":86.5,"length_m":1003}},{"type":"Feature","geometry":{"type":"LineString","coordinates":[[12.6490233,46.162182699999995],[12.6491304,46.162194199999995],[12.6492153,46.1622236],[12.6492684,46.16224879999999],[12.649324499999999,46.16227609999999],[12.649376099999998,46.1623013],[12.6494337,46.16231599999998],[12.6494852,46.16233699999998],[12.6495459,46.16234330000001],[12.6496004,46.162357],[12.649641399999998,46.1623664],[12.6496808,46.1623507],[12.6497263,46.16233279999999],[12.649780800000002,46.162314999999985],[12.6498218,46.162315000000014],[12.64984,46.162325499999994],[12.649876399999998,46.16233180000001],[12.649891499999999,46.162306599999994],[12.649920300000002,46.16230869999999],[12.649950600000002,46.16233180000001],[12.6499916,46.162358],[12.6500295,46.16238109999999],[12.650079499999999,46.1624042],[12.6501462,46.162429399999986],[12.6502069,46.16244520000001],[12.650264500000002,46.16244519999999],[12.650315999999998,46.16246089999999],[12.650364500000002,46.1624746],[12.650407,46.16246619999998],[12.650470700000001,46.1624546],[12.650522199999997,46.162456699999986],[12.650598,46.1624746],[12.650682899999998,46.16250399999999],[12.650737499999998,46.1625124],[12.650826899999998,46.162513399999995],[12.650929999999999,46.1625239],[12.651004299999999,46.16253549999998],[12.6511226,46.1625449],[12.651184700000002,46.16254390000001],[12.651243899999999,46.1625397],[12.6512939,46.1625218],[12.6513712,46.16249979999999],[12.651447000000001,46.16249769999999],[12.6515168,46.1625124],[12.651572799999999,46.162554400000005],[12.651607700000001,46.16259009999999],[12.6516684,46.1626037],[12.651732,46.1626069],[12.651791200000002,46.16262789999998],[12.651873,46.1626499],[12.6519503,46.16266669999999],[12.6520004,46.16268670000001],[12.6520413,46.16268350000001],[12.6520989,46.1626657],[12.652185299999996,46.16267199999999],[12.6522627,46.1627056],[12.652339999999999,46.1627192],[12.6524977,46.16275069999999],[12.652526499999999,46.1627381],[12.6525841,46.16277070000001],[12.652602299999998,46.1628053],[12.6525871,46.1628274],[12.6526068,46.1628662],[12.6526417,46.1628977],[12.652711399999998,46.16292189999999],[12.652787200000002,46.162936599999995],[12.652840299999998,46.162950200000004],[12.6529343,46.1629397],[12.652985800000002,46.16294919999999],[12.653032799999998,46.1629408],[12.6530965,46.16292190000001],[12.6531511,46.16287149999999],[12.653193499999999,46.162815799999976],[12.653237500000001,46.1627686],[12.653275400000002,46.16270239999999],[12.653296599999997,46.16266569999998],[12.653326899999998,46.1626079],[12.6533694,46.16257009999999],[12.653367899999997,46.1625386],[12.653372400000002,46.1624956],[12.653427000000002,46.16246300000001],[12.653473999999997,46.1624221],[12.653518,46.16239159999999],[12.653589200000003,46.162324399999996],[12.6536226,46.16228140000001],[12.653654400000002,46.162217299999995],[12.653662000000002,46.1621711],[12.653675599999998,46.1620923],[12.6537363,46.162009399999995],[12.653736299999997,46.16195479999999],[12.653748399999998,46.1618981],[12.6537696,46.16178889999999],[12.6537909,46.16173110000001],[12.653834800000002,46.16166289999999],[12.653889399999999,46.161613499999994],[12.6539743,46.161561000000006],[12.6540031,46.161530599999985],[12.6540668,46.1614875],[12.654147100000001,46.1614171],[12.654204800000002,46.16139719999999],[12.654242699999998,46.16136149999999],[12.6543473,46.16129320000001],[12.6543973,46.161233399999986],[12.654445800000001,46.16117139999999],[12.654488300000002,46.16112520000001],[12.6545398,46.1610958],[12.654620199999998,46.161062199999996],[12.654718700000002,46.16103389999999],[12.6547551,46.16101179999999],[12.6547839,46.160970899999995],[12.654832400000002,46.16093620000001],[12.6548885,46.1609383],[12.654949099999998,46.1609257],[12.6550113,46.160911],[12.6550765,46.160883699999985],[12.6551205,46.16086269999999],[12.6551387,46.1608438],[12.655172,46.16084059999999],[12.655205399999998,46.160832199999994],[12.655266000000001,46.1608249],[12.65531,46.1608228],[12.655353899999996,46.160798599999985],[12.6554358,46.1607325],[12.655458499999998,46.1607115],[12.655479799999998,46.160675800000014],[12.655484299999998,46.160643199999996],[12.655499499999998,46.16056760000002],[12.6554904,46.16053609999998],[12.6554737,46.16049199999998],[12.6554404,46.16044159999998],[12.6554328,46.160390199999995],[12.655413099999999,46.16036289999998],[12.655402399999998,46.160343999999995]]},"properties":{"type":"trail","highway":"path","name":"","shade_pct":100.0,"length_m":725}},{"type":"Feature","geometry":{"type":"LineString","coordinates":[[12.656073299999997,46.16497710000001],[12.656176199999999,46.16502159999999],[12.656232,46.165075099999996],[12.6563349,46.165140400000006],[12.656429199999998,46.165184999999994],[12.656532099999998,46.1652087],[12.6566393,46.165235499999994],[12.656759399999999,46.165262199999994],[12.656849400000002,46.16530079999999],[12.656900899999998,46.16535429999998],[12.656948100000001,46.165425500000005],[12.6569266,46.1654938],[12.6569652,46.1655711],[12.6569652,46.16566309999999],[12.6569867,46.16573439999999],[12.656982399999999,46.16578189999999],[12.6570081,46.1658532],[12.6569952,46.1659126],[12.656922299999998,46.1659245],[12.656879499999999,46.165930399999986],[12.6568537,46.16595710000001],[12.656858,46.165998699999996],[12.656892300000003,46.166031399999994],[12.656913799999998,46.166064],[12.656943799999999,46.1661324],[12.656999499999998,46.166209599999995],[12.657050999999997,46.166280799999996],[12.6570896,46.16631350000001],[12.6571496,46.1663729],[12.6571925,46.1664382],[12.657226799999998,46.16646499999999],[12.657256800000003,46.166500599999985],[12.6573169,46.16655109999999],[12.6573254,46.1665867],[12.6573211,46.16663719999999],[12.6572783,46.16668469999998],[12.657278299999998,46.166738200000005],[12.6572954,46.1667916],[12.657303999999998,46.16686589999999],[12.657304,46.16692529999999],[12.657329699999998,46.166987699999986],[12.6573126,46.16705299999999],[12.6573469,46.16714799999999],[12.6573898,46.167225200000004],[12.657389800000002,46.16729059999999],[12.6573812,46.1673277],[12.657436899999999,46.167345499999996],[12.657475499999999,46.16737369999999],[12.657488400000002,46.16740490000001],[12.6574777,46.16742269999999],[12.6574326,46.167422699999996],[12.657406900000002,46.16742269999999],[12.6574326,46.167456900000005],[12.657451899999998,46.16749699999999],[12.657451899999998,46.16752369999999],[12.6574755,46.167559299999986],[12.6574816,46.16758259999998],[12.6575077,46.167569699999994],[12.657503399999998,46.1675965],[12.6575012,46.16761579999999],[12.657524799999997,46.167638],[12.6575699,46.16765579999999],[12.657593399999998,46.1677078],[12.657578399999998,46.16773749999999],[12.6575784,46.16777609999998],[12.657597700000002,46.167811799999996],[12.657619200000001,46.16785929999998],[12.6576578,46.16789639999998],[12.657644899999998,46.16792609999999],[12.6576385,46.16796019999999],[12.6576084,46.16804929999999],[12.657621299999999,46.1680939],[12.657651300000001,46.16814729999999],[12.657694200000002,46.168187400000015],[12.6576964,46.16822749999998],[12.657700599999998,46.16826909999999],[12.657737099999999,46.168289899999984],[12.657790699999998,46.168276500000005],[12.657867900000001,46.168297299999985],[12.6578936,46.1683225],[12.6579493,46.16835670000002],[12.658026500000002,46.1683641],[12.658086599999999,46.1683701],[12.658099400000001,46.16839229999999],[12.6581638,46.16840719999999],[12.6582333,46.16843689999999],[12.6582838,46.168463599999974],[12.6583224,46.168476999999996],[12.6583524,46.1685096],[12.6583589,46.1685616],[12.658373899999997,46.168592799999985],[12.6584168,46.16864030000001],[12.658440299999999,46.16867889999999],[12.6584789,46.168729400000004],[12.658513199999998,46.168767999999986],[12.658506800000001,46.16879029999998],[12.6584961,46.1688036],[12.658511099999998,46.168825899999995],[12.658534699999999,46.16885859999999],[12.658549700000002,46.168895699999986],[12.658566799999997,46.168943199999994],[12.6585883,46.168990699999995],[12.6585625,46.16902779999998],[12.658538999999998,46.1690739],[12.6585325,46.16910060000001],[12.658511099999998,46.169139200000004],[12.658485400000004,46.16917629999999],[12.6584296,46.16920449999998],[12.658331000000002,46.169261],[12.658286000000002,46.16926839999998],[12.658174499999996,46.169259499999995],[12.658131599999999,46.16924609999999],[12.658080099999998,46.16923280000001],[12.658050100000004,46.169212],[12.658017999999998,46.16921939999999],[12.657975099999998,46.169198599999994],[12.657925800000001,46.169183799999985],[12.6578957,46.169158499999995],[12.6578421,46.169128799999996],[12.6578121,46.1691051],[12.657773499999998,46.16908279999999],[12.6577671,46.1690531],[12.6577521,46.16903229999999],[12.6577371,46.1690486],[12.657722099999999,46.169079800000006],[12.6577199,46.16911840000001],[12.657730699999998,46.169149600000004],[12.6577521,46.16917929999999],[12.6577714,46.169209],[12.657807799999999,46.169256499999996],[12.657835700000001,46.16930249999999],[12.6578807,46.1693382],[12.6578807,46.16937679999999],[12.6579236,46.169421299999996],[12.657979400000002,46.169471800000004],[12.657992200000002,46.169506],[12.658047999999999,46.169569800000005],[12.658093,46.169614299999985],[12.6581359,46.16966190000001],[12.658146599999998,46.16969899999999],[12.658187300000002,46.16974499999999],[12.658243099999998,46.1697762],[12.658275199999999,46.16981929999999],[12.658315999999997,46.16983859999999],[12.658361000000001,46.169865300000005],[12.658429599999998,46.169887599999996],[12.658435999999998,46.1699172],[12.658455299999998,46.16993799999998],[12.658483199999997,46.1699588],[12.658468200000002,46.16998409999999],[12.6584382,46.169982599999976],[12.6583996,46.169976599999984],[12.658376,46.16997659999998],[12.6583524,46.169987000000006],[12.658333099999998,46.16999739999999],[12.6583374,46.1700123],[12.6583696,46.17004199999998],[12.658406,46.17006869999999],[12.658425299999998,46.17008799999999],[12.6584189,46.17012069999999],[12.658421,46.1701622],[12.658444599999997,46.170209799999995],[12.658453200000002,46.17024390000001],[12.6584532,46.17027359999998],[12.6584875,46.17029590000001],[12.6585089,46.1703137],[12.658559400000001,46.17030679999998],[12.6586065,46.1703276],[12.6586966,46.17033349999999],[12.6587652,46.1703187],[12.658851,46.170303799999985],[12.658936699999998,46.1702741],[12.6589839,46.1702474],[12.6590525,46.17021470000001],[12.659104000000001,46.17021169999998],[12.659125400000002,46.17024739999999],[12.659172600000002,46.17027999999998],[12.659185399999997,46.17032159999999],[12.6591983,46.17037510000001],[12.659211200000001,46.1704285],[12.6591983,46.1704909],[12.6591511,46.170535399999984],[12.659104000000001,46.17058289999999],[12.659091100000001,46.1706186],[12.659052499999998,46.17065420000001],[12.6590611,46.17069579999999],[12.659112500000003,46.170722500000004],[12.659134,46.17076409999999],[12.659232600000001,46.170835399999994],[12.6593141,46.170868000000006],[12.6593741,46.17091259999999],[12.659386999999999,46.17095709999999],[12.6593784,46.170995699999985],[12.6593527,46.1710521],[12.659365499999998,46.17109670000001],[12.659382699999998,46.17112929999997],[12.6593527,46.1711561],[12.659301200000002,46.17115609999999],[12.6592497,46.171197599999985],[12.659185400000002,46.17126890000002],[12.6591597,46.1713135],[12.659129699999998,46.17135499999999],[12.659078199999998,46.17139359999998],[12.6590611,46.1714441],[12.6590096,46.1714857],[12.659056800000002,46.1715094],[12.659108200000002,46.17150049999999],[12.6591939,46.171497600000016],[12.6592369,46.17153019999998],[12.659296900000001,46.1715599],[12.659408399999998,46.17161930000001],[12.659524199999998,46.171648999999995],[12.659592799999999,46.17166389999999],[12.659669999999998,46.17165199999999],[12.659760000000002,46.17164899999998],[12.6598115,46.171637099999984],[12.659888700000002,46.171622299999996],[12.659923,46.171580699999986],[12.659987300000001,46.1715332],[12.6600645,46.1714887],[12.6601331,46.1714411],[12.6601577,46.17138679999999],[12.660237800000004,46.1712901],[12.6602549,46.171178399999995],[12.6602605,46.1710826],[12.660259599999998,46.171014899999996],[12.6602577,46.1709312],[12.6602547,46.1708262],[12.660278999999997,46.17074639999999],[12.660288100000002,46.1706414],[12.6603335,46.1705637],[12.660379000000004,46.1704692],[12.660445700000002,46.17040829999999],[12.660462499999998,46.1703509],[12.6604914,46.1702762],[12.6604791,46.17021090000001],[12.660517399999998,46.170033000000004],[12.6604798,46.169973899999995],[12.660510400000001,46.1698867],[12.6605442,46.16975639999998],[12.660579500000003,46.16961049999998],[12.6605634,46.169493599999996],[12.6605844,46.1693454],[12.660501799999999,46.1692527],[12.660500200000003,46.169161299999985],[12.6604766,46.1690318],[12.6604723,46.16889819999998],[12.660470599999998,46.16877620000002],[12.6604584,46.168688],[12.6604244,46.1684862],[12.6604615,46.168375099999984],[12.660415999999998,46.168270099999994],[12.6603948,46.1681756],[12.6604251,46.168037000000005],[12.660446300000002,46.1679614],[12.660443300000003,46.1678522],[12.6604463,46.167766100000016],[12.660418999999997,46.1676737],[12.6603948,46.16752459999999],[12.6603462,46.16742169999999],[12.6602977,46.167289399999994],[12.660261300000002,46.1671487],[12.660237099999998,46.167016399999994],[12.660215900000004,46.1669156],[12.6602302,46.16675799999999]]},"properties":{"type":"trail","highway":"path","name":"","shade_pct":100.0,"length_m":1695}},{"type":"Feature","geometry":{"type":"LineString","coordinates":[[12.660231700000002,46.166580399999994],[12.6601889,46.166536199999996],[12.6601757,46.16649819999999],[12.660186700000002,46.166460199999996],[12.660184499999998,46.16643129999999],[12.660160400000002,46.16639169999999],[12.660167,46.1663583],[12.660147200000003,46.16631260000002],[12.660092300000002,46.166241199999995],[12.660052800000003,46.16618950000001],[12.659991300000003,46.166137799999994],[12.659920999999997,46.16607689999999],[12.659848599999998,46.16594919999998],[12.659762900000002,46.1658792],[12.6597058,46.16578340000001],[12.659657499999998,46.1657165],[12.659611400000001,46.1656374],[12.659561599999998,46.16558539999999],[12.659494999999998,46.165529499999984],[12.659396200000002,46.16545799999999],[12.6592557,46.16534539999998],[12.6591218,46.1652481],[12.658961500000002,46.165102099999984],[12.658820900000002,46.164995699999984],[12.658735300000002,46.16488919999998],[12.6587133,46.16482530000001],[12.6586738,46.164758400000004],[12.658623299999999,46.16469610000001],[12.6585443,46.164647400000014],[12.6585509,46.16458349999999],[12.658485000000002,46.164557699999996],[12.658394999999999,46.16453789999999],[12.658300499999996,46.164454299999996],[12.658247800000002,46.164401],[12.658149000000002,46.164337199999984],[12.658008800000001,46.164317]]},"properties":{"type":"trail","highway":"path","name":"","shade_pct":100.0,"length_m":318}},{"type":"Feature","geometry":{"type":"LineString","coordinates":[[12.653101099999997,46.164061299999986],[12.653217399999999,46.16410099999999],[12.653333200000002,46.16416039999998],[12.653426700000002,46.1642061],[12.653599100000001,46.16429399999999],[12.653702,46.1643564],[12.6537835,46.16439200000001],[12.653954999999998,46.16446630000001],[12.654100800000002,46.16453749999999],[12.6542037,46.164591],[12.654276600000001,46.164653399999985],[12.6543409,46.16469490000001],[12.654409500000002,46.1647217],[12.6544953,46.16473359999998],[12.654602499999998,46.1647039],[12.6546711,46.164674199999986],[12.6547354,46.164620699999986],[12.6547697,46.16456429999999],[12.654859799999997,46.164540499999994],[12.654932700000003,46.164534599999996],[12.655027,46.1645524],[12.655086999999998,46.16457020000001],[12.65519,46.1645851],[12.655267099999996,46.1645999],[12.65534,46.16461769999999],[12.655387200000002,46.164644499999994],[12.6553357,46.164668199999994],[12.6552371,46.16467709999999],[12.6551771,46.16469789999999],[12.655117099999998,46.16473649999999],[12.655095600000001,46.164787],[12.6551299,46.1648108],[12.6552028,46.16481370000001],[12.655297199999998,46.164816699999996],[12.6554086,46.164813699999996],[12.655498700000003,46.16482269999999],[12.655571600000004,46.164837499999976],[12.6556616,46.16484940000001],[12.6557303,46.164873099999994],[12.6557946,46.164885000000005],[12.6558503,46.16490580000001],[12.6559404,46.164926599999994],[12.656073299999997,46.16497710000001]]},"properties":{"type":"trail","highway":"path","name":"","shade_pct":54.3,"length_m":323}},{"type":"Feature","geometry":{"type":"LineString","coordinates":[[12.648284899999998,46.16246219999999],[12.648333300000001,46.162491100000004],[12.6483539,46.162524700000006],[12.6483128,46.162544499999996],[12.648239400000001,46.162515699999986],[12.648162900000003,46.162454099999984],[12.648053999999998,46.16244289999999],[12.6479889,46.16244059999998],[12.647922700000002,46.1624469],[12.647820999999999,46.16242410000001],[12.647773200000001,46.16243070000003],[12.6477468,46.1624746],[12.647776199999997,46.1625147],[12.647797500000001,46.1625609],[12.6478677,46.1626128],[12.6478832,46.1626507],[12.6478421,46.162688800000005],[12.647752500000001,46.1627195],[12.6476876,46.1627807],[12.6476306,46.16278549999999]]},"properties":{"type":"trail","highway":"path","name":"","shade_pct":100.0,"length_m":113}},{"type":"Feature","geometry":{"type":"LineString","coordinates":[[12.6504582,46.1632266],[12.650392199999999,46.1632111],[12.6503198,46.16318350000001],[12.650225099999998,46.163155799999984],[12.650139899999997,46.1631326],[12.6500556,46.16311610000001],[12.6499678,46.163079100000004],[12.649886000000002,46.16305400000001],[12.649792500000002,46.1630206],[12.649643000000001,46.16294209999999],[12.649572000000001,46.16290669999999],[12.649446399999997,46.16282679999999],[12.6492988,46.162753800000004],[12.6491944,46.16270149999998],[12.649064699999998,46.16265639999998],[12.648964,46.16261899999999],[12.648919199999998,46.162607799999996],[12.648857999999999,46.1625891],[12.648796899999999,46.16256909999999],[12.6487461,46.16254479999999],[12.6486864,46.16252589999999],[12.6485889,46.162501199999994],[12.648487599999997,46.1624659],[12.648403499999999,46.1624295],[12.648179799999998,46.16235739999999],[12.6481952,46.16238959999999],[12.648284899999998,46.16246219999999]]},"properties":{"type":"trail","highway":"path","name":"","shade_pct":100.0,"length_m":217}},{"type":"Feature","geometry":{"type":"LineString","coordinates":[[12.658022999999998,46.1634925],[12.6580518,46.16357260000001],[12.6580607,46.16361169999999],[12.6580577,46.163654799999996],[12.6580479,46.163706600000005],[12.6579843,46.16372570000001],[12.657908600000003,46.1637408],[12.657831799999999,46.1637272],[12.6577423,46.1637339],[12.657667799999999,46.16373939999998],[12.6576035,46.16374969999998],[12.6575366,46.16373819999999],[12.657472900000002,46.16374119999999],[12.657462999999998,46.163762000000006],[12.657492899999998,46.163798199999995],[12.6575452,46.16385],[12.657592500000002,46.1638881],[12.657635899999999,46.16391899999999],[12.657671199999996,46.16396279999997],[12.6577102,46.16399339999999],[12.657734599999998,46.1640038],[12.657779100000004,46.164057199999995],[12.6578146,46.16409420000001],[12.657856099999998,46.164114699999985],[12.657871000000002,46.164139299999995],[12.6579125,46.1641722],[12.657930600000002,46.164199599999996],[12.6579569,46.16422969999998],[12.657982,46.1642687],[12.658008800000001,46.164317]]},"properties":{"type":"trail","highway":"path","name":"","shade_pct":88.6,"length_m":148}},{"type":"Feature","geometry":{"type":"LineString","coordinates":[[12.653101099999997,46.164061299999986],[12.652996099999998,46.1640335],[12.6529082,46.1639999],[12.652833399999999,46.163966400000014],[12.652771799999998,46.16395729999999],[12.6526707,46.163935999999985],[12.652569600000001,46.1639025],[12.6524709,46.163891099999994],[12.6523893,46.16387499999998],[12.652300600000002,46.1638528],[12.652224700000001,46.1638409],[12.6521637,46.1638414],[12.652087899999996,46.1638268],[12.6520174,46.16381059999999],[12.6519574,46.1637703],[12.6519038,46.1637181],[12.6518248,46.163662499999994],[12.651762,46.163628499999994],[12.6517243,46.16360800000001],[12.651672500000002,46.163576599999985],[12.6516322,46.163549800000006],[12.6515669,46.163521100000004],[12.6515039,46.16348529999999],[12.6513339,46.163418199999995],[12.651206300000002,46.16335749999999],[12.651113999999998,46.1633421],[12.650967100000003,46.163314899999996],[12.6508866,46.16331430000001],[12.650788,46.1633223],[12.6506794,46.163304],[12.650594700000001,46.16328089999998],[12.6504582,46.1632266]]},"properties":{"type":"trail","highway":"path","name":"","shade_pct":100.0,"length_m":231}},{"type":"Feature","geometry":{"type":"LineString","coordinates":[[12.658008800000001,46.164317],[12.6579444,46.16430679999999],[12.657886000000001,46.16429289999999],[12.6578051,46.164269599999976],[12.6576748,46.16423389999999],[12.657580399999999,46.16421119999998],[12.6574796,46.1641701],[12.6573937,46.16414549999998],[12.6572751,46.16412909999999],[12.6571506,46.16410439999999],[12.657043900000001,46.16408179999999],[12.656933200000001,46.164079199999996],[12.656845199999998,46.1640522],[12.656708900000002,46.1640305],[12.6566259,46.1640428],[12.6565221,46.1640675],[12.656433199999999,46.16408179999997],[12.656308700000002,46.16407159999999],[12.6561901,46.16405309999999],[12.6561012,46.164038199999986],[12.656034400000001,46.16402079999999],[12.655978199999998,46.1640282],[12.6559162,46.164036499999995],[12.6558432,46.1640305],[12.655764100000003,46.1640227],[12.6557078,46.1640098],[12.6556179,46.163999699999984],[12.6555468,46.1639915],[12.655469699999998,46.164007899999994],[12.655343800000002,46.16401829999998],[12.655234599999998,46.16401630000001],[12.6551288,46.16403259999999],[12.655014500000002,46.16405869999999],[12.654896599999999,46.164084399999986],[12.6547877,46.1641179],[12.6547035,46.164120000000004],[12.654584600000002,46.16411409999999],[12.6545022,46.16411659999999],[12.654405900000002,46.16411660000001],[12.6542987,46.16411259999999],[12.654189,46.1641126],[12.6541446,46.16412089999999],[12.654064499999999,46.1641167],[12.6539845,46.16412909999999],[12.6538837,46.16412700000001],[12.653791799999999,46.16412289999999],[12.653688,46.16412909999999],[12.6536139,46.16412700000002],[12.653551700000001,46.1641044],[12.653444999999998,46.16408179999999],[12.653361900000002,46.16406749999999],[12.6532819,46.164059299999984],[12.6532048,46.164061299999986],[12.653101099999997,46.164061299999986]]},"properties":{"type":"trail","highway":"path","name":"","shade_pct":87.0,"length_m":391}},{"type":"Feature","geometry":{"type":"LineString","coordinates":[[12.6590489,46.15871189999999],[12.6590395,46.15880740000001],[12.6590494,46.1589055],[12.659057099999998,46.1591123],[12.6590527,46.159197499999976],[12.659062599999999,46.159374699999994],[12.658998899999998,46.15952529999998],[12.658985699999999,46.1596561],[12.658943999999998,46.15973970000001],[12.658900099999999,46.15982489999998],[12.6588035,46.15988269999999],[12.658708999999998,46.15992529999999],[12.658634400000002,46.1599587],[12.658366500000001,46.16014579999999],[12.658175500000002,46.16026440000001],[12.658141099999998,46.16029529999999],[12.6580657,46.16036329999999],[12.658026099999999,46.16042869999999],[12.6579229,46.16057319999999],[12.657857100000001,46.16061879999999],[12.657789,46.1606979],[12.6577363,46.16074499999998],[12.657711500000001,46.16079289999999],[12.657683600000004,46.1608469],[12.657644100000002,46.1609154],[12.657536500000003,46.16115109999998],[12.6574662,46.16127129999999],[12.657420099999998,46.16138839999999],[12.6573784,46.16154809999998],[12.657356399999998,46.161622599999994],[12.657330099999998,46.1616682],[12.6573345,46.16170769999999],[12.657297099999997,46.1619344],[12.6572774,46.1620165],[12.657259800000004,46.162075800000004],[12.657244399999998,46.162132099999994],[12.6572862,46.1622081],[12.657365199999997,46.1622492],[12.6574225,46.1622707]]},"properties":{"type":"trail","highway":"path","name":"","shade_pct":64.3,"length_m":445}},{"type":"Feature","geometry":{"type":"LineString","coordinates":[[12.657847600000002,46.156887999999995],[12.657938199999998,46.157039099999984],[12.6579855,46.157116899999984],[12.6582593,46.15747489999999],[12.658451300000001,46.1577035],[12.6585475,46.1578163],[12.658681000000001,46.15793889999999],[12.658752399999997,46.158009799999995],[12.658807399999999,46.158143999999986],[12.6588553,46.15822030000001]]},"properties":{"type":"trail","highway":"track","name":"","shade_pct":78.8,"length_m":168}},{"type":"Feature","geometry":{"type":"LineString","coordinates":[[12.6975235,46.09549540000001],[12.697351899999997,46.09548799999999],[12.6972231,46.0947068],[12.697130400000002,46.09438179999999]]},"properties":{"type":"trail","highway":"track","name":"","shade_pct":22.6,"length_m":138}},{"type":"Feature","geometry":{"type":"LineString","coordinates":[[12.660172999999999,46.098711899999984],[12.660224699999999,46.09817569999998],[12.660187200000001,46.098010099999996],[12.660264399999999,46.0978278],[12.6607344,46.0975562],[12.6609811,46.09746700000001],[12.6625153,46.09707269999999],[12.662923,46.09687919999998],[12.6632234,46.09674529999999],[12.663341900000002,46.09672890000001]]},"properties":{"type":"trail","highway":"path","name":"","shade_pct":41.6,"length_m":370}},{"type":"Feature","geometry":{"type":"LineString","coordinates":[[12.682134199999998,46.1197271],[12.681863,46.119747499999995],[12.678508699999998,46.1189056],[12.6720804,46.11742829999999],[12.667781999999999,46.11683980000001],[12.6670815,46.11674390000001],[12.6614299,46.1159071]]},"properties":{"type":"trail","highway":"track","name":"","shade_pct":99.4,"length_m":1661}},{"type":"Feature","geometry":{"type":"LineString","coordinates":[[12.66139,46.11363380000001],[12.661517600000003,46.11406999999999],[12.661549699999998,46.11510379999999],[12.6614299,46.1159071],[12.6612923,46.1168292],[12.660938199999999,46.1195957],[12.660669999999998,46.12192340000001],[12.660498299999999,46.12341069999999],[12.660294500000001,46.1241097],[12.660273000000002,46.124429400000004],[12.660289399999996,46.12587579999999],[12.660294500000001,46.12632560000001],[12.6601551,46.127591099999975],[12.6599426,46.12951919999998],[12.659886799999997,46.129701399999995],[12.6598031,46.1298612],[12.6595864,46.13002850000002],[12.6594254,46.1302664],[12.659286,46.13071999999999],[12.6592559,46.1309245],[12.660171099999998,46.132169099999984],[12.660243300000001,46.13224379999998],[12.660337600000002,46.1323217],[12.660379199999998,46.13237439999999],[12.6604645,46.132472699999994],[12.6606168,46.1327258],[12.660776699999998,46.13296179999998],[12.6612708,46.133478400000016],[12.6614103,46.1335156],[12.661667799999998,46.13348579999999],[12.6618609,46.1334784],[12.6620433,46.1334858],[12.662225699999999,46.133523],[12.6624188,46.13361219999998],[12.662601200000001,46.133723799999984],[12.662762099999998,46.1339542],[12.6628587,46.1340137],[12.6630491,46.133983000000015],[12.6631283,46.133972799999995],[12.6632656,46.1339928]]},"properties":{"type":"trail","highway":"track","name":"","shade_pct":56.1,"length_m":2449}},{"type":"Feature","geometry":{"type":"LineString","coordinates":[[12.660289399999996,46.12587579999999],[12.659715100000001,46.125983500000004],[12.6593932,46.1260505],[12.659071400000002,46.12608759999999],[12.65861,46.126162],[12.658341799999999,46.1262141],[12.658116500000002,46.1263182],[12.657839699999998,46.126418500000014],[12.6576982,46.1264592],[12.6573264,46.126503199999995],[12.6567907,46.1266304],[12.656210400000003,46.12689850000002],[12.6556945,46.127067000000004],[12.655282799999998,46.127187299999996],[12.654766899999998,46.12735229999999],[12.654505100000002,46.12744750000001],[12.6544247,46.12748640000001],[12.6542907,46.1274864],[12.6536558,46.127249199999994],[12.653065499999999,46.1269879],[12.6526619,46.12687970000002],[12.652360299999998,46.126741200000005],[12.652026999999999,46.126592899999984],[12.651813100000002,46.126512600000005],[12.651672800000002,46.126468900000006],[12.651564100000002,46.12647129999999],[12.651423800000002,46.12649319999999],[12.6513975,46.126499300000006],[12.651334299999998,46.126506]]},"properties":{"type":"trail","highway":"track","name":"","shade_pct":32.9,"length_m":761}},{"type":"Feature","geometry":{"type":"LineString","coordinates":[[12.6587592,46.102742199999994],[12.658985599999998,46.102674499999985],[12.662783599999997,46.102414199999984],[12.663051799999998,46.10239189999999],[12.6631822,46.102337500000004],[12.663166500000003,46.10198839999999],[12.6631541,46.101800099999984],[12.6631669,46.101697999999985],[12.6649722,46.1013727]]},"properties":{"type":"trail","highway":"track","name":"","shade_pct":64.2,"length_m":562}},{"type":"Feature","geometry":{"type":"LineString","coordinates":[[12.656910900000002,46.0990891],[12.655737300000002,46.096806599999994],[12.655615500000001,46.09648200000001],[12.654629900000002,46.094104900000005],[12.6544328,46.09348459999999],[12.6542763,46.0931193],[12.653939100000002,46.09219409999999],[12.6539213,46.09204],[12.653945,46.09166069999999],[12.6538739,46.09142949999999],[12.6537968,46.091239799999975],[12.6535004,46.08863779999999],[12.653453,46.08853700000002],[12.653322599999997,46.08851920000001],[12.652327300000001,46.08872889999999]]},"properties":{"type":"trail","highway":"track","name":"","shade_pct":56.3,"length_m":1301}},{"type":"Feature","geometry":{"type":"LineString","coordinates":[[12.676179,46.14236450000001],[12.675902900000002,46.142602799999985],[12.6756454,46.14300420000001],[12.6753519,46.143314100000005],[12.675194799999998,46.14348],[12.6747588,46.1438581],[12.674574699999999,46.143923699999995],[12.674279799999997,46.1439184]]},"properties":{"type":"trail","highway":"track","name":"","shade_pct":49.3,"length_m":239}},{"type":"Feature","geometry":{"type":"LineString","coordinates":[[12.648772500000002,46.1298312],[12.648870499999997,46.12984129999999],[12.649049899999998,46.1299104],[12.649154499999998,46.13000699999999],[12.649264,46.130117500000004],[12.649403499999998,46.130272799999986],[12.6495181,46.130421299999995],[12.649647600000002,46.13059039999998],[12.6497422,46.1307354],[12.649871700000002,46.130835499999975],[12.650036099999998,46.13095630000002],[12.650220400000002,46.131101300000005],[12.650280199999997,46.1311876],[12.6503698,46.13136359999999],[12.650384800000001,46.1314948],[12.6503898,46.13157759999999],[12.6504097,46.13168470000001],[12.650429599999999,46.1318124],[12.6504695,46.13191939999999],[12.6505492,46.1320506],[12.6506139,46.1321472],[12.6506836,46.1322404],[12.6507932,46.13235780000001],[12.650858999999999,46.13249619999999],[12.650998399999999,46.13268949999998],[12.6512176,46.13288279999999],[12.6514169,46.13308989999999],[12.651646,46.1333729],[12.651875100000002,46.133690499999986],[12.651924899999997,46.13389759999999],[12.651964800000002,46.1340564],[12.6519747,46.1342359],[12.651905,46.13442229999999],[12.6518751,46.13449819999999],[12.6518253,46.13462940000001],[12.6516858,46.13499529999999],[12.6514268,46.13517470000001],[12.6513381,46.13522960000001],[12.651147899999998,46.135347299999985],[12.6508789,46.135499200000005],[12.650560099999998,46.13555439999999],[12.650188600000002,46.13567940000001],[12.6500813,46.1358727],[12.649920399999997,46.1361775],[12.6499311,46.13644519999999],[12.6500062,46.136928399999995],[12.650188600000002,46.137486],[12.650435299999998,46.137932],[12.650649900000001,46.13805099999997],[12.650886,46.1381668]]},"properties":{"type":"trail","highway":"track","name":"","shade_pct":74.4,"length_m":1097}},{"type":"Feature","geometry":{"type":"LineString","coordinates":[[12.68985,46.1226059],[12.689713800000002,46.1227786],[12.689659499999998,46.12287359999999],[12.689573199999998,46.1230003],[12.6894879,46.1231209],[12.689396399999998,46.1232243],[12.6892518,46.123425799999985],[12.689014700000001,46.12372719999999],[12.6889172,46.12388849999998],[12.6886349,46.1242828],[12.688421,46.1245931],[12.688295,46.124810599999996],[12.688093800000003,46.12514889999997],[12.6880529,46.12520859999999],[12.687983099999999,46.1253331],[12.6879161,46.12549489999998],[12.687756100000001,46.1257353],[12.6875198,46.126046799999976],[12.6872375,46.126400199999985],[12.687053099999998,46.12662859999999],[12.686862,46.1268779],[12.6867118,46.127089799999986],[12.6865401,46.127322199999995],[12.686355699999998,46.1275711],[12.6861465,46.12788340000001],[12.685995600000002,46.12815869999999],[12.6859239,46.128292399999985],[12.685794500000002,46.12847099999999],[12.6856127,46.12871990000001],[12.685414299999998,46.12903779999998],[12.685187,46.12938210000001],[12.6849676,46.129724799999984],[12.684963599999996,46.12973109999999],[12.684796699999998,46.129971100000006],[12.6846599,46.13013840000001],[12.684624999999999,46.130222100000005],[12.6846659,46.130326000000004],[12.6847839,46.1304282],[12.6850253,46.1305676],[12.685386700000002,46.130749999999985],[12.685652000000001,46.13085349999999]]},"properties":{"type":"trail","highway":"track","name":"","shade_pct":52.7,"length_m":1048}},{"type":"Feature","geometry":{"type":"LineString","coordinates":[[12.691526199999998,46.1207449],[12.6924221,46.1195067],[12.6927635,46.119051],[12.6933,46.11837059999999],[12.693752400000003,46.11780000000001],[12.6939437,46.1175451],[12.6947127,46.11646869999999],[12.6950453,46.115988999999985],[12.6954243,46.115351100000005],[12.695789000000001,46.11480819999999],[12.695984,46.1145127],[12.6962021,46.11428750000001],[12.6963523,46.11409789999999],[12.696454199999998,46.11391569999999],[12.696529299999998,46.11380409999998]]},"properties":{"type":"trail","highway":"track","name":"","shade_pct":21.4,"length_m":864}},{"type":"Feature","geometry":{"type":"LineString","coordinates":[[12.6526336,46.164870399999984],[12.6527305,46.16494210000001],[12.652874099999998,46.1651133],[12.653024399999998,46.165222],[12.6532014,46.165323799999996],[12.653378400000001,46.16543709999999],[12.6535688,46.1655782],[12.6537759,46.16572159999999],[12.654023,46.16596220000001],[12.654286899999999,46.166175],[12.654448699999998,46.16632019999998],[12.6544906,46.16635779999999],[12.6546843,46.16650579999999],[12.654911400000001,46.16676259999999],[12.6550884,46.167026299999996],[12.655165299999998,46.1672159],[12.655145199999998,46.167465699999994],[12.655168599999998,46.1675883],[12.655288799999997,46.16773169999999],[12.655435800000001,46.167859000000014],[12.655556,46.16800239999999],[12.655679599999997,46.168069499999994],[12.6557965,46.16814580000001],[12.6558232,46.16824289999999],[12.6557765,46.1683725],[12.655786500000001,46.16851359999999],[12.6559101,46.1687911],[12.6560604,46.1690733],[12.656190600000002,46.16934859999999],[12.656223999999998,46.16948269999998],[12.656210700000003,46.16964689999998],[12.6562708,46.16977409999999],[12.656421099999998,46.170026299999996],[12.6566048,46.170118800000004],[12.656755099999998,46.1702067],[12.6568419,46.17034779999999],[12.6569889,46.17043329999999],[12.657196000000003,46.17049809999999],[12.6573963,46.17059289999998],[12.6575333,46.17070859999999],[12.6576268,46.17091679999998],[12.6577237,46.17107169999999],[12.657853900000001,46.1712383],[12.657887299999999,46.17141629999999],[12.6580243,46.17158980000001],[12.6582547,46.171779499999985],[12.658491799999998,46.17189969999999],[12.658739,46.17194369999999],[12.6590062,46.171999199999995],[12.659239999999999,46.17210789999999],[12.6593936,46.172167999999985],[12.659484900000002,46.17212530000001]]},"properties":{"type":"trail","highway":"track","name":"","shade_pct":68.9,"length_m":1028}},{"type":"Feature","geometry":{"type":"LineString","coordinates":[[12.655585599999998,46.15633379999999],[12.6555989,46.15659620000001],[12.6555708,46.156746599999984],[12.6555989,46.15683279999998],[12.6557235,46.15692469999999],[12.656020899999998,46.157283799999995],[12.6563021,46.1575343],[12.656619599999999,46.157882199999996],[12.656824500000003,46.158060299999995],[12.656989299999998,46.15823569999999],[12.6571805,46.15854599999999],[12.6572254,46.1585757]]},"properties":{"type":"trail","highway":"path","name":"","shade_pct":39.5,"length_m":288}},{"type":"Feature","geometry":{"type":"LineString","coordinates":[[12.656074799999999,46.1600732],[12.6559659,46.1601387],[12.655772700000002,46.160215400000006],[12.655536799999998,46.1602607],[12.655402399999998,46.160343999999995],[12.655261199999998,46.160427999999996],[12.6551078,46.16052639999999],[12.6550027,46.16061690000001],[12.6548577,46.16063269999999],[12.6547015,46.1605638],[12.654621899999999,46.1605638],[12.6544798,46.160599199999986],[12.6543378,46.16057360000001],[12.654244000000002,46.1605284],[12.654099100000002,46.16052049999999],[12.6539428,46.160526399999995],[12.653792199999998,46.1605756],[12.653635900000001,46.16066019999998],[12.653590000000001,46.16067999999999],[12.653485399999997,46.1607252],[12.6533376,46.16075860000001],[12.653218299999997,46.16083539999999],[12.6530705,46.16085509999999],[12.652885800000002,46.160868799999996],[12.6526926,46.16091799999999],[12.6525449,46.1609771],[12.652412699999998,46.16105869999999],[12.6523467,46.161058200000014],[12.6522991,46.161057799999995],[12.652255800000004,46.16107299999999]]},"properties":{"type":"trail","highway":"path","name":"","shade_pct":87.7,"length_m":339}},{"type":"Feature","geometry":{"type":"LineString","coordinates":[[12.626411000000001,46.17037409999999],[12.6263945,46.170443599999984],[12.626402699999998,46.1705113],[12.6264041,46.1705598],[12.626430200000001,46.1706713],[12.626465999999999,46.17074270000001],[12.626456400000002,46.17080079999998],[12.6264385,46.17086750000001],[12.6264949,46.1709923],[12.6264784,46.17106849999999],[12.626526499999999,46.171126599999994],[12.626643399999999,46.171194199999995],[12.626741099999998,46.171231299999995],[12.6268491,46.1712462],[12.6268929,46.171274499999996],[12.626877299999999,46.17134990000001],[12.626854,46.17143269999999],[12.626876399999999,46.17149129999999],[12.6269328,46.171518899999995],[12.627005700000002,46.171593],[12.6270281,46.171659],[12.626974599999999,46.171755999999995],[12.626966800000002,46.171802499999984],[12.6269542,46.171837499999995],[12.6269571,46.1718819],[12.626991099999998,46.171943899999995],[12.6269493,46.17197419999998],[12.6269007,46.172053],[12.626866600000001,46.17208670000001],[12.626880300000002,46.17213179999998],[12.626955200000003,46.1721783],[12.626992100000002,46.1722281],[12.6270193,46.172307599999996],[12.6271458,46.17234599999998],[12.6271886,46.17238099999999],[12.627137,46.172445],[12.6271642,46.1724921],[12.6272207,46.17253589999999],[12.627334400000004,46.1725446],[12.627399600000002,46.17255409999998],[12.6274638,46.17260529999999],[12.6275358,46.172686099999986],[12.627601899999998,46.17272109999998],[12.627652499999998,46.17281809999999],[12.627775,46.17289489999998],[12.627804200000002,46.17295680000001],[12.6279287,46.17303489999998],[12.627938399999996,46.17309289999999],[12.6278995,46.17312919999999],[12.627909200000001,46.173156199999994],[12.6279637,46.1731831],[12.628012299999998,46.173232899999995],[12.628021999999998,46.1732747],[12.628111499999997,46.173342000000005],[12.6281426,46.173406699999994],[12.628282699999998,46.17351579999998],[12.6283041,46.17358310000001],[12.628352700000002,46.17364510000001],[12.6284208,46.173798599999984],[12.628461600000001,46.17384309999998],[12.6285705,46.1738754],[12.628599700000002,46.17390639999999],[12.628597799999998,46.1739589],[12.6286289,46.173981799999986],[12.6286717,46.1740155],[12.6286872,46.17405989999999],[12.6286464,46.17415559999999],[12.628615300000002,46.1742229],[12.6286172,46.17427549999999],[12.628654199999998,46.174338799999994],[12.628757299999998,46.1744007],[12.628872,46.17440740000001],[12.628953699999999,46.1744074],[12.628977100000002,46.174429],[12.6289712,46.1744896],[12.628980999999998,46.1745165],[12.628967300000003,46.1746041],[12.6290024,46.1746553],[12.629056800000003,46.17475489999999],[12.6291249,46.17483309999999],[12.6291774,46.174855999999984],[12.629239699999998,46.17488019999999],[12.6292591,46.174926000000006],[12.629243500000001,46.17500949999999],[12.6292824,46.1750418],[12.629334999999998,46.17511049999999],[12.6293933,46.17511189999999],[12.6294205,46.175136099999996],[12.629471099999998,46.175184599999994],[12.629484699999999,46.1752762],[12.6295178,46.17533139999999],[12.629566400000002,46.17537049999999],[12.6295878,46.17541219999999],[12.629570299999997,46.17544189999999],[12.629521699999996,46.175487700000005],[12.6295061,46.17556709999999],[12.629525599999997,46.175633099999985],[12.6295236,46.175707199999984],[12.6294925,46.17578259999998],[12.6294322,46.17585669999998],[12.6293972,46.17592809999999],[12.6293933,46.175995399999984],[12.629298,46.1760749],[12.6291638,46.1761328],[12.629072399999998,46.176136799999995],[12.6289868,46.176147599999986],[12.628938200000002,46.17620550000001],[12.628848699999999,46.17628770000001],[12.6287651,46.1763389],[12.628642499999998,46.17639139999999],[12.6285608,46.1764022],[12.628413,46.176425099999996],[12.628305999999998,46.1764668],[12.6281971,46.1764938],[12.628234,46.1765274],[12.628286599999997,46.1765571],[12.628267100000002,46.176598799999994],[12.6280979,46.176636499999994],[12.627909200000001,46.17666349999998],[12.6277906,46.17669849999999],[12.6276797,46.1767389],[12.627621299999998,46.1767928],[12.627621300000001,46.176864099999996],[12.627658299999998,46.17692069999998],[12.6276544,46.17695979999999],[12.627563,46.1770339],[12.627465700000002,46.1771066],[12.6274463,46.177157799999996],[12.6273957,46.17718469999999],[12.627218699999998,46.177215699999984],[12.627111699999999,46.1772211],[12.6270359,46.1772076],[12.6270125,46.17723049999999],[12.627067000000002,46.177256099999994],[12.6271759,46.1773167],[12.6272712,46.17735309999999],[12.6273412,46.177373300000006],[12.6274152,46.17733419999999],[12.627496900000002,46.17734089999999],[12.6275941,46.17735309999999],[12.627738,46.17732209999999],[12.627808099999998,46.17730860000001],[12.6279384,46.17732609999999],[12.6280784,46.17730049999999],[12.6281932,46.1772547],[12.6282535,46.17717119999999],[12.628270999999998,46.17715099999998],[12.6283566,46.17714559999999],[12.6284441,46.177153699999984],[12.6285764,46.17720219999999],[12.628720299999998,46.177221099999976],[12.6288312,46.177202199999996],[12.628926500000002,46.17713489999998],[12.6290374,46.17705],[12.629124899999999,46.177013599999995],[12.6292474,46.17701899999999],[12.629381600000002,46.1770514],[12.6294575,46.177087699999994],[12.629533399999996,46.177103899999985],[12.6295975,46.17713349999999],[12.629671499999999,46.177270899999996],[12.629710399999999,46.17739079999998],[12.629790100000001,46.17745270000001],[12.6298212,46.177514699999996],[12.6299768,46.1775847],[12.630113,46.177630499999985],[12.630194699999999,46.177642599999984],[12.630291900000001,46.177586099999985],[12.630332799999998,46.1774864],[12.6304028,46.17739080000001],[12.6305681,46.1772776],[12.6306459,46.17721029999999],[12.6307588,46.1771349],[12.630861900000001,46.17712270000001],[12.630966899999999,46.177126799999996],[12.631031099999998,46.177157799999975],[12.631091399999999,46.17720759999998],[12.631130299999999,46.1772157],[12.63121,46.1772022],[12.631350099999999,46.1771429],[12.6314979,46.1771025],[12.631641799999999,46.17713620000001],[12.631752699999998,46.17719409999997],[12.6317741,46.177245299999996],[12.631855799999999,46.17726549999998],[12.6319472,46.177292399999985],[12.631997799999999,46.177346299999996],[12.631995800000002,46.1774783],[12.632015299999999,46.17760359999999],[12.632061999999998,46.17768569999999],[12.632048399999999,46.17778809999999],[12.632063900000002,46.1778891],[12.632143700000002,46.177980700000006],[12.6321767,46.1780547],[12.6322079,46.17817869999998],[12.632272,46.17823930000001],[12.6323012,46.1782851],[12.632309,46.178349700000005],[12.6323129,46.17840899999999],[12.6323674,46.178495199999986]]},"properties":{"type":"trail","highway":"path","name":"","shade_pct":98.6,"length_m":1656}},{"type":"Feature","geometry":{"type":"LineString","coordinates":[[12.6323674,46.178495199999986],[12.632386799999999,46.178549],[12.6324315,46.1785867],[12.6324315,46.178667499999996],[12.632431499999997,46.178712],[12.6324743,46.178737600000005],[12.632437400000002,46.1788049],[12.632410099999998,46.1788561],[12.6323323,46.17888169999997],[12.6322643,46.178911299999996],[12.6322604,46.17894089999999],[12.632334299999998,46.1789787],[12.632472399999997,46.179010999999996],[12.632528800000001,46.17904199999999],[12.6325093,46.1790689],[12.632344,46.179105299999996],[12.6322215,46.1791322],[12.6321417,46.1791739],[12.6321417,46.17920759999999],[12.6322273,46.17924669999999],[12.6323071,46.179292499999995],[12.632357199999998,46.17927999999999]]},"properties":{"type":"trail","highway":"path","name":"","shade_pct":98.4,"length_m":142}},{"type":"Feature","geometry":{"type":"LineString","coordinates":[[12.6507961,46.154575999999985],[12.6507568,46.1546287],[12.6507488,46.1546659],[12.650762200000004,46.1546919],[12.650767499999999,46.15472719999999],[12.650770199999998,46.15474759999999],[12.650770199999998,46.1547904],[12.650769400000001,46.154831],[12.650767499999999,46.15486649999998],[12.650769899999998,46.154887900000006],[12.650776499999997,46.154911099999985],[12.6507697,46.15496669999999],[12.650755099999998,46.15500679999999],[12.650725,46.15507689999998],[12.650697400000004,46.155127400000005],[12.650611200000002,46.15526569999999],[12.6505692,46.155345000000004],[12.650547699999999,46.1554207],[12.650542099999997,46.15548699999999],[12.650537200000002,46.15560339999999],[12.650563599999998,46.155701799999996],[12.650577699999998,46.155775599999984],[12.6505911,46.15584539999999],[12.6505872,46.1558867],[12.6505798,46.155934900000005],[12.650559599999998,46.156009299999994]]},"properties":{"type":"trail","highway":"track","name":"","shade_pct":82.0,"length_m":164}},{"type":"Feature","geometry":{"type":"LineString","coordinates":[[12.663742999999998,46.16391089999999],[12.6638784,46.16365909999999],[12.663975,46.1633581],[12.6640605,46.16312270000001],[12.664111499999999,46.162920299999996],[12.6641571,46.16268799999999],[12.6642081,46.16236109999999]]},"properties":{"type":"trail","highway":"track","name":"","shade_pct":60.5,"length_m":177}},{"type":"Feature","geometry":{"type":"LineString","coordinates":[[12.6226161,46.12625279999999],[12.622697,46.1262475],[12.6228026,46.12622169999999],[12.6229431,46.12618510000001],[12.623063099999998,46.1261477],[12.6231567,46.12610939999999],[12.623318799999998,46.12603619999997],[12.623373999999998,46.12600540000001],[12.623443599999998,46.12596549999998],[12.6235888,46.1258848],[12.623713699999998,46.12582239999998],[12.6238157,46.12576999999998],[12.623956100000001,46.12572669999999],[12.6240449,46.12569599999999],[12.6241194,46.12566179999998],[12.6241974,46.12563360000001],[12.6242418,46.12562269999999],[12.6242838,46.12561939999999],[12.624348600000001,46.125627699999995],[12.624400200000002,46.1256485],[12.6245395,46.12570259999999],[12.624663099999998,46.125750899999986],[12.624755499999997,46.1257866],[12.624812,46.125801599999996],[12.6248672,46.12580990000001],[12.625034000000001,46.1258357],[12.625094,46.1258457],[12.625169600000001,46.1258623],[12.625367699999998,46.1259206],[12.625502099999999,46.125963799999994],[12.625567,46.125988],[12.625623400000002,46.126007099999995],[12.625661800000001,46.1260121],[12.6257134,46.1260121],[12.625771,46.1260046],[12.625838199999999,46.125997899999994],[12.6259247,46.12598459999999],[12.6260015,46.1259746],[12.626047100000001,46.125973],[12.6261023,46.12597129999999],[12.626173099999999,46.12596969999998],[12.626334,46.125971299999996],[12.6264372,46.12596379999999],[12.6265452,46.1259497],[12.626646,46.1259306],[12.6267553,46.12589639999999],[12.626854900000001,46.125861500000006],[12.6269257,46.1258357],[12.6270458,46.1257908],[12.6270926,46.1257766],[12.6271406,46.12576419999999],[12.6271682,46.12576750000001],[12.6271934,46.1257783],[12.627205400000001,46.1258016],[12.627215,46.125832399999986],[12.6272438,46.12588060000001],[12.627283400000001,46.125926400000004],[12.627322999999999,46.12597800000001],[12.627371,46.126041199999996],[12.6274119,46.126092800000016],[12.6275634,46.12629119999998],[12.6277165,46.126523699999986],[12.6279021,46.126817100000004],[12.628068199999996,46.1271196],[12.628192,46.1273543],[12.628273399999998,46.1275101],[12.628361299999998,46.1276636],[12.628449399999997,46.12775799999999],[12.628522800000002,46.127889599999996],[12.628577000000002,46.1280288],[12.628632299999998,46.12819859999999],[12.628688700000001,46.128349499999985],[12.628735,46.128499700000006],[12.628810699999999,46.12867069999999],[12.628877000000001,46.128810599999994],[12.6289789,46.1289875],[12.6290918,46.129170499999994],[12.629174700000002,46.129350499999994],[12.6292401,46.12948659999999],[12.629276799999998,46.12962259999998],[12.6293295,46.129771899999994],[12.629329599999998,46.1298106]]},"properties":{"type":"trail","highway":"track","name":"","shade_pct":51.4,"length_m":868}},{"type":"Feature","geometry":{"type":"LineString","coordinates":[[12.620023400000003,46.156410599999994],[12.619961800000002,46.15620940000001],[12.6199618,46.15603429999999],[12.619945499999998,46.15585909999999],[12.620076,46.155638799999984],[12.620169799999998,46.155418399999974],[12.6201902,46.15531389999999],[12.6202146,46.15523190000001],[12.6201902,46.15515279999999],[12.6200393,46.15506519999999],[12.6199433,46.1549475],[12.619778200000002,46.15485329999999],[12.619713,46.15474029999999],[12.619696700000002,46.154647099999984],[12.6197171,46.15457369999998],[12.619700799999999,46.1545087],[12.6195825,46.15447760000001],[12.6194683,46.15451429999999],[12.6192276,46.15453409999998],[12.618942200000001,46.1545284],[12.6187219,46.15457080000001],[12.618673,46.15458499999998],[12.618610800000003,46.1545985]]},"properties":{"type":"trail","highway":"path","name":"","shade_pct":54.3,"length_m":317}},{"type":"Feature","geometry":{"type":"LineString","coordinates":[[12.6203987,46.15676959999999],[12.6205977,46.156979299999996],[12.620782400000001,46.157119400000006],[12.620954900000001,46.1571528],[12.621214,46.157163499999996],[12.6213693,46.15720640000001],[12.6216359,46.157174999999995],[12.621864100000003,46.15717669999998],[12.622123299999998,46.1571131],[12.6222098,46.15708919999999],[12.622322299999999,46.157117099999994],[12.6224578,46.157147099999996],[12.622532800000002,46.157215],[12.622651,46.15732489999999],[12.6228471,46.157434699999996],[12.622950999999999,46.15748269999998],[12.6230317,46.15749470000001],[12.623095200000002,46.15736479999999],[12.623086499999998,46.157264899999994],[12.623075,46.15712709999998],[12.623098,46.15704119999999],[12.6231067,46.156959299999976],[12.623066300000001,46.1568614],[12.622991300000002,46.15676150000001],[12.6228991,46.15665969999999],[12.6228962,46.156597699999985],[12.622876000000003,46.156517799999996],[12.6227746,46.15646540000001]]},"properties":{"type":"trail","highway":"path","name":"","shade_pct":100.0,"length_m":367}},{"type":"Feature","geometry":{"type":"LineString","coordinates":[[12.6073272,46.14826149999999],[12.6072087,46.148292900000015],[12.6071125,46.1483418],[12.6069698,46.14846889999999],[12.606835200000003,46.14864970000001],[12.606720999999997,46.14892099999999],[12.606559599999999,46.14920439999999],[12.606459999999998,46.149353299999994],[12.6064355,46.14954259999998],[12.6063254,46.14970929999999],[12.6061174,46.1498251],[12.605993400000001,46.14994810000001],[12.6059532,46.15021939999999],[12.6058942,46.15045349999998],[12.6058754,46.1506301],[12.605920999999999,46.150897599999986],[12.6057574,46.1508438],[12.605754699999999,46.1510983],[12.605872699999999,46.15138479999999],[12.605867399999996,46.15162789999998],[12.6058003,46.15166690000001],[12.6056958,46.151672399999995],[12.605725799999998,46.151913099999994],[12.605746199999999,46.152209799999994],[12.605827799999998,46.15233130000001],[12.6058563,46.1524952],[12.605889,46.15265900000001],[12.605913,46.15287649999999],[12.6059103,46.15308459999999],[12.605945199999999,46.153328],[12.605954199999998,46.153486799999996],[12.605958600000001,46.153716299999985],[12.605994999999998,46.15387669999999],[12.6061296,46.15410560000001],[12.6062438,46.1543683],[12.606305000000003,46.1545689],[12.606337599999998,46.15461689999999],[12.606370199999997,46.15478929999999],[12.606355400000002,46.154878499999995],[12.606283300000001,46.154931100000006]]},"properties":{"type":"trail","highway":"path","name":"","shade_pct":100.0,"length_m":817}},{"type":"Feature","geometry":{"type":"LineString","coordinates":[[12.6203987,46.15676959999999],[12.620252899999999,46.1566502],[12.6201183,46.156497599999994],[12.620023400000003,46.156410599999994],[12.6199797,46.15637050000001],[12.619898099999999,46.15626599999999],[12.6196044,46.15606819999999],[12.6194168,46.155938299999995],[12.6193271,46.1558196],[12.6192211,46.1555738],[12.619123200000004,46.155393],[12.618988599999996,46.15519519999999],[12.6187724,46.15505109999999],[12.6185644,46.154833599999996],[12.6185033,46.15473189999999],[12.618572600000002,46.154633],[12.618610800000003,46.1545985],[12.618597100000002,46.1543731],[12.618486900000002,46.15408209999999],[12.618372700000002,46.15377699999999],[12.6182789,46.1535877],[12.6180954,46.15329099999999],[12.6180383,46.15320059999999],[12.6177895,46.1530283],[12.6175163,46.15276550000001],[12.617300099999998,46.1526045],[12.6171655,46.15240669999999],[12.617137,46.15216649999999],[12.6171614,46.1519885],[12.6171589,46.15181599999997],[12.616986099999998,46.15182469999999],[12.616704599999998,46.15189250000001],[12.6165537,46.152028099999995],[12.6164232,46.15216939999999],[12.616398799999999,46.15227109999999],[12.6163048,46.152541500000005],[12.616258,46.152714299999985],[12.616070300000002,46.15269129999999],[12.6158808,46.1526807],[12.615586599999999,46.15265140000001],[12.6153139,46.15262419999999],[12.6150593,46.152538500000006],[12.614974200000002,46.152405099999996],[12.614899799999998,46.1523483],[12.6148254,46.1522914],[12.6147456,46.15217579999999],[12.614728300000001,46.15209810000001],[12.6146655,46.152049399999996],[12.6145974,46.151992099999994],[12.6145045,46.15196309999999]]},"properties":{"type":"trail","highway":"path","name":"","shade_pct":100.0,"length_m":943}},{"type":"Feature","geometry":{"type":"LineString","coordinates":[[12.696057199999998,46.096593599999984],[12.6976185,46.09668729999998],[12.698387000000002,46.09670539999998],[12.6988032,46.096736500000006],[12.7033016,46.0969709],[12.7033778,46.09697250000001]]},"properties":{"type":"trail","highway":"track","name":"","shade_pct":47.9,"length_m":568}},{"type":"Feature","geometry":{"type":"LineString","coordinates":[[12.7056027,46.09813659999999],[12.705477599999998,46.09818059999999],[12.7052774,46.098218399999986],[12.7041515,46.0982761],[12.7040234,46.09826950000001],[12.703917199999998,46.098190399999986],[12.703747400000001,46.09755069999998],[12.7037745,46.09748309999999],[12.703996500000002,46.097232600000005]]},"properties":{"type":"trail","highway":"track","name":"","shade_pct":29.0,"length_m":249}},{"type":"Feature","geometry":{"type":"LineString","coordinates":[[12.613349300000001,46.1571728],[12.613689699999998,46.1575769],[12.6137716,46.15775049999999],[12.6139306,46.15791069999999],[12.6140511,46.158017499999985],[12.6142198,46.15809759999999],[12.6143788,46.1580776],[12.614484799999998,46.1579941],[12.614740300000001,46.157847299999986],[12.614995699999998,46.157770499999984],[12.615039,46.1576737],[12.614875199999998,46.1575335],[12.614730600000001,46.157403300000006],[12.614667999999998,46.1572297],[12.614677600000002,46.157059499999995],[12.614682399999998,46.15676239999999],[12.6146342,46.15665889999999],[12.614552300000001,46.1563418],[12.614422199999998,46.15610470000001],[12.614272800000002,46.1558844],[12.614277599999998,46.15565410000001],[12.614311300000002,46.15551720000001],[12.6143836,46.1553336],[12.6144607,46.155226799999994],[12.6144415,46.1550632],[12.614417400000002,46.1548696],[12.614316200000001,46.15458579999998],[12.614104099999999,46.15439549999998],[12.6140463,46.1542153],[12.6143192,46.154178099999996],[12.614498700000002,46.15423269999999],[12.614889599999998,46.1542954],[12.6154005,46.154428899999985],[12.6155836,46.1544623],[12.6157378,46.15451569999999],[12.6158679,46.154425599999996],[12.615892,46.154298700000005],[12.6158679,46.1541685],[12.616118499999999,46.1537012],[12.616226099999999,46.15320789999999],[12.6162053,46.1531169],[12.6162406,46.15281339999999],[12.616258,46.152714299999985]]},"properties":{"type":"trail","highway":"path","name":"","shade_pct":100.0,"length_m":963}},{"type":"Feature","geometry":{"type":"LineString","coordinates":[[12.6203987,46.15676959999999],[12.620389400000004,46.15682959999999],[12.620406399999998,46.15700489999999],[12.6204303,46.157163],[12.620467700000003,46.15726219999999],[12.6205461,46.157333],[12.620621100000001,46.1573684],[12.6207335,46.15743679999999],[12.620859600000001,46.15746749999998],[12.6209482,46.15746749999999],[12.6211016,46.15745569999999],[12.6212243,46.15745569999999],[12.621309400000001,46.1574793],[12.6214253,46.15755489999999],[12.621469600000001,46.1576375],[12.6216502,46.15767519999999],[12.621871700000002,46.15765049999999],[12.6220436,46.15771769999999],[12.6221381,46.15783259999999],[12.6221589,46.15801789999999],[12.6223011,46.158041099999984],[12.622404399999999,46.15801199999999],[12.6225339,46.1579631],[12.6227349,46.15805019999999],[12.622906400000002,46.1581497],[12.622986200000001,46.1582884],[12.6230201,46.1583952],[12.6231678,46.1584566],[12.6233903,46.15857919999999],[12.623597500000002,46.15867549999999],[12.6237963,46.1588622],[12.623955000000002,46.15906449999999],[12.623964,46.15926139999999],[12.624134399999999,46.15938419999999],[12.624304799999999,46.15951629999999],[12.6244888,46.1596768],[12.624700100000002,46.15985390000001],[12.6248207,46.15995769999998],[12.624979199999999,46.1600446],[12.6250249,46.15988619999999],[12.6250484,46.159508499999994],[12.625080800000001,46.15909379999998],[12.6250681,46.158992299999994],[12.6251908,46.158690199999995],[12.6252665,46.15847190000001],[12.6255004,46.158398899999995],[12.6255778,46.15846049999998],[12.6257003,46.158784199999985],[12.625928000000002,46.1588573],[12.626171499999998,46.158873599999986],[12.6262146,46.1590518],[12.626452699999998,46.158923599999994],[12.6266931,46.158795199999986],[12.6269574,46.15873789999999]]},"properties":{"type":"trail","highway":"path","name":"","shade_pct":100.0,"length_m":945}},{"type":"Feature","geometry":{"type":"LineString","coordinates":[[12.6476306,46.16278549999999],[12.6475573,46.16276559999999],[12.6474785,46.1627116],[12.647375300000002,46.162713799999985],[12.6473083,46.1626907],[12.6471834,46.162651599999975],[12.647031299999998,46.16268439999999],[12.6468968,46.162680499999986],[12.646684700000002,46.16266199999998],[12.6465551,46.1626741],[12.6464171,46.1626242],[12.6460813,46.16252969999999],[12.6457872,46.16251350000001],[12.645499899999999,46.162455300000005],[12.645286,46.162421899999984],[12.645084099999998,46.162333899999986],[12.644730500000001,46.162202999999984],[12.644386,46.1621508],[12.644253800000001,46.16212149999999],[12.644054200000001,46.1621191],[12.643914700000002,46.16215949999998],[12.643720599999998,46.1623049],[12.6435308,46.162344200000014],[12.6433774,46.16233239999998],[12.643211599999999,46.16227],[12.6430645,46.16217869999999],[12.6429249,46.16214910000001],[12.6427654,46.162069699999996],[12.6425649,46.16202669999997],[12.6423764,46.16200399999999],[12.642159899999998,46.161902899999994],[12.641820400000002,46.16177089999999],[12.641467399999998,46.16172499999999],[12.641234499999998,46.16176569999999],[12.641069400000003,46.161825400000005],[12.6407583,46.16200579999998],[12.640568799999999,46.162093799999994],[12.6404111,46.16212430000001],[12.640017699999998,46.16208859999999],[12.6397929,46.162062399999996],[12.639534100000002,46.1620334],[12.639368100000002,46.1619491],[12.639227500000002,46.1618866],[12.6391227,46.16175539999998],[12.639070399999998,46.16169669999999],[12.639010600000002,46.1616742],[12.6389247,46.161705299999994],[12.6388784,46.1617381],[12.6388136,46.161748499999995],[12.6386415,46.16173319999999],[12.6385319,46.16170869999999],[12.6383304,46.161736999999995],[12.638085599999998,46.16166729999999],[12.637933699999998,46.161664699999996],[12.637766400000002,46.1616535],[12.6375869,46.161692999999985],[12.6373575,46.161746699999995],[12.637108000000003,46.16172739999999],[12.637006,46.1617191],[12.636893799999998,46.1617502],[12.636836499999998,46.16178299999999],[12.636739200000001,46.161814099999994],[12.636646999999998,46.1618037],[12.6364259,46.1618681],[12.636121599999997,46.16186459999999],[12.6359275,46.16198949999999],[12.635739400000002,46.161993700000004],[12.635599800000001,46.1620472],[12.635498099999998,46.1621999],[12.6354951,46.16224059999999],[12.635430300000003,46.16226479999998],[12.6353091,46.162259899999995],[12.635200899999997,46.162242299999996],[12.6351286,46.162233699999994],[12.635133600000003,46.162313099999984],[12.635268199999999,46.16242369999998],[12.635028000000002,46.16237939999999],[12.634373299999998,46.16235729999999],[12.634076,46.1622936],[12.633775100000001,46.16216610000001],[12.6335027,46.16207690000001],[12.633373399999998,46.162074799999985],[12.6332711,46.162112799999996],[12.633095599999999,46.16211469999999],[12.6329046,46.162112799999996],[12.632709899999998,46.1621539],[12.632500699999998,46.16206969999998],[12.632338700000002,46.161953999999994],[12.632136499999996,46.161906299999984],[12.6318038,46.16193569999999],[12.6314888,46.161908700000005],[12.6313688,46.16191419999999],[12.6312279,46.16187179999999],[12.631057100000001,46.16187969999999],[12.6309518,46.16184550000001],[12.630653200000001,46.16194189999999],[12.630439899999999,46.1619401],[12.6301864,46.1619308],[12.630059899999997,46.16192109999999],[12.6299576,46.16192809999999],[12.629825399999996,46.16196759999999],[12.629453799999999,46.1618597],[12.629274500000001,46.16188489999998],[12.6291707,46.16185730000001],[12.628636199999999,46.16153119999999]]},"properties":{"type":"trail","highway":"path","name":"","shade_pct":97.0,"length_m":1654}},{"type":"Feature","geometry":{"type":"LineString","coordinates":[[12.628460599999999,46.161188199999984],[12.628285699999998,46.161065300000004],[12.6280967,46.1609425],[12.627657700000002,46.1607419],[12.6274803,46.160496099999996],[12.627368200000001,46.16018229999999],[12.6272981,46.16001739999999],[12.6271735,46.1598005],[12.627116,46.15970039999999],[12.6270406,46.15960909999999],[12.6269677,46.159512],[12.6269718,46.15942669999998],[12.626984899999998,46.1591571]]},"properties":{"type":"trail","highway":"path","name":"","shade_pct":91.7,"length_m":267}},{"type":"Feature","geometry":{"type":"LineString","coordinates":[[12.628460599999999,46.161188199999984],[12.628447199999998,46.16102609999999],[12.628535499999998,46.160875499999996],[12.6287691,46.16058129999999],[12.629027499999998,46.160144999999986],[12.6290735,46.159965999999976],[12.629192599999998,46.159849199999975]]},"properties":{"type":"trail","highway":"path","name":"","shade_pct":100.0,"length_m":162}},{"type":"Feature","geometry":{"type":"LineString","coordinates":[[12.6593784,46.170995699999985],[12.659415099999999,46.171007],[12.659461999999998,46.17089119999999],[12.659516799999999,46.17069519999998],[12.659527499999998,46.1705992],[12.659541299999999,46.170286599999976],[12.659564400000002,46.170168200000006],[12.6595583,46.170084899999985],[12.6595567,46.169798],[12.659642999999999,46.16944590000001],[12.659683,46.16935199999999],[12.6596307,46.16925389999999],[12.659522799999998,46.16907249999999],[12.6594304,46.16880789999999],[12.6593965,46.1685199],[12.659405800000002,46.168421699999996],[12.6592702,46.1682574],[12.659239399999999,46.16807599999998],[12.659202399999998,46.16790319999998],[12.6591716,46.1677389],[12.6591469,46.1675853],[12.659119199999997,46.167448699999994],[12.65911,46.167335599999994],[12.659020599999998,46.1670902],[12.6588881,46.166866699999986],[12.6587005,46.166606899999984],[12.6586616,46.16651379999999]]},"properties":{"type":"trail","highway":"path","name":"","shade_pct":100.0,"length_m":518}},{"type":"Feature","geometry":{"type":"LineString","coordinates":[[12.6544953,46.16473359999998],[12.654539300000001,46.164800899999996],[12.654617099999996,46.164934599999995],[12.6546533,46.164994099999994],[12.6548263,46.165172399999996],[12.654972499999998,46.165292199999996],[12.655191099999998,46.1654854],[12.655353299999998,46.165638699999995],[12.655415000000001,46.16575669999999],[12.655549100000004,46.165878299999996],[12.655657800000002,46.166034399999994],[12.655720799999997,46.16613649999999],[12.655786500000001,46.1662229],[12.655832100000001,46.1662499],[12.655942099999999,46.166479299999985],[12.655985,46.16669569999998],[12.656017200000003,46.166803399999985],[12.656061399999999,46.16695200000001],[12.6560869,46.167080199999994],[12.656175399999999,46.167291999999996],[12.656174099999998,46.16742389999999],[12.656166100000004,46.167577099999995],[12.656186199999999,46.167672799999984],[12.6562546,46.167749900000004],[12.656306899999999,46.167787],[12.6563633,46.1678826],[12.6564237,46.16798709999999],[12.6565252,46.168085899999994],[12.6565663,46.16812199999999]]},"properties":{"type":"trail","highway":"path","name":"","shade_pct":100.0,"length_m":419}},{"type":"Feature","geometry":{"type":"LineString","coordinates":[[12.6446645,46.149093099999995],[12.644694099999999,46.148809299999996],[12.644712599999998,46.14869410000001],[12.644878999999998,46.14848919999999],[12.645002199999999,46.14825859999999],[12.645070000000002,46.14807510000001],[12.645187800000002,46.14783650000001],[12.645216,46.147711899999976],[12.645225600000002,46.147669499999985],[12.6453127,46.14751729999999],[12.6453883,46.1473171],[12.6454637,46.1470903],[12.645529099999997,46.1468703],[12.645631800000002,46.14666969999999],[12.6457533,46.1465403],[12.645838699999999,46.146484900000004],[12.645898,46.1464465],[12.645986800000001,46.146274999999996],[12.645972799999997,46.14602909999999],[12.6459447,46.14583169999998],[12.645856000000002,46.14567969999998],[12.6457719,46.1455955],[12.645711199999997,46.145443500000006],[12.645687899999999,46.145246099999994],[12.645650500000004,46.14497759999998],[12.645585100000002,46.144822299999994],[12.645557099999998,46.1446961],[12.6454917,46.1444955],[12.645421699999998,46.14427539999999],[12.645314300000003,46.14404900000001],[12.645202199999998,46.14381600000001],[12.645094799999997,46.14362830000001],[12.645052799999998,46.143285299999995],[12.6450384,46.14321469999999],[12.6449967,46.14301030000001],[12.644973399999998,46.1428097],[12.6449874,46.14257669999999],[12.6449267,46.14237610000001],[12.644894,46.14210109999999],[12.644884599999997,46.141949],[12.644819300000002,46.141771],[12.644825099999998,46.1416377],[12.6448251,46.1415278],[12.6447885,46.14135600000001],[12.6447451,46.1412368],[12.644691,46.14108840000002],[12.6446137,46.14090810000001],[12.6445243,46.140800999999996],[12.644459200000004,46.140629199999985],[12.644430799999999,46.14051649999999],[12.644361700000001,46.14037570000001],[12.6442763,46.1402489],[12.644217999999999,46.1400875],[12.644129500000002,46.1398472],[12.644040999999998,46.139614199999976],[12.643980900000004,46.13946469999999],[12.643906600000001,46.1392611],[12.6437756,46.13902319999999],[12.643754400000002,46.138802500000004],[12.643702399999999,46.138596599999985],[12.643659300000001,46.13839809999999],[12.6435515,46.13821659999999],[12.6434806,46.1380672],[12.6434498,46.13785149999999],[12.6434217,46.1377566],[12.6434005,46.13768499999999],[12.643369699999997,46.13750989999999],[12.643227900000001,46.13731780000001],[12.6430893,46.13713210000001],[12.643069599999999,46.13710600000001],[12.642987600000001,46.1369976],[12.6423623,46.1365884],[12.642232899999998,46.13650369999999],[12.6416527,46.1362869],[12.6412585,46.1362423],[12.6406665,46.13614689999998],[12.6404961,46.136106],[12.6403763,46.13607189999999]]},"properties":{"type":"trail","highway":"cycleway","name":"MV 06","shade_pct":92.5,"length_m":1634}},{"type":"Feature","geometry":{"type":"LineString","coordinates":[[12.648618800000001,46.150424499999986],[12.6487038,46.150315699999986],[12.648826199999998,46.15011189999999],[12.648915599999999,46.14998799999998],[12.649029499999997,46.14994010000001],[12.649167699999998,46.14995979999999],[12.649314,46.14996829999999],[12.649427899999997,46.14993449999999],[12.649395300000002,46.14985839999999],[12.649187999999999,46.149714800000005],[12.648980699999997,46.14955990000001],[12.648777399999998,46.149421899999986],[12.648769299999998,46.149368299999985]]},"properties":{"type":"trail","highway":"path","name":"","shade_pct":53.4,"length_m":179}},{"type":"Feature","geometry":{"type":"LineString","coordinates":[[12.648769299999998,46.149368299999985],[12.6488841,46.1492313],[12.648979699999998,46.1491088],[12.649063,46.14903979999999],[12.649199199999998,46.1489792],[12.649302899999999,46.14884399999999],[12.649359799999997,46.14880180000001],[12.6493882,46.1487595],[12.649499999999998,46.148693399999985],[12.6496301,46.14866239999999],[12.649668799999999,46.1486328],[12.649634199999998,46.148570799999995],[12.649530500000001,46.148499],[12.6493984,46.14836519999999],[12.649337399999999,46.14822999999999],[12.649183200000001,46.14803169999997],[12.6489928,46.14787009999999],[12.648821099999997,46.1477363],[12.648534099999997,46.1476118],[12.6485019,46.14755599999999],[12.6485287,46.14745569999999],[12.6485287,46.147394399999996],[12.648488500000001,46.147358999999994],[12.6483946,46.14733669999998],[12.6481344,46.147332999999996],[12.647968199999998,46.14735159999998],[12.6478689,46.1473535],[12.6477965,46.14730139999999],[12.6477724,46.147238299999984],[12.6477348,46.14714909999999],[12.6477294,46.1470785],[12.647769700000001,46.14698929999999],[12.647820599999998,46.14690929999999],[12.6478448,46.14685729999998],[12.6478421,46.14679789999999],[12.647834,46.14663059999999],[12.647826,46.14654509999998],[12.647767000000002,46.1464373],[12.647724099999998,46.146370399999995],[12.6476463,46.14629430000001],[12.6475256,46.146260799999986],[12.6474854,46.14621249999998],[12.647539,46.146128899999994],[12.647632900000001,46.146021100000006],[12.6476034,46.14597279999999],[12.6474263,46.14587799999998],[12.6473003,46.1458724],[12.647225200000001,46.14586689999997],[12.647053499999998,46.14576459999999],[12.6470213,46.14572189999999],[12.647058900000001,46.1455862],[12.6471286,46.145439399999994],[12.6471849,46.1453372],[12.647249300000002,46.14523499999999],[12.6472896,46.14517739999999],[12.6472922,46.145108699999994],[12.647284299999997,46.14501639999999],[12.6472959,46.144880500000006],[12.647324,46.14473489999999],[12.647276500000002,46.1446525],[12.6473216,46.14455039999999],[12.647326299999998,46.14445659999999],[12.6473777,46.1443417],[12.6474234,46.14423699999999],[12.647452999999999,46.144144100000005],[12.6474181,46.1440308],[12.647383200000002,46.14390250000001],[12.647282600000002,46.14379329999999],[12.6472142,46.14370929999999],[12.647109599999999,46.14356060000001],[12.647039899999998,46.14347140000001],[12.6469246,46.14328179999999],[12.6468575,46.143149900000004],[12.646787800000002,46.1429473]]},"properties":{"type":"trail","highway":"path","name":"","shade_pct":100.0,"length_m":889}},{"type":"Feature","geometry":{"type":"LineString","coordinates":[[12.646787800000002,46.1429473],[12.646767200000001,46.1428709],[12.646729,46.14281749999999],[12.646704199999999,46.14278289999999],[12.646640099999999,46.142687099999996],[12.646603199999998,46.142618099999986],[12.646580200000004,46.1425751],[12.646525300000002,46.14246529999999],[12.6464724,46.14238149999999],[12.6464389,46.142336399999984],[12.6464114,46.142289899999994],[12.6463726,46.142204099999994],[12.646349599999999,46.142145899999996],[12.646333600000002,46.14208089999999],[12.646331899999998,46.14198279999998],[12.646346,46.14188709999999],[12.6463779,46.14179149999999],[12.646376100000001,46.141765799999995],[12.6463319,46.14169460000001],[12.646310100000003,46.14160159999999],[12.646235400000002,46.1414852],[12.646141999999998,46.141304000000005],[12.6460673,46.1411422],[12.6459622,46.14099819999999],[12.645896799999997,46.140837999999995],[12.645775699999998,46.1406068],[12.6456916,46.140302699999985],[12.645542200000001,46.14010849999998],[12.6454395,46.1399402],[12.645402100000002,46.139707299999976],[12.645318,46.139467800000006],[12.645346100000003,46.1392089],[12.645346099999998,46.13911830000001],[12.645206000000002,46.138963],[12.6451126,46.1387947],[12.6450285,46.13856819999998],[12.645009799999999,46.13838699999999],[12.644991100000002,46.1381734],[12.6450192,46.1379728],[12.6449444,46.13782399999999],[12.6448417,46.13765570000001],[12.6447203,46.13751330000001],[12.644636200000003,46.137280299999986],[12.644458800000002,46.1370473],[12.6441599,46.1367367],[12.6440814,46.136700000000005],[12.643967399999998,46.13664669999999],[12.6437712,46.13659170000001],[12.6435891,46.13650429999999],[12.6434116,46.136400699999996],[12.643299600000002,46.1363134],[12.643061400000004,46.13619690000001],[12.6429633,46.136112699999984],[12.642809199999999,46.13601889999999],[12.6426644,46.135950899999976],[12.642589700000002,46.13590559999999],[12.6425524,46.13584409999999],[12.6425617,46.13577620000001]]},"properties":{"type":"trail","highway":"path","name":"MV 06","shade_pct":100.0,"length_m":903}},{"type":"Feature","geometry":{"type":"LineString","coordinates":[[12.6519287,46.149831699999986],[12.6518037,46.149639],[12.651715,46.149504699999994],[12.651586500000002,46.1492993],[12.651486099999998,46.14916659999999],[12.6511625,46.14893949999999],[12.650813899999998,46.1486237],[12.6506637,46.148400699999996],[12.6504705,46.14810709999999],[12.650269099999997,46.147817099999976],[12.650063,46.14744099999999],[12.649754,46.14709739999999],[12.6491523,46.146522799999985],[12.648973399999997,46.146224199999985],[12.6489897,46.145891799999994],[12.648973400000001,46.145644],[12.648802700000001,46.1452102],[12.648683100000001,46.14454369999999],[12.648543,46.14394189999999],[12.648421600000004,46.14351479999998],[12.648206800000002,46.143133],[12.6479266,46.14288710000001],[12.647665100000001,46.14255699999998],[12.647512300000002,46.1423502],[12.647459600000001,46.1422788],[12.647328800000004,46.142032799999996],[12.6473849,46.14169629999999],[12.6473475,46.1414439],[12.6472634,46.1412174],[12.647188700000003,46.140939199999984],[12.6471514,46.14071269999999],[12.647123300000002,46.14056379999999],[12.6471794,46.14031789999999],[12.647179399999999,46.140182],[12.647085999999998,46.139877799999994],[12.6470673,46.139703100000006],[12.6470673,46.13961889999999]]},"properties":{"type":"trail","highway":"path","name":"","shade_pct":92.3,"length_m":1228}},{"type":"Feature","geometry":{"type":"LineString","coordinates":[[12.6470673,46.13961889999999],[12.6471364,46.139639300000006],[12.647185499999999,46.1397089],[12.6472625,46.1398254],[12.6473279,46.13990789999999],[12.6473933,46.13994829999999],[12.647432999999998,46.13994019999999],[12.6474773,46.13988200000001],[12.6474937,46.13977199999998],[12.6475264,46.139650599999996],[12.6475264,46.1395358],[12.647538500000001,46.13940829999999]]},"properties":{"type":"trail","highway":"path","name":"","shade_pct":100.0,"length_m":109}},{"type":"Feature","geometry":{"type":"LineString","coordinates":[[12.6375824,46.153342499999994],[12.637497,46.153328999999985],[12.637390099999998,46.153328599999995],[12.6372167,46.153327799999985],[12.637078699999998,46.15332690000001],[12.636974300000002,46.153315699999986],[12.6368624,46.15328819999999],[12.636768600000002,46.1532447],[12.6366849,46.15317739999998],[12.636519500000002,46.15299509999999],[12.6363327,46.1528066],[12.636105,46.15258180000001],[12.6359158,46.15249990000001],[12.635787099999998,46.1524617],[12.6357608,46.152485199999994],[12.635784100000002,46.15253089999999],[12.6357923,46.1526188],[12.635772400000002,46.1526793],[12.635725100000002,46.1526732]]},"properties":{"type":"trail","highway":"track","name":"","shade_pct":100.0,"length_m":212}},{"type":"Feature","geometry":{"type":"LineString","coordinates":[[12.6265239,46.1545535],[12.6263024,46.154297099999994],[12.626165400000001,46.1540763],[12.6259636,46.15385979999999],[12.6257958,46.1536763],[12.625549399999999,46.15337660000002],[12.625145999999999,46.15315899999998],[12.6247025,46.15273229999999],[12.624474600000003,46.15247200000002],[12.6242621,46.15202829999999],[12.624052700000002,46.15169549999999],[12.623938800000003,46.1514458],[12.623932599999998,46.151228200000006],[12.623791,46.150995699999996],[12.6237632,46.150793000000014],[12.6238772,46.1506095],[12.624428399999998,46.1504239],[12.624740899999999,46.150297599999995]]},"properties":{"type":"trail","highway":"path","name":"","shade_pct":100.0,"length_m":577}},{"type":"Feature","geometry":{"type":"LineString","coordinates":[[12.639965900000002,46.15223799999998],[12.639859600000001,46.15235320000001],[12.6396857,46.15254680000002],[12.639515,46.1527231],[12.639161,46.15291019999999],[12.6388133,46.15317689999999],[12.6385781,46.1533737],[12.6384097,46.153514599999994],[12.6381566,46.153673999999995],[12.637780799999998,46.15396109999999],[12.6376631,46.15411749999999],[12.6374427,46.15432249999998],[12.6372987,46.15447340000001],[12.637123100000002,46.15454939999999],[12.6370226,46.1545889],[12.636977600000002,46.15460660000001],[12.636727700000003,46.1546483],[12.6366151,46.154808800000005],[12.636498900000003,46.15531639999998],[12.6363345,46.1553209],[12.636246099999997,46.1553495],[12.636165100000001,46.15542829999999]]},"properties":{"type":"trail","highway":"track","name":"","shade_pct":94.3,"length_m":482}},{"type":"Feature","geometry":{"type":"LineString","coordinates":[[12.627175199999998,46.1495126],[12.627107800000001,46.149517900000006],[12.6271065,46.1495617],[12.627149300000001,46.1496685],[12.6271994,46.1497483],[12.627256300000003,46.149886299999984],[12.6273253,46.149980199999995],[12.627322,46.15013819999999],[12.627283,46.150189699999984],[12.627057899999999,46.150163],[12.6267479,46.150090199999994],[12.6266292,46.15004920000001],[12.6263486,46.1500356],[12.625980599999998,46.150006899999994],[12.6258575,46.15005740000001],[12.625657600000002,46.150028999999996],[12.6256533,46.15008399999999],[12.6255117,46.1501124],[12.6254582,46.1502733],[12.625219000000001,46.15028669999999],[12.6250141,46.150333999999994],[12.624740899999999,46.150297599999995],[12.6245329,46.150181399999994],[12.624349900000002,46.1498992],[12.624208699999999,46.149652100000004],[12.623751799999999,46.14938959999999],[12.6235214,46.14915800000001],[12.6233097,46.14892379999999],[12.623077299999999,46.14884159999999]]},"properties":{"type":"trail","highway":"path","name":"","shade_pct":86.6,"length_m":519}},{"type":"Feature","geometry":{"type":"LineString","coordinates":[[12.630454300000002,46.151709],[12.6304901,46.1516581],[12.630707899999999,46.15154949999999],[12.630879899999998,46.1514725],[12.6310302,46.1514046],[12.631236999999999,46.15133069999998],[12.631400399999999,46.151320199999994],[12.6316835,46.151286999999996],[12.631929499999998,46.15128399999998],[12.632086299999997,46.1512689],[12.6322736,46.15120700000001],[12.6323975,46.151165799999994],[12.632441299999998,46.151151199999994],[12.6325458,46.151033500000004],[12.6325637,46.1509376],[12.6325676,46.150852],[12.632555700000001,46.15073959999999],[12.6325407,46.1505823],[12.6325121,46.150534900000004],[12.632464400000002,46.1504719],[12.6323704,46.15039509999999],[12.632255,46.15034819999999],[12.632161,46.1503365],[12.6319886,46.15034609999999],[12.631794599999997,46.150355699999984],[12.631652899999999,46.1503258],[12.6314681,46.1502575],[12.6312741,46.15015939999999],[12.6311016,46.150105],[12.630896799999999,46.150053799999995],[12.630712099999998,46.14998339999999],[12.630587300000004,46.1499322],[12.630425700000002,46.149886300000006],[12.630259400000002,46.1498351],[12.630162300000002,46.14979349999998],[12.6300007,46.1497124],[12.629845099999999,46.14959509999999],[12.6296727,46.14946919999999],[12.6295002,46.1493508],[12.6293093,46.149249499999996],[12.629106,46.1490777],[12.628981300000001,46.14898599999999],[12.6288643,46.148901699999996],[12.628755,46.1488377],[12.6286518,46.1487705],[12.6284886,46.14870859999998],[12.6284355,46.148628800000004],[12.628414,46.1485247],[12.6283872,46.148391000000004],[12.6283872,46.14823109999999],[12.628403299999999,46.14805649999999],[12.6283979,46.147919],[12.6283443,46.14779259999999],[12.6281807,46.147695999999996],[12.628017099999997,46.147647699999986],[12.627918,46.14760369999999]]},"properties":{"type":"trail","highway":"path","name":"","shade_pct":99.4,"length_m":770}},{"type":"Feature","geometry":{"type":"LineString","coordinates":[[12.627217,46.15731470000001],[12.627260000000001,46.157442300000014],[12.6272875,46.1576391],[12.6272875,46.15779160000001],[12.6271958,46.15808369999999],[12.627094999999999,46.15836319999999],[12.6269574,46.15873789999999]]},"properties":{"type":"trail","highway":"track","name":"","shade_pct":100.0,"length_m":162}},{"type":"Feature","geometry":{"type":"LineString","coordinates":[[12.6250141,46.150333999999994],[12.625073000000002,46.15050569999999],[12.6256435,46.151021599999986],[12.6258874,46.151211700000005],[12.6262097,46.151462099999996],[12.6265059,46.151661299999994],[12.626806399999998,46.151806099999995],[12.627189599999998,46.1521591],[12.627434799999998,46.15253709999999]]},"properties":{"type":"trail","highway":"path","name":"","shade_pct":100.0,"length_m":313}},{"type":"Feature","geometry":{"type":"LineString","coordinates":[[12.650559599999998,46.156009299999994],[12.650514000000001,46.15619649999999],[12.6504706,46.15631690000001],[12.650454,46.15635789999998],[12.650403299999999,46.156482899999986],[12.650379,46.15656],[12.6501083,46.156847899999995],[12.649939700000001,46.157020599999996],[12.649802699999999,46.1571155],[12.6496376,46.15722259999999],[12.6494022,46.1573199],[12.6491634,46.15739780000001],[12.648935000000002,46.157485399999985],[12.6487664,46.15756319999999],[12.6486805,46.15758559999998],[12.6482325,46.157726200000006],[12.6480814,46.1578528],[12.647870700000002,46.157976899999994],[12.647667,46.1581496],[12.6474878,46.1582713],[12.6472981,46.158385599999995],[12.6471049,46.158512099999996],[12.6469956,46.1586205],[12.6467355,46.1587809],[12.646588,46.15892929999999],[12.6462964,46.1591167],[12.6459978,46.15921159999999],[12.645811,46.159245100000014],[12.6456992,46.15926510000001],[12.6454358,46.15933809999998],[12.645074,46.15938919999999],[12.644538,46.15940380000001],[12.643852500000001,46.159273000000006],[12.643455,46.15907350000001],[12.6430114,46.158882],[12.642547700000001,46.1587262],[12.6419435,46.15864839999999],[12.641142600000002,46.158589999999975],[12.6402619,46.1585492],[12.6397949,46.158542399999995],[12.6395863,46.158542400000016],[12.6393677,46.15856990000001],[12.6392747,46.15846609999999],[12.6390885,46.158359],[12.638923399999998,46.15835419999999],[12.6386986,46.1583639],[12.638565100000001,46.158422299999984],[12.638315700000001,46.158505000000005],[12.637989,46.15854639999999],[12.637760699999998,46.158543999999985],[12.637525299999998,46.158522099999985],[12.6372935,46.1584783],[12.6369176,46.15842469999999],[12.636720899999997,46.1584053],[12.636612,46.15839799999998],[12.636436399999997,46.158417399999976],[12.6362643,46.1584466],[12.6360781,46.158573200000006],[12.6359306,46.15863399999997],[12.635762000000003,46.15861209999999],[12.635625,46.1586194],[12.6354634,46.1586826],[12.6353756,46.15872160000001],[12.6353053,46.15875320000001],[12.635266700000003,46.15875559999999],[12.635171800000002,46.15874099999998],[12.63507,46.1587216],[12.634936499999998,46.15867779999998],[12.634803,46.158614500000006],[12.6346906,46.15857799999998],[12.634413099999998,46.15850749999999],[12.6342866,46.158453900000005],[12.6342199,46.15842719999999],[12.6340689,46.1584053],[12.633963500000002,46.158342],[12.633829999999998,46.15829330000001],[12.6336895,46.15825689999999],[12.633085299999998,46.1582325],[12.6329897,46.15823509999999],[12.6328851,46.15822770000001],[12.632835900000002,46.15826169999999],[12.632835900000003,46.1583128],[12.632826900000003,46.158367099999985],[12.6328359,46.1584539],[12.632804300000002,46.158502599999984],[12.632767400000002,46.15855130000002],[12.632704200000001,46.1585841],[12.6326741,46.1585942]]},"properties":{"type":"trail","highway":"path","name":"","shade_pct":71.9,"length_m":1647}},{"type":"Feature","geometry":{"type":"LineString","coordinates":[[12.636165100000001,46.15542829999999],[12.636279,46.15551130000001],[12.636495100000001,46.1556541],[12.6367907,46.1557488],[12.6369844,46.1558021],[12.637145900000002,46.155864],[12.6371856,46.1559208],[12.637180700000002,46.155958699999985],[12.637133500000001,46.15600339999999],[12.636991900000002,46.1560309],[12.636800600000004,46.15612039999998],[12.6366591,46.15620989999999],[12.6365994,46.1562856],[12.6364281,46.15633720000001],[12.636279,46.156424900000005],[12.6361275,46.1565075],[12.6360007,46.156588799999994],[12.6359288,46.156665799999985],[12.635766,46.15676339999998],[12.6355239,46.156796599999986],[12.635288,46.1568516],[12.635096699999998,46.1568843],[12.6349576,46.156899799999984],[12.6347709,46.156893499999995],[12.634418600000002,46.1569101],[12.634204999999998,46.156925599999994],[12.6340336,46.15691529999998],[12.6338991,46.1569176],[12.633464800000002,46.156903299999996],[12.6332785,46.15691189999998],[12.633072999999998,46.1569474],[12.6329952,46.156930599999995],[12.632831599999998,46.15689349999999],[12.6325533,46.15678629999999],[12.632190599999998,46.156761599999996],[12.6319025,46.15670190000001],[12.631634200000002,46.156677899999984],[12.631377900000002,46.15663519999998],[12.6312518,46.15663149999999],[12.631170000000001,46.15662219999998],[12.6311204,46.156636199999994],[12.6311512,46.156661199999995],[12.6312518,46.156711399999985],[12.6313617,46.1567663],[12.6314021,46.156795499999994],[12.6315106,46.156926],[12.6315764,46.1570133],[12.631635400000002,46.15708759999999],[12.6316971,46.1571359],[12.631788299999998,46.1571926],[12.6318341,46.157279700000004],[12.6319009,46.1573227],[12.6321128,46.15743409999999],[12.632169599999997,46.15752539999998],[12.632231,46.1576227],[12.632310099999996,46.15778209999999],[12.6323716,46.1579038],[12.632410199999999,46.15798279999999],[12.632475199999998,46.1580814],[12.6325648,46.1581824],[12.6326297,46.158287],[12.6326666,46.1583782],[12.632722799999998,46.1584914],[12.6327409,46.158529900000005],[12.632767400000002,46.15855130000002]]},"properties":{"type":"trail","highway":"path","name":"","shade_pct":60.4,"length_m":869}},{"type":"Feature","geometry":{"type":"LineString","coordinates":[[12.636165100000001,46.15542829999999],[12.6361806,46.155495599999995],[12.6361693,46.1555382],[12.636096900000002,46.155587999999995],[12.6359352,46.1556508],[12.6358322,46.155738499999984],[12.635758700000002,46.155813099999996],[12.6355749,46.15587500000001],[12.6353961,46.1559318],[12.6352696,46.155980899999996],[12.635122800000001,46.1559852],[12.635041,46.155952099999986],[12.634862000000002,46.15595759999999],[12.634674199999997,46.15597999999999],[12.634451800000003,46.1560158],[12.6342579,46.15602299999999],[12.634064099999998,46.15600329999998],[12.6338521,46.155987199999984],[12.633624599999997,46.15595309999999],[12.6332911,46.155892299999984],[12.6327379,46.15578479999999],[12.6324742,46.1556827],[12.6322855,46.15564510000001],[12.6321149,46.155614699999994]]},"properties":{"type":"trail","highway":"path","name":"","shade_pct":100.0,"length_m":352}},{"type":"Feature","geometry":{"type":"LineString","coordinates":[[12.6702606,46.149082799999995],[12.670213399999998,46.1490051],[12.670210399999998,46.1489193],[12.670294000000002,46.148719199999995],[12.670422100000001,46.14847059999999],[12.670684099999999,46.14813319999999],[12.6708522,46.147951699999986],[12.670954700000001,46.1478432],[12.670986000000001,46.1477958],[12.670980299999998,46.147750499999994],[12.670954700000001,46.1477051],[12.6709006,46.147675499999984],[12.670598699999996,46.14757679999999],[12.6702626,46.1474801],[12.6699722,46.1474052],[12.669727200000002,46.147344000000004],[12.6694795,46.14732029999999],[12.6692801,46.14731239999997],[12.669032400000003,46.14730059999999],[12.668850100000002,46.14730059999999],[12.668576700000001,46.14732620000001],[12.6681267,46.1473618],[12.667896799999998,46.14738079999999],[12.6676711,46.14740520000001],[12.667243899999999,46.14747619999999],[12.666890700000002,46.1475275],[12.6665034,46.14763799999999],[12.6660819,46.14783529999999],[12.6657174,46.14806020000002],[12.665512300000001,46.1482259],[12.665301600000001,46.148446899999996],[12.665079499999997,46.14870339999998],[12.664880100000001,46.14893229999998],[12.664726300000002,46.14916509999998],[12.6645384,46.1494532],[12.664464200000001,46.14957600000001]]},"properties":{"type":"trail","highway":"track","name":"","shade_pct":30.8,"length_m":798}},{"type":"Feature","geometry":{"type":"LineString","coordinates":[[12.631811199999998,46.14449359999999],[12.631913099999998,46.1446834],[12.632101100000002,46.14484909999999],[12.632322000000002,46.145036999999995],[12.632555500000002,46.145332999999994],[12.632577200000004,46.145382],[12.632663800000003,46.1455777],[12.632823200000002,46.1459012],[12.632908699999998,46.14612219999999],[12.6329485,46.14641419999999],[12.632880200000002,46.146714200000005],[12.6328061,46.1468523],[12.632789100000002,46.1470022],[12.632732100000002,46.14715220000001],[12.6326125,46.147250799999995],[12.632378999999998,46.1473298],[12.632139699999998,46.14733369999999],[12.6320486,46.1473257],[12.6319746,46.14735739999998],[12.631872000000001,46.14777169999999],[12.6316727,46.1480637],[12.631490399999999,46.14837549999999],[12.631461900000003,46.14880159999999],[12.6315018,46.1489792],[12.631632799999998,46.14910150000001],[12.6316685,46.149144899999996],[12.6317239,46.149211999999984],[12.6318322,46.14943300000001],[12.631877699999999,46.149503999999986],[12.631883400000003,46.149581],[12.6318777,46.14977039999998],[12.6318834,46.149904500000005],[12.6319461,46.15005250000001],[12.632031499999998,46.15013540000001],[12.632077099999998,46.15022809999999],[12.632121200000004,46.150286300000005],[12.632161,46.1503365]]},"properties":{"type":"trail","highway":"track","name":"","shade_pct":100.0,"length_m":737}},{"type":"Feature","geometry":{"type":"LineString","coordinates":[[12.664232099999996,46.1493127],[12.664304199999998,46.14928719999999],[12.6643483,46.1492191],[12.6644566,46.14906229999998],[12.6646417,46.1488235],[12.664739900000002,46.1486736],[12.664870900000002,46.148506899999994],[12.664987700000001,46.148361799999996],[12.665134399999998,46.14820500000001],[12.665269499999999,46.14806560000001],[12.665448899999998,46.147919599999994],[12.6656454,46.147775599999996],[12.665893199999998,46.14762369999998],[12.666229200000002,46.14745589999999],[12.666434300000002,46.147388899999996],[12.666645,46.1473178],[12.666912700000001,46.1472468],[12.667112100000002,46.1472054],[12.6673399,46.147158],[12.6675193,46.1471383],[12.667676,46.1471324],[12.667844,46.147086999999985],[12.667938,46.1470515],[12.667980699999996,46.14699619999998],[12.6680861,46.146706200000004],[12.6681601,46.146420099999986],[12.6681715,46.146299699999986],[12.668154399999999,46.14623459999998],[12.6681089,46.14614980000001],[12.668000599999997,46.14604519999999],[12.667852499999999,46.1458578],[12.667775599999999,46.14575319999998],[12.667636099999998,46.14561109999998],[12.667524999999998,46.14549469999999],[12.667285799999998,46.145178999999985],[12.667132000000002,46.1450133],[12.667006699999998,46.14489879999999],[12.666830099999999,46.1448751],[12.6666137,46.14490669999999],[12.666243499999997,46.14499749999999],[12.666002800000001,46.1450591],[12.665793399999998,46.14509249999998],[12.665700700000004,46.1450534]]},"properties":{"type":"trail","highway":"track","name":"","shade_pct":27.2,"length_m":776}},{"type":"Feature","geometry":{"type":"LineString","coordinates":[[12.639379000000002,46.152063099999985],[12.6394834,46.151886999999995],[12.639576000000002,46.15165819999999],[12.639636399999999,46.1514238],[12.639680700000001,46.151195099999995],[12.639717,46.1509774],[12.6397411,46.1508079],[12.6399475,46.1508623],[12.640020300000002,46.15078009999999]]},"properties":{"type":"trail","highway":"path","name":"","shade_pct":100.0,"length_m":171}},{"type":"Feature","geometry":{"type":"LineString","coordinates":[[12.6366921,46.151744999999984],[12.6366318,46.151807500000004],[12.6365116,46.15195399999998],[12.636374,46.1520967],[12.6363227,46.152130899999996],[12.636259199999998,46.1521487],[12.636159799999998,46.15215659999999],[12.635877399999998,46.15215150000001],[12.635256,46.15214919999999],[12.6350296,46.152156999999995],[12.6349694,46.152164199999994],[12.6349202,46.152378299999995],[12.634998500000002,46.15238539999998],[12.6351253,46.15240279999999],[12.635291000000002,46.152421700000005],[12.6354638,46.15244029999998],[12.6355658,46.152455499999995],[12.635654,46.152498699999974],[12.635704,46.152542700000005],[12.6357302,46.15261009999999],[12.635725100000002,46.1526732],[12.6357156,46.152711599999996],[12.635701300000001,46.1527667],[12.635683200000003,46.15284],[12.6356646,46.152902399999995],[12.6356372,46.153027900000005],[12.635698200000002,46.153152799999994],[12.635755600000001,46.1533054],[12.635820700000002,46.15347069999999],[12.635843599999998,46.153529800000015],[12.635868499999999,46.15359959999998],[12.6358787,46.153657],[12.6358927,46.15373260000001],[12.635906499999999,46.1538298],[12.635917899999999,46.15388819999999],[12.6359429,46.15394229999999],[12.635997799999997,46.15403989999999],[12.636021600000001,46.15407899999998],[12.6360335,46.15410619999999],[12.6360524,46.15416199999998],[12.636062399999998,46.15422169999999],[12.636059700000002,46.154284499999996],[12.6360482,46.154340600000005],[12.635997700000004,46.1544457],[12.6359572,46.154525],[12.6359497,46.15455869999999],[12.635943699999999,46.15460519999999],[12.6359476,46.15468429999999],[12.635959700000003,46.154835500000004],[12.6359636,46.15497479999999],[12.635957600000001,46.15500850000002],[12.635942799999999,46.1550456],[12.635919299999998,46.15509729999998],[12.635890399999997,46.1551517],[12.635892200000002,46.15517059999999],[12.635943899999997,46.1552024],[12.6360957,46.1553355],[12.636112199999998,46.1553647],[12.636112399999998,46.15538199999999],[12.636118400000003,46.1554042]]},"properties":{"type":"trail","highway":"path","name":"","shade_pct":81.8,"length_m":578}},{"type":"Feature","geometry":{"type":"LineString","coordinates":[[12.627324300000002,46.16183649999999],[12.6271905,46.1618616],[12.627006499999998,46.16189889999999],[12.6268447,46.1618967],[12.6267137,46.16185349999999],[12.626569299999998,46.16183999999999],[12.626340999999998,46.16189519999999],[12.626233500000001,46.161896000000006],[12.6260557,46.1618313],[12.6258479,46.16186859999999],[12.625619199999997,46.161917999999986],[12.625346399999998,46.16204419999998],[12.6250989,46.162158500000004],[12.624945,46.162234299999994],[12.6247768,46.1622987],[12.624643699999998,46.162240899999986],[12.6245747,46.1621733],[12.624573700000001,46.16210529999999],[12.624485,46.1620127],[12.624339599999997,46.16193539999999],[12.6241685,46.161858999999986],[12.6240653,46.1618024],[12.624008399999997,46.1617243],[12.6239217,46.161605900000005],[12.6238922,46.16153059999999],[12.6237681,46.16143619999999],[12.6236404,46.1613358],[12.6235462,46.161268099999994],[12.623225399999999,46.16120339999999],[12.623070599999998,46.16114679999999],[12.622969099999999,46.1610998],[12.6228742,46.16104839999999],[12.6228381,46.16098639999999],[12.622805399999999,46.160900999999996],[12.6228046,46.16085739999999],[12.6227765,46.16081189999999],[12.6227098,46.16083319999998],[12.622645300000002,46.16086399999998],[12.6225596,46.16085189999999],[12.622433300000003,46.16077550000001],[12.6224161,46.16070549999999],[12.622375100000003,46.16064169999998],[12.622335200000002,46.1605877],[12.622276500000003,46.16053999999999],[12.6221671,46.16048919999999],[12.6221186,46.16040799999999],[12.6220696,46.16031339999999],[12.6219843,46.16027199999999],[12.6219144,46.1602661],[12.6218571,46.16035030000001],[12.6218671,46.16041360000001],[12.6218584,46.160540199999986],[12.6218099,46.1607985],[12.6218092,46.16098670000002],[12.6218821,46.16109919999999],[12.6219277,46.161262699999995],[12.6219908,46.161510299999996],[12.6220787,46.161708799999985],[12.6220841,46.16186009999999],[12.6219209,46.161958699999985],[12.6218035,46.16200039999999],[12.621625900000002,46.162033399999984],[12.6215829,46.162055799999976],[12.621475100000001,46.162151900000005],[12.6214264,46.16225069999999],[12.6213831,46.16233869999999],[12.621341900000001,46.16245769999999],[12.6213195,46.16256959999999],[12.6212534,46.162819500000005],[12.621293300000001,46.16294759999998],[12.6212829,46.163118099999984],[12.6212321,46.163254300000006],[12.6212086,46.163368299999995],[12.621214900000002,46.16349570000001],[12.6212176,46.1635681],[12.621299999999998,46.16372609999999],[12.6214043,46.1638595],[12.6213597,46.163964],[12.621287399999998,46.164113199999996],[12.621195300000002,46.16424279999998],[12.6209695,46.16447959999999],[12.620801,46.16463539999999],[12.6206058,46.16476279999998],[12.6204209,46.16492819999999],[12.620133700000002,46.165142599999996],[12.6198779,46.1653975],[12.619716400000001,46.165559099999996],[12.6195997,46.165636799999994],[12.619460600000002,46.1656834],[12.6193618,46.165670999999996],[12.619137500000003,46.1656803],[12.618922099999999,46.1657456],[12.618720200000002,46.165820100000005],[12.6186439,46.1658978],[12.6185566,46.1660357],[12.618419499999998,46.166189599999996],[12.6181368,46.16633290000001],[12.617876499999998,46.166469699999986],[12.6177798,46.16663579999999],[12.6176024,46.16682640000001],[12.617450100000001,46.16704169999998],[12.617247,46.16731419999999],[12.6171149,46.16772379999998],[12.616853599999999,46.1681229],[12.6166868,46.168402299999975],[12.616507900000002,46.16871909999999],[12.6163103,46.168956299999984],[12.616176899999997,46.1691001],[12.615948200000002,46.169209800000004],[12.6158253,46.169300299999975],[12.6156488,46.16940050000001],[12.615437899999998,46.169524799999984],[12.6152449,46.1696678],[12.6150375,46.16980319999999],[12.614940900000002,46.1698711],[12.6147109,46.1698511],[12.614310999999999,46.1698597],[12.6140957,46.1699142],[12.613954499999998,46.17000899999998],[12.6138414,46.17004369999998],[12.613647899999997,46.1700956],[12.6135198,46.170178400000005],[12.613460900000002,46.1702506],[12.6134699,46.1703131],[12.6132375,46.1704665],[12.6131144,46.17065710000001],[12.613089,46.1707776],[12.6130975,46.17091599999999],[12.613001200000001,46.17108659999999],[12.6129957,46.17117109999999],[12.612889,46.17134899999998],[12.612728499999998,46.17145079999999],[12.612642199999998,46.17160339999999],[12.612503099999998,46.171827499999985],[12.6124269,46.17209789999999],[12.612265299999999,46.172306099999986],[12.6121307,46.17252359999999],[12.611972100000001,46.1728209],[12.6118201,46.172975499999986],[12.6117657,46.1730039],[12.611675000000002,46.173006300000004],[12.611435100000001,46.17288409999998],[12.611260100000003,46.17283429999999],[12.611071700000002,46.172828100000004],[12.6107934,46.17279709999998],[12.610622900000001,46.172709999999995],[12.6103806,46.1727007],[12.610142799999998,46.17273490000001],[12.609931899999998,46.1727535],[12.6097165,46.172775299999984],[12.6094981,46.1728202],[12.6092139,46.172781499999985],[12.609016399999998,46.172744200000004],[12.6088414,46.1728654],[12.6087607,46.173058099999984],[12.6086754,46.17322279999999],[12.6085318,46.1734185],[12.608419599999998,46.173542799999986],[12.608316400000001,46.173744800000016],[12.608087,46.173898400000006],[12.607993300000002,46.173987199999985]]},"properties":{"type":"trail","highway":"path","name":"","shade_pct":100.0,"length_m":2722}},{"type":"Feature","geometry":{"type":"LineString","coordinates":[[12.614310999999999,46.1698597],[12.6145502,46.16990030000001],[12.6147621,46.1699108],[12.615079599999998,46.1699086],[12.615396499999997,46.1699279],[12.615585200000002,46.1699395]]},"properties":{"type":"trail","highway":"path","name":"","shade_pct":100.0,"length_m":99}},{"type":"Feature","geometry":{"type":"LineString","coordinates":[[12.6592497,46.171197599999985],[12.6591952,46.171150000000004],[12.659121199999998,46.17113129999999],[12.658961900000001,46.171106400000006],[12.6588766,46.17110329999999],[12.6587667,46.1710971],[12.658638799999999,46.171098699999995],[12.658558,46.17112199999999],[12.658475000000001,46.17115460000001],[12.658398700000001,46.17120589999999],[12.6582843,46.171247799999996],[12.658226599999999,46.17125629999999]]},"properties":{"type":"trail","highway":"path","name":"","shade_pct":100.0,"length_m":87}},{"type":"Feature","geometry":{"type":"LineString","coordinates":[[12.633985400000004,46.1542658],[12.634100799999999,46.154391800000006],[12.6346321,46.1547126],[12.634754400000002,46.15485379999997],[12.6348552,46.1550519],[12.6348974,46.155202700000004],[12.6348942,46.15537379999998],[12.6348714,46.1554796],[12.634952699999998,46.155648400000004],[12.6350047,46.155788],[12.635049000000002,46.15582260000001],[12.6351819,46.155780400000005],[12.6352668,46.155711],[12.635395299999999,46.1557246],[12.6355172,46.155787899999986],[12.6355749,46.15587500000001]]},"properties":{"type":"trail","highway":"path","name":"","shade_pct":100.0,"length_m":255}},{"type":"Feature","geometry":{"type":"LineString","coordinates":[[12.6156488,46.16940050000001],[12.6155131,46.1693945],[12.615396400000002,46.16934469999998],[12.6152214,46.16927009999999],[12.6150688,46.16924219999999],[12.6148579,46.16923599999999],[12.614669400000002,46.169204899999976],[12.6145797,46.16912409999999],[12.6141172,46.169050700000014],[12.6135841,46.169041899999996],[12.613254100000002,46.1690595],[12.613051099999998,46.16897159999999],[12.612759100000002,46.1689716],[12.6125434,46.16893639999998],[12.6124876,46.16887409999999],[12.612424499999998,46.168742999999985],[12.612430800000002,46.168638099999995],[12.612494,46.16841949999999],[12.6125066,46.1683233],[12.612449799999998,46.16813100000001],[12.6124308,46.1680217],[12.6124308,46.16785549999999],[12.612393000000003,46.167741899999996],[12.612374000000003,46.167562600000004],[12.612373999999999,46.167422699999996],[12.6124308,46.1673003],[12.612481300000002,46.16723039999998],[12.6125571,46.16715170000001],[12.6126391,46.1670774],[12.6127654,46.1670074],[12.612809600000004,46.1669506],[12.612860099999999,46.1668457],[12.6128916,46.1667714],[12.612916899999998,46.166675199999986],[12.6127906,46.166600899999985],[12.6126202,46.166544],[12.612342500000002,46.16650469999999],[12.6121783,46.16643469999999],[12.612127799999998,46.16635169999999],[12.6121594,46.1662773],[12.612228799999999,46.166146199999986],[12.6123298,46.1660019],[12.612475000000002,46.165805199999994],[12.612645500000001,46.1657352],[12.612727499999998,46.1656522],[12.6128853,46.165577799999994],[12.613144100000001,46.165494800000005],[12.6132388,46.16542919999999],[12.613459799999998,46.16527619999999],[12.613567100000003,46.165228099999986],[12.613655500000002,46.165162499999994],[12.613895300000001,46.165009499999975],[12.613985000000001,46.16497009999999],[12.6141744,46.16486079999998],[12.6143259,46.16477779999999],[12.6144837,46.164686],[12.6146478,46.164633499999994],[12.614938200000001,46.164559199999985],[12.6151591,46.1644892],[12.6152854,46.164449899999994],[12.6154116,46.16434929999999],[12.6155505,46.16420500000002],[12.6156957,46.16406509999999],[12.6157778,46.1639165],[12.6157841,46.16383340000001],[12.6157778,46.163689199999986],[12.615777799999998,46.16358859999999],[12.6157588,46.16347929999999],[12.6157588,46.1633263],[12.615822000000001,46.163203900000006],[12.615904,46.1630771],[12.6158661,46.162967800000004],[12.6157146,46.16290219999998],[12.6156136,46.162814700000006],[12.6155884,46.16271419999999],[12.6156326,46.1625655],[12.615594700000003,46.16243],[12.615575799999998,46.16229010000001],[12.615474800000001,46.16215449999999],[12.615474800000001,46.16199280000001],[12.6153801,46.16189659999999],[12.6152917,46.16170420000001],[12.615216000000002,46.16155990000001],[12.615152799999999,46.16142879999999],[12.6150897,46.16133689999999],[12.615102299999998,46.1612189],[12.6150834,46.1610178],[12.6149824,46.1609216],[12.6150013,46.16081229999999],[12.614900300000002,46.16063739999999],[12.6147425,46.16059369999999],[12.6144837,46.160532399999994],[12.6142817,46.160515],[12.6141618,46.16043629999999],[12.614004,46.160401300000004],[12.6138335,46.16032689999999],[12.613681999999999,46.160187],[12.6135936,46.160073399999995],[12.613472900000001,46.159933399999986],[12.6133751,46.159855799999995],[12.613365599999998,46.1597957],[12.6133498,46.15974649999998],[12.6133625,46.15968639999999],[12.6133719,46.1595978],[12.613401699999999,46.1595064]]},"properties":{"type":"trail","highway":"path","name":"","shade_pct":100.0,"length_m":1583}},{"type":"Feature","geometry":{"type":"LineString","coordinates":[[12.621214900000002,46.16349570000001],[12.621256200000001,46.16354889999999],[12.6213577,46.16359280000001],[12.6214339,46.163638999999996],[12.621522699999998,46.16370489999999],[12.6215957,46.163766499999994],[12.6216496,46.16384339999999],[12.6217448,46.16393569999999],[12.6218019,46.164023599999986],[12.621821000000002,46.16412469999999],[12.6218242,46.16422359999999],[12.6218368,46.1643181],[12.6218432,46.16441919999999],[12.621827299999998,46.164498299999984],[12.6217924,46.1645752]]},"properties":{"type":"trail","highway":"path","name":"","shade_pct":100.0,"length_m":137}},{"type":"Feature","geometry":{"type":"LineString","coordinates":[[12.607993300000002,46.173987199999985],[12.607946800000002,46.17402509999999],[12.607969200000001,46.17413699999999],[12.6079984,46.174225499999984],[12.608018599999998,46.1743265],[12.608065699999997,46.17444929999999],[12.608023100000002,46.174514500000015],[12.6080074,46.1745782],[12.608031999999998,46.17460619999999],[12.608112799999999,46.1746108],[12.608215999999999,46.17457819999999],[12.608308,46.1745611],[12.608379799999998,46.174578199999985],[12.608409000000002,46.174627899999976],[12.6084269,46.174683900000005],[12.6084588,46.17475049999999],[12.6084311,46.17478829999999],[12.608445600000001,46.17480899999999],[12.608483400000003,46.174824499999986],[12.6084466,46.174857199999984],[12.608378700000001,46.1748452],[12.608324799999998,46.174835299999984],[12.6081915,46.1748529],[12.6080254,46.17489619999999],[12.6078932,46.1749715],[12.607715499999998,46.1750419],[12.6076424,46.175100099999995],[12.6076735,46.17514709999999],[12.6076677,46.17519059999999],[12.6075949,46.1751707],[12.6075064,46.17513359999999],[12.607423000000002,46.175100099999995],[12.6073439,46.17507549999999],[12.6072596,46.175042499999996],[12.607161499999998,46.1750045],[12.6070509,46.17497690000002],[12.6069328,46.174958799999985],[12.606827200000001,46.174951899999996],[12.606729500000002,46.174930100000005],[12.606636600000002,46.17489199999999],[12.606541199999999,46.174890399999995],[12.606430099999999,46.17488569999999],[12.6063264,46.174865700000005],[12.6062265,46.17483759999998],[12.606122300000001,46.17482300000002],[12.606024099999999,46.1748218],[12.6059363,46.1748004],[12.605889200000002,46.174801699999996],[12.6057976,46.174777099999986],[12.6057108,46.17476639999999],[12.605633299999997,46.17473540000002],[12.6055519,46.174735999999996],[12.6054638,46.17473879999999],[12.605375099999996,46.174735000000005],[12.6052817,46.17474169999999],[12.6052259,46.17476349999998],[12.605152800000003,46.1747749],[12.6050604,46.17478450000001],[12.604981200000001,46.174784799999976],[12.6049089,46.1748062],[12.604859900000001,46.17483759999998],[12.6047896,46.17485229999998],[12.6047005,46.17486339999999],[12.604609599999998,46.17488829999999],[12.6045186,46.174904799999986],[12.604437900000004,46.17492869999999],[12.604340600000002,46.17494730000001],[12.604235300000001,46.17494839999999],[12.604154,46.174955399999995],[12.604080400000003,46.1749742],[12.604010799999998,46.175002799999994],[12.6039354,46.1750188],[12.6038652,46.17504379999999],[12.6037849,46.1750639],[12.603711599999997,46.17509139999997],[12.603633499999999,46.1751067],[12.6035763,46.175135999999995],[12.603511700000002,46.1751688],[12.603463500000004,46.175212099999996],[12.603473800000002,46.175240099999996],[12.603542199999998,46.1752243],[12.6036179,46.175211299999994],[12.603618999999998,46.17523119999999],[12.603621499999997,46.17525840000001],[12.603636600000002,46.1752886],[12.603684100000002,46.17531160000001],[12.6037344,46.17533499999999],[12.603768599999999,46.175356799999996],[12.6038116,46.175395299999984],[12.6038782,46.175434499999994],[12.603907900000001,46.175484399999995],[12.603945,46.17551569999999],[12.604014,46.17552909999999],[12.604074700000002,46.17554659999998],[12.6041364,46.17558040000001],[12.6041972,46.1756206],[12.6042482,46.17565469999999],[12.604314600000002,46.17562040000001],[12.6043609,46.1755828],[12.604411799999996,46.175549399999994],[12.6044517,46.175499099999996],[12.6045068,46.1754814],[12.6045553,46.17547379999999],[12.6046082,46.175475799999994],[12.604672499999998,46.1754738],[12.6047216,46.1754794],[12.604774500000001,46.175465999999986],[12.604842399999999,46.175464899999994],[12.6048994,46.17545649999998],[12.6049601,46.1754509],[12.6050153,46.1754478],[12.6050822,46.175464199999986],[12.6051295,46.1754804],[12.6051627,46.175516099999996],[12.6051947,46.17554799999999],[12.6052632,46.17553449999999],[12.605341600000001,46.17552449999999],[12.605394899999999,46.1755295],[12.605448,46.1755507],[12.6054962,46.17557349999999],[12.6055409,46.175590599999985],[12.605588899999997,46.17561299999999],[12.605620800000002,46.175651399999985],[12.6056839,46.17568210000001],[12.6057645,46.17570969999999],[12.6058101,46.175684700000005],[12.605829699999997,46.17570069999998],[12.6058743,46.1757396],[12.605919699999998,46.1757759],[12.605954100000002,46.17579760000001],[12.605969599999996,46.1758245],[12.606019300000002,46.175841899999995],[12.606048,46.1758713],[12.606090699999996,46.1758874],[12.606142699999998,46.1759037],[12.6061613,46.17594189999999],[12.6061882,46.1759588],[12.606215899999999,46.175988700000005],[12.606262299999997,46.17600689999999],[12.606300600000003,46.176044699999984],[12.6063353,46.176089799999986],[12.606379099999998,46.1761161],[12.6064447,46.17612779999999],[12.606524400000001,46.17614449999999],[12.606587799999998,46.176157599999996],[12.6066622,46.1761779],[12.606721700000001,46.1761989],[12.606767000000001,46.17619239999999],[12.6068094,46.17619679999999],[12.6068526,46.17622540000001],[12.606908200000001,46.1762575],[12.6069387,46.176292100000005],[12.606974300000001,46.17633159999999],[12.607029499999998,46.17635090000001],[12.607053499999997,46.17638039999999],[12.6070895,46.1763911],[12.6071368,46.17642],[12.6071848,46.176455000000004],[12.6072309,46.176495800000005],[12.60729,46.1765222],[12.6073278,46.176555799999996],[12.6073418,46.176582899999985],[12.607356,46.1766224],[12.607302499999998,46.1766475],[12.607236199999997,46.176653899999984],[12.607150200000001,46.17668039999998],[12.6071487,46.176707100000016],[12.607215799999999,46.176726699999996],[12.607281699999998,46.176746499999986],[12.607344899999998,46.17675409999998],[12.6073851,46.1767673],[12.607424899999996,46.176784799999986],[12.6074826,46.17677],[12.6075041,46.17672290000001],[12.607529599999998,46.176712699999996],[12.607533,46.17676650000001],[12.6075259,46.17681039999999],[12.6074869,46.1768371],[12.607452899999998,46.17686159999999],[12.6074363,46.176884599999994],[12.607482899999999,46.17689729999999],[12.6075433,46.176902899999995],[12.607602799999999,46.17689959999998],[12.607623400000001,46.176871299999995],[12.607674100000002,46.1768328],[12.6077586,46.17679879999999],[12.607810600000002,46.176734399999994],[12.607894800000002,46.1767539],[12.607964,46.176787299999994],[12.6080361,46.17678639999999],[12.608104,46.17677889999999],[12.6081396,46.176793099999976],[12.6081385,46.176820199999995],[12.608201600000001,46.17681759999999],[12.608283900000002,46.1768033],[12.608374199999998,46.17682209999999],[12.6084477,46.17684899999999],[12.6085419,46.17688119999998],[12.608622899999997,46.176907199999995],[12.608707799999998,46.17694019999999],[12.6087383,46.1769583],[12.6087407,46.1769589],[12.60877,46.176969799999995],[12.608824300000002,46.1769863],[12.608810499999999,46.17701619999999],[12.6087632,46.177049299999986],[12.608844699999999,46.1770606],[12.608916000000002,46.1770709],[12.608903700000003,46.17710799999999],[12.6088403,46.177143199999996],[12.6087845,46.177184999999994],[12.608715600000002,46.1772101],[12.608657199999998,46.177206999999996],[12.6085943,46.1772292],[12.608514500000004,46.177256699999994],[12.608497,46.177311899999985],[12.608453,46.1773401],[12.6084166,46.1773774],[12.608373899999998,46.17739910000001],[12.6083561,46.177441599999995],[12.6083312,46.17748069999998],[12.6082913,46.17753449999999],[12.608232099999999,46.17758030000001],[12.608167100000001,46.177624499999986],[12.6081436,46.17767630000001],[12.608157799999999,46.17771099999999],[12.6081762,46.177731100000024],[12.608151199999998,46.17776799999998],[12.608206299999999,46.1778089],[12.6081525,46.1778463],[12.6080814,46.17786509999999],[12.6080855,46.177901599999984],[12.608139599999996,46.17795499999999],[12.608196600000001,46.17799279999999],[12.608220399999999,46.17802390000001],[12.608162899999998,46.17805080000001],[12.608076199999998,46.178068700000004],[12.6080145,46.17809789999999],[12.608030300000001,46.178129],[12.607988799999998,46.1781543],[12.6079862,46.178187099999995],[12.607962099999998,46.178231000000004],[12.607985399999999,46.178256],[12.6079913,46.17827129999999],[12.60797,46.17830380000001],[12.6079936,46.178333699999996],[12.6080212,46.178343999999996],[12.6080379,46.1783603],[12.608012600000002,46.17837769999999],[12.607978500000002,46.1784207],[12.607950299999999,46.178415900000005],[12.607906500000002,46.17841310000001],[12.6078955,46.178416899999995],[12.607876899999999,46.178418399999984],[12.607854299999998,46.17840449999998],[12.6078515,46.1784006],[12.6078468,46.1784084],[12.6078189,46.17842219999999],[12.607783600000001,46.17842209999999],[12.607748200000001,46.17843590000002],[12.6077441,46.1784689],[12.607737799999999,46.178503],[12.607761799999999,46.17851799999998],[12.607766099999997,46.17853]]},"properties":{"type":"trail","highway":"path","name":"","shade_pct":95.8,"length_m":1428}},{"type":"Feature","geometry":{"type":"LineString","coordinates":[[12.628636199999999,46.16153119999999],[12.628479399999996,46.1614118],[12.6282706,46.16129759999999],[12.628146399999999,46.16126319999999],[12.6280195,46.16120610000001],[12.627840299999999,46.16115269999998],[12.6277282,46.16114489999998],[12.627647399999999,46.1611651],[12.6276115,46.161189999999976],[12.6276137,46.1612288],[12.627622699999998,46.16129259999999],[12.6276429,46.161364000000006],[12.627586799999998,46.16144489999999],[12.6275487,46.161506999999986],[12.627509,46.1616089],[12.627501999999998,46.16168279999999],[12.627481899999998,46.1617536],[12.6274362,46.16180000000001],[12.627324300000002,46.16183649999999]]},"properties":{"type":"trail","highway":"path","name":"","shade_pct":100.0,"length_m":176}},{"type":"Feature","geometry":{"type":"LineString","coordinates":[[12.652771799999998,46.16395729999999],[12.652868199999999,46.1640455],[12.6529444,46.164109199999984],[12.652953899999998,46.16416639999999],[12.6529412,46.16421249999999],[12.652903100000001,46.1642345],[12.652845999999998,46.1642411],[12.6527127,46.164271899999996],[12.6525446,46.1642916],[12.652357299999998,46.1643114],[12.652182800000002,46.16432679999999],[12.652024199999998,46.164346599999995],[12.6519131,46.16434439999999],[12.651757599999996,46.164328999999995],[12.651595800000003,46.164295999999986],[12.6513451,46.164293799999996],[12.6508445,46.1643272],[12.650438300000003,46.16436229999998],[12.6499053,46.164406299999996],[12.6495245,46.16444150000001],[12.6492833,46.1645294],[12.6490168,46.164626099999985],[12.648686800000002,46.1647052],[12.648280699999999,46.16475789999999],[12.647773000000003,46.164801899999986],[12.647582599999998,46.164810700000004],[12.647265300000003,46.164880999999994],[12.6469987,46.16495129999999],[12.646725899999998,46.16501279999999],[12.646345100000001,46.164999699999996],[12.646173799999998,46.164960099999995],[12.6458628,46.16497770000001],[12.6456661,46.1649777],[12.6455169,46.164988699999995],[12.645478900000002,46.16503700000001],[12.6454725,46.165096]]},"properties":{"type":"trail","highway":"path","name":"","shade_pct":69.7,"length_m":635}},{"type":"Feature","geometry":{"type":"LineString","coordinates":[[12.609988100000002,46.1627633],[12.609736499999999,46.16284639999999],[12.6095047,46.16292279999999],[12.6092911,46.1629933],[12.6091367,46.1630443],[12.608980999999998,46.16307499999999]]},"properties":{"type":"trail","highway":"path","name":"","shade_pct":100.0,"length_m":85}},{"type":"Feature","geometry":{"type":"LineString","coordinates":[[12.6697295,46.14278649999999],[12.6696679,46.1427801],[12.669578700000002,46.14278970000001],[12.6688682,46.14283529999999],[12.668367999999997,46.14285569999999],[12.667603,46.14288619999999],[12.6670219,46.1428862],[12.666433500000002,46.142916799999995],[12.666065700000003,46.1430646],[12.666017499999997,46.14313519999998]]},"properties":{"type":"trail","highway":"track","name":"","shade_pct":97.1,"length_m":297}},{"type":"Feature","geometry":{"type":"LineString","coordinates":[[12.671502,46.1434218],[12.6717055,46.14346170000002],[12.672154399999998,46.143576199999984],[12.672362399999999,46.1436338],[12.672684900000002,46.14369689999999],[12.6729138,46.14374200000001],[12.6731166,46.14379600000001],[12.673324700000002,46.14383379999998],[12.673569199999998,46.14387349999998],[12.673779800000002,46.143952799999994],[12.6739578,46.144042600000006],[12.674128200000002,46.14409470000002]]},"properties":{"type":"trail","highway":"track","name":"","shade_pct":99.8,"length_m":218}},{"type":"Feature","geometry":{"type":"LineString","coordinates":[[12.6689225,46.15056489999999],[12.668958,46.1502953],[12.669104000000004,46.149927000000005],[12.669186400000001,46.14969359999999],[12.669205099999997,46.14944460000002],[12.669261300000002,46.1492345],[12.6693361,46.14885850000001],[12.6694297,46.148555],[12.6695533,46.1483216],[12.669680599999998,46.148077799999996],[12.669762899999998,46.14785989999999],[12.669864,46.147605699999986],[12.6699722,46.1474052]]},"properties":{"type":"trail","highway":"track","name":"","shade_pct":100.0,"length_m":362}},{"type":"Feature","geometry":{"type":"LineString","coordinates":[[12.667896799999998,46.14738079999999],[12.6678535,46.1474315],[12.667810499999998,46.1475702],[12.667754299999999,46.14778179999999],[12.667671999999998,46.14805939999998],[12.667642,46.148202],[12.6676121,46.14837579999999],[12.6675896,46.1486507],[12.6675372,46.14891529999999],[12.667481,46.1494833],[12.6674286,46.149898300000004],[12.667434499999999,46.150212399999994],[12.6674275,46.150401099999996],[12.6673948,46.15044]]},"properties":{"type":"trail","highway":"track","name":"","shade_pct":98.3,"length_m":344}},{"type":"Feature","geometry":{"type":"LineString","coordinates":[[12.678508699999998,46.1189056],[12.6783752,46.119431899999974],[12.678095699999998,46.12009979999999],[12.6778861,46.120721800000005],[12.6776948,46.1211883],[12.6775403,46.12163700000001],[12.677330700000002,46.12216979999999],[12.677224,46.12247059999999],[12.6771872,46.12260320000001],[12.677113700000003,46.12279439999999],[12.677058500000001,46.12298560000001],[12.676992299999998,46.12327869999999],[12.676929799999996,46.123571899999995],[12.6769022,46.12378859999998],[12.6769246,46.12381229999999],[12.676979199999996,46.1238855],[12.676997599999998,46.124326],[12.676846800000002,46.1248001],[12.676861499999998,46.1252462],[12.6766077,46.12624550000001],[12.676534200000003,46.1266839],[12.6762693,46.127412899999996],[12.676122199999998,46.1282235],[12.675982499999998,46.1285753],[12.675975100000002,46.12893719999999],[12.6757986,46.12959479999999],[12.6757485,46.12967520000001],[12.675647099999999,46.1297274],[12.6755404,46.12974729999999],[12.6754364,46.12975089999999],[12.6753116,46.1297455],[12.675145100000002,46.1297365],[12.675041099999998,46.1297581],[12.6749189,46.1298969],[12.674856499999999,46.13005909999999],[12.6746484,46.1304826],[12.674528799999997,46.13072589999999],[12.674403900000001,46.13099089999999],[12.6741829,46.131513500000004],[12.674142199999999,46.13160130000001],[12.6739774,46.131956900000006],[12.673805699999999,46.13233729999999],[12.673450099999998,46.13312530000001],[12.6732969,46.13348049999999],[12.6731425,46.1338068],[12.6729402,46.13413709999999],[12.672907799999999,46.13425129999999],[12.672865499999999,46.13438129999998],[12.6727975,46.13447690000001],[12.672727600000004,46.13469479999999],[12.6726099,46.13498909999999],[12.6725271,46.13519689999998],[12.6724591,46.1353536],[12.672403900000003,46.1354594],[12.6723304,46.13566449999999],[12.672304600000002,46.13578559999999],[12.672269699999998,46.1359283],[12.6722108,46.1361156],[12.6721832,46.136280000000006],[12.6721008,46.1366119],[12.672023599999998,46.1368463],[12.6718481,46.13746189999999],[12.6717649,46.1378656],[12.671515200000004,46.13848549999998],[12.671459099999998,46.13865140000001],[12.6713395,46.138977600000004],[12.6712537,46.1391415],[12.671068999999997,46.13936859999999],[12.6710482,46.13950200000001],[12.670983199999997,46.13983889999999],[12.670938900000001,46.1400191],[12.6709073,46.140167599999984],[12.670808499999998,46.1404433],[12.6707486,46.14055319999999],[12.6706368,46.140762200000005],[12.6705133,46.1409974],[12.6703734,46.14127969999999],[12.670163799999997,46.14169260000001],[12.6699983,46.14202889999999],[12.669847500000001,46.14235510000001],[12.669785,46.14269909999999],[12.6697295,46.14278649999999],[12.6696673,46.1428699],[12.669404,46.143541899999995],[12.6692608,46.14396229999999],[12.669106400000002,46.1443216],[12.668871,46.14471909999999],[12.668656799999999,46.1451064],[12.668479899999998,46.145466799999994],[12.668336000000002,46.14566949999998],[12.668269200000001,46.145744599999986]]},"properties":{"type":"trail","highway":"track","name":"","shade_pct":92.8,"length_m":3140}},{"type":"Feature","geometry":{"type":"LineString","coordinates":[[12.6478239,46.13976679999999],[12.6476951,46.13987600000001],[12.647638999999998,46.13993969999999],[12.647676100000002,46.140079099999994],[12.6477396,46.14026979999999],[12.6477449,46.14042759999999],[12.647877300000001,46.1408128],[12.6478826,46.141040199999985],[12.6478455,46.14135939999999],[12.647819099999998,46.14160890000001],[12.647819100000001,46.141711599999994],[12.6479408,46.1420454],[12.6480573,46.142349899999985],[12.648258500000004,46.1427828],[12.6484332,46.14301019999999],[12.648554999999998,46.143233999999985],[12.648555,46.143450400000006],[12.6485786,46.143712300000004],[12.648543,46.14394189999999]]},"properties":{"type":"trail","highway":"track","name":"","shade_pct":100.0,"length_m":481}},{"type":"Feature","geometry":{"type":"LineString","coordinates":[[12.664368899999998,46.15197429999999],[12.664278699999997,46.1520128],[12.6640452,46.152063799999986],[12.6637657,46.15208939999999],[12.6635137,46.15210429999999],[12.663375500000003,46.15213620000001],[12.663123599999999,46.1522256],[12.662979200000002,46.1522256],[12.662865499999999,46.1521553],[12.662782600000002,46.15211699999999],[12.6626904,46.152117],[12.662589,46.1521362],[12.662444599999999,46.15221279999998],[12.662318699999998,46.1523299],[12.662208099999999,46.1524448],[12.662131300000002,46.152572499999984],[12.662042199999998,46.15270019999998],[12.6620053,46.15272039999999],[12.661897600000001,46.1527501]]},"properties":{"type":"trail","highway":"track","name":"","shade_pct":87.5,"length_m":237}},{"type":"Feature","geometry":{"type":"LineString","coordinates":[[12.6643098,46.1500524],[12.664325,46.15014569999999],[12.664388700000002,46.1502053],[12.664615,46.1502585],[12.664796599999999,46.150299999999994],[12.665058600000004,46.1503895],[12.665228999999998,46.15045429999999],[12.665474199999997,46.150582699999994],[12.665601500000001,46.15063459999999],[12.665777499999999,46.15068389999999],[12.665955299999998,46.15075129999999],[12.6664034,46.1509154],[12.6667793,46.1510621],[12.6669142,46.1511103],[12.6670472,46.15116870000001],[12.667138900000001,46.1512271],[12.6671857,46.15129320000001],[12.6672063,46.15137750000001],[12.667193200000002,46.151522699999994],[12.6671669,46.15172940000001],[12.667203900000002,46.15197510000002],[12.6671933,46.152202500000016],[12.6671986,46.152308899999994],[12.667198599999999,46.15258759999999],[12.6671861,46.1527043],[12.6671898,46.15289549999999],[12.6672173,46.1530454]]},"properties":{"type":"trail","highway":"track","name":"","shade_pct":78.6,"length_m":464}},{"type":"Feature","geometry":{"type":"LineString","coordinates":[[12.670938900000001,46.1400191],[12.670913399999998,46.1399564],[12.670855500000002,46.13987809999998],[12.670759899999998,46.13971399999999],[12.670702700000001,46.139526499999995],[12.670681900000002,46.1393968],[12.670594,46.13907119999998],[12.670513099999999,46.13888009999999],[12.670391799999999,46.13860739999998],[12.6702851,46.1383806],[12.6701674,46.1381104],[12.6700755,46.137886200000004],[12.670009300000002,46.1376619],[12.6698658,46.13726179999999],[12.6697518,46.13696359999999],[12.669659899999997,46.136698499999994],[12.6695164,46.136199],[12.669487000000002,46.13605879999999],[12.669391400000002,46.135900799999995],[12.669314099999998,46.1356995],[12.669240600000002,46.13537070000001],[12.669206400000004,46.13515120000001],[12.6691882,46.13498360000001],[12.669201199999998,46.13474209999998],[12.6692272,46.134603299999995],[12.6692376,46.134424899999985],[12.669185600000002,46.1341059],[12.6690868,46.133808599999995],[12.6690113,46.13360849999999],[12.6689512,46.1333288],[12.6689558,46.133250000000004]]},"properties":{"type":"trail","highway":"track","name":"","shade_pct":100.0,"length_m":773}},{"type":"Feature","geometry":{"type":"LineString","coordinates":[[12.6705133,46.1409974],[12.6703709,46.1409704],[12.6701796,46.14093470000002],[12.6698781,46.14090409999999],[12.6696868,46.14087349999999],[12.6693558,46.1408812],[12.6690542,46.14090919999999],[12.668770999999998,46.140893900000016],[12.668620199999998,46.1408939],[12.668465699999997,46.140860799999984],[12.668344399999999,46.140802199999996],[12.6682487,46.140707899999995],[12.668156800000002,46.14050660000002],[12.668053799999997,46.1402059],[12.667995000000001,46.13992040000001],[12.667921400000003,46.139686000000005],[12.667759600000002,46.1392324],[12.667730199999998,46.139008099999984],[12.6677522,46.13891129999999],[12.6676272,46.138518799999986],[12.667561600000003,46.13825439999999],[12.667535599999999,46.1380706],[12.667491400000001,46.1378544],[12.6674368,46.13764710000001],[12.6673978,46.137356999999994],[12.6673822,46.1372236],[12.6673353,46.13709389999999],[12.667291100000002,46.137043399999996],[12.667210500000001,46.13698400000001],[12.667145499999998,46.1369101],[12.6670935,46.13682539999999],[12.6670467,46.13663179999999],[12.6669582,46.1363903],[12.666927,46.1362065],[12.666927,46.13595060000001],[12.666932200000003,46.13571269999999],[12.666927,46.135496500000016],[12.666916599999999,46.1353523],[12.666901000000001,46.135229700000004],[12.666822999999999,46.1350712],[12.6667294,46.13493059999999],[12.666677199999999,46.1348733],[12.666622,46.1347599],[12.666588899999999,46.13464270000001],[12.666526400000002,46.1344732],[12.6665006,46.134203],[12.6665098,46.13403610000001],[12.6665061,46.13370350000001],[12.6664578,46.1333315],[12.66645,46.13320529999999],[12.666465600000002,46.1331098],[12.6664214,46.133050299999994],[12.666406499999999,46.132983400000015]]},"properties":{"type":"trail","highway":"track","name":"","shade_pct":95.3,"length_m":1065}},{"type":"Feature","geometry":{"type":"LineString","coordinates":[[12.670165200000001,46.1469399],[12.670277299999999,46.14669109999999],[12.6704612,46.1463446],[12.6705164,46.1461127],[12.670593600000002,46.14580689999999],[12.6706782,46.14557500000001],[12.670836299999998,46.145366099999976],[12.670961399999998,46.14513929999999],[12.671042300000002,46.144953299999976],[12.671093800000001,46.14475699999999],[12.671178400000002,46.14443849999999],[12.6713181,46.1440283],[12.671432200000002,46.143702099999985],[12.671502,46.1434218],[12.671524100000001,46.1433046],[12.671663899999999,46.14296049999999],[12.6718073,46.1426751],[12.6718753,46.1425583],[12.6718993,46.14251709999998],[12.672061099999999,46.14227760000001],[12.672141999999997,46.1420865],[12.6722487,46.14186729999999],[12.6723443,46.1416405],[12.6724289,46.141502900000006],[12.6728003,46.14074089999998],[12.672851799999998,46.140603299999995],[12.672888599999999,46.14045809999999],[12.672958499999996,46.1402491],[12.673050400000001,46.13997639999999],[12.673135,46.1396528],[12.6731424,46.139525299999995],[12.673234299999999,46.139216999999995],[12.6732674,46.138944299999984],[12.6732969,46.13882449999999],[12.6733741,46.1386767],[12.673414599999997,46.138536499999994],[12.6734955,46.1382307],[12.673569,46.13807529999998],[12.6736242,46.13790449999999],[12.673682999999999,46.1377771],[12.6737897,46.13751459999999],[12.673804399999998,46.137394799999996],[12.6738853,46.13725719999999],[12.673958900000002,46.137015099999985],[12.673973600000002,46.1368978],[12.674117,46.13657159999999],[12.6741648,46.136485],[12.6742421,46.13627849999998],[12.674271499999998,46.1361154],[12.6743009,46.135988],[12.674352400000002,46.1358427],[12.674418600000001,46.135432399999985],[12.6744297,46.13535589999999],[12.6744506,46.13532080000001],[12.6744974,46.13517430000002],[12.674528699999998,46.13507169999999],[12.674543399999997,46.1350061],[12.674558100000002,46.13492769999999],[12.674587500000001,46.134848899999994],[12.674682100000002,46.134629399999994]]},"properties":{"type":"trail","highway":"track","name":"","shade_pct":94.9,"length_m":1418}},{"type":"Feature","geometry":{"type":"LineString","coordinates":[[12.671663899999999,46.14296049999999],[12.6713025,46.1428674],[12.670735500000001,46.142759199999986],[12.670488599999999,46.14273210000001],[12.670142900000002,46.14271430000001],[12.669785,46.14269909999999]]},"properties":{"type":"trail","highway":"track","name":"","shade_pct":92.0,"length_m":149}},{"type":"Feature","geometry":{"type":"LineString","coordinates":[[12.650886,46.1381668],[12.6506771,46.138187200000004],[12.650216500000003,46.13835960000001],[12.6496765,46.138583399999995],[12.6494319,46.138702599999995],[12.649101899999996,46.1388635],[12.6486794,46.1390152],[12.6486493,46.139025999999994],[12.6481863,46.13919229999999],[12.647538500000001,46.13940829999999]]},"properties":{"type":"trail","highway":"track","name":"","shade_pct":100.0,"length_m":295}},{"type":"Feature","geometry":{"type":"LineString","coordinates":[[12.632269199999998,46.11807399999999],[12.6323346,46.118003399999985],[12.632366300000001,46.11792349999998],[12.6323812,46.117826400000006],[12.632430999999999,46.11762269999999],[12.632482399999999,46.117404199999996],[12.6325173,46.1173196],[12.632577100000002,46.1171858],[12.6326132,46.11709780000001],[12.632669299999996,46.11701299999999],[12.6327079,46.116967699999975],[12.632730900000002,46.11695380000001]]},"properties":{"type":"trail","highway":"track","name":"","shade_pct":22.2,"length_m":131}},{"type":"Feature","geometry":{"type":"LineString","coordinates":[[12.6462948,46.110198299999986],[12.6463683,46.110284699999994],[12.646489900000002,46.1104507],[12.646698500000001,46.1108375],[12.646912599999999,46.111203499999995],[12.647071999999998,46.1114452],[12.647186599999998,46.11160750000001],[12.647316100000001,46.11176290000001],[12.647316099999998,46.111883799999994],[12.647266299999998,46.1120633],[12.647236399999999,46.11218419999998],[12.647236400000002,46.11228429999998],[12.6473061,46.1124639],[12.6474058,46.11269519999999]]},"properties":{"type":"trail","highway":"track","name":"","shade_pct":56.6,"length_m":297}},{"type":"Feature","geometry":{"type":"LineString","coordinates":[[12.6396862,46.132173599999994],[12.639741,46.13211479999998],[12.6397809,46.13204919999999],[12.639880500000002,46.131980199999994],[12.640039900000001,46.131890399999996],[12.6403188,46.13174200000001],[12.640508099999998,46.1316488],[12.640826899999999,46.1315383],[12.641056000000004,46.1314831],[12.641122400000002,46.131463399999994],[12.641300099999999,46.131410599999995],[12.6416388,46.131320900000006],[12.641957600000001,46.13123460000001],[12.6423013,46.131130999999996],[12.6426798,46.131030899999985],[12.6431481,46.130917],[12.643441900000001,46.130851399999976],[12.6438952,46.13078579999999],[12.6442514,46.1307479],[12.644448100000002,46.13070819999999],[12.644602500000001,46.1306944],[12.644702100000002,46.130683999999995],[12.644747,46.130683999999995],[12.6448192,46.130790999999995],[12.6449362,46.1309688],[12.6450458,46.13113279999999],[12.645135500000002,46.1312777],[12.6452675,46.13146069999999],[12.6454296,46.1317151],[12.645560899999998,46.131916499999996],[12.6456547,46.132104999999996],[12.6458092,46.1323832],[12.6458916,46.132455399999984],[12.645934600000002,46.1325185],[12.6460528,46.13282649999999],[12.646261,46.133349199999984],[12.6464636,46.133863899999994],[12.6465968,46.13419019999999],[12.6468125,46.13470099999999],[12.6470563,46.135304100000006],[12.647369599999998,46.13604110000001],[12.647620900000001,46.1366338],[12.647907899999998,46.137374699999995],[12.648163000000002,46.13802069999999],[12.648472499999999,46.13862500000001],[12.6486493,46.139025999999994]]},"properties":{"type":"trail","highway":"track","name":"","shade_pct":57.5,"length_m":1411}},{"type":"Feature","geometry":{"type":"LineString","coordinates":[[12.6389772,46.102796700000006],[12.639035699999999,46.102763],[12.639313400000002,46.1026603],[12.639556300000002,46.102568699999985],[12.6398638,46.102463900000004],[12.640335800000003,46.102295399999996],[12.6407091,46.102144],[12.6410155,46.1020365],[12.641329,46.101924200000006],[12.641748099999997,46.10176299999999],[12.6420334,46.10166039999999],[12.6423997,46.10153589999998],[12.6427062,46.101426],[12.6429844,46.101352699999985],[12.643241499999998,46.1012794],[12.643562,46.1012135],[12.6442559,46.10111820000001],[12.6448617,46.10102539999999],[12.6455203,46.10092769999999],[12.645971200000002,46.10086419999998],[12.646400899999996,46.100812999999995],[12.646798900000002,46.10076169999999],[12.6470313,46.1007397]]},"properties":{"type":"trail","highway":"track","name":"","shade_pct":99.2,"length_m":670}},{"type":"Feature","geometry":{"type":"LineString","coordinates":[[12.6483671,46.1119597],[12.6485763,46.11196319999998],[12.6487955,46.112032199999994],[12.6488951,46.11214269999999],[12.6490644,46.1123119],[12.6491292,46.11245009999999],[12.6491491,46.1125709],[12.649109299999997,46.112781600000005],[12.6490794,46.11294389999998],[12.649059500000002,46.11315789999999],[12.649094299999998,46.113385799999996],[12.6490794,46.1136034],[12.649089399999998,46.113789799999985],[12.649044499999999,46.11406260000001],[12.6490246,46.114179999999976],[12.6490395,46.11434579999998],[12.649059500000002,46.11449429999999],[12.649039499999999,46.11464959999999],[12.649044499999999,46.114780799999984],[12.6490445,46.1149017],[12.6490699,46.11497219999999],[12.649094300000002,46.115039799999984],[12.649164100000002,46.1152332],[12.6492117,46.1153251],[12.649303499999998,46.115502499999984],[12.6493832,46.11575109999997],[12.649423099999998,46.116027300000006],[12.6493708,46.11619799999999],[12.649353299999998,46.1162552],[12.649253699999997,46.11648310000001],[12.649074400000002,46.1166903],[12.648944899999998,46.116876699999985],[12.6487656,46.1171115],[12.6486311,46.11729449999999],[12.648402,46.11743260000001],[12.648098100000004,46.11757419999999],[12.6478541,46.11767089999999],[12.647535300000003,46.11778480000001],[12.647136800000002,46.1178884],[12.646713400000001,46.117971299999994],[12.646544,46.118016199999985],[12.6461803,46.118141999999985]]},"properties":{"type":"trail","highway":"track","name":"","shade_pct":31.5,"length_m":859}},{"type":"Feature","geometry":{"type":"LineString","coordinates":[[12.644747,46.130683999999995],[12.644655,46.130539599999985],[12.644493,46.130323599999976],[12.644350400000002,46.1301173],[12.6442148,46.129947699999995],[12.6441109,46.129788999999995],[12.6440128,46.129584699999995],[12.643816,46.12932930000001],[12.643698999999998,46.1291498],[12.643542100000001,46.12900820000001],[12.643265599999998,46.128830499999985],[12.642996600000002,46.1287148],[12.642605599999998,46.12857849999998],[12.6424064,46.12847489999999],[12.642127399999998,46.1282332],[12.6418684,46.127970899999994],[12.641637199999998,46.12761099999999],[12.6413085,46.12715529999998],[12.641119199999999,46.126685800000004],[12.64091,46.12637519999999],[12.640790499999998,46.1260506],[12.640680900000001,46.12558109999999],[12.640640999999999,46.125222099999995],[12.6405613,46.12492519999999],[12.640451700000002,46.12458689999998],[12.6403422,46.124289999999995],[12.640192700000002,46.1239793],[12.640046699999997,46.12373699999999],[12.639972799999999,46.1236125],[12.639930499999998,46.123561299999984],[12.639927,46.123534399999976],[12.6399411,46.12350509999999],[12.6399904,46.12347339999999],[12.640108,46.123408]]},"properties":{"type":"trail","highway":"track","name":"","shade_pct":59.3,"length_m":925}},{"type":"Feature","geometry":{"type":"LineString","coordinates":[[12.6295955,46.135635199999996],[12.629559799999997,46.135516999999986],[12.629493200000002,46.135353599999995],[12.629396099999997,46.135118199999994],[12.629325099999999,46.1349986],[12.629251699999998,46.1348641],[12.629147400000003,46.13465699999999],[12.629003,46.134350399999995],[12.6288405,46.13410639999999],[12.6287096,46.1338937]]},"properties":{"type":"trail","highway":"path","name":"","shade_pct":100.0,"length_m":206}},{"type":"Feature","geometry":{"type":"LineString","coordinates":[[12.630657500000002,46.135178799999984],[12.6306211,46.1351123],[12.6304583,46.134924199999986],[12.630324,46.134731300000006],[12.6301812,46.13452819999999],[12.630075600000001,46.134336699999984],[12.630044,46.134127200000016],[12.630089199999999,46.13395509999999],[12.630111699999999,46.1337424],[12.6300937,46.133614200000004],[12.6299402,46.1333796],[12.6297732,46.13311680000001],[12.629646799999998,46.1329041],[12.629543,46.132706999999996],[12.629389499999998,46.1325068],[12.629218000000002,46.13238169999999]]},"properties":{"type":"trail","highway":"path","name":"","shade_pct":100.0,"length_m":339}},{"type":"Feature","geometry":{"type":"LineString","coordinates":[[12.630733199999998,46.1351284],[12.6307006,46.1351579],[12.630657500000002,46.135178799999984],[12.6304541,46.135360899999995],[12.630259400000002,46.13544719999998],[12.629956200000002,46.1355224],[12.629726400000003,46.135588799999994],[12.6295955,46.135635199999996],[12.6294296,46.13576349999999],[12.629244399999997,46.1358719],[12.629132699999998,46.13596479999999],[12.6290609,46.1360234]]},"properties":{"type":"trail","highway":"path","name":"","shade_pct":98.0,"length_m":167}},{"type":"Feature","geometry":{"type":"LineString","coordinates":[[12.633902499999998,46.13430629999999],[12.633811199999998,46.134375000000006],[12.633610300000003,46.134445400000004],[12.6334636,46.134486],[12.633098,46.1345548],[12.632673700000003,46.13464869999999],[12.6324525,46.13473629999998],[12.632359900000003,46.13477309999998],[12.6322786,46.134794600000006],[12.632145600000001,46.134858300000005],[12.6319289,46.1349709],[12.6317619,46.13500839999999],[12.631621899999999,46.135080299999984],[12.631473000000002,46.1351992],[12.6313647,46.1353149],[12.6312744,46.13543379999999],[12.6313008,46.1355515],[12.6312968,46.1358007],[12.6312279,46.13609849999999],[12.631168399999998,46.1364347],[12.631080699999998,46.136749499999986],[12.6309868,46.1371007],[12.6309584,46.1372319],[12.6309169,46.13744649999998],[12.6309137,46.137629999999994],[12.6309105,46.137745],[12.630932900000001,46.137908700000004],[12.6309329,46.13801260000001],[12.630910100000001,46.13805970000001]]},"properties":{"type":"trail","highway":"path","name":"","shade_pct":86.2,"length_m":541}},{"type":"Feature","geometry":{"type":"LineString","coordinates":[[12.627059299999999,46.121787499999996],[12.627294600000003,46.1221839],[12.6274617,46.122454999999995],[12.627551900000002,46.12255510000001],[12.627610599999999,46.12257069999999],[12.6277821,46.1225739],[12.6279717,46.122586399999996],[12.628161300000002,46.1226646],[12.6282696,46.122820999999995],[12.6284096,46.123027499999985],[12.6285224,46.12315889999999],[12.628838400000001,46.1233935],[12.629140800000002,46.12360939999999],[12.629205899999999,46.1236838],[12.629354300000001,46.123805499999996],[12.6294836,46.123843099999995],[12.629681399999999,46.12385630000001],[12.6298889,46.12381429999999],[12.630042100000002,46.123788100000006],[12.630198500000002,46.12378470000001],[12.6302671,46.123788100000006],[12.6303549,46.123857699999995],[12.6304188,46.1239396],[12.630441099999999,46.1240491],[12.6304203,46.12418399999998],[12.6304203,46.1243101],[12.6304523,46.124383099999996],[12.630547999999997,46.12446939999998],[12.6306789,46.124655199999985],[12.630860799999999,46.12487419999998],[12.630943799999999,46.12501360000001]]},"properties":{"type":"trail","highway":"track","name":"","shade_pct":94.0,"length_m":525}},{"type":"Feature","geometry":{"type":"LineString","coordinates":[[12.6209647,46.12351679999999],[12.621138800000004,46.12347599999999],[12.621286200000002,46.12345129999999],[12.621447799999999,46.12342249999999],[12.621639300000002,46.12337939999999],[12.6217781,46.1233495],[12.621991999999999,46.123303],[12.622170699999998,46.1232643],[12.622330299999996,46.1232223],[12.6225218,46.1231604],[12.622661699999998,46.1230884],[12.622846799999996,46.122972600000004],[12.623049900000002,46.12279430000001],[12.623122100000002,46.122713],[12.623230500000002,46.122681699999994],[12.623325300000001,46.12269109999999],[12.6234155,46.12273489999998],[12.6235555,46.1228569],[12.623704400000001,46.122988299999996],[12.623736399999999,46.12304450000002],[12.623812999999998,46.123110899999986],[12.623881599999999,46.123131899999976],[12.624031600000002,46.123099799999984],[12.624283300000004,46.1230529],[12.6243515,46.1230345],[12.6245496,46.122980899999995],[12.6247685,46.1229653],[12.624913,46.122955899999994],[12.6251793,46.122955899999994],[12.625371100000002,46.1229653],[12.625497499999998,46.1230247],[12.6256284,46.12316239999999]]},"properties":{"type":"trail","highway":"track","name":"","shade_pct":56.1,"length_m":427}},{"type":"Feature","geometry":{"type":"LineString","coordinates":[[12.630820000000002,46.135013199999996],[12.630786100000002,46.134976],[12.6306679,46.1348951],[12.6305306,46.1347027],[12.630418900000002,46.134549999999976],[12.6303359,46.134377499999985],[12.630324900000002,46.1341453],[12.6303881,46.13380119999999],[12.6304693,46.13329449999999],[12.6305506,46.13298480000001],[12.6305686,46.13282219999999],[12.630500899999998,46.132621999999984],[12.630284500000002,46.1321045],[12.630197599999999,46.13186909999998],[12.630080299999998,46.131551499999986],[12.6297036,46.13069329999999],[12.629429100000001,46.130056200000006],[12.6293951,46.12997429999999]]},"properties":{"type":"trail","highway":"path","name":"","shade_pct":100.0,"length_m":584}},{"type":"Feature","geometry":{"type":"LineString","coordinates":[[12.6288971,46.135867300000015],[12.628685400000002,46.13597729999999],[12.628584799999999,46.13601709999999],[12.628182600000002,46.13613989999999],[12.627909600000002,46.136229499999985],[12.6277133,46.136302500000006],[12.627507400000002,46.13636219999999],[12.6274164,46.136412000000014],[12.627219999999998,46.136504899999984],[12.6271985,46.136525599999985],[12.627127899999998,46.1366343],[12.627063199999998,46.1367139],[12.626957899999999,46.13682339999998],[12.6268717,46.1368732],[12.626725599999999,46.13693789999999],[12.626579499999998,46.137004299999994],[12.6263993,46.13707269999998],[12.6262073,46.13712550000001],[12.6258658,46.137223299999995],[12.6254622,46.13729960000001],[12.6251312,46.137426],[12.624955499999999,46.137508999999994],[12.624811800000002,46.137547700000006],[12.6245484,46.1376833],[12.6243967,46.137888],[12.6244526,46.138067699999986],[12.6245048,46.138220399999994],[12.6244682,46.13840820000001],[12.624451199999998,46.1385059],[12.624380700000001,46.1385842],[12.6243383,46.13860759999999],[12.6241492,46.138627200000016],[12.624070199999998,46.13859790000001],[12.623883899999997,46.1385509],[12.623703199999998,46.138541099999976],[12.6235706,46.138541099999976],[12.623471799999999,46.13857639999998],[12.623280200000002,46.138642700000005],[12.623024700000002,46.138792099999996],[12.6229209,46.1389083],[12.622849099999998,46.13907139999999],[12.6227653,46.1391904],[12.6228274,46.1393234],[12.6229007,46.13946419999999],[12.6228895,46.139616700000005],[12.6228838,46.1397536],[12.6229911,46.13988269999998],[12.6231661,46.139984399999996],[12.623363599999998,46.140043099999986]]},"properties":{"type":"trail","highway":"path","name":"","shade_pct":91.5,"length_m":787}},{"type":"Feature","geometry":{"type":"LineString","coordinates":[[12.626957899999999,46.13682339999998],[12.627155800000002,46.136797300000005],[12.627430100000002,46.136764500000005],[12.627612900000003,46.1367621],[12.627724600000004,46.136780900000005],[12.6282156,46.136874799999994],[12.628357899999997,46.1369217],[12.628622,46.13707419999999],[12.6289098,46.1372032],[12.6292112,46.137369799999995],[12.6295714,46.137555799999994],[12.6297558,46.13764369999999],[12.6300599,46.137792999999995],[12.6303281,46.13782119999998],[12.630562700000002,46.1378046],[12.630598399999998,46.13779480000001],[12.6306689,46.13777549999999]]},"properties":{"type":"trail","highway":"path","name":"","shade_pct":93.8,"length_m":323}},{"type":"Feature","geometry":{"type":"LineString","coordinates":[[12.6265733,46.1326342],[12.626280300000003,46.132715999999974],[12.625724800000002,46.132895199999986],[12.6253274,46.133014700000004],[12.62504,46.13312079999999],[12.624848499999999,46.13329010000001],[12.6246043,46.13344270000001],[12.6244367,46.13360539999999],[12.624293,46.13369830000001],[12.6240775,46.13376460000001],[12.6239386,46.13391399999999],[12.6237423,46.13404009999999],[12.6236705,46.13418279999998],[12.6235699,46.1344184],[12.623416600000002,46.1345146],[12.6232347,46.1346805],[12.623158099999998,46.13481989999998],[12.623100600000003,46.13487959999999],[12.6230479,46.1349062],[12.622932999999998,46.1348697],[12.6227893,46.134780100000015],[12.622621699999998,46.13465070000001],[12.6224924,46.1345578],[12.6224781,46.1344881],[12.6225164,46.134388499999986]]},"properties":{"type":"trail","highway":"track","name":"","shade_pct":65.9,"length_m":466}},{"type":"Feature","geometry":{"type":"LineString","coordinates":[[12.6300599,46.137792999999995],[12.629882199999999,46.1377791],[12.6298064,46.13774309999999],[12.629682599999999,46.137687799999995],[12.629534900000001,46.137653199999995],[12.629271499999998,46.13761029999999],[12.629093799999996,46.1376131],[12.628900200000002,46.13760759999999],[12.628628799999998,46.13759509999998],[12.6284971,46.137571599999994],[12.628263599999999,46.137516299999994],[12.62808,46.13747070000002],[12.6279482,46.1374582]]},"properties":{"type":"trail","highway":"path","name":"","shade_pct":100.0,"length_m":170}},{"type":"Feature","geometry":{"type":"LineString","coordinates":[[12.6235357,46.14099799999999],[12.623479900000001,46.14096060000001],[12.6234213,46.140919],[12.6233487,46.14087450000001],[12.6232569,46.14083449999999],[12.6231292,46.14082519999999],[12.623012799999998,46.14081929999999],[12.622903,46.140809600000004],[12.6227194,46.140799900000005],[12.6225897,46.1407861],[12.6224799,46.14074320000001],[12.622338199999998,46.140730799999986],[12.622220400000002,46.14071140000001],[12.622076699999997,46.140636799999996],[12.6219789,46.1405842],[12.6218512,46.14057590000001]]},"properties":{"type":"trail","highway":"path","name":"","shade_pct":100.0,"length_m":144}},{"type":"Feature","geometry":{"type":"LineString","coordinates":[[12.627219999999998,46.136504899999984],[12.627020800000002,46.13644240000002],[12.6268312,46.1363774],[12.626601700000002,46.1362944],[12.626304299999997,46.1361769],[12.626070799999999,46.13606209999998],[12.625779399999999,46.135981799999996],[12.625487999999999,46.135957],[12.625208599999999,46.1359348],[12.6248373,46.1359514],[12.6245779,46.1359597],[12.624398199999998,46.1359625],[12.6242386,46.135918199999985],[12.624066899999999,46.1358463],[12.6238753,46.135757799999965],[12.623723700000001,46.135666499999985]]},"properties":{"type":"trail","highway":"path","name":"","shade_pct":76.2,"length_m":295}},{"type":"Feature","geometry":{"type":"LineString","coordinates":[[12.6320486,46.1473257],[12.6320698,46.14718949999999],[12.632069800000002,46.1470982],[12.632061400000001,46.14706909999999],[12.632029800000002,46.14695999999999],[12.631858199999998,46.14673869999999],[12.6317624,46.14657],[12.631682600000001,46.14645660000001],[12.6315987,46.1462658],[12.631479,46.14612199999999],[12.6313273,46.1459782],[12.631215499999998,46.145878599999996],[12.631123699999998,46.145798399999975],[12.6311018,46.145753199999994],[12.6311003,46.145728299999995],[12.631114200000003,46.14569129999998],[12.631115200000002,46.14565879999999],[12.631085800000001,46.1456156]]},"properties":{"type":"trail","highway":"track","name":"","shade_pct":79.6,"length_m":210}},{"type":"Feature","geometry":{"type":"LineString","coordinates":[[12.626679399999999,46.1401882],[12.626431700000001,46.14019999999999],[12.626279999999998,46.14014189999999],[12.626196200000004,46.140166799999996],[12.626176200000002,46.14025529999999],[12.6261483,46.14033280000001],[12.6261084,46.14040749999998],[12.6260365,46.1404489],[12.625960700000002,46.14042679999999],[12.625904800000002,46.14039360000001],[12.625805,46.14032719999999],[12.6256892,46.14031889999998],[12.625633400000003,46.140366],[12.6256254,46.1404185],[12.6256413,46.14049870000001],[12.625633399999998,46.14059279999999],[12.6255455,46.14062319999999],[12.625429800000003,46.14055959999999],[12.625365899999998,46.14050699999998],[12.6252981,46.14052359999999],[12.6251943,46.140584499999996],[12.625034600000001,46.14073379999999],[12.6249667,46.14081959999999],[12.624855000000002,46.1408915],[12.6247392,46.140897],[12.6246235,46.1408555],[12.6245157,46.140789100000006],[12.624356000000002,46.14069790000001],[12.624196299999998,46.1406398],[12.624020700000003,46.14060659999999],[12.623777199999997,46.14058719999999],[12.6235856,46.14061489999998],[12.623529700000002,46.140684],[12.623545700000001,46.1407587],[12.623585600000002,46.140825099999994],[12.623597599999997,46.14088589999998],[12.6235856,46.140946799999995],[12.6235577,46.14097999999998],[12.6235357,46.14099799999999],[12.6236215,46.14102559999999],[12.6237074,46.141044999999984],[12.6238351,46.141058799999996],[12.6239289,46.141056],[12.624010700000001,46.141064299999975],[12.624098500000004,46.1410906],[12.624192399999998,46.141112699999994],[12.624278199999997,46.14115009999998],[12.62438,46.14120399999999],[12.624529600000002,46.14131189999999]]},"properties":{"type":"trail","highway":"path","name":"","shade_pct":100.0,"length_m":466}},{"type":"Feature","geometry":{"type":"LineString","coordinates":[[12.6303281,46.13782119999998],[12.6303327,46.1379179],[12.630349599999999,46.13802549999998],[12.630366500000001,46.13828559999999],[12.6303609,46.1386651],[12.630355300000002,46.138927099999975],[12.6302988,46.13912659999998],[12.630236700000003,46.1393144],[12.630067400000001,46.139615599999985],[12.6299226,46.139897199999986],[12.629810900000003,46.13995249999999],[12.6296113,46.1400382],[12.629451599999998,46.14014609999998],[12.629303899999998,46.140234599999985],[12.629112300000001,46.140312],[12.628976799999997,46.140376599999996],[12.628824400000001,46.140439199999996],[12.628728499999998,46.1404763],[12.6285845,46.14051349999999],[12.6283869,46.14055849999999],[12.628228899999998,46.14061319999999],[12.628178099999998,46.140650399999984],[12.628051,46.1407286],[12.627927,46.14085969999999],[12.6275496,46.140720600000016],[12.6274778,46.140619699999995],[12.6274518,46.140558799999994],[12.6273161,46.140461999999985],[12.627168400000002,46.140420500000005],[12.626976799999998,46.1403611],[12.626903,46.14030989999998],[12.626679399999999,46.1401882],[12.626651499999998,46.1400817],[12.6265916,46.13995449999998],[12.6264958,46.139777499999994],[12.6263202,46.139594900000006],[12.626040800000004,46.1393986],[12.6258851,46.1392575],[12.6256735,46.139088799999996],[12.6255298,46.138956],[12.625262399999997,46.13882879999999],[12.6251187,46.138720899999996],[12.6249031,46.13862410000001],[12.6246477,46.1385716],[12.624451199999998,46.1385059],[12.6242625,46.13848819999999],[12.6241157,46.1384628],[12.6240592,46.13844129999998],[12.623737499999999,46.1383415],[12.623607599999998,46.13829849999998],[12.6234637,46.1382965],[12.623345099999998,46.1383043],[12.6231391,46.13828669999998],[12.622902000000002,46.138224199999996],[12.622619699999998,46.1381479],[12.6223911,46.138147899999986],[12.622232999999998,46.13817139999998],[12.622086300000001,46.138186999999995],[12.621936699999997,46.13817329999999]]},"properties":{"type":"trail","highway":"path","name":"","shade_pct":94.5,"length_m":1020}},{"type":"Feature","geometry":{"type":"LineString","coordinates":[[12.627443100000002,46.14963929999999],[12.627466600000002,46.149569299999996],[12.6274629,46.149522199999986],[12.627492999999998,46.14943340000001],[12.6275119,46.1493594],[12.6274905,46.14931499999997],[12.627494300000002,46.1492802],[12.6274842,46.149230599999996],[12.6274968,46.149181799999994],[12.6274993,46.1491531],[12.627506900000004,46.1491296],[12.6275345,46.1490704],[12.6275207,46.149008599999995],[12.627513099999998,46.1489563],[12.627510599999999,46.1488928],[12.6275232,46.14876039999998],[12.6274905,46.148596700000006],[12.627518200000003,46.14842429999999],[12.6275534,46.148311099999994],[12.627543299999997,46.148183999999986],[12.627576,46.14809349999999],[12.627586000000003,46.14794719999999],[12.6276187,46.14782530000001],[12.6276212,46.1477504],[12.627593599999999,46.14769119999998],[12.627589600000002,46.14756209999999],[12.6275931,46.14742670000001],[12.627610899999999,46.1473233],[12.627564699999999,46.147195199999985],[12.6275363,46.14702770000002],[12.6274794,46.146852899999985],[12.6274296,46.1467347],[12.627426099999997,46.1466386],[12.627436699999999,46.1465303],[12.6274942,46.14643439999998],[12.6276501,46.1463368],[12.6276249,46.146159200000014],[12.62764,46.1459154],[12.6276651,46.14580049999999],[12.627730499999998,46.145636800000005],[12.627760700000001,46.1455253],[12.6278302,46.14541379999999],[12.6278705,46.1452954],[12.6279056,46.14518390000001],[12.627966,46.1450464],[12.6280087,46.144960999999995],[12.628136900000001,46.1447973],[12.6282223,46.144678899999995],[12.6282921,46.144573099999995],[12.6283247,46.1445034],[12.6283587,46.1444503],[12.628381299999997,46.144378899999985],[12.628419000000001,46.14435019999999],[12.628507000000003,46.14433360000001],[12.628569799999998,46.14434149999999],[12.628652700000002,46.14434060000001],[12.628708,46.144334499999985],[12.628848199999998,46.14434309999998],[12.6289388,46.14437509999998],[12.629017,46.1444071],[12.629084599999999,46.1444071],[12.629171699999999,46.14437139999998],[12.629233900000003,46.144336999999986],[12.6292605,46.1442914],[12.629255199999998,46.14423969999999],[12.6292196,46.1441966],[12.629171699999999,46.1441683],[12.6291456,46.1441234]]},"properties":{"type":"trail","highway":"path","name":"","shade_pct":92.8,"length_m":705}},{"type":"Feature","geometry":{"type":"LineString","coordinates":[[12.629017,46.1444071],[12.6289897,46.144462999999995],[12.628938099999997,46.1445874],[12.628936300000001,46.144715500000004],[12.6289719,46.14483489999998],[12.6290714,46.1449322],[12.629185200000002,46.144981400000006],[12.6293042,46.1450861],[12.6294055,46.14522530000001],[12.6294482,46.145371799999985],[12.6294962,46.145492499999996],[12.629466,46.145682300000004],[12.629440899999999,46.14592429999998],[12.629551499999998,46.146100199999985],[12.6297199,46.1462186],[12.629955699999998,46.14647069999998],[12.630233,46.146889299999984],[12.630339599999997,46.1473179],[12.630624,46.14766759999999],[12.6307164,46.14797289999999],[12.630801700000001,46.148307799999984],[12.630702200000004,46.1487019],[12.6307946,46.14886440000001],[12.630977599999998,46.1490038]]},"properties":{"type":"trail","highway":"path","name":"","shade_pct":100.0,"length_m":558}},{"type":"Feature","geometry":{"type":"LineString","coordinates":[[12.628381299999997,46.144378899999985],[12.628293800000002,46.14433879999998],[12.628228,46.1443006],[12.628165800000001,46.1442132],[12.6281374,46.14413809999998],[12.6280485,46.1440814],[12.6279276,46.14399399999999],[12.627900999999998,46.14390169999999],[12.627970800000003,46.14367540000001],[12.628006400000004,46.1435326],[12.628027700000002,46.14339219999999],[12.6279708,46.14331589999999],[12.627913999999999,46.143340499999994],[12.627885500000001,46.14342419999999],[12.6277398,46.1436262],[12.6276047,46.14378130000001],[12.627362999999999,46.14391679999999],[12.6270893,46.14392169999999],[12.6268279,46.14384510000001],[12.626571499999999,46.143758],[12.6263855,46.143740599999994],[12.626279999999998,46.143608299999975],[12.626078900000003,46.1434097],[12.625988399999999,46.143350499999976],[12.625978799999999,46.143275299999985],[12.6260496,46.14318859999999]]},"properties":{"type":"trail","highway":"path","name":"","shade_pct":100.0,"length_m":371}},{"type":"Feature","geometry":{"type":"LineString","coordinates":[[12.6275931,46.14742670000001],[12.627557499999998,46.147396800000024],[12.6274873,46.14734690000001],[12.627369999999999,46.147320999999984],[12.6272234,46.1472841],[12.6270647,46.14717320000002],[12.627063499999998,46.1470287],[12.626973,46.1469329],[12.626838500000002,46.14689549999999],[12.626720400000002,46.14672739999999],[12.626278,46.146508],[12.6260367,46.14630249999999],[12.625896,46.14603090000001],[12.6257502,46.14579749999999],[12.6255189,46.145599],[12.625337999999998,46.14539700000002],[12.624900600000002,46.14526459999999],[12.6245739,46.145038299999996],[12.624468299999998,46.1447979],[12.624237100000002,46.144592400000015],[12.6240737,46.1443347],[12.624131499999999,46.1441954],[12.624139,46.14405259999998],[12.6241692,46.1438889],[12.6242547,46.1437757],[12.6245437,46.14365209999999],[12.624732200000002,46.143512699999995],[12.624827700000003,46.143404799999985],[12.624971,46.14340999999999],[12.625214799999998,46.14336639999999],[12.6254783,46.14331640000001],[12.6256898,46.143211699999995]]},"properties":{"type":"trail","highway":"path","name":"","shade_pct":92.2,"length_m":657}},{"type":"Feature","geometry":{"type":"LineString","coordinates":[[12.6260496,46.14318859999999],[12.626211099999999,46.14309149999999],[12.626410199999999,46.14301269999999],[12.626463499999998,46.142901900000005],[12.626527999999999,46.142867599999995],[12.6266378,46.1428485],[12.6269523,46.142907400000006],[12.6271485,46.142975500000006],[12.6273235,46.14305429999999],[12.6276667,46.14310210000001],[12.6279387,46.1431088],[12.628032899999997,46.143112499999994],[12.628221299999998,46.1430706],[12.6284132,46.143046],[12.628598,46.1430484],[12.628729699999997,46.1431008],[12.628971000000002,46.143062500000006],[12.629164500000002,46.14305209999999],[12.6293933,46.1430312],[12.629492,46.1430617]]},"properties":{"type":"trail","highway":"track","name":"","shade_pct":84.0,"length_m":292}},{"type":"Feature","geometry":{"type":"LineString","coordinates":[[12.636140100000002,46.1597362],[12.6363073,46.15984509999999],[12.6364557,46.15995439999999],[12.6366861,46.16010969999998],[12.636843900000002,46.16030419999999],[12.636869100000002,46.16043760000001],[12.6370427,46.16054909999999],[12.637108999999999,46.160630000000005],[12.6372652,46.16077529999999],[12.6374438,46.1609484],[12.6376179,46.1611092],[12.637666999999999,46.16128849999998],[12.637765200000002,46.16143069999998],[12.637842000000001,46.161629699999985],[12.637933699999998,46.161664699999996]]},"properties":{"type":"trail","highway":"path","name":"","shade_pct":83.2,"length_m":263}},{"type":"Feature","geometry":{"type":"LineString","coordinates":[[12.613401699999999,46.1595064],[12.613269399999998,46.159636899999974],[12.613164499999998,46.15976529999998],[12.6130737,46.159945],[12.6129229,46.160118999999995],[12.6128037,46.16024290000001],[12.6126891,46.1603636],[12.612547,46.16050009999999],[12.612409400000004,46.160636699999976],[12.6122536,46.160789099999995],[12.612166399999998,46.1608907],[12.612070199999998,46.1610114],[12.611914299999999,46.1611479],[12.611662100000002,46.16132889999999],[12.611442699999998,46.161541499999984],[12.6112129,46.16175],[12.611026799999998,46.16191869999999],[12.6108682,46.162060299999986],[12.610702799999999,46.16220199999999],[12.6105626,46.1623293],[12.610332799999998,46.16250599999999],[12.610185699999999,46.16262220000001],[12.609988100000002,46.1627633],[12.609563,46.16311499999999],[12.6091264,46.16338239999999],[12.608735799999998,46.163643400000005],[12.6085381,46.1638631],[12.608005000000002,46.16407949999999],[12.607343199999999,46.164633399999985],[12.607269699999998,46.1649708],[12.6072789,46.16531450000001],[12.607141,46.165607400000006],[12.606911199999999,46.16579829999999],[12.606727399999999,46.16611659999998],[12.6066079,46.1665622],[12.6066079,46.16672139999999],[12.606451600000003,46.16697599999999],[12.6061851,46.1671352],[12.605605999999998,46.1672497],[12.6052107,46.16733249999999],[12.604796200000001,46.167431400000005],[12.604611000000004,46.16747639999998],[12.604455000000002,46.167476400000005],[12.604234,46.167429099999985]]},"properties":{"type":"trail","highway":"path","name":"","shade_pct":100.0,"length_m":1204}},{"type":"Feature","geometry":{"type":"LineString","coordinates":[[12.654848899999998,46.13407779999999],[12.6553477,46.1339695],[12.6556454,46.1338164],[12.656063100000003,46.13352699999999],[12.6563848,46.1332076],[12.656605599999999,46.13295799999999],[12.656692,46.13287479999998],[12.656879299999998,46.1327684],[12.657167399999999,46.132585399999996],[12.657273,46.132482199999984],[12.657316200000002,46.13238239999999],[12.657450599999999,46.13227930000001],[12.657733899999998,46.1322027],[12.658290100000002,46.1320241]]},"properties":{"type":"trail","highway":"track","name":"","shade_pct":50.4,"length_m":363}},{"type":"Feature","geometry":{"type":"LineString","coordinates":[[12.615788900000002,46.15120979999999],[12.6157286,46.15121349999999],[12.61571,46.151214499999995],[12.615668,46.1512153],[12.6155493,46.151280099999994],[12.6155176,46.151327599999995],[12.615452599999998,46.151396999999996],[12.615424400000002,46.1514433],[12.615338299999998,46.1515067],[12.6152785,46.151557800000006],[12.615217,46.15165199999999],[12.615129699999999,46.1517071],[12.6149851,46.151727099999995],[12.6148497,46.151760399999986],[12.614764199999998,46.1517919],[12.614536399999999,46.15193359999999]]},"properties":{"type":"trail","highway":"path","name":"","shade_pct":100.0,"length_m":133}},{"type":"Feature","geometry":{"type":"LineString","coordinates":[[12.6128496,46.15328619999999],[12.612805899999998,46.15328250000001],[12.6127574,46.153294999999986],[12.6126421,46.153501199999994],[12.612512099999998,46.1536173],[12.612453100000002,46.15373159999998],[12.612415500000001,46.15379380000001],[12.6123485,46.15391359999999],[12.6122459,46.1540633],[12.6121549,46.15416839999999],[12.612082799999998,46.154331299999996],[12.611913200000002,46.1545163],[12.611853200000002,46.154633],[12.611764899999999,46.15479669999999],[12.611800699999998,46.154914899999994],[12.6118222,46.15502639999999],[12.611865099999997,46.1551249],[12.6118937,46.15528230000001],[12.611865099999997,46.15556879999998],[12.611808599999998,46.155707099999994],[12.611806099999999,46.15580849999999],[12.611746199999999,46.15597659999999],[12.611705399999998,46.15610330000001],[12.611693399999998,46.1561931],[12.6116908,46.15632399999999],[12.611665,46.1564429],[12.6116905,46.156489400000005],[12.6116439,46.156567299999985],[12.611551299999999,46.15673729999998],[12.6115248,46.156790599999994],[12.6114943,46.15683049999999],[12.611471499999999,46.15693119999999],[12.6114491,46.157008700000006],[12.6114253,46.15704749999999],[12.6114333,46.1571738],[12.611462500000002,46.157246099999995],[12.6114698,46.15730709999999],[12.6114521,46.157355900000006],[12.611376999999997,46.157433899999994],[12.611296599999998,46.1574915],[12.6111705,46.1575528],[12.611031099999998,46.1576104],[12.6109184,46.15765309999998],[12.6107763,46.15772179999999],[12.610752800000002,46.15778479999999],[12.610644399999998,46.15781359999998],[12.610578400000003,46.157855500000004]]},"properties":{"type":"trail","highway":"path","name":"","shade_pct":100.0,"length_m":574}},{"type":"Feature","geometry":{"type":"LineString","coordinates":[[12.6325284,46.158976599999995],[12.632455799999999,46.1591383],[12.6323245,46.159308300000006],[12.632077200000001,46.15949269999999],[12.6318452,46.15966669999999],[12.631852799999999,46.1598037],[12.631814700000001,46.160090999999994],[12.631715800000002,46.160286000000006],[12.6316593,46.16040150000001],[12.6317723,46.16057849999999],[12.631931,46.16074059999998],[12.632014400000003,46.160824500000004],[12.6321543,46.16094189999999],[12.6323077,46.16106859999999],[12.632426000000002,46.16115799999999],[12.632560599999998,46.1611729]]},"properties":{"type":"trail","highway":"path","name":"","shade_pct":100.0,"length_m":293}},{"type":"Feature","geometry":{"type":"LineString","coordinates":[[12.628568199999998,46.161311199999986],[12.628745299999999,46.1612094],[12.6289794,46.16104909999999],[12.6294098,46.1609056],[12.629764899999998,46.160844099999984],[12.629999,46.16083479999999],[12.630173300000001,46.1607713],[12.630363600000003,46.16060519999999],[12.630508199999998,46.16041019999999],[12.630614699999999,46.1602864],[12.6309609,46.160170400000005],[12.631109299999999,46.1601441],[12.631288100000003,46.1599649],[12.6314821,46.15984889999999],[12.6317294,46.15968549999998],[12.631847399999998,46.15952209999999],[12.632068000000002,46.15930079999998],[12.632277299999998,46.159161099999984],[12.6325284,46.158976599999995],[12.632608300000001,46.1588343],[12.632652099999998,46.15874999999999],[12.632656199999998,46.158646399999995],[12.6326741,46.1585942]]},"properties":{"type":"trail","highway":"path","name":"","shade_pct":99.6,"length_m":463}},{"type":"Feature","geometry":{"type":"LineString","coordinates":[[12.639171400000004,46.15224009999999],[12.6390128,46.15236929999999],[12.6388249,46.15248669999998],[12.6385755,46.15264239999999],[12.638344499999999,46.152768300000005],[12.6381412,46.15286],[12.637916400000002,46.15296669999999],[12.637716299999997,46.152996499999986],[12.637562299999999,46.152996499999986],[12.6374545,46.1529667],[12.637395999999999,46.15291329999999]]},"properties":{"type":"trail","highway":"path","name":"","shade_pct":100.0,"length_m":171}},{"type":"Feature","geometry":{"type":"LineString","coordinates":[[12.6397411,46.1508079],[12.6395992,46.1507248],[12.639403199999999,46.15066139999998],[12.639308400000003,46.1506164],[12.6392508,46.150589],[12.639033000000001,46.15048339999999],[12.6388675,46.150326500000006],[12.638780399999998,46.150202799999995],[12.638610600000002,46.15005490000001],[12.638432,46.149940299999976],[12.6383405,46.1499192],[12.6380008,46.14985579999998],[12.6378092,46.149777300000004],[12.637617499999998,46.14974109999999],[12.637395399999999,46.14972000000001],[12.6370906,46.14976529999999],[12.6368815,46.149873899999996],[12.636620199999998,46.149985499999985],[12.6363937,46.1500217],[12.636045300000001,46.15009419999998],[12.635887000000002,46.150126199999995],[12.635649799999998,46.150117599999994],[12.635458900000001,46.150096299999994],[12.6352341,46.15002379999999],[12.635092399999998,46.149927700000006],[12.634947699999998,46.1499107],[12.634790599999999,46.149974699999994]]},"properties":{"type":"trail","highway":"path","name":"","shade_pct":100.0,"length_m":447}},{"type":"Feature","geometry":{"type":"LineString","coordinates":[[12.6514332,46.1557612],[12.651420199999999,46.15597519999999],[12.651442300000001,46.15626540000001],[12.6515116,46.156536],[12.6516754,46.1566691],[12.6519526,46.15683709999998],[12.6522424,46.1570335],[12.652320499999998,46.15706509999999],[12.6525448,46.15715569999998],[12.652781099999999,46.15721679999999],[12.6530961,46.15717529999999],[12.653218900000002,46.15712509999999],[12.653429999999998,46.1570247],[12.653609500000002,46.1569505],[12.653789100000001,46.15697669999999],[12.653949799999998,46.157090199999985],[12.6540254,46.157208],[12.654019099999998,46.15728879999999],[12.654041099999999,46.1574262],[12.6540758,46.15755279999999],[12.654163999999998,46.15767499999998],[12.654258499999997,46.157703299999994],[12.654416,46.15765099999999],[12.654635300000002,46.157632899999996],[12.654705000000002,46.157632899999996],[12.654833800000004,46.15764779999999],[12.654925,46.15766639999999],[12.6549947,46.157666400000004],[12.6550054,46.15762180000001],[12.6550054,46.157532599999996],[12.6549786,46.15740629999999],[12.6549733,46.15729110000001],[12.654973299999998,46.157201900000004],[12.655010799999998,46.15714620000001],[12.6551244,46.157073899999986],[12.6551408,46.1570518],[12.6551583,46.15702819999999],[12.6551744,46.15699939999999],[12.6552173,46.1569725],[12.655279000000002,46.1569594],[12.655313899999998,46.1569594],[12.655364899999999,46.15697059999999],[12.6554158,46.15698729999998],[12.6554856,46.1570003],[12.655539200000003,46.1570059],[12.655613000000004,46.157007799999995],[12.6556532,46.15699749999999],[12.655694799999997,46.156964999999985],[12.6557235,46.15692469999999]]},"properties":{"type":"trail","highway":"path","name":"","shade_pct":100.0,"length_m":580}},{"type":"Feature","geometry":{"type":"LineString","coordinates":[[12.6561989,46.159379499999986],[12.655942699999999,46.1592905],[12.6556933,46.159164],[12.6554171,46.15896959999999],[12.65525,46.1588585],[12.654955999999999,46.15871959999998],[12.6545595,46.15862709999999],[12.6541175,46.15844220000001],[12.6538929,46.15825579999999],[12.653784300000002,46.15812409999998],[12.653815299999998,46.15802769999999],[12.653708600000002,46.15796450000001],[12.6531874,46.157833999999994],[12.652697300000002,46.157692099999984],[12.6522028,46.15759019999999],[12.651953300000002,46.1576396],[12.651712800000002,46.1577198],[12.6515479,46.157713699999995],[12.651547899999999,46.157584099999994],[12.651744000000003,46.157417400000014],[12.6516237,46.157241500000005],[12.6516047,46.157199500000004],[12.6513138,46.15702659999998],[12.6510519,46.15691949999999],[12.650762200000003,46.15685249999999],[12.650513200000004,46.1567362],[12.650379,46.15656]]},"properties":{"type":"trail","highway":"path","name":"","shade_pct":89.3,"length_m":623}},{"type":"Feature","geometry":{"type":"LineString","coordinates":[[12.654320000000002,46.15860850000001],[12.654180800000002,46.158642199999996],[12.654047200000003,46.15866219999998],[12.6539668,46.15871750000001],[12.6540126,46.15878229999999],[12.654130200000004,46.158868300000016],[12.654252199999998,46.15898150000001],[12.654319700000002,46.1590252],[12.6542936,46.15909159999999],[12.654228200000002,46.159161],[12.6542848,46.15923189999999],[12.654400299999999,46.1592998],[12.6545484,46.1593602],[12.654709100000002,46.15947179999999],[12.654746499999996,46.159494999999986]]},"properties":{"type":"trail","highway":"path","name":"","shade_pct":100.0,"length_m":147}},{"type":"Feature","geometry":{"type":"LineString","coordinates":[[12.6545595,46.15862709999999],[12.654320000000002,46.15860850000001],[12.6540683,46.158556],[12.653620499999999,46.1584681],[12.6534334,46.158502],[12.6534196,46.1585693],[12.653460899999999,46.158681],[12.653506,46.15874259999999],[12.6535459,46.158797199999995],[12.653633000000001,46.15887559999999],[12.6537441,46.158951],[12.6538639,46.159028],[12.654228200000002,46.159161]]},"properties":{"type":"trail","highway":"path","name":"","shade_pct":100.0,"length_m":192}},{"type":"Feature","geometry":{"type":"LineString","coordinates":[[12.6575742,46.1600577],[12.657590399999998,46.16011529999999],[12.6575488,46.160170799999996],[12.657454099999999,46.16023289999999],[12.6574889,46.1603219],[12.657500700000002,46.1604033],[12.6574659,46.1604817],[12.6574289,46.16058879999999],[12.657455,46.16065220000001],[12.6575291,46.1607593],[12.657664099999998,46.16078489999998],[12.657711500000001,46.16079289999999]]},"properties":{"type":"trail","highway":"path","name":"","shade_pct":100.0,"length_m":99}},{"type":"Feature","geometry":{"type":"LineString","coordinates":[[12.654736599999998,46.15956709999999],[12.654732700000002,46.15963490000001],[12.6546892,46.15969449999998],[12.6546696,46.15977070000002],[12.654618400000002,46.159826100000004],[12.654520400000001,46.15985629999999],[12.654513800000002,46.159903000000014],[12.6546794,46.16001169999999],[12.654814400000001,46.160162499999984],[12.6548493,46.16027720000001],[12.654864499999999,46.1603526],[12.654898199999998,46.16042199999999],[12.654970600000002,46.16049029999999],[12.654983,46.16057669999999],[12.6550027,46.16061690000001]]},"properties":{"type":"trail","highway":"path","name":"","shade_pct":100.0,"length_m":135}},{"type":"Feature","geometry":{"type":"LineString","coordinates":[[12.657850599999998,46.15843209999999],[12.6579569,46.158458499999995],[12.6580632,46.15848089999999],[12.658211099999999,46.15855769999999],[12.6582665,46.1586558],[12.658260300000002,46.158748599999996],[12.6582603,46.1588393],[12.6583266,46.1589236],[12.658406699999999,46.15897160000001],[12.658517600000001,46.159028099999986],[12.658654600000002,46.15907829999998],[12.658808599999999,46.15914119999999],[12.6589195,46.15920739999999],[12.659030399999999,46.15928419999999],[12.659062599999999,46.159374699999994]]},"properties":{"type":"trail","highway":"path","name":"","shade_pct":67.1,"length_m":153}},{"type":"Feature","geometry":{"type":"LineString","coordinates":[[12.6513863,46.1618241],[12.651385999999999,46.16176600000001],[12.6512821,46.1616292],[12.651244999999998,46.16152509999999],[12.6512276,46.161436099999996],[12.6511993,46.161294299999994],[12.651134,46.16117959999999],[12.6511066,46.16106859999999],[12.6510915,46.1610251],[12.6510684,46.16096319999999],[12.651059100000001,46.16090670000001],[12.6510453,46.160853299999985],[12.651022200000002,46.1607925],[12.6509991,46.1607616],[12.650971299999998,46.16070929999999],[12.6509482,46.1606773]]},"properties":{"type":"trail","highway":"path","name":"","shade_pct":100.0,"length_m":133}},{"type":"Feature","geometry":{"type":"LineString","coordinates":[[12.663786999999997,46.16320579999999],[12.6637335,46.16323069999999],[12.6637201,46.16326620000002],[12.663697799999998,46.1633048],[12.663646599999998,46.16333100000001],[12.6635887,46.16333559999999],[12.6635374,46.16329399999998],[12.6635307,46.16320759999999],[12.6635374,46.16313039999999],[12.663521800000002,46.163037799999984],[12.6634884,46.162960699999985],[12.663477299999998,46.1628635],[12.663466100000004,46.16272609999999],[12.663446100000002,46.1626104],[12.6634684,46.16250079999999],[12.663448299999999,46.16238510000001],[12.663475000000004,46.16222609999999],[12.6634929,46.162145899999985],[12.663486199999998,46.1621027],[12.663489699999998,46.16202820000001],[12.663466899999998,46.161977499999985],[12.66347,46.161937099999996],[12.663467500000001,46.161898599999994],[12.663486399999998,46.16181989999998],[12.663508700000001,46.1617419],[12.663520899999998,46.16168479999999],[12.6635076,46.161623099999986],[12.6634931,46.16158839999999],[12.6634329,46.1615236],[12.663401900000002,46.161500800000006]]},"properties":{"type":"trail","highway":"path","name":"","shade_pct":52.3,"length_m":233}},{"type":"Feature","geometry":{"type":"LineString","coordinates":[[12.649495000000002,46.16073149999998],[12.649549700000003,46.160756599999985],[12.649588199999998,46.160778399999984],[12.649661299999996,46.160795499999985],[12.649717500000001,46.16080399999999],[12.6497784,46.16081679999999],[12.649855399999998,46.16082699999998],[12.649936199999999,46.1608328],[12.649987099999999,46.1608382],[12.6500417,46.1608483],[12.650081,46.16085789999999],[12.6501272,46.1608702],[12.6501734,46.16088669999999],[12.6502127,46.160903799999986],[12.6502828,46.160939],[12.650328199999999,46.1609662],[12.6503744,46.160997099999996],[12.6504345,46.16103229999999],[12.6504876,46.16106169999998],[12.650513000000002,46.1610825],[12.650622400000001,46.16114109999999],[12.6507856,46.1612585],[12.650881100000001,46.16136089999999],[12.650918099999997,46.161457999999996],[12.6509566,46.1615756],[12.6510398,46.16168969999998],[12.651122899999999,46.1617601],[12.6512384,46.161786799999994],[12.6513863,46.1618241],[12.6515357,46.16186679999999],[12.651715900000001,46.16190310000001],[12.651888400000002,46.16193289999998],[12.652079399999998,46.16198629999998]]},"properties":{"type":"trail","highway":"path","name":"","shade_pct":100.0,"length_m":260}},{"type":"Feature","geometry":{"type":"LineString","coordinates":[[12.653590000000001,46.16067999999999],[12.6536077,46.16075019999999],[12.653599,46.16082109999999],[12.6536034,46.16090859999999],[12.6535555,46.1609795],[12.6534749,46.1610459],[12.6534073,46.1610942],[12.6532919,46.1611591],[12.6532135,46.16120879999998],[12.6530893,46.16126919999999],[12.652971700000004,46.161305399999996],[12.6528968,46.161333],[12.652829000000004,46.16135009999999],[12.6528629,46.16130739999999],[12.652791999999998,46.161327699999994],[12.6527412,46.16135009999999],[12.652713499999999,46.1613512],[12.652722700000002,46.16131600000001],[12.652658000000002,46.1613298],[12.652590299999998,46.161364],[12.6525333,46.161410899999986],[12.652464,46.161455700000005],[12.6524024,46.16148339999999],[12.6523284,46.1614888],[12.6522653,46.161458899999985],[12.6522314,46.161411999999984],[12.6522068,46.1613768],[12.652159,46.16131809999999],[12.652182100000001,46.16127119999999],[12.652239100000001,46.161232699999985],[12.652292999999997,46.1612135],[12.65235,46.161161299999996],[12.652363899999997,46.16110469999998],[12.652364600000002,46.161078],[12.6523467,46.161058200000014]]},"properties":{"type":"trail","highway":"path","name":"","shade_pct":86.0,"length_m":223}},{"type":"Feature","geometry":{"type":"LineString","coordinates":[[12.6611843,46.165160099999994],[12.661260599999999,46.16516130000001],[12.6613468,46.1651789],[12.661461600000003,46.1652082],[12.661522400000003,46.16523540000001],[12.661630200000001,46.1652685],[12.6616957,46.16527859999999],[12.661726200000002,46.16527809999999],[12.661799200000004,46.16525999999998],[12.6618689,46.16522529999999],[12.661946199999997,46.16519890000001],[12.662013699999997,46.16519590000001],[12.662075800000002,46.16520640000001],[12.6621085,46.165269],[12.6621194,46.16533390000001],[12.6621409,46.1654086],[12.6622072,46.16550029999999],[12.6622965,46.16563259999999],[12.662344199999998,46.1657073],[12.662371999999998,46.1657681],[12.662373500000001,46.16583849999999],[12.6623827,46.1659355],[12.662416600000002,46.16601869999999],[12.662462799999998,46.166060300000005],[12.662530599999998,46.1660806],[12.6625691,46.16610190000001],[12.662586099999999,46.16616590000001],[12.662570599999999,46.16628010000001],[12.6625337,46.16640589999999],[12.662518299999999,46.16648589999999],[12.662524400000002,46.166604299999996],[12.662518300000002,46.16670029999998],[12.6625013,46.16676429999999],[12.662495199999999,46.1668497],[12.662461300000002,46.16699680000001],[12.6624474,46.1670854],[12.662401200000001,46.167197399999985],[12.662373499999998,46.1672763],[12.6623455,46.16733529999999]]},"properties":{"type":"trail","highway":"path","name":"","shade_pct":40.3,"length_m":324}},{"type":"Feature","geometry":{"type":"LineString","coordinates":[[12.649059000000001,46.1616269],[12.6489278,46.161616],[12.648773800000003,46.161599999999986],[12.6485982,46.161592600000006],[12.6484442,46.1616384],[12.648334899999998,46.16176],[12.6482625,46.161846499999996],[12.648226999999999,46.1619085]]},"properties":{"type":"trail","highway":"path","name":"","shade_pct":100.0,"length_m":83}},{"type":"Feature","geometry":{"type":"LineString","coordinates":[[12.630555499999998,46.13764179999999],[12.630588600000001,46.13765539999999],[12.630627400000002,46.1376487],[12.6306484,46.137591500000006],[12.6306355,46.13753890000001],[12.630633799999998,46.137493000000006],[12.630633799999998,46.13743359999999],[12.6306177,46.1373608],[12.630607999999999,46.1372802],[12.6306015,46.13720399999999],[12.6305988,46.1371281],[12.630624,46.13702679999999],[12.6306533,46.136879300000004],[12.630721099999999,46.13668999999999],[12.630779300000004,46.136533199999995],[12.630823000000003,46.136423499999985],[12.630843999999998,46.1363205]]},"properties":{"type":"trail","highway":"path","name":"","shade_pct":76.9,"length_m":156}},{"type":"Feature","geometry":{"type":"LineString","coordinates":[[12.627110199999999,46.13083329999999],[12.6270868,46.13074129999998],[12.6270351,46.1306293],[12.626954299999998,46.130490399999985],[12.6268832,46.13036269999999],[12.626760400000002,46.130225999999986],[12.626699,46.13010279999998],[12.6266666,46.12999309999998],[12.626673100000001,46.1298967],[12.626699,46.12982949999998],[12.6267862,46.1297847],[12.6269575,46.1297959],[12.6271095,46.1298206],[12.6272873,46.12984299999999],[12.62752,46.1298452],[12.627701,46.12987659999999],[12.627878799999998,46.1298811],[12.628037199999998,46.129887799999985],[12.6283216,46.1298497],[12.6285161,46.1298246],[12.628671500000001,46.12980559999998],[12.6288567,46.12977709999999],[12.6289721,46.12978189999999],[12.6290384,46.1298064],[12.6290711,46.1298349]]},"properties":{"type":"trail","highway":"path","name":"","shade_pct":100.0,"length_m":308}},{"type":"Feature","geometry":{"type":"LineString","coordinates":[[12.6543123,46.11322649999999],[12.654309699999999,46.1133238],[12.654303200000003,46.1133775],[12.6541998,46.113334999999985],[12.6540964,46.113243100000005],[12.6539671,46.113115400000005],[12.653811899999997,46.11299439999999],[12.653643800000001,46.1128554],[12.653456300000002,46.112729899999984],[12.6533561,46.11262459999999],[12.653233300000002,46.11253949999999],[12.653026400000002,46.1124162],[12.6529521,46.1123131],[12.652881,46.11222349999999],[12.6527743,46.11210469999999],[12.652632099999998,46.1120196],[12.652535099999998,46.11199039999999],[12.652428399999998,46.11197479999999],[12.6522862,46.1119658],[12.652153700000001,46.1119613],[12.652001799999999,46.1119613],[12.651891799999998,46.11197249999998],[12.6518143,46.11200389999999],[12.6517884,46.11205539999998],[12.651801299999999,46.112131599999984],[12.651824000000001,46.11223469999999],[12.651869199999998,46.112409500000005],[12.651911200000002,46.1126717],[12.6519177,46.11289579999999],[12.6518983,46.11299879999998],[12.6517949,46.11313999999999],[12.651659099999998,46.11331929999998],[12.6514749,46.11348509999999],[12.651148399999999,46.11367779999999],[12.650818699999999,46.11396909999999],[12.6504663,46.11433879999999],[12.6501463,46.114580899999986],[12.649894199999999,46.11479819999999],[12.649661499999999,46.11500440000001],[12.649354400000002,46.11523069999998],[12.6492117,46.1153251]]},"properties":{"type":"trail","highway":"track","name":"","shade_pct":45.4,"length_m":728}},{"type":"Feature","geometry":{"type":"LineString","coordinates":[[12.6239522,46.128416399999985],[12.624135499999998,46.128342700000005],[12.6244052,46.12821599999998],[12.6246384,46.12813520000001],[12.6248944,46.128040099999986],[12.6251001,46.127970399999995]]},"properties":{"type":"trail","highway":"path","name":"","shade_pct":67.7,"length_m":102}},{"type":"Feature","geometry":{"type":"LineString","coordinates":[[12.6587592,46.102742199999994],[12.658735100000001,46.102659],[12.658646600000003,46.102458999999996],[12.658177399999998,46.1014506],[12.657657600000002,46.100420699999994],[12.657343400000002,46.099763099999976],[12.657172,46.09951749999999],[12.657080600000002,46.099398699999995],[12.65694,46.09914229999999]]},"properties":{"type":"trail","highway":"track","name":"","shade_pct":75.2,"length_m":425}},{"type":"Feature","geometry":{"type":"LineString","coordinates":[[12.6568764,46.1041745],[12.656801299999998,46.10398339999998],[12.656708399999998,46.103735499999985],[12.656621600000001,46.103580099999995],[12.65666,46.10352540000001],[12.6567448,46.10346099999999],[12.6568438,46.103428799999996],[12.6574154,46.1033042],[12.657784700000002,46.10321719999999],[12.6582703,46.1030984],[12.658613099999998,46.1030212],[12.6588807,46.102959599999984]]},"properties":{"type":"trail","highway":"path","name":"","shade_pct":96.4,"length_m":260}},{"type":"Feature","geometry":{"type":"LineString","coordinates":[[12.642478699999998,46.09495259999999],[12.642713299999999,46.09500409999998],[12.6429842,46.095085399999995],[12.6432327,46.0951823],[12.6435399,46.095255800000004],[12.643861,46.09531590000001],[12.644092800000001,46.09533909999999],[12.6444,46.0953565],[12.644660099999998,46.0953491],[12.645217000000002,46.0952861],[12.6457935,46.0952232],[12.6462517,46.09516870000001],[12.6464846,46.095140999999984],[12.647436399999998,46.0950123],[12.647910299999998,46.0949301],[12.6485737,46.09474389999998],[12.6492688,46.094563199999996],[12.649884800000002,46.0944153],[12.650446599999999,46.09424889999999]]},"properties":{"type":"trail","highway":"track","name":"","shade_pct":60.2,"length_m":643}},{"type":"Feature","geometry":{"type":"LineString","coordinates":[[12.654556599999998,46.10533889999999],[12.654586300000002,46.10517349999999],[12.654569099999998,46.104955699999984],[12.654480600000001,46.104717999999984],[12.654272100000002,46.1042486],[12.6541235,46.103967399999995]]},"properties":{"type":"trail","highway":"path","name":"","shade_pct":45.7,"length_m":158}},{"type":"Feature","geometry":{"type":"LineString","coordinates":[[12.651806599999999,46.09493160000001],[12.6517365,46.09491499999999],[12.6516832,46.094875999999985],[12.651675300000003,46.09481089999999],[12.651689099999999,46.0947253],[12.651799699999998,46.09430859999999]]},"properties":{"type":"trail","highway":"track","name":"","shade_pct":84.0,"length_m":76}},{"type":"Feature","geometry":{"type":"LineString","coordinates":[[12.668631899999998,46.0833446],[12.6686657,46.0835092],[12.668705400000002,46.083644299999996],[12.6687996,46.0838825],[12.6688517,46.0840597],[12.6688492,46.08418359999999],[12.668764900000001,46.0845964],[12.6687351,46.0848287],[12.668755,46.08514519999999],[12.6687847,46.0853444],[12.6688243,46.0855327]]},"properties":{"type":"trail","highway":"track","name":"","shade_pct":100.0,"length_m":246}},{"type":"Feature","geometry":{"type":"LineString","coordinates":[[12.6631822,46.102337500000004],[12.6631575,46.1030355],[12.6631645,46.1032666],[12.6631786,46.10380889999998],[12.6631715,46.1044169],[12.6631295,46.1047914],[12.663192599999999,46.1049178],[12.6632908,46.104951899999996],[12.664971400000004,46.104808199999994],[12.6652339,46.10476219999999],[12.665437399999998,46.10472819999999],[12.665675900000004,46.104718399999996],[12.6672332,46.104485],[12.6684468,46.10433420000001],[12.668820199999999,46.1043116],[12.6691675,46.10428069999998],[12.6693411,46.10418440000001],[12.6695048,46.1039918],[12.669673400000002,46.10385419999998],[12.6699512,46.10380259999999],[12.6705811,46.103702899999995],[12.671027600000002,46.103586],[12.671528599999998,46.10350339999999],[12.671831100000002,46.10346210000001],[12.672158499999998,46.1034243],[12.6723173,46.10344150000001],[12.6724611,46.10353440000001],[12.6726496,46.1036444],[12.6729001,46.1038085],[12.673006699999998,46.103878299999984],[12.673358899999998,46.1041947],[12.673518600000001,46.1043351]]},"properties":{"type":"trail","highway":"track","name":"","shade_pct":54.0,"length_m":1167}},{"type":"Feature","geometry":{"type":"LineString","coordinates":[[12.6731309,46.098070200000016],[12.6726794,46.098108],[12.672218099999998,46.098113100000006],[12.6719007,46.09810800000001],[12.6712906,46.098147499999996],[12.670851600000002,46.098140599999994],[12.670496900000002,46.098119999999994],[12.6697454,46.0981578],[12.668867399999998,46.09819399999999],[12.667736499999998,46.09823869999999],[12.6668485,46.098267100000015],[12.6663785,46.098291499999995],[12.6654069,46.0983912],[12.664722999999997,46.09846900000001],[12.6639338,46.09854440000001],[12.6631867,46.09862709999999],[12.662541299999999,46.0987001],[12.662457799999999,46.098705499999994],[12.662415599999997,46.09871239999999],[12.662397,46.098735600000005],[12.6623784,46.098790699999995],[12.662379699999997,46.09894549999999],[12.6624142,46.099131199999995],[12.662405500000002,46.0992455],[12.6624614,46.09973419999999],[12.662485899999998,46.100060099999986],[12.662507,46.10023280000001],[12.6625385,46.1002936],[12.662577100000004,46.10031309999999],[12.6626824,46.10030820000001],[12.662801600000002,46.100315499999994],[12.662861200000002,46.1003568],[12.6629244,46.100770300000015],[12.662941899999998,46.1009186],[12.6629945,46.10100129999999],[12.6630857,46.101076699999986],[12.6631348,46.101293199999986],[12.663155900000001,46.10165069999999],[12.6631669,46.101697999999985]]},"properties":{"type":"trail","highway":"track","name":"","shade_pct":60.4,"length_m":1191}},{"type":"Feature","geometry":{"type":"LineString","coordinates":[[12.6626912,46.08194920000001],[12.663029200000002,46.081949699999996],[12.663436100000002,46.08195089999999],[12.6636062,46.081949699999996],[12.663748200000002,46.0819874],[12.663881499999999,46.0820452],[12.6642489,46.0822143],[12.664496200000002,46.0822934],[12.6647443,46.0823597],[12.665541299999997,46.0824821],[12.665723599999998,46.0825389],[12.6659344,46.0826344],[12.6661328,46.082700599999995],[12.6663002,46.082740999999984],[12.6664255,46.0827712],[12.6672464,46.0831694],[12.667477000000002,46.08328289999999],[12.6676184,46.08331479999999],[12.6677858,46.083339699999996],[12.6680269,46.0833495],[12.6683145,46.0833531],[12.668631899999998,46.0833446],[12.668850199999998,46.0833601],[12.6691552,46.08340480000001],[12.6693561,46.0833773],[12.6695917,46.0833102],[12.669867,46.08328779999999],[12.670100099999999,46.083363500000004],[12.6703892,46.0835619],[12.6706207,46.0838222],[12.670776699999998,46.083948699999986],[12.671011699999998,46.084085],[12.671327399999997,46.084167699999995],[12.671667600000001,46.08417009999999],[12.672158700000002,46.084136099999995],[12.672491899999999,46.0841117],[12.672751400000001,46.08409470000001],[12.673028499999997,46.084119],[12.6735175,46.08421700000001],[12.674152400000002,46.0844234],[12.674827,46.0845954],[12.6756206,46.08465739999999],[12.676265500000001,46.08462980000001],[12.6768012,46.084629799999995],[12.677078900000001,46.0845369],[12.6773121,46.08448529999999],[12.677637,46.08449910000001],[12.6777316,46.084475099999985]]},"properties":{"type":"trail","highway":"track","name":"","shade_pct":56.9,"length_m":1261}},{"type":"Feature","geometry":{"type":"LineString","coordinates":[[12.663341900000002,46.09672890000001],[12.663127500000002,46.0961447],[12.662720000000002,46.0949859],[12.662573699999998,46.09436510000002],[12.662588499999998,46.09434439999999],[12.662804299999998,46.0943135],[12.6629655,46.09427730000001],[12.663047400000002,46.094241200000006],[12.6630449,46.094181000000006],[12.663005199999999,46.09410189999999],[12.662977899999998,46.0940211],[12.6629606,46.09393159999999],[12.662982900000001,46.0938749],[12.6631094,46.09386969999999],[12.663285499999999,46.09384219999998],[12.663483900000001,46.09380259999999],[12.663759199999998,46.0937562],[12.6641133,46.093693],[12.664180299999998,46.09366549999998],[12.6642001,46.093612099999994],[12.6641778,46.093546799999984],[12.6640092,46.093123700000014],[12.663996800000003,46.09305489999999],[12.664024,46.093008399999995],[12.6640861,46.0929809],[12.6641877,46.09296369999999],[12.6644407,46.092934500000005],[12.6647954,46.09289150000001],[12.665102900000003,46.09283819999999],[12.6654799,46.0927917],[12.665606399999998,46.092752199999985],[12.665691,46.09269669999999],[12.665870700000003,46.09266089999999],[12.6663162,46.09259039999999],[12.6668809,46.09251489999999],[12.6672737,46.092440800000006],[12.667491200000002,46.09240909999999],[12.667768200000001,46.09235200000001],[12.6681172,46.0922839],[12.668524099999999,46.092218199999984],[12.668603000000001,46.09222429999999],[12.6686293,46.0922498],[12.668648599999997,46.092308200000005],[12.668696,46.09240429999999],[12.6687802,46.092579399999984],[12.668901200000002,46.092990500000006],[12.6689766,46.09309989999999],[12.669045000000002,46.09316439999999],[12.6691818,46.09332619999998],[12.669250199999999,46.093420699999996],[12.669309799999999,46.0935837],[12.669337799999996,46.09374909999999],[12.669378199999999,46.0938537],[12.6694518,46.09390479999999],[12.669578099999999,46.09392669999999],[12.6696763,46.09392789999998],[12.6697728,46.09391449999999],[12.669897300000002,46.09387799999999],[12.6699815,46.0938476],[12.6702673,46.09373809999999],[12.670439199999999,46.09367369999999],[12.670597,46.09359829999999],[12.670781199999999,46.0935448],[12.671031899999997,46.09348999999999],[12.671212600000002,46.0934511],[12.671365199999999,46.09343409999999],[12.6714839,46.09346979999998],[12.671611900000002,46.093503299999995],[12.6717737,46.0935333],[12.671868599999998,46.093541900000005],[12.6720232,46.09351459999999]]},"properties":{"type":"trail","highway":"track","name":"","shade_pct":33.0,"length_m":1305}},{"type":"Feature","geometry":{"type":"LineString","coordinates":[[12.654505100000002,46.12744750000001],[12.654591,46.12752589999998],[12.6547433,46.127645099999995],[12.654894500000001,46.127741099999994],[12.6550383,46.12782609999999],[12.655234600000002,46.1279331],[12.655376700000001,46.1280364],[12.655495900000004,46.12813119999998],[12.6556555,46.1282515]]},"properties":{"type":"trail","highway":"path","name":"","shade_pct":92.7,"length_m":126}},{"type":"Feature","geometry":{"type":"LineString","coordinates":[[12.6805317,46.1325345],[12.680288600000003,46.132476399999994],[12.6799266,46.132456],[12.6795483,46.13239049999999],[12.6792776,46.1323272],[12.6788635,46.132248099999984],[12.6786254,46.13220059999998],[12.678054699999999,46.132135099999985],[12.677666600000002,46.1320605],[12.6773438,46.13199050000001],[12.677011199999999,46.13195429999998],[12.6768057,46.131933999999994],[12.676450300000003,46.13190910000001],[12.675657799999998,46.1318142],[12.675194699999999,46.131764499999996],[12.6749762,46.131726099999995],[12.674480499999998,46.1316605],[12.674142199999999,46.13160130000001]]},"properties":{"type":"trail","highway":"track","name":"","shade_pct":98.4,"length_m":506}},{"type":"Feature","geometry":{"type":"LineString","coordinates":[[12.6513381,46.13522960000001],[12.651440299999999,46.135322099999996],[12.651551,46.1354659],[12.651652400000001,46.13562249999999],[12.6517032,46.13568959999999],[12.651758500000001,46.13571839999999],[12.651843799999998,46.1356944],[12.651998300000002,46.13563369999999],[12.652304999999998,46.13552819999999],[12.6524388,46.13548029999998],[12.652542499999997,46.135456299999994],[12.652627899999999,46.13546109999999],[12.6526809,46.1354819],[12.6527178,46.1355171],[12.6528054,46.13566089999999],[12.652874600000002,46.135774299999994],[12.652966799999998,46.1359373],[12.6530222,46.136028399999994],[12.653116700000002,46.136129100000005],[12.6531952,46.136199000000005]]},"properties":{"type":"trail","highway":"path","name":"","shade_pct":100.0,"length_m":232}},{"type":"Feature","geometry":{"type":"LineString","coordinates":[[12.646253599999998,46.1321377],[12.646208200000002,46.13205460000001],[12.646122500000002,46.13196819999999],[12.646024300000002,46.131906699999995],[12.645932300000002,46.13190449999999],[12.6458715,46.131906699999995],[12.6457999,46.13189699999998],[12.6457516,46.13186670000001],[12.645686099999999,46.1317998],[12.645572700000004,46.13166609999999],[12.6454405,46.13146439999999],[12.6453721,46.13131939999999],[12.645356699999999,46.131273499999985],[12.6452465,46.131023],[12.645131900000003,46.13076949999999],[12.6449776,46.1306076],[12.644660299999996,46.130237999999984],[12.644329700000002,46.129734000000006],[12.644078399999998,46.12936739999999],[12.643858,46.12904360000001],[12.6436641,46.12875339999999],[12.6434746,46.12846319999999],[12.6432216,46.12809000000001],[12.643002499999998,46.1277464],[12.6426497,46.12720459999999],[12.6422761,46.12664050000001],[12.6419902,46.126208999999974],[12.6417762,46.1258977],[12.641497199999998,46.1255093],[12.641280400000001,46.125192899999995],[12.6410429,46.12482369999999],[12.640768499999998,46.124380999999985],[12.6406255,46.12414119999999],[12.640251899999999,46.12359779999999],[12.640108,46.123408]]},"properties":{"type":"trail","highway":"track","name":"","shade_pct":65.7,"length_m":1092}},{"type":"Feature","geometry":{"type":"LineString","coordinates":[[12.6840831,46.127480099999985],[12.683993800000001,46.12756670000001],[12.683862100000002,46.127733699999986],[12.683710500000002,46.1279664],[12.6836625,46.128018200000014],[12.6836222,46.12805569999998],[12.683504800000001,46.12806479999999],[12.6833939,46.1280602],[12.683332000000002,46.12806019999999],[12.6832798,46.128091899999994],[12.683253699999998,46.12812579999999],[12.6828558,46.12871109999999],[12.682448199999996,46.12931229999999],[12.6822835,46.12952589999999],[12.682236199999998,46.1295971],[12.682233,46.12964120000002],[12.682246000000003,46.129678500000004],[12.682276999999996,46.12969989999999],[12.6823145,46.129715699999984],[12.6823846,46.129735],[12.6824254,46.12975529999998],[12.682456299999998,46.129791499999996],[12.6824515,46.12982079999998],[12.682291700000002,46.13004120000001],[12.6821107,46.1303079],[12.6819867,46.130476200000004],[12.6816385,46.130990799999985],[12.6813319,46.1314239],[12.681158899999998,46.13167320000001],[12.6808707,46.13206949999999],[12.680637799999998,46.132400299999986],[12.6805317,46.1325345],[12.680146600000002,46.133037900000005],[12.679021300000002,46.13454000000001],[12.6789129,46.13468699999999],[12.6788253,46.13476049999999],[12.678751499999999,46.13479569999999],[12.6786247,46.134814799999994],[12.6784932,46.134819599999986],[12.678329499999998,46.1348292],[12.6782027,46.134842000000006],[12.6781197,46.13486919999999],[12.678025100000001,46.13491230000001],[12.6779698,46.134949099999986],[12.6779283,46.13499539999999],[12.677713799999998,46.13536449999999],[12.677518399999999,46.13560439999999]]},"properties":{"type":"trail","highway":"track","name":"","shade_pct":30.3,"length_m":1090}},{"type":"Feature","geometry":{"type":"LineString","coordinates":[[12.6434746,46.12846319999999],[12.6435327,46.128404999999994],[12.6436681,46.128343999999984],[12.6438164,46.128274999999995],[12.643914299999999,46.12818689999999],[12.643964800000001,46.1280705],[12.6439664,46.12795409999999],[12.643924099999998,46.12778909999998],[12.643840900000002,46.127579999999995],[12.6437496,46.127369899999984],[12.643642000000002,46.1271642],[12.643557199999998,46.1269879],[12.6435103,46.12688149999999],[12.6435021,46.126814800000005],[12.643554299999998,46.12674809999999],[12.6436293,46.1266961],[12.643772800000002,46.1266227],[12.644015800000002,46.12653229999999],[12.644325599999998,46.12641359999999],[12.644635399999999,46.12632090000001],[12.644849000000002,46.12626780000002],[12.645220699999998,46.126179199999996],[12.645520800000002,46.12612049999999],[12.6459352,46.126001399999986],[12.646038999999998,46.12597909999998],[12.646108199999999,46.125983899999994],[12.6461335,46.12602059999998],[12.646182,46.12612450000001],[12.646251100000002,46.12628269999999],[12.6463318,46.12651450000001],[12.646460999999999,46.12673179999998],[12.6465394,46.12687249999998],[12.646592399999998,46.12694119999998],[12.646647800000002,46.12695239999999],[12.646760799999997,46.126954],[12.6469568,46.126929999999994],[12.647187399999998,46.12690119999999],[12.647240399999998,46.126894799999995],[12.647261099999996,46.1269092],[12.647321100000001,46.12697789999999],[12.6473649,46.1270514],[12.6474894,46.127334300000015],[12.647584,46.12758519999999],[12.647662399999998,46.1277562],[12.647668100000002,46.12778659999999],[12.6476958,46.127827399999994],[12.647717699999996,46.12784409999999],[12.647754599999997,46.1278497],[12.647838800000002,46.12784329999998],[12.6479034,46.12782969999998],[12.647999099999998,46.12779859999999],[12.648121300000001,46.1277618],[12.648313800000002,46.127707499999985],[12.6485329,46.12764919999998],[12.648634299999998,46.12762599999999],[12.648774999999999,46.127586],[12.648864899999998,46.127562899999994],[12.6489422,46.12754689999998],[12.649039,46.12754689999999],[12.649135899999997,46.127585199999984],[12.649299600000003,46.127654],[12.6494518,46.12771789999999],[12.6496086,46.1278074],[12.649747,46.1279017],[12.649857700000002,46.12797519999999],[12.6500075,46.12805669999999],[12.650143600000002,46.12813020000001],[12.6502253,46.12817319999999]]},"properties":{"type":"trail","highway":"path","name":"","shade_pct":72.3,"length_m":931}},{"type":"Feature","geometry":{"type":"LineString","coordinates":[[12.6500813,46.1358727],[12.6499583,46.135810799999994],[12.649712,46.13565969999999],[12.649497,46.1355322],[12.649310000000003,46.13531630000002],[12.6490856,46.1349426],[12.648970200000003,46.13471799999999]]},"properties":{"type":"trail","highway":"path","name":"","shade_pct":58.4,"length_m":158}},{"type":"Feature","geometry":{"type":"LineString","coordinates":[[12.6459997,46.13235790000001],[12.64605,46.13247830000001],[12.6461007,46.1326173],[12.6461668,46.132727299999985],[12.6462638,46.1328204],[12.6464136,46.13295480000001],[12.646532599999999,46.13312289999999],[12.6466164,46.133260299999996],[12.646700099999999,46.13345579999999],[12.6467839,46.1336299],[12.646827999999998,46.1338162],[12.6468604,46.133873],[12.6469134,46.1340156],[12.6469882,46.1341451]]},"properties":{"type":"trail","highway":"track","name":"","shade_pct":59.6,"length_m":215}},{"type":"Feature","geometry":{"type":"LineString","coordinates":[[12.7120627,46.0885283],[12.7120815,46.0884392],[12.712131100000002,46.0883072],[12.712166,46.0882021],[12.712207600000001,46.08810629999998],[12.712267899999999,46.088032799999986],[12.7123256,46.08798809999999],[12.7123705,46.08798389999999],[12.7124155,46.08798809999999],[12.7124611,46.08802349999999],[12.7124852,46.0880551],[12.712490600000002,46.08809320000001],[12.712449899999998,46.08815779999999],[12.7121676,46.088443000000005],[12.7120627,46.0885283],[12.711694999999999,46.08890289999999],[12.711374400000002,46.0892123],[12.7108872,46.089689700000015],[12.7105811,46.08998529999999],[12.7105248,46.089797299999994],[12.710443,46.08952609999999],[12.710387100000004,46.08939969999998],[12.710320199999998,46.08934549999999],[12.7101769,46.0893014],[12.7099497,46.0892755],[12.7096271,46.08924769999999],[12.7089514,46.08918749999999],[12.708194999999998,46.089112799999995]]},"properties":{"type":"trail","highway":"track","name":"","shade_pct":67.4,"length_m":584}},{"type":"Feature","geometry":{"type":"LineString","coordinates":[[12.7062482,46.0998871],[12.706381900000002,46.099846400000004],[12.7065289,46.099835299999995],[12.7066196,46.09973260000001],[12.706666,46.099681],[12.706687000000002,46.099619599999976],[12.706692600000002,46.09957479999999],[12.7067151,46.09947939999999],[12.706750200000002,46.099365500000005],[12.706762800000002,46.09927499999999],[12.7067699,46.099186399999994],[12.706757200000002,46.0991241],[12.7067277,46.099067600000005],[12.706712799999998,46.0990335]]},"properties":{"type":"trail","highway":"path","name":"","shade_pct":21.6,"length_m":116}},{"type":"Feature","geometry":{"type":"LineString","coordinates":[[12.7076624,46.08364989999999],[12.707803500000002,46.083665399999994],[12.708084699999999,46.08369509999998],[12.708291200000001,46.08373509999999],[12.7084679,46.0837475],[12.708614899999999,46.08376949999999],[12.7087955,46.083779099999994],[12.708946400000004,46.08376539999999],[12.709031799999998,46.08377360000001],[12.709095399999999,46.0838136],[12.709202599999998,46.0839182],[12.7093416,46.0840766],[12.709831999999999,46.0846812],[12.7107375,46.0857499],[12.7115317,46.08667260000001],[12.711895999999998,46.087102199999975]]},"properties":{"type":"trail","highway":"path","name":"","shade_pct":53.8,"length_m":539}},{"type":"Feature","geometry":{"type":"LineString","coordinates":[[12.687202999999998,46.08937109999998],[12.6878199,46.089414100000006],[12.688317000000001,46.0894316],[12.688763399999997,46.08946670000001],[12.6894907,46.0894979],[12.690291,46.0895349],[12.691313100000002,46.08959130000001],[12.6924027,46.0896478],[12.6946964,46.08976250000002],[12.694779300000002,46.08976659999998],[12.6958351,46.08982120000001],[12.697621,46.0899146],[12.698851000000001,46.089988600000005],[12.699946100000002,46.090023699999996],[12.7007099,46.0900743],[12.701614100000002,46.0901016],[12.702501400000001,46.090156099999994],[12.7035235,46.09021450000001],[12.7045681,46.0902574],[12.7055341,46.090327499999994],[12.7068483,46.09039369999999],[12.7077952,46.09042939999998]]},"properties":{"type":"trail","highway":"track","name":"","shade_pct":75.9,"length_m":1597}},{"type":"Feature","geometry":{"type":"LineString","coordinates":[[12.700313499999998,46.076400699999986],[12.7003174,46.07653029999999],[12.7003058,46.0766907],[12.7003058,46.07694579999999],[12.700363,46.077509999999975],[12.7003957,46.0780232],[12.7004651,46.07920719999999],[12.700488200000002,46.079688299999994],[12.700584500000003,46.08064749999999],[12.700578700000001,46.08072369999999],[12.7005498,46.08076779999999],[12.7004747,46.0807819],[12.6998967,46.08078189999999],[12.6998475,46.08080390000001],[12.6998129,46.080864],[12.699804200000003,46.0809482],[12.699816400000001,46.0813792],[12.699783800000002,46.081563399999986],[12.6998369,46.08193479999999],[12.6998573,46.08253299999999],[12.6998124,46.0828902],[12.6998081,46.083062999999996]]},"properties":{"type":"trail","highway":"track","name":"","shade_pct":30.8,"length_m":794}},{"type":"Feature","geometry":{"type":"LineString","coordinates":[[12.687654499999999,46.0871672],[12.688589699999998,46.08718619999999],[12.6894515,46.0872275],[12.690356899999998,46.0872909],[12.690892999999999,46.087321199999984],[12.6916873,46.0873542],[12.6926443,46.08740379999999],[12.6933671,46.08744509999998],[12.694284400000003,46.087478199999985],[12.695136700000003,46.0875224],[12.695451900000002,46.0875388],[12.696480500000002,46.08759109999998],[12.697489200000001,46.0876545],[12.6985177,46.087695799999985],[12.699760699999999,46.08774809999999],[12.700687299999998,46.087822099999975],[12.701625200000002,46.087861099999984],[12.702709100000002,46.08789999999999],[12.703669499999998,46.08796619999999],[12.704534399999998,46.088001299999995],[12.705422800000001,46.088044599999996],[12.7068008,46.08809689999998],[12.7076189,46.08813550000001],[12.7084637,46.088196999999994]]},"properties":{"type":"trail","highway":"track","name":"","shade_pct":68.3,"length_m":1614}},{"type":"Feature","geometry":{"type":"LineString","coordinates":[[12.688583999999999,46.08151669999999],[12.688722299999998,46.08158759999999],[12.6892271,46.08186259999999],[12.689396699999998,46.081953299999995],[12.6898261,46.08221109999999],[12.690103599999999,46.08236139999999],[12.6903694,46.0825238],[12.690571699999998,46.082634],[12.6906902,46.082702199999986],[12.690837600000004,46.08272829999999],[12.690970599999998,46.082736299999986],[12.6910775,46.082744299999995],[12.692826,46.0828485],[12.6947276,46.08296660000001],[12.696848800000001,46.0830658],[12.6986869,46.08315399999998],[12.6998884,46.0832141],[12.699929599999999,46.0832162],[12.701025,46.0832803],[12.702152100000001,46.08333640000001],[12.703548,46.08340460000001],[12.704639799999999,46.08345319999998],[12.7060617,46.08353340000002],[12.707261099999998,46.08359549999999],[12.7076496,46.08360729999999]]},"properties":{"type":"trail","highway":"track","name":"","shade_pct":27.2,"length_m":1525}},{"type":"Feature","geometry":{"type":"LineString","coordinates":[[12.690807299999998,46.082570399999994],[12.6908409,46.0825371],[12.6908512,46.08238399999999],[12.6908655,46.08184539999999],[12.6908982,46.080975],[12.6909227,46.08060359999999],[12.6909431,46.0805611],[12.6909636,46.0805356],[12.691022800000002,46.0805242],[12.6911311,46.0805257],[12.691347800000003,46.08053700000001],[12.691468299999999,46.080532700000006],[12.691556200000003,46.0805186],[12.6916012,46.08048029999999],[12.691625700000001,46.08044339999999],[12.69164,46.0803584],[12.691817799999999,46.07985799999997],[12.6918832,46.0797474],[12.692001699999999,46.07969069999999],[12.6920099,46.07959150000001],[12.6920875,46.07942139999999],[12.6921202,46.079316499999976],[12.6921325,46.07918609999999],[12.6921856,46.0790301],[12.692226499999999,46.0788827],[12.6922479,46.0788212],[12.692291199999998,46.07864579999999],[12.6922594,46.07860569999999],[12.692211799999999,46.07857869999999]]},"properties":{"type":"trail","highway":"path","name":"","shade_pct":38.3,"length_m":504}},{"type":"Feature","geometry":{"type":"LineString","coordinates":[[12.7043667,46.103102],[12.7044313,46.10302339999999],[12.704490899999998,46.10290500000001],[12.704554499999999,46.10276049999998],[12.704616,46.10259390000001],[12.704689499999999,46.1025044],[12.704806599999998,46.1024259],[12.7049218,46.102318499999996],[12.7050052,46.10223589999999],[12.705203700000002,46.1021506],[12.7053268,46.1020184],[12.705533399999998,46.101820099999976],[12.705684299999996,46.10163009999998],[12.7057121,46.10147870000001],[12.705727899999998,46.101368599999994],[12.705743800000002,46.1012639],[12.7058272,46.1009748],[12.7059742,46.10067190000001],[12.7060337,46.100490199999996],[12.706113099999998,46.100250599999995],[12.706148899999999,46.10007439999998],[12.7062482,46.0998871]]},"properties":{"type":"trail","highway":"path","name":"","shade_pct":49.8,"length_m":396}},{"type":"Feature","geometry":{"type":"LineString","coordinates":[[12.6725794,46.08954339999999],[12.672601,46.08947639999999],[12.672596600000004,46.0893726],[12.672625899999998,46.0892555],[12.672659699999999,46.08914870000001],[12.6726934,46.0890194],[12.672755,46.0888322],[12.672822499999999,46.0886693],[12.672875399999999,46.088551300000006],[12.672922299999998,46.0884373]]},"properties":{"type":"trail","highway":"track","name":"","shade_pct":100.0,"length_m":126}},{"type":"Feature","geometry":{"type":"LineString","coordinates":[[12.6336421,46.1320743],[12.633721099999999,46.132084799999994],[12.6338194,46.13213549999998],[12.6339517,46.132236999999996],[12.634010699999997,46.1323302],[12.634078499999998,46.13246429999998],[12.634158299999998,46.1326158],[12.634206399999998,46.13278699999999],[12.634326700000003,46.133177900000014],[12.634385699999996,46.13333549999999],[12.6344784,46.133534700000006],[12.634558800000002,46.13382399999999],[12.634571999999999,46.133952699999995]]},"properties":{"type":"trail","highway":"track","name":"","shade_pct":21.1,"length_m":228}},{"type":"Feature","geometry":{"type":"LineString","coordinates":[[12.6765061,46.09108359999999],[12.676582199999999,46.09105009999999],[12.6765822,46.091013399999994],[12.676582200000002,46.09097069999999],[12.6766174,46.090911699999985],[12.676696699999999,46.09088319999999],[12.676878599999998,46.09084859999999],[12.6771105,46.090805799999984],[12.6772572,46.090781400000004],[12.6773687,46.090765099999984],[12.677474400000001,46.090765099999984],[12.6776064,46.09077729999999],[12.677764900000001,46.09076919999998],[12.677979199999998,46.090728500000004],[12.6781904,46.09068170000001],[12.678451600000002,46.090606399999984],[12.6786228,46.090553199999995],[12.6787979,46.090525200000016]]},"properties":{"type":"trail","highway":"track","name":"","shade_pct":100.0,"length_m":199}},{"type":"Feature","geometry":{"type":"LineString","coordinates":[[12.6361246,46.1297574],[12.6363038,46.1296785],[12.636522499999998,46.129599799999994],[12.636731399999997,46.12951760000001],[12.637144599999997,46.12940249999998],[12.6377021,46.129240300000006],[12.638159,46.129123699999994],[12.638556900000001,46.129008500000005],[12.6388608,46.12892370000001],[12.6389592,46.12890999999999],[12.639022600000002,46.12889789999999],[12.639066300000001,46.12891610000001],[12.639118800000002,46.12898879999998],[12.639177799999999,46.1291388],[12.639247799999998,46.129302499999994],[12.639298099999998,46.12935849999999],[12.6393658,46.12939029999999],[12.6394293,46.129385799999994],[12.6395145,46.12936309999999],[12.639588900000001,46.12935850000001],[12.6396479,46.129379699999994],[12.639663199999998,46.12942369999999],[12.639730999999998,46.12955399999998]]},"properties":{"type":"trail","highway":"track","name":"","shade_pct":96.7,"length_m":350}},{"type":"Feature","geometry":{"type":"LineString","coordinates":[[12.686525800000002,46.07793989999999],[12.6866057,46.07791089999999],[12.6866835,46.07785590000001],[12.686714299999998,46.07777860000001],[12.6867481,46.077685900000006],[12.686768599999999,46.0775709],[12.6867841,46.07746160000001],[12.686795899999998,46.0773191],[12.686795899999998,46.077235599999995],[12.6867915,46.077178599999996],[12.686795899999998,46.0771206],[12.686814999999998,46.077077900000006],[12.686824499999998,46.07706480000001],[12.686779699999999,46.0770282],[12.686659,46.0769097],[12.686542799999998,46.076755699999985],[12.6864453,46.0766175],[12.686320800000003,46.07649509999999],[12.6862004,46.07638430000001],[12.6860738,46.0762619],[12.6859867,46.07618419999999],[12.685926499999999,46.0761338],[12.6858456,46.0761108],[12.6856318,46.0760546],[12.685326799999999,46.0759841],[12.685129600000002,46.075933699999986],[12.684978200000002,46.07588479999999],[12.684847400000002,46.07586890000001],[12.684635799999999,46.075844499999995],[12.684397099999998,46.0758373],[12.684119,46.0758013],[12.6838451,46.07577539999999],[12.6835712,46.07575949999999]]},"properties":{"type":"trail","highway":"track","name":"","shade_pct":71.3,"length_m":418}},{"type":"Feature","geometry":{"type":"LineString","coordinates":[[12.633610199999998,46.132108699999996],[12.6336421,46.1320743],[12.633683900000001,46.13202239999999],[12.633741099999996,46.131921699999985],[12.633795199999998,46.131746],[12.633866300000001,46.131594899999996],[12.633917299999998,46.1314856],[12.6339776,46.13131639999998],[12.634033299999999,46.13114710000001],[12.634070399999999,46.13101],[12.634143,46.1309125],[12.6342574,46.13077429999999],[12.634453799999998,46.130605],[12.6346795,46.1304229],[12.6348202,46.1302825],[12.634971700000001,46.1300993],[12.6351154,46.12989249999999],[12.635246799999997,46.12972430000001],[12.635424599999999,46.1295593],[12.635506199999998,46.12946989999999],[12.635555699999998,46.12949489999998],[12.635639199999998,46.12949489999998],[12.6357196,46.1295067],[12.635851000000002,46.129588199999986],[12.6360009,46.12968779999999],[12.6361246,46.1297574],[12.6362544,46.1298895],[12.636494000000003,46.13009739999999],[12.6365806,46.130194900000006],[12.636795399999999,46.1303781],[12.636959300000001,46.13051630000001],[12.6370072,46.1305463],[12.637038199999996,46.130556999999996],[12.637075299999998,46.130549499999994],[12.637476499999998,46.1304101],[12.6376643,46.130344799999996],[12.638070699999998,46.13022339999999],[12.6383599,46.13013699999999],[12.6388191,46.130006699999996],[12.6392213,46.12993699999999],[12.6396805,46.129867299999994],[12.6400696,46.129788500000004],[12.640153,46.129770999999984],[12.6401906,46.1297924],[12.640269699999997,46.1298984],[12.640316600000002,46.12999409999999],[12.640431999999999,46.130185600000004],[12.6406238,46.1305583],[12.6407391,46.130797999999984],[12.640865199999999,46.13104899999999],[12.640964399999998,46.131209800000015],[12.6410046,46.131285099999985],[12.641011299999999,46.1313241],[12.641007299999998,46.13136589999999],[12.6410167,46.1314105],[12.641035499999997,46.131444],[12.641056000000004,46.1314831]]},"properties":{"type":"trail","highway":"track","name":"","shade_pct":51.0,"length_m":967}},{"type":"Feature","geometry":{"type":"LineString","coordinates":[[12.685559,46.080721799999985],[12.685674899999999,46.080617],[12.685820100000003,46.08048749999999],[12.685899000000001,46.0803824],[12.686008999999999,46.08020969999999],[12.6860878,46.08006719999999],[12.6862435,46.07980810000001],[12.686382500000002,46.07954179999999],[12.686451000000002,46.0793748],[12.6864803,46.07927629999998],[12.6864686,46.0790544],[12.6864745,46.07880409999998],[12.686451000000002,46.0785557],[12.6864392,46.0782768],[12.686445099999998,46.07809159999999],[12.686453899999998,46.0780529],[12.6864818,46.0779938],[12.686525800000002,46.07793989999999],[12.686392299999998,46.0778971],[12.686183900000001,46.07782489999999],[12.686069500000002,46.0777974],[12.6858501,46.077746599999976],[12.6855119,46.0776919],[12.6852234,46.07766449999999],[12.6850616,46.0776473],[12.6848001,46.077608399999995],[12.684422400000003,46.07755939999998],[12.684117400000002,46.0774947],[12.683953399999998,46.0774774],[12.6838663,46.07745719999999],[12.683847599999998,46.077437100000004],[12.6838414,46.07740109999999],[12.683845499999999,46.077354999999976],[12.6838891,46.07717650000001],[12.6839202,46.0770513],[12.683951300000002,46.07692320000001],[12.6839659,46.0768786],[12.683959600000001,46.07684110000002],[12.6839244,46.07680229999999],[12.6838766,46.07678499999998],[12.6837833,46.0767749],[12.683559100000002,46.07675909999999],[12.683461600000001,46.07675040000001]]},"properties":{"type":"trail","highway":"track","name":"","shade_pct":63.9,"length_m":652}},{"type":"Feature","geometry":{"type":"LineString","coordinates":[[12.635150699999999,46.129090600000005],[12.635305300000002,46.12923409999999],[12.635428899999999,46.129375599999996],[12.635506199999998,46.12946989999999],[12.6356175,46.129349899999994],[12.6358649,46.1291163],[12.636136999999998,46.1288184],[12.636393600000002,46.12857849999999],[12.636532699999998,46.12841770000001],[12.6365637,46.1283749],[12.636560600000001,46.1282377],[12.6365729,46.1279956],[12.636622399999998,46.1277877],[12.6366966,46.1275992],[12.636758400000002,46.12748349999998],[12.6369316,46.1273463],[12.6370305,46.12722629999999],[12.6370924,46.127101999999994],[12.637284099999999,46.12671629999999],[12.6375809,46.126257700000004],[12.638112700000002,46.12562770000001],[12.638459000000001,46.125122],[12.638935100000001,46.1245134],[12.639287599999998,46.12414479999998],[12.6395597,46.123894099999994],[12.6398163,46.123669],[12.639930499999998,46.123561299999984],[12.6398512,46.1235261],[12.639796499999996,46.123459399999994],[12.6397353,46.12331689999999],[12.6396763,46.12316389999999],[12.639584500000002,46.12299269999998],[12.6395385,46.12288199999999],[12.639501399999999,46.12285779999999],[12.639429199999999,46.122848699999984],[12.639311200000002,46.1228517],[12.639018199999999,46.12290169999999],[12.638957000000001,46.12291079999999],[12.638939500000001,46.1229002],[12.638924200000002,46.12286989999998],[12.638838900000001,46.122731999999985],[12.638734,46.12252899999999],[12.638650899999998,46.12233949999998],[12.638596199999999,46.122238],[12.638541599999998,46.1221835]]},"properties":{"type":"trail","highway":"track","name":"","shade_pct":98.8,"length_m":1019}},{"type":"Feature","geometry":{"type":"LineString","coordinates":[[12.686824499999998,46.07706480000001],[12.6869184,46.07708589999999],[12.6870409,46.077103199999996],[12.687252500000001,46.0771147],[12.6874528,46.07712699999998],[12.687739100000002,46.07714709999999],[12.688125099999999,46.07716009999999],[12.6884115,46.0771831],[12.688557500000002,46.077201099999996]]},"properties":{"type":"trail","highway":"track","name":"","shade_pct":41.1,"length_m":135}},{"type":"Feature","geometry":{"type":"LineString","coordinates":[[12.6368135,46.151702699999994],[12.6367132,46.151693599999994],[12.6367493,46.15164279999998],[12.636773399999997,46.15158769999999],[12.636775500000002,46.1515532],[12.636768200000004,46.15146999999998],[12.636749699999998,46.1514261],[12.6367205,46.1513335],[12.6367014,46.15128229999999],[12.636671500000002,46.151207599999985],[12.636649200000004,46.151156499999985],[12.636620499999998,46.151122300000004],[12.636574400000002,46.1510872],[12.636536099999999,46.1510595],[12.636477500000002,46.1510379],[12.6363885,46.151012],[12.6362927,46.1509974],[12.6361588,46.150979499999984],[12.635987699999998,46.1509566],[12.635829299999997,46.150937299999995],[12.6356758,46.150916500000015],[12.6355702,46.15089929999999],[12.6354689,46.15087900000001],[12.635379,46.150855],[12.635260599999999,46.150827699999994],[12.6351733,46.15080320000002],[12.635097299999998,46.150778499999994],[12.6350025,46.1507458],[12.6349013,46.15070399999999],[12.634824400000001,46.1506659],[12.6347418,46.1506206],[12.634645499999998,46.15055560000001],[12.6345146,46.15046599999999],[12.634405600000001,46.15038729999999],[12.634269499999998,46.1502944],[12.634186,46.150230399999984],[12.6341163,46.15015489999999],[12.634036599999998,46.1500675],[12.633947900000003,46.14995839999999],[12.633945999999998,46.1499423],[12.633996800000002,46.14985919999999],[12.6340484,46.14977209999999],[12.6340777,46.149754699999995],[12.634138000000002,46.149740699999995],[12.634183500000002,46.14973559999997],[12.6342271,46.14972449999999],[12.634268300000002,46.14970919999998],[12.634307599999998,46.14968399999999],[12.634331100000002,46.149662099999986],[12.6343498,46.149636099999995],[12.6343658,46.149603899999995],[12.634370299999999,46.14954509999998],[12.634364500000002,46.14946749999999],[12.634346500000001,46.1494025],[12.6343381,46.14935829999999],[12.634328300000002,46.1493244],[12.634305,46.1492599],[12.634277800000001,46.14913419999999],[12.6342639,46.14907049999999],[12.634255199999998,46.14899830000001],[12.634264099999998,46.14898529999999],[12.634280399999998,46.14897680000001],[12.6344232,46.14905459999999],[12.6343395,46.1489623],[12.634462500000001,46.1490221],[12.6343831,46.148936899999995],[12.6345074,46.148996800000006],[12.634426100000002,46.148908700000014],[12.6345505,46.1489681],[12.634472499999998,46.148880199999994],[12.634597499999998,46.14893949999999],[12.6345155,46.148853299999985],[12.634624300000004,46.1489027],[12.6345566,46.1488247],[12.634669999999998,46.14887689999999],[12.634600299999999,46.148796899999994],[12.6347269,46.1488503],[12.634682599999998,46.14881140000001],[12.634640000000001,46.148770099999986],[12.6347664,46.1488267],[12.6346805,46.14874039999999],[12.634802899999999,46.148797],[12.6347274,46.14871370000001],[12.6348498,46.14877299999999],[12.6347632,46.14868439999999],[12.6348939,46.14875130000001],[12.6348102,46.14865679999999],[12.6349286,46.148716],[12.6348456,46.14862329999999],[12.634981800000002,46.1486839],[12.634902,46.148592199999996],[12.635029799999998,46.14864930000001],[12.6349553,46.148558699999995],[12.6350867,46.148622800000005],[12.635003200000003,46.148526000000004],[12.635138100000002,46.1485865],[12.6350518,46.1484914],[12.6351709,46.14855179999999],[12.635284700000001,46.14852320000001],[12.6355399,46.14834280000001]]},"properties":{"type":"trail","highway":"path","name":"","shade_pct":67.5,"length_m":901}},{"type":"Feature","geometry":{"type":"LineString","coordinates":[[12.6316625,46.1553765],[12.6316212,46.1553274],[12.631545600000003,46.155278199999984],[12.631404199999999,46.1552296],[12.6312429,46.1552033],[12.6311374,46.155128000000005],[12.6310722,46.155053300000006],[12.6309466,46.15492879999999],[12.630815700000001,46.1547408],[12.630642700000001,46.1546567],[12.630454600000002,46.154613000000005]]},"properties":{"type":"trail","highway":"path","name":"","shade_pct":100.0,"length_m":132}},{"type":"Feature","geometry":{"type":"LineString","coordinates":[[12.6318221,46.15454499999999],[12.6317509,46.154384599999986],[12.631616499999998,46.1543327],[12.6314846,46.15423600000001],[12.631381199999998,46.154194799999985],[12.6312047,46.154173899999996],[12.631005599999998,46.15414349999998],[12.630942300000001,46.154102300000005],[12.6308311,46.153967100000024],[12.6307174,46.1538739],[12.630500299999998,46.1537199],[12.630378700000001,46.15359999999998],[12.630223600000003,46.15348889999999],[12.629983200000002,46.153317],[12.629786799999998,46.15323099999999],[12.629442899999999,46.153143299999996],[12.629143100000004,46.15307879999999],[12.628959500000004,46.15308419999999],[12.628757900000002,46.15310569999999],[12.628564000000003,46.153119999999994],[12.6284425,46.153096699999985],[12.628372499999998,46.153058899999984]]},"properties":{"type":"trail","highway":"path","name":"","shade_pct":96.6,"length_m":338}},{"type":"Feature","geometry":{"type":"LineString","coordinates":[[12.634229299999998,46.14327669999998],[12.634826099999996,46.14408939999999]]},"properties":{"type":"trail","highway":"track","name":"Via Vittorio Alfieri","shade_pct":56.1,"length_m":101}},{"type":"Feature","geometry":{"type":"LineString","coordinates":[[12.6453034,46.154888],[12.6453812,46.154850200000006],[12.645412300000002,46.15477469999999],[12.645347500000002,46.1547316],[12.645119100000002,46.15463449999999],[12.6449064,46.15453210000001],[12.644652100000002,46.154476400000014],[12.6445146,46.154399099999985],[12.6443926,46.154275099999985],[12.6443355,46.154162700000015],[12.6443303,46.1541088],[12.6443353,46.15405329999998],[12.6443578,46.15398679999998],[12.6445145,46.15368039999998]]},"properties":{"type":"trail","highway":"track","name":"Vicolo Cavallotti","shade_pct":26.3,"length_m":184}},{"type":"Feature","geometry":{"type":"LineString","coordinates":[[12.664971400000004,46.104808199999994],[12.6650847,46.1050918],[12.6652404,46.10540189999998],[12.665631700000004,46.10611670000001],[12.665884199999999,46.106598099999985],[12.6661157,46.10700359999999],[12.666317600000001,46.10733029999999],[12.6665449,46.10758999999998],[12.666881500000002,46.1079605],[12.6669446,46.1079955],[12.667424300000002,46.10804509999998],[12.668042800000002,46.108126799999994],[12.668842299999998,46.108196799999995],[12.669373,46.108268499999994],[12.6701545,46.1083701],[12.671185399999999,46.10847509999999],[12.672578199999998,46.1086268],[12.6733356,46.1087085],[12.6744591,46.10883390000001],[12.6751576,46.108924300000005],[12.6754879,46.108949099999975],[12.675592,46.108945000000006],[12.675734899999998,46.108930500000014],[12.675880600000003,46.10894909999999],[12.676327,46.10902749999999],[12.6766552,46.109085799999995],[12.677261099999997,46.1091529],[12.678249900000003,46.1092492],[12.6789905,46.109330899999996],[12.6797395,46.10941549999999],[12.6806947,46.10950589999999],[12.6811744,46.10954379999998],[12.681462300000002,46.10957569999999]]},"properties":{"type":"trail","highway":"track","name":"","shade_pct":68.3,"length_m":1525}},{"type":"Feature","geometry":{"type":"LineString","coordinates":[[12.6724611,46.10353440000001],[12.6724815,46.103453899999984],[12.672511200000002,46.103387899999994],[12.672561800000002,46.10328069999999],[12.672564799999998,46.10317959999998],[12.6725529,46.10306199999999],[12.6725469,46.1029691],[12.6725261,46.10281229999998],[12.672535,46.10272980000001],[12.672532,46.102645199999984],[12.6725053,46.10256269999999],[12.6724577,46.10250289999999],[12.6723476,46.10245129999999],[12.6721839,46.10242859999998],[12.6719191,46.102436899999994],[12.671719800000004,46.102461600000005],[12.671505500000002,46.102474],[12.671309100000002,46.1025194],[12.6711485,46.10253999999999],[12.671038400000002,46.1025359],[12.670993799999998,46.102509100000006],[12.670981899999997,46.1024678],[12.670964000000001,46.1023523],[12.6709223,46.10201389999999],[12.670880700000001,46.101716899999985],[12.6708569,46.101448699999985],[12.6708182,46.1012547],[12.6707617,46.101023699999985],[12.670752699999998,46.10094730000001],[12.6706605,46.100456299999976],[12.670598,46.100202499999995],[12.6705742,46.0999983],[12.670556400000002,46.09988889999999],[12.6705207,46.09981260000001],[12.670482000000002,46.09973209999999],[12.670368899999998,46.09956089999999],[12.6702469,46.09942269999998],[12.6701904,46.09937730000001],[12.6701011,46.099387599999986],[12.669869100000001,46.09940619999999],[12.669613200000002,46.09943919999999],[12.6692859,46.09947630000001],[12.6691817,46.09951339999999],[12.669143100000003,46.09955260000001],[12.6691401,46.0996001],[12.6691609,46.099662],[12.669175800000001,46.0997259],[12.669181699999998,46.0997858],[12.6691282,46.0998229],[12.6690359,46.09983739999999],[12.668634300000003,46.09986209999998],[12.668057000000001,46.09989099999999],[12.6679172,46.099897199999994],[12.667792200000001,46.09992810000001],[12.6677625,46.0999673],[12.6677922,46.10014890000001],[12.6678577,46.10035309999999],[12.667946899999999,46.1006358],[12.6680481,46.100844200000004],[12.668131399999998,46.1010113],[12.6681671,46.10108759999998],[12.668179000000002,46.101186599999984],[12.668196899999998,46.10129599999999],[12.6682594,46.1014074],[12.668402199999997,46.101601300000006],[12.6684587,46.10176429999999],[12.668503299999998,46.102016],[12.668539,46.10220369999999],[12.6686075,46.10234199999999],[12.668690799999998,46.10235229999999],[12.6687771,46.10234399999998],[12.668907999999998,46.102323399999996],[12.669000199999997,46.10234399999999],[12.669026999999998,46.10238739999998],[12.6690538,46.10246159999998],[12.6690657,46.1026287],[12.669080599999997,46.10276079999999],[12.669086499999999,46.1028392],[12.669125200000002,46.1028907],[12.6692234,46.10292170000001],[12.6693156,46.10293409999999],[12.669360300000001,46.10294019999998],[12.669393,46.103018599999984],[12.669467400000002,46.10326210000001],[12.669532800000002,46.103524099999994],[12.669619100000002,46.103755099999994],[12.669641400000001,46.1038088],[12.669673400000002,46.10385419999998]]},"properties":{"type":"trail","highway":"track","name":"","shade_pct":73.3,"length_m":1310}},{"type":"Feature","geometry":{"type":"LineString","coordinates":[[12.6729001,46.1038085],[12.672966500000001,46.10382419999999],[12.6730572,46.10382929999999],[12.6731852,46.103818],[12.6733756,46.10379429999999],[12.673506499999998,46.1037695],[12.673710300000002,46.10374990000001],[12.6738487,46.10374169999998],[12.6740614,46.103737499999994],[12.6741802,46.10373609999999]]},"properties":{"type":"trail","highway":"track","name":"","shade_pct":21.9,"length_m":100}},{"type":"Feature","geometry":{"type":"LineString","coordinates":[[12.640833299999999,46.15733029999999],[12.640841400000001,46.157255199999994],[12.640804400000002,46.157222700000005],[12.6407131,46.1571424],[12.640616899999998,46.1570808],[12.640459,46.1570621],[12.640271499999997,46.15703299999999],[12.640167899999998,46.1570245],[12.6400445,46.157024499999984],[12.6398225,46.156966399999995],[12.6395511,46.156867199999986],[12.639370999999999,46.156786899999986]]},"properties":{"type":"trail","highway":"path","name":"","shade_pct":26.7,"length_m":138}},{"type":"Feature","geometry":{"type":"LineString","coordinates":[[12.6351097,46.15283869999999],[12.635182399999998,46.15291779999999],[12.6352177,46.1529703],[12.635243,46.152991699999994],[12.6352612,46.15302059999999],[12.6352612,46.153046],[12.635249900000002,46.1530641],[12.635206200000002,46.15306840000001],[12.635174,46.15306840000001],[12.635116400000001,46.1530641],[12.635084099999998,46.15306349999999],[12.635046600000003,46.153062300000016],[12.634969900000002,46.15305629999999],[12.6349001,46.153059899999995],[12.6348338,46.15306109999998],[12.634730899999997,46.1530539],[12.634666299999997,46.15304780000001],[12.634607,46.1530418],[12.634511100000001,46.1530297],[12.6344413,46.153017600000005],[12.634382000000002,46.15301639999999],[12.6343149,46.1529508],[12.634250500000002,46.15289139999998],[12.6342157,46.15282260000001],[12.634132499999998,46.1527353],[12.6340038,46.152627499999994],[12.6339394,46.15256619999999],[12.633858799999997,46.15248989999999]]},"properties":{"type":"trail","highway":"path","name":"","shade_pct":100.0,"length_m":168}},{"type":"Feature","geometry":{"type":"LineString","coordinates":[[12.643400200000002,46.154718200000005],[12.643266299999997,46.154583799999976],[12.643088599999999,46.15450179999999],[12.642819699999999,46.154450499999996],[12.642523699999998,46.15439069999999],[12.6423929,46.154370199999995],[12.642156099999998,46.15436160000001],[12.641975999999998,46.15435819999999],[12.641746599999998,46.154370199999995],[12.6415714,46.154383799999984],[12.641453,46.15439409999999],[12.6412926,46.1544009],[12.641176700000003,46.154412900000004],[12.641078,46.15440779999999],[12.640976900000002,46.1543924],[12.6408856,46.154370199999995],[12.640836199999999,46.1543309],[12.640757299999999,46.1542864],[12.6406783,46.154272799999994],[12.640545099999999,46.1542779],[12.640345299999998,46.15427279999999],[12.640175099999999,46.154272799999994],[12.6399752,46.15432229999999],[12.6399118,46.1543513],[12.6398289,46.15440019999999],[12.6397549,46.1544547],[12.639687600000002,46.15447279999999],[12.6396059,46.15448769999999],[12.6395537,46.1545013],[12.6394614,46.1545023],[12.639370600000001,46.154478600000004],[12.6392249,46.15444639999999],[12.6391043,46.154416799999986],[12.6389427,46.15437499999999],[12.6389331,46.1542688],[12.6388999,46.15421680000001],[12.638847599999998,46.154094799999996],[12.6387377,46.15387969999998],[12.638683599999998,46.1537323],[12.638680099999997,46.153641599999986],[12.6386662,46.15349659999999],[12.638613900000001,46.153406000000004],[12.6385781,46.1533737]]},"properties":{"type":"trail","highway":"path","name":"","shade_pct":87.6,"length_m":488}},{"type":"Feature","geometry":{"type":"LineString","coordinates":[[12.6443353,46.15405329999998],[12.644246400000002,46.1543021],[12.6441971,46.154437099999996],[12.644192099999998,46.15451399999999],[12.644204499999999,46.154582399999995],[12.6442069,46.1546319],[12.644145300000002,46.15465069999999],[12.644044100000002,46.1546473],[12.643910899999998,46.1546405],[12.6437925,46.154638799999994],[12.6436185,46.15463789999999],[12.643498900000004,46.1546636],[12.643429800000002,46.154695200000006],[12.643400200000002,46.154718200000005],[12.6433965,46.15475159999999],[12.643453300000001,46.1548114],[12.643497699999998,46.1548473],[12.643544499999999,46.154895999999994],[12.643601300000002,46.15494889999999],[12.6436296,46.1549874],[12.643665399999998,46.1550335],[12.643761600000001,46.15518559999999],[12.643825800000002,46.15535140000001],[12.643860300000002,46.15550179999999],[12.643872599999998,46.15562649999998],[12.643914599999999,46.155739299999986],[12.643941699999997,46.1558675],[12.643961500000001,46.15596149999999],[12.6439417,46.155990499999994],[12.6438751,46.15598369999999],[12.6437123,46.155911899999985],[12.6434853,46.155855499999994],[12.6432633,46.1557615],[12.642999300000001,46.155732499999985],[12.642762499999998,46.15570340000001],[12.6425207,46.15573929999999],[12.6424146,46.1558214],[12.642303600000002,46.15589310000001],[12.642172899999997,46.155899999999995],[12.642108700000001,46.1559239],[12.6419977,46.15596659999999],[12.641889100000002,46.156040100000006],[12.6417757,46.15615799999999],[12.641743599999998,46.15627249999998],[12.6416943,46.15641779999998],[12.6416868,46.1565391],[12.641642400000002,46.156634799999985],[12.6415709,46.15672709999999],[12.641492000000001,46.156773199999996],[12.6413587,46.156831299999986],[12.641205799999998,46.15696289999999],[12.6411712,46.15701419999999],[12.6410183,46.157108199999996],[12.6409985,46.1571646],[12.640912199999997,46.1572996],[12.640833299999999,46.15733029999999],[12.640719799999998,46.15741750000001],[12.6406063,46.157496099999996],[12.640448399999999,46.157555900000006],[12.6401227,46.157588299999986],[12.6398292,46.15763790000001],[12.639654000000002,46.1577729],[12.639607100000001,46.157909599999996],[12.639592300000002,46.157993299999994],[12.639651299999999,46.158109799999984],[12.639672200000001,46.15823059999998],[12.639595500000002,46.158365999999994],[12.639459400000002,46.15850129999999],[12.6393677,46.15856990000001]]},"properties":{"type":"trail","highway":"path","name":"","shade_pct":50.9,"length_m":839}},{"type":"Feature","geometry":{"type":"LineString","coordinates":[[12.653426700000002,46.1642061],[12.6533632,46.164264300000006],[12.6533262,46.1643125],[12.6533196,46.1643925],[12.6533915,46.16448449999999],[12.653430699999998,46.164526699999996],[12.653517800000003,46.16462169999999],[12.6536694,46.1647944],[12.653808,46.16499919999998],[12.653922000000001,46.165169800000015],[12.6540359,46.165268],[12.6541314,46.1654557],[12.6542484,46.165615599999995],[12.654411700000002,46.1658076],[12.6545179,46.16597819999999],[12.6545272,46.16606569999999],[12.654524099999998,46.166188299999995],[12.654535,46.16625239999998],[12.654528399999998,46.166308199999996],[12.654474000000002,46.1662939],[12.654507800000001,46.16633459999999],[12.654448699999998,46.16632019999998]]},"properties":{"type":"trail","highway":"path","name":"Troi degli Ellebori","shade_pct":66.5,"length_m":274}},{"type":"Feature","geometry":{"type":"LineString","coordinates":[[12.654648800000002,46.156720400000005],[12.654571399999998,46.156744],[12.654444800000002,46.156792799999984],[12.6543455,46.1568261],[12.654194999999998,46.15685599999999],[12.654052400000001,46.156862699999984],[12.6539419,46.1568627],[12.6538026,46.156863799999996],[12.6537033,46.156890399999995],[12.653609500000002,46.1569505]]},"properties":{"type":"trail","highway":"path","name":"","shade_pct":100.0,"length_m":87}},{"type":"Feature","geometry":{"type":"LineString","coordinates":[[12.629846799999997,46.157675699999984],[12.6298088,46.15758319999998],[12.629629899999998,46.157506299999994],[12.6294759,46.1574059],[12.6293309,46.1573024],[12.629183699999999,46.157192599999995],[12.6290704,46.15711729999999],[12.628982100000002,46.15705139999999],[12.6288054,46.1569792],[12.6287262,46.15692430000001],[12.628659500000001,46.15686420000001],[12.628546299999998,46.156824900000004],[12.6283741,46.156814],[12.628204199999999,46.15683589999999],[12.628048,46.1568846],[12.627893900000002,46.156919099999996],[12.627746700000001,46.156925300000005],[12.6275882,46.15694419999998],[12.627420500000001,46.156975599999996],[12.627343499999998,46.1570195],[12.627318599999999,46.15709009999998],[12.6273118,46.1571654],[12.6273277,46.1572344],[12.6273684,46.1572909],[12.6273904,46.15735179999999]]},"properties":{"type":"trail","highway":"path","name":"","shade_pct":91.3,"length_m":276}},{"type":"Feature","geometry":{"type":"LineString","coordinates":[[12.6425617,46.13577620000001],[12.6423664,46.13586859999999],[12.642251100000001,46.136039399999994],[12.6424027,46.1362652],[12.642568899999999,46.1363919],[12.6426943,46.13649629999998],[12.642749,46.136571399999994],[12.6428021,46.13662289999999],[12.642831599999997,46.136705599999985],[12.642914099999999,46.13682519999999],[12.643041700000001,46.13695520000001],[12.6430644,46.1370284],[12.643069599999999,46.13710600000001]]},"properties":{"type":"trail","highway":"cycleway","name":"","shade_pct":100.0,"length_m":176}},{"type":"Feature","geometry":{"type":"LineString","coordinates":[[12.634415000000002,46.16678589999999],[12.634453,46.1667637],[12.634525599999998,46.166775],[12.6345582,46.16675750000001],[12.6344031,46.166686399999996],[12.6344408,46.166646599999986],[12.6344502,46.166588999999995],[12.634439499999997,46.16652959999998],[12.634427599999999,46.166448100000004],[12.634376400000003,46.1664627],[12.6343263,46.166514099999986],[12.634280299999999,46.1665764],[12.6341731,46.16656989999999],[12.634108,46.166565299999995],[12.6340851,46.16653599999999],[12.634059399999998,46.16651749999999],[12.634090299999999,46.166489899999995],[12.634061200000001,46.1664874],[12.63408,46.16646589999999],[12.634043099999998,46.1664371],[12.633948599999998,46.1664358],[12.633896299999998,46.166408799999985],[12.6338507,46.16636699999999],[12.633836299999999,46.16633290000001],[12.633848499999997,46.16628599999998],[12.633810899999999,46.1662248],[12.6337031,46.16619759999999],[12.633614399999999,46.16616160000001],[12.633569100000003,46.16611629999999],[12.633558399999998,46.16607629999999],[12.633494000000002,46.166016899999995],[12.6334176,46.165928599999994],[12.633368200000001,46.1658549],[12.6331967,46.165854399999986],[12.6331091,46.16587169999998],[12.6330464,46.16586969999999],[12.6329712,46.16584419999999],[12.6329685,46.16577209999999],[12.632951199999997,46.1657324],[12.632871,46.165738499999996],[12.632809699999997,46.16571779999998],[12.632762500000002,46.16570649999999],[12.632705500000004,46.16568610000001],[12.6326711,46.16563510000001]]},"properties":{"type":"trail","highway":"path","name":"","shade_pct":47.2,"length_m":269}},{"type":"Feature","geometry":{"type":"LineString","coordinates":[[12.643004299999998,46.14146859999998],[12.643165300000001,46.141483500000014],[12.6433852,46.141476099999984],[12.6435247,46.14146859999999],[12.643688299999999,46.141451899999986],[12.643873400000002,46.141411000000005],[12.644090600000002,46.14136639999999],[12.644251599999999,46.1413311],[12.6444715,46.14129579999998],[12.6446458,46.14126609999999],[12.6447451,46.1412368]]},"properties":{"type":"trail","highway":"path","name":"","shade_pct":85.3,"length_m":138}},{"type":"Feature","geometry":{"type":"LineString","coordinates":[[12.6549353,46.11510929999999],[12.6551789,46.11505089999998],[12.6556697,46.114946800000006],[12.6561552,46.11484449999999],[12.6564073,46.1147906],[12.656506599999998,46.11474789999999],[12.6565334,46.1147125],[12.656506599999998,46.114625099999984],[12.656383200000004,46.114150999999985],[12.656275900000002,46.1137643],[12.6562142,46.1135095],[12.656058599999998,46.113016800000004],[12.656005,46.11283079999999],[12.655996899999998,46.11277879999999],[12.6560184,46.112527799999995],[12.656080100000002,46.11231389999999],[12.6561069,46.11219489999999],[12.656233,46.111969899999984],[12.6563188,46.11181929999998],[12.656324199999998,46.1117208],[12.6562571,46.11159250000001],[12.656141800000002,46.1114158],[12.656831099999998,46.11123169999998],[12.657005499999999,46.1111797],[12.657002799999999,46.11110339999999],[12.656900899999998,46.1109286],[12.656782499999998,46.1106237],[12.656589399999998,46.110210899999984],[12.656522299999999,46.110104899999996],[12.656495499999998,46.11007889999999],[12.6563238,46.1101123],[12.656138799999999,46.11016809999999],[12.6560234,46.11019039999999],[12.655948299999999,46.11016809999999],[12.655910799999997,46.1100826],[12.655693499999998,46.10975719999999],[12.655500400000001,46.10944659999999],[12.6553824,46.10925319999999],[12.6553287,46.1091677],[12.6552509,46.1091547],[12.655159700000002,46.10918069999999],[12.654714499999999,46.10934060000001],[12.6543095,46.1094448],[12.653931300000002,46.109539599999984],[12.653692599999998,46.1096251],[12.653552899999998,46.1096519]]},"properties":{"type":"trail","highway":"track","name":"","shade_pct":67.5,"length_m":1026}},{"type":"Feature","geometry":{"type":"LineString","coordinates":[[12.645094799999997,46.14362830000001],[12.644970399999998,46.1435835],[12.644774600000002,46.143570499999996],[12.644613700000003,46.143559299999986],[12.644417899999999,46.14354079999999],[12.6442864,46.14349430000001],[12.644168399999998,46.14346830000001],[12.6440263,46.14334000000001],[12.643900200000001,46.143193199999985],[12.6437741,46.14296470000001],[12.643602499999998,46.1426803],[12.643531400000002,46.14260409999998],[12.6434925,46.142505599999986],[12.643355699999999,46.142273299999985],[12.643253800000002,46.14207820000001],[12.6431653,46.141935100000005],[12.6430848,46.141821699999994],[12.6430365,46.14168229999999],[12.643007000000003,46.14153739999999],[12.643004299999998,46.14146859999998],[12.6429909,46.141397999999995],[12.642942600000001,46.141293899999994],[12.642754899999998,46.14097799999998],[12.642669099999999,46.140838599999995],[12.6424867,46.140571],[12.642425,46.1404167],[12.642355199999999,46.1402142],[12.642355199999999,46.1401788]]},"properties":{"type":"trail","highway":"path","name":"","shade_pct":43.9,"length_m":470}},{"type":"Feature","geometry":{"type":"LineString","coordinates":[[12.640863200000002,46.143698199999996],[12.6411818,46.1435333],[12.641692699999998,46.14329359999998],[12.642088399999999,46.14313749999999],[12.6426543,46.1429331],[12.6431988,46.14271930000001],[12.643531400000002,46.14260409999998]]},"properties":{"type":"trail","highway":"track","name":"","shade_pct":60.5,"length_m":240}},{"type":"Feature","geometry":{"type":"LineString","coordinates":[[12.622609199999998,46.1557014],[12.622751000000001,46.1557346],[12.622785900000002,46.1559018],[12.6230327,46.155987299999985],[12.623148,46.15610620000001],[12.623252600000002,46.156204699999996],[12.6234055,46.156383000000005],[12.6237327,46.1566914],[12.6241029,46.15702960000001],[12.624215500000002,46.15728229999999],[12.6243389,46.157464299999994],[12.6244891,46.157601799999995],[12.6245964,46.1576687],[12.6248002,46.157709600000004],[12.624961199999998,46.15770959999998],[12.6250363,46.157638999999996],[12.6251221,46.15752749999999],[12.6252468,46.157292499999976],[12.6252629,46.157216299999995],[12.625343400000002,46.15713639999998],[12.6254051,46.1570788],[12.625492800000002,46.157027199999995]]},"properties":{"type":"trail","highway":"path","name":"","shade_pct":100.0,"length_m":393}},{"type":"Feature","geometry":{"type":"LineString","coordinates":[[12.6122667,46.1495111],[12.6123581,46.1494236],[12.6124547,46.14931029999999],[12.6124923,46.149247100000004],[12.6125593,46.14917279999999],[12.612613000000001,46.14912259999998],[12.612693400000001,46.14907429999999],[12.612830199999998,46.148962799999985],[12.6129268,46.14896099999999],[12.612993799999998,46.1491337],[12.6130984,46.149122699999985],[12.6131279,46.149055699999984],[12.6131923,46.149018600000005],[12.613272799999999,46.1490111],[12.613347900000003,46.1490278],[12.613455199999999,46.14914489999998],[12.6134632,46.1492378],[12.613489999999999,46.149319599999984],[12.6135115,46.14939199999999],[12.613541,46.14949800000001],[12.6135678,46.14958899999999],[12.613618800000001,46.14968009999998],[12.613669699999999,46.14974319999999],[12.6137288,46.1498064],[12.6138173,46.149858499999986],[12.613877600000002,46.14990399999999],[12.6139862,46.14993089999999],[12.6140989,46.1499579],[12.614225,46.14999130000001],[12.614369800000002,46.150036799999995],[12.6144556,46.150060100000005],[12.614556199999999,46.1500972]]},"properties":{"type":"trail","highway":"path","name":"","shade_pct":100.0,"length_m":303}},{"type":"Feature","geometry":{"type":"LineString","coordinates":[[12.6326822,46.1169093],[12.632761199999997,46.116852300000005],[12.6328631,46.11675469999999],[12.6329154,46.1166719],[12.632963700000001,46.116590999999985],[12.6330147,46.11649809999998],[12.633115199999999,46.116312099999995],[12.633188999999998,46.1161746],[12.633248,46.11606859999999],[12.633359299999999,46.115840799999994],[12.6334478,46.11568559999999],[12.6335082,46.11554609999999],[12.6335752,46.11538809999999],[12.633603399999998,46.11528299999999],[12.633634199999998,46.11518629999998],[12.633646299999999,46.11509060000001],[12.633661100000001,46.11499479999999],[12.633670499999997,46.11489910000001],[12.633701299999998,46.11482469999999],[12.633746900000002,46.11478940000001],[12.6338783,46.1147271],[12.633868899999998,46.11465729999998],[12.6338676,46.114555999999986],[12.633873,46.11449],[12.633885,46.114417499999995],[12.6339347,46.11435889999999],[12.634048599999998,46.11425479999999],[12.634229699999999,46.1141302],[12.634382599999999,46.1140512],[12.6345623,46.1139471],[12.6346991,46.11386709999999],[12.6347943,46.113813199999996],[12.634837100000002,46.11377639999999]]},"properties":{"type":"trail","highway":"track","name":"","shade_pct":71.2,"length_m":403}},{"type":"Feature","geometry":{"type":"LineString","coordinates":[[12.6376634,46.117240399999986],[12.6378668,46.1171869],[12.638038399999997,46.11712469999999],[12.6382275,46.117067000000006],[12.6384274,46.116997299999994],[12.638550700000001,46.11697129999999]]},"properties":{"type":"trail","highway":"path","name":"","shade_pct":100.0,"length_m":75}},{"type":"Feature","geometry":{"type":"LineString","coordinates":[[12.610065699999998,46.158170500000004],[12.609940300000002,46.158253200000004],[12.609883999999997,46.15830569999997],[12.609765299999998,46.158393999999994],[12.609523899999997,46.158537],[12.6092986,46.158596499999994],[12.6089419,46.1586225]]},"properties":{"type":"trail","highway":"path","name":"","shade_pct":100.0,"length_m":105}},{"type":"Feature","geometry":{"type":"LineString","coordinates":[[12.641154099999998,46.15160519999998],[12.6411934,46.15157489999999],[12.6412202,46.15155029999999],[12.6412491,46.1515113],[12.641276600000001,46.15147359999998],[12.641296700000002,46.15143040000001],[12.641316100000001,46.151403900000005],[12.641324799999998,46.1513793],[12.641350299999997,46.1512493],[12.6413953,46.1510114],[12.641470400000001,46.1508888],[12.641593700000003,46.1507253],[12.6417788,46.15057290000002],[12.641923599999998,46.1504503],[12.642084599999999,46.1503035],[12.642334,46.150086099999996],[12.6426666,46.14984080000001],[12.643028700000004,46.1496345],[12.6432594,46.14951469999998],[12.643400199999999,46.149421799999985],[12.643516900000002,46.14931209999999],[12.643602700000002,46.14920619999999],[12.6436403,46.14915599999999],[12.6436885,46.149052899999994],[12.6437167,46.14894889999999],[12.6437449,46.148849399999996],[12.643777100000001,46.1486999],[12.6437914,46.148617299999984]]},"properties":{"type":"trail","highway":"cycleway","name":"MV 06","shade_pct":83.4,"length_m":403}},{"type":"Feature","geometry":{"type":"LineString","coordinates":[[12.6229445,46.148641899999994],[12.6230094,46.1485442],[12.623078200000004,46.148488799999996],[12.623120399999998,46.14840860000001],[12.623222600000002,46.14837920000001],[12.623284000000002,46.1483862],[12.6233401,46.14838399999999],[12.623401999999999,46.1483509],[12.623474399999997,46.148310999999985],[12.623517299999998,46.14824959999999],[12.623499900000002,46.14808609999999],[12.6234947,46.148043400000006]]},"properties":{"type":"trail","highway":"path","name":"","shade_pct":100.0,"length_m":91}},{"type":"Feature","geometry":{"type":"LineString","coordinates":[[12.6256898,46.143211699999995],[12.625569199999997,46.143158799999995],[12.625429800000001,46.143153199999986],[12.625279599999999,46.1431514],[12.625113300000004,46.143123499999994],[12.624955,46.14309929999999],[12.624799399999999,46.143108600000005],[12.624681400000002,46.1431105],[12.624547299999998,46.14310119999999],[12.624367600000001,46.14307699999999],[12.6242228,46.14301379999999],[12.624107400000003,46.142950699999986],[12.624008199999999,46.14289299999999],[12.623922400000001,46.142820599999986],[12.6236219,46.1427072],[12.6235254,46.14267379999997],[12.6234422,46.1426403],[12.6233215,46.14259010000001],[12.6231391,46.1425251],[12.623072100000002,46.142463799999994],[12.6229514,46.14244329999998],[12.6228495,46.142424699999985],[12.622752899999998,46.14243589999999],[12.6226993,46.14250279999999],[12.6226724,46.1425715],[12.622661699999998,46.1426552],[12.6226295,46.142718399999985],[12.6226108,46.1427797],[12.622608100000003,46.1428503],[12.6225947,46.14291909999998],[12.6225839,46.14298229999999],[12.6225276,46.143037999999976],[12.622471300000003,46.143104900000004],[12.622355900000002,46.143114199999985],[12.6223077,46.14307329999999],[12.6222326,46.14303799999998],[12.6221306,46.1430361],[12.622085,46.1430752],[12.622077,46.143121600000015],[12.6220233,46.14316620000002],[12.621937499999998,46.14316989999999],[12.621806099999999,46.1431458],[12.6216934,46.1431161],[12.621604900000001,46.1430677],[12.6215191,46.1430584],[12.621451999999998,46.143086299999986],[12.621385,46.14315139999999],[12.621328700000001,46.14323129999998],[12.6213206,46.14328699999998],[12.6212992,46.1433669],[12.6212401,46.143444999999986],[12.621138200000003,46.14353049999998],[12.621052399999998,46.1436494],[12.6209853,46.14376649999999],[12.6209827,46.14387239999999],[12.6209478,46.14398020000001],[12.621009499999998,46.144084299999996],[12.6210899,46.14418280000002],[12.6211248,46.144259],[12.6211275,46.144307299999994],[12.6211382,46.144420600000004],[12.621159700000002,46.14453209999999],[12.621208,46.14460650000001],[12.6212536,46.14467340000002],[12.6212884,46.14476440000001],[12.6213823,46.14482759999999],[12.621446699999998,46.14486849999999],[12.621594200000002,46.14502269999999],[12.621615700000003,46.145151],[12.6216264,46.145255],[12.621610299999999,46.1453851],[12.621615699999998,46.1454613],[12.6216613,46.145526299999986],[12.62179,46.1457029],[12.6218919,46.145851499999985],[12.622012599999998,46.145976],[12.622052900000002,46.14607079999999],[12.6222031,46.1462195],[12.622291600000002,46.146317999999994],[12.622428400000002,46.1464406],[12.6224874,46.14652049999999],[12.622546399999996,46.14655029999997],[12.622621499999997,46.14657259999999],[12.622664400000001,46.146617199999994],[12.6226456,46.14667479999999],[12.622637599999997,46.146724],[12.6227019,46.14686149999998],[12.622819999999999,46.1469842],[12.6229702,46.14717000000001],[12.6230453,46.147303799999996],[12.623109600000001,46.14742639999999],[12.6232384,46.14759549999998],[12.623332299999998,46.147716299999985],[12.6234154,46.147825999999995],[12.6234878,46.14796719999999],[12.6234947,46.148043400000006]]},"properties":{"type":"trail","highway":"path","name":"","shade_pct":100.0,"length_m":1043}},{"type":"Feature","geometry":{"type":"LineString","coordinates":[[12.6450384,46.14321469999999],[12.645080099999998,46.143214699999994],[12.645220899999998,46.143202599999995],[12.645341599999998,46.14320159999999],[12.645432799999998,46.14319699999998],[12.645503900000001,46.1431951],[12.645577699999999,46.14318399999999],[12.645632699999998,46.14317380000002],[12.645714499999997,46.14315609999999],[12.6457467,46.1431357],[12.6457654,46.14309479999999],[12.6457641,46.14304369999999],[12.6457681,46.1429981],[12.6457963,46.1429619],[12.645844600000002,46.1429108],[12.645867400000002,46.1428839],[12.6458593,46.142852299999994],[12.645926999999999,46.142821599999984],[12.646012900000002,46.14278629999999],[12.646096,46.142743499999995],[12.646224800000002,46.1426822],[12.6463991,46.14265429999998],[12.646490299999998,46.14261529999998],[12.646603199999998,46.142618099999986],[12.646669300000001,46.1426088],[12.6467686,46.1426014],[12.6468437,46.142599499999996],[12.6469188,46.142602299999986],[12.646955000000002,46.1426032],[12.647009999999998,46.14260229999998],[12.647040799999997,46.142599499999996],[12.6470703,46.1425847],[12.6471039,46.14254659999999],[12.647149499999998,46.142521499999994],[12.647208499999998,46.142481499999995],[12.647256699999998,46.1424555],[12.6473198,46.142423],[12.6473801,46.142396],[12.647443199999998,46.14236809999999],[12.6474874,46.142357899999986],[12.647512300000002,46.1423502]]},"properties":{"type":"trail","highway":"path","name":"","shade_pct":100.0,"length_m":235}},{"type":"Feature","geometry":{"type":"LineString","coordinates":[[12.6470313,46.1007397],[12.647170100000002,46.10067919999999],[12.6473713,46.1006457],[12.6477441,46.1005936],[12.648197400000003,46.1005434],[12.6488492,46.100467099999996],[12.649275599999998,46.1003965],[12.6496565,46.10034069999999],[12.650147399999998,46.100281200000005],[12.6506114,46.100203],[12.651032500000003,46.10012679999998],[12.651213,46.10009759999998],[12.651533300000002,46.1000545],[12.651711299999999,46.1000406],[12.651996299999997,46.099984499999984],[12.652309499999998,46.09992549999999],[12.6523534,46.0998456],[12.6524145,46.099793],[12.6529134,46.099720399999995],[12.6538361,46.09957159999999],[12.6544208,46.09950469999999],[12.6553757,46.0993726],[12.6561374,46.099255499999984],[12.656644300000002,46.0991848],[12.65694,46.09914229999999]]},"properties":{"type":"trail","highway":"path","name":"","shade_pct":98.8,"length_m":794}},{"type":"Feature","geometry":{"type":"LineString","coordinates":[[12.687771000000001,46.1187802],[12.688247799999997,46.11878579999999],[12.688886200000002,46.11878949999999],[12.689588899999999,46.11886009999998],[12.690146800000003,46.1189494],[12.690404300000003,46.118993999999994],[12.690903199999997,46.11908329999999],[12.6911314,46.1191615]]},"properties":{"type":"trail","highway":"track","name":"","shade_pct":86.8,"length_m":265}},{"type":"Feature","geometry":{"type":"LineString","coordinates":[[12.688968,46.11303029999999],[12.6889244,46.113205999999984],[12.6889351,46.113525800000005],[12.6889405,46.1136932],[12.688908299999998,46.11377130000001],[12.6885757,46.11377130000001],[12.6882378,46.113760099999986],[12.6880339,46.113775],[12.688007099999998,46.11383450000001],[12.687974899999999,46.11454469999999],[12.6879588,46.1152401],[12.6879052,46.1160136],[12.687883699999997,46.1163743],[12.687873,46.116761100000005],[12.6878622,46.117434100000004],[12.6877871,46.11816289999999],[12.6877818,46.11866119999999],[12.687771000000001,46.1187802],[12.6877603,46.119534999999985],[12.6877462,46.1205409],[12.687749599999998,46.1206964]]},"properties":{"type":"trail","highway":"track","name":"","shade_pct":92.5,"length_m":921}},{"type":"Feature","geometry":{"type":"LineString","coordinates":[[12.682963400000002,46.112996700000004],[12.6836384,46.1129875],[12.684212399999998,46.112998700000006],[12.684813200000002,46.1130005],[12.6853148,46.1130005],[12.686119500000002,46.11301170000001],[12.686894600000004,46.11301540000001],[12.6876966,46.113019099999995],[12.688512,46.1130247],[12.688968,46.11303029999999],[12.689338100000002,46.113119499999996],[12.690158900000002,46.113279399999996],[12.6911459,46.11349140000001],[12.691972099999997,46.11364390000001],[12.6925031,46.1137443],[12.693297100000002,46.113896799999985],[12.694010499999997,46.114045499999996],[12.694697199999998,46.11419799999999],[12.695047,46.11427269999998]]},"properties":{"type":"trail","highway":"track","name":"","shade_pct":53.0,"length_m":954}},{"type":"Feature","geometry":{"type":"LineString","coordinates":[[12.682991299999998,46.111937],[12.6829357,46.111905300000004],[12.682816299999999,46.111864399999995],[12.6826353,46.1118347],[12.6824797,46.1118086],[12.682283899999998,46.11174449999999],[12.6820626,46.1116989],[12.6818655,46.111673800000005],[12.6815986,46.1116292],[12.681236499999999,46.11157059999999],[12.681023299999996,46.11155109999997],[12.6807891,46.111535999999994]]},"properties":{"type":"trail","highway":"track","name":"","shade_pct":28.7,"length_m":177}},{"type":"Feature","geometry":{"type":"LineString","coordinates":[[12.624356400000002,46.155574899999976],[12.624348300000001,46.1555467],[12.6243456,46.155517],[12.6243161,46.155480699999984],[12.6242678,46.1554352],[12.6242169,46.155386000000014],[12.624175299999997,46.155363699999995],[12.624133699999998,46.155346],[12.624066699999998,46.1553247],[12.624022400000001,46.155304199999996],[12.623958000000002,46.15527639999999],[12.623919099999998,46.155239200000004],[12.6238642,46.15522059999999],[12.623775699999998,46.155199299999985],[12.6237126,46.1551714],[12.6236818,46.15516399999999],[12.623649599999998,46.15516949999999],[12.6235866,46.155180699999995],[12.6235101,46.1551751],[12.6234377,46.15518159999999],[12.6233143,46.15517419999999],[12.6232473,46.1551714],[12.623189600000002,46.15514439999998],[12.623144,46.155126800000005],[12.6231158,46.1550971],[12.6230743,46.1550599],[12.623056800000002,46.155032000000006],[12.623052000000001,46.15498139999998]]},"properties":{"type":"trail","highway":"path","name":"","shade_pct":100.0,"length_m":135}},{"type":"Feature","geometry":{"type":"LineString","coordinates":[[12.627368200000001,46.16018229999999],[12.627379100000002,46.1603371],[12.6273701,46.160461399999996],[12.6274105,46.1605733],[12.627450900000001,46.160706899999994],[12.6274554,46.1608716],[12.6274554,46.16100839999999],[12.627491299999999,46.16116689999999],[12.627423999999998,46.16128189999998],[12.6273467,46.1615024],[12.6273198,46.161679499999984],[12.6273153,46.1617914],[12.627324300000002,46.16183649999999]]},"properties":{"type":"trail","highway":"path","name":"","shade_pct":100.0,"length_m":187}},{"type":"Feature","geometry":{"type":"LineString","coordinates":[[12.6271682,46.12576750000001],[12.6270184,46.125577099999994],[12.6268118,46.12532420000001],[12.6265812,46.12509560000001],[12.6263961,46.124907799999995],[12.626181499999998,46.124699600000014],[12.6261279,46.124615999999996],[12.626085,46.124567599999985],[12.626079600000002,46.12451929999998],[12.626117199999998,46.124497000000005],[12.626165400000001,46.124478399999994],[12.6261923,46.12443379999999],[12.6261708,46.124402199999984],[12.626087699999998,46.12435749999999],[12.6260474,46.124290599999995],[12.6260367,46.1242293],[12.6260689,46.12415309999999],[12.626103699999998,46.12410100000001],[12.6261359,46.12405269999999],[12.626160100000002,46.12398759999999],[12.6261198,46.123941099999996],[12.626026000000001,46.1238946],[12.625948200000002,46.12384069999999],[12.625830200000001,46.12377380000001],[12.625712100000001,46.123708699999995],[12.6256719,46.123658500000005],[12.625508299999998,46.123528400000005],[12.625427799999999,46.12345589999998],[12.6253688,46.12338709999999],[12.625304399999997,46.12332390000001],[12.6252132,46.123251399999994],[12.6251301,46.123223499999995],[12.625038900000002,46.12318079999999],[12.624942300000003,46.123098999999996],[12.6248512,46.12300599999999],[12.6247685,46.1229653]]},"properties":{"type":"trail","highway":"path","name":"","shade_pct":94.3,"length_m":391}},{"type":"Feature","geometry":{"type":"LineString","coordinates":[[12.6316709,46.131199599999995],[12.6317352,46.13130929999999],[12.6318103,46.13150259999999],[12.6318935,46.131697699999975],[12.631930999999998,46.131813],[12.6320088,46.1319989],[12.632091999999998,46.13215309999999]]},"properties":{"type":"trail","highway":"path","name":"","shade_pct":100.0,"length_m":111}},{"type":"Feature","geometry":{"type":"LineString","coordinates":[[12.632248899999999,46.1308371],[12.632172399999998,46.13092079999999],[12.632038299999998,46.13104529999998],[12.631823699999998,46.13114570000001],[12.6316709,46.131199599999995],[12.6314938,46.131264699999996],[12.631324899999997,46.13131479999999],[12.6310647,46.1313966],[12.6308689,46.13145799999999],[12.6306945,46.131523000000016],[12.630528200000002,46.1316606],[12.630436999999999,46.1317665],[12.630300200000002,46.1318334],[12.630197599999999,46.13186909999998],[12.630114500000001,46.131870699999986],[12.6300796,46.13187169999999]]},"properties":{"type":"trail","highway":"path","name":"","shade_pct":100.0,"length_m":210}},{"type":"Feature","geometry":{"type":"LineString","coordinates":[[12.631975899999999,46.12958219999998],[12.6319404,46.1294616],[12.6319351,46.1293185],[12.6319404,46.12920509999999],[12.6319619,46.12908800000001],[12.631986,46.12899689999998],[12.6320477,46.128890899999995],[12.6320692,46.128790499999994],[12.632050400000002,46.1287218],[12.6320316,46.128595399999995],[12.6319994,46.12849870000001],[12.6319672,46.1283742],[12.6319243,46.12829609999999],[12.6318224,46.1281306],[12.6317446,46.128002399999986],[12.6316293,46.127907599999986],[12.631589000000002,46.1278499]]},"properties":{"type":"trail","highway":"path","name":"","shade_pct":100.0,"length_m":202}},{"type":"Feature","geometry":{"type":"LineString","coordinates":[[12.667781999999999,46.11683980000001],[12.667879000000001,46.1163475],[12.6682009,46.11544019999999],[12.668383299999999,46.11480799999999],[12.668587099999996,46.11423529999999],[12.668705099999999,46.113803899999986],[12.668777599999999,46.113614699999985]]},"properties":{"type":"trail","highway":"path","name":"","shade_pct":100.0,"length_m":367}},{"type":"Feature","geometry":{"type":"LineString","coordinates":[[12.6675173,46.1307147],[12.6678817,46.1308054],[12.668174,46.1308537],[12.6688419,46.13094109999999],[12.6692818,46.1310061],[12.669783400000002,46.13107680000001],[12.6702045,46.13113439999999],[12.670622900000001,46.131192],[12.671422199999999,46.1313147],[12.672433400000001,46.13144669999999],[12.673077099999999,46.131550699999984],[12.6733453,46.1316028],[12.6734526,46.131692],[12.6736189,46.13192619999999],[12.6737638,46.13224220000001],[12.673805699999999,46.13233729999999]]},"properties":{"type":"trail","highway":"track","name":"","shade_pct":93.0,"length_m":551}},{"type":"Feature","geometry":{"type":"LineString","coordinates":[[12.6693153,46.1289614],[12.6679072,46.128794100000015],[12.6660618,46.12854870000001],[12.664648300000001,46.12837399999999],[12.662722399999998,46.12812119999999],[12.6619486,46.128030100000004],[12.6618548,46.12800039999999],[12.661771599999998,46.1279539],[12.661691100000002,46.1279279],[12.661578500000003,46.1279037],[12.661452399999998,46.1278832],[12.6612995,46.12785160000001],[12.661194900000002,46.12782929999998],[12.661068899999998,46.12778659999999],[12.660982999999998,46.12774379999998],[12.660867700000004,46.1276936],[12.660736300000002,46.127662],[12.660580699999999,46.127636],[12.660291,46.1275988],[12.6601551,46.127591099999975]]},"properties":{"type":"trail","highway":"track","name":"","shade_pct":88.0,"length_m":728}},{"type":"Feature","geometry":{"type":"LineString","coordinates":[[12.6599426,46.12951919999998],[12.659979899999998,46.1295562],[12.6601167,46.129600799999984],[12.660341999999998,46.129623099999996],[12.660578,46.12964920000001],[12.660612899999999,46.1297068],[12.6606075,46.129773699999994],[12.660543200000003,46.12984439999999],[12.660484100000001,46.12990940000001],[12.660457300000001,46.12999119999999],[12.660460000000002,46.130052499999984],[12.660502900000001,46.1300916],[12.6606156,46.13012130000001],[12.660736299999998,46.130132499999995],[12.6608623,46.1301306],[12.660948200000002,46.1300916],[12.661009900000002,46.130047],[12.661082299999999,46.129989299999984],[12.661135900000001,46.12995029999999],[12.66127,46.12994469999999],[12.6614149,46.12994100000001],[12.6615678,46.12995589999999],[12.6618574,46.130009799999996],[12.6630296,46.13016780000001],[12.664239199999999,46.13031649999999],[12.6652612,46.130442899999984],[12.666478900000001,46.130599],[12.6673707,46.13070869999999],[12.6674673,46.13066599999999],[12.6678052,46.1303667],[12.668183400000002,46.1300265],[12.6686179,46.129608299999994],[12.669173199999996,46.1290971],[12.6693153,46.1289614],[12.669478500000004,46.128992999999994]]},"properties":{"type":"trail","highway":"track","name":"","shade_pct":81.9,"length_m":913}},{"type":"Feature","geometry":{"type":"LineString","coordinates":[[12.637854399999998,46.13078969999999],[12.6378819,46.13084169999998],[12.637918100000004,46.130917000000004],[12.6379503,46.13096629999999],[12.6379623,46.13099789999999],[12.637961,46.1310276],[12.637963699999998,46.131099199999994],[12.6379851,46.1311494],[12.638003900000001,46.1312033],[12.638017299999998,46.13124419999998],[12.6380415,46.13128319999999],[12.6380924,46.1313055],[12.638176900000003,46.131315699999995],[12.638317700000002,46.131358499999976],[12.6384438,46.13138730000001],[12.638569899999998,46.13140769999999],[12.638714700000001,46.131445800000016],[12.638923900000004,46.131496999999975],[12.6390822,46.131532299999996],[12.639259200000003,46.13158430000001],[12.6394335,46.1316196],[12.6396266,46.1316494],[12.639973300000001,46.13163819999999],[12.640072600000002,46.131653099999994],[12.640177199999998,46.13165959999999],[12.640263,46.131652200000005],[12.6403394,46.13164099999999],[12.640393100000002,46.13164469999999],[12.6404736,46.1316438],[12.640508099999998,46.1316488]]},"properties":{"type":"trail","highway":"path","name":"","shade_pct":96.2,"length_m":255}},{"type":"Feature","geometry":{"type":"LineString","coordinates":[[12.637476499999998,46.1304101],[12.637533199999998,46.1305369],[12.637586799999998,46.13066139999999],[12.6376405,46.1307618],[12.6376727,46.13080080000001],[12.6376921,46.13081660000001],[12.6377297,46.130812899999995],[12.637779299999998,46.1308046],[12.637854399999998,46.13078969999999],[12.6379858,46.1307479],[12.638090400000001,46.13071439999999],[12.6381695,46.13069669999999],[12.6382071,46.1306735],[12.638236599999999,46.13065309999999],[12.638252700000002,46.130626100000015],[12.638262099999999,46.1306084],[12.6382379,46.13052669999999],[12.638207099999999,46.130478299999986],[12.6381642,46.1303938],[12.638127999999998,46.13032960000001],[12.638094399999998,46.130268300000004],[12.638070699999998,46.13022339999999]]},"properties":{"type":"trail","highway":"path","name":"","shade_pct":100.0,"length_m":146}},{"type":"Feature","geometry":{"type":"LineString","coordinates":[[12.6392949,46.15212849999999],[12.639290700000002,46.1520986],[12.6392773,46.152069799999985],[12.6392585,46.1520466],[12.639222299999998,46.15201499999999],[12.6390935,46.15193699999999],[12.638947300000002,46.15187100000001],[12.638846799999998,46.15181989999999],[12.6387757,46.151767],[12.638558399999999,46.15161649999999],[12.638422999999998,46.15152359999998],[12.638334499999997,46.15145389999999],[12.638279499999998,46.1514474],[12.638262000000001,46.1514418],[12.638231200000003,46.15141859999998],[12.638208399999998,46.1513805],[12.638199,46.1513498],[12.6381574,46.151294100000015],[12.638125300000002,46.1512318],[12.638117199999998,46.15119649999998],[12.6381467,46.1511761],[12.638202999999999,46.151155699999975],[12.6384699,46.1510377],[12.638663,46.150919699999996],[12.638760299999998,46.15087789999999],[12.638871600000002,46.150816500000005],[12.638958700000002,46.150798],[12.6390245,46.1507822],[12.6390848,46.15074129999999],[12.6391666,46.1507013],[12.639231000000002,46.150666],[12.639268500000002,46.1506437],[12.639308400000003,46.1506164]]},"properties":{"type":"trail","highway":"path","name":"","shade_pct":100.0,"length_m":256}},{"type":"Feature","geometry":{"type":"LineString","coordinates":[[12.676760399999997,46.1399853],[12.676735800000001,46.1399633],[12.676679499999997,46.139903799999985],[12.6766527,46.13980709999999],[12.676588300000002,46.1396176],[12.6765373,46.1394076],[12.6764354,46.1390154],[12.676379100000002,46.13879420000001],[12.6762343,46.1384467],[12.6761082,46.13816049999999],[12.676009000000002,46.137930000000004],[12.675799699999999,46.13750809999998],[12.6756495,46.13727389999998],[12.675528800000002,46.13701000000001],[12.675413499999998,46.136701499999994],[12.675300799999999,46.1364376],[12.675190899999999,46.13617359999999],[12.675067500000003,46.13593389999999],[12.6750058,46.13581489999999],[12.674979,46.13573309999998],[12.6749897,46.13569039999999],[12.6749978,46.135649499999985],[12.6749388,46.135543600000005],[12.6748529,46.135337299999996],[12.6747456,46.1350826],[12.674662499999998,46.13494689999998],[12.674622199999998,46.134891200000006],[12.674587500000001,46.134848899999994]]},"properties":{"type":"trail","highway":"path","name":"","shade_pct":100.0,"length_m":598}},{"type":"Feature","geometry":{"type":"LineString","coordinates":[[12.674742600000002,46.1432114],[12.674506900000004,46.14316159999998],[12.674235999999999,46.1431022],[12.673975800000001,46.1430464],[12.6737827,46.14298879999999],[12.673704899999999,46.14296279999999],[12.6736325,46.14292189999998],[12.6734877,46.142877299999995],[12.6732302,46.1428308],[12.672870799999998,46.142760199999984],[12.672562299999997,46.14270259999999],[12.6722807,46.1426506],[12.672004399999999,46.1425855],[12.6718753,46.1425583]]},"properties":{"type":"trail","highway":"path","name":"","shade_pct":80.5,"length_m":234}},{"type":"Feature","geometry":{"type":"LineString","coordinates":[[12.6731278,46.098003799999994],[12.673232399999998,46.097999099999996],[12.6733491,46.0980075],[12.6734859,46.0980251],[12.673619999999998,46.0980428],[12.673733999999998,46.09804750000001],[12.6738989,46.09805769999999],[12.6740237,46.09805859999999],[12.6741859,46.0980698],[12.674459500000001,46.09808749999999],[12.674678100000001,46.09810790000001],[12.6749463,46.098134],[12.6751193,46.098152599999985],[12.675284300000001,46.098185099999995],[12.6754466,46.098197200000016],[12.675602099999999,46.09820839999999],[12.6757845,46.09821759999998],[12.675906600000001,46.09821019999999],[12.675976300000002,46.0981925],[12.6760849,46.098178599999976],[12.676201600000002,46.09815159999999],[12.676335700000001,46.09812560000002],[12.6765074,46.09808649999998],[12.6766683,46.09804470000001],[12.67684,46.09799819999999],[12.6769258,46.09797679999999],[12.6770452,46.0979601],[12.677108200000001,46.097961899999994],[12.677151399999998,46.09796789999999]]},"properties":{"type":"trail","highway":"path","name":"","shade_pct":81.1,"length_m":318}},{"type":"Feature","geometry":{"type":"LineString","coordinates":[[12.6305291,46.1509693],[12.6306349,46.150999799999994],[12.6308012,46.15102769999998],[12.6309487,46.15105929999999],[12.6311526,46.15108339999998],[12.631286700000002,46.151094599999986],[12.631399299999998,46.151103899999995],[12.631519999999998,46.1511262],[12.631699700000002,46.1511466],[12.6318204,46.151159600000014],[12.6319304,46.1511671],[12.632075200000001,46.1511708],[12.6321933,46.15117080000001],[12.632319299999999,46.1511671],[12.6323975,46.151165799999994]]},"properties":{"type":"trail","highway":"path","name":"","shade_pct":100.0,"length_m":147}},{"type":"Feature","geometry":{"type":"LineString","coordinates":[[12.634382000000002,46.15301639999999],[12.634441,46.15305859999999],[12.6345536,46.153149599999985],[12.6346381,46.15319790000001],[12.634713200000002,46.15328250000001],[12.634799,46.153339199999984],[12.634857999999998,46.153409799999984],[12.6349559,46.1535268],[12.6350257,46.15364759999998],[12.635111500000004,46.15372559999999],[12.6352537,46.1538315],[12.635336800000001,46.153963499999996],[12.635361000000001,46.15405079999999],[12.6354629,46.15424769999999],[12.635478999999998,46.154396399999996],[12.6355004,46.15458959999999],[12.635548699999998,46.15477169999999],[12.635602399999998,46.15488319999999],[12.6356667,46.15505779999999]]},"properties":{"type":"trail","highway":"path","name":"","shade_pct":100.0,"length_m":255}},{"type":"Feature","geometry":{"type":"LineString","coordinates":[[12.623077299999999,46.14884159999999],[12.6230586,46.149023799999995],[12.6229966,46.1493425],[12.6229335,46.14955],[12.622902,46.1498411],[12.622723399999998,46.150219699999994],[12.6226027,46.150493600000004],[12.6225815,46.150780199999986],[12.622799599999999,46.15128609999999],[12.622684,46.15150269999999],[12.622686599999998,46.1516737],[12.622878399999998,46.151930299999975],[12.6229283,46.15208319999999],[12.6230938,46.15239439999999],[12.6233722,46.15293119999999],[12.623585,46.153246],[12.623669700000002,46.153435299999984],[12.623760700000002,46.1535878],[12.623758899999999,46.15373709999999],[12.6237366,46.153963499999996],[12.6237444,46.1541227],[12.623721199999999,46.15418],[12.6236299,46.15421349999998]]},"properties":{"type":"trail","highway":"path","name":"","shade_pct":100.0,"length_m":627}},{"type":"Feature","geometry":{"type":"LineString","coordinates":[[12.614536399999999,46.15193359999999],[12.6145045,46.15196309999999],[12.614499500000003,46.15197280000001],[12.6144739,46.15199359999998],[12.6144334,46.15201949999999],[12.6144167,46.1520828],[12.614390399999998,46.1521807],[12.6144034,46.15227509999999],[12.6144488,46.15234689999998],[12.6144942,46.15242779999999],[12.614520099999998,46.15251759999998],[12.6145266,46.152607399999994],[12.614507800000002,46.1527034],[12.614492299999998,46.15279049999999],[12.614461699999998,46.152841],[12.614421,46.152872499999994],[12.614352600000002,46.1528886],[12.6142929,46.15287039999998],[12.614212000000002,46.1528467],[12.614136,46.1528004],[12.6140281,46.152730899999995],[12.613917899999999,46.15267479999999],[12.6138044,46.15260739999998],[12.6136488,46.15252209999999],[12.613574299999998,46.15249509999998],[12.613447799999998,46.15247719999999],[12.613285700000004,46.152439],[12.6130745,46.1524045],[12.6128703,46.15235560000001],[12.612777400000002,46.152366099999995],[12.6127534,46.1523805],[12.6126921,46.15241399999999],[12.612678900000004,46.152494299999994],[12.6127013,46.15255789999999],[12.6127409,46.15267159999999],[12.6127851,46.152810900000006],[12.612841599999998,46.153068799999986],[12.6128496,46.15328619999999]]},"properties":{"type":"trail","highway":"track","name":"","shade_pct":100.0,"length_m":362}},{"type":"Feature","geometry":{"type":"LineString","coordinates":[[12.6144451,46.150902300000006],[12.6144358,46.15095449999999],[12.614452099999998,46.151038799999995],[12.614448799999998,46.151134199999994],[12.614416400000001,46.151233],[12.614416399999998,46.15134079999999],[12.614422799999998,46.15143510000001],[12.614468200000001,46.151529499999995],[12.614513599999999,46.15161030000001],[12.614558999999998,46.1517046],[12.614572,46.15183039999999],[12.614536399999999,46.15193359999999]]},"properties":{"type":"trail","highway":"track","name":"","shade_pct":100.0,"length_m":117}},{"type":"Feature","geometry":{"type":"LineString","coordinates":[[12.658256400000003,46.11637090000001],[12.6584226,46.11658029999999],[12.658615700000002,46.1169967],[12.6588947,46.117495],[12.6590395,46.1178037],[12.659152099999998,46.1180156],[12.6592165,46.118190399999996],[12.659356,46.1184321]]},"properties":{"type":"trail","highway":"path","name":"","shade_pct":99.8,"length_m":245}},{"type":"Feature","geometry":{"type":"LineString","coordinates":[[12.6462517,46.09516870000001],[12.646272200000002,46.0954324],[12.646306999999998,46.09595689999999],[12.646293599999998,46.096295399999995],[12.6463312,46.0965781],[12.6463419,46.0968869],[12.6463473,46.097143499999994],[12.646358,46.097433699999996],[12.6463741,46.097530399999975],[12.646309699999998,46.0976197],[12.646266800000001,46.0977573],[12.6463044,46.097920999999985],[12.646352600000002,46.09809210000001],[12.646363400000004,46.09830409999999],[12.646374099999997,46.09838229999998],[12.646360699999999,46.0984473],[12.6463272,46.098478999999976],[12.646230599999999,46.09850039999999],[12.6457827,46.09855889999998],[12.645586900000001,46.098582199999996],[12.645150999999998,46.09863149999999],[12.644829099999999,46.09864259999999],[12.6446897,46.09865009999998],[12.6445475,46.0986329],[12.644387899999998,46.09861569999999],[12.6442109,46.09862079999999],[12.643935299999999,46.09863889999999],[12.6436718,46.0986603],[12.643245300000002,46.0986882],[12.6430629,46.09870219999998],[12.6429637,46.09870959999999],[12.6429073,46.098704899999994],[12.642860399999998,46.0986901],[12.6428336,46.09866309999999],[12.642841599999999,46.09861009999999],[12.642837600000002,46.0985413],[12.642828199999999,46.09851239999999],[12.6428081,46.09849199999999],[12.6427826,46.0984752],[12.642708899999999,46.098467799999995],[12.642633800000002,46.0984604],[12.642483600000002,46.0984678],[12.6423334,46.098487299999995],[12.642224699999998,46.098486400000006],[12.6421107,46.0984911],[12.641964599999998,46.09852079999999],[12.641922999999998,46.098532],[12.641808999999999,46.09856820000001],[12.641599800000002,46.09858680000001],[12.641304699999997,46.098571999999976],[12.6411384,46.09855889999999],[12.6410177,46.09856169999999],[12.6409467,46.098558],[12.640882299999998,46.098543099999986],[12.640833699999998,46.09851859999999]]},"properties":{"type":"trail","highway":"track","name":"","shade_pct":40.1,"length_m":822}},{"type":"Feature","geometry":{"type":"LineString","coordinates":[[12.655354600000004,46.116376499999994],[12.6545763,46.1164985],[12.653841399999997,46.11662489999999],[12.653224499999999,46.1166918],[12.653063500000002,46.11671039999999],[12.652929400000001,46.11672529999999],[12.6528865,46.11669929999999],[12.652827499999999,46.11656540000001],[12.6526934,46.1161266],[12.652634399999998,46.11589229999998],[12.652623599999998,46.115817899999996],[12.652623599999998,46.115751],[12.6525646,46.1156841],[12.652489499999998,46.115631999999984],[12.6523608,46.1155985],[12.6522589,46.11552050000001],[12.652183800000001,46.115386599999994],[12.6521569,46.1152825],[12.652114000000001,46.115215499999984],[12.652028200000004,46.115167199999995],[12.651926299999996,46.1152118],[12.651599000000001,46.1154163],[12.651072,46.11570729999999],[12.651017,46.11575939999999],[12.651009,46.11580399999999],[12.651033099999998,46.115849600000004],[12.6510787,46.11591930000001],[12.651141700000002,46.115968599999995],[12.651143099999999,46.115999200000005],[12.651118899999998,46.116028],[12.651069299999998,46.11605689999999],[12.6509915,46.116071700000006],[12.6503357,46.11610989999999],[12.6500621,46.11613769999999],[12.649826099999999,46.116154499999986],[12.6495981,46.116161899999994],[12.6493708,46.11619799999999]]},"properties":{"type":"trail","highway":"track","name":"","shade_pct":93.7,"length_m":661}},{"type":"Feature","geometry":{"type":"LineString","coordinates":[[12.6080219,46.18802159999999],[12.608031799999997,46.18800559999999],[12.6080025,46.1879515],[12.6080207,46.1879059],[12.6081021,46.18780779999999],[12.6081557,46.187696100000004],[12.608259399999998,46.187596199999994],[12.6082713,46.187558100000004],[12.608437399999998,46.18740429999999],[12.608672699999998,46.18728729999999],[12.608756499999998,46.18719869999999],[12.6089926,46.187016],[12.6090062,46.1869176],[12.6091829,46.186804099999996],[12.6092065,46.18675809999998],[12.6092714,46.18671009999998],[12.609310899999999,46.1865198],[12.609452399999999,46.186328399999994],[12.6095076,46.18618899999999],[12.609564100000002,46.18615779999999],[12.6095981,46.18611049999999],[12.609653499999999,46.186087699999995],[12.609804599999999,46.1859796],[12.6098807,46.1858955],[12.609985799999999,46.185849299999994],[12.6100854,46.18573430000001],[12.6100931,46.1857023],[12.610137000000002,46.1856804],[12.6101657,46.18553430000001],[12.610196199999999,46.18548419999999],[12.6102964,46.185410999999995],[12.610325600000001,46.18535529999998],[12.610405,46.18530760000001],[12.610509600000002,46.18519759999999],[12.610510999999999,46.185171699999984],[12.6105537,46.1851337],[12.610553,46.18510049999999],[12.6104636,46.18486029999999],[12.610584999999999,46.184671900000005],[12.6105746,46.18465719999999],[12.6105998,46.1845977],[12.610768799999999,46.18438569999998],[12.610779299999999,46.184336599999995],[12.6107506,46.18423069999999],[12.610917099999998,46.18411300000001],[12.6109929,46.1840991],[12.6112075,46.18379450000002],[12.6112204,46.18371259999999],[12.611291199999998,46.183683499999994],[12.611305300000001,46.18363149999998],[12.6113523,46.18358940000001],[12.611491,46.18352449999999],[12.6115623,46.18343439999999],[12.6116351,46.18341809999999],[12.6116866,46.18332639999999],[12.611702699999999,46.183133999999995],[12.6117628,46.1831237],[12.611821399999998,46.183082399999996],[12.6118379,46.18301079999999],[12.611895100000002,46.1829538],[12.6120474,46.1829123],[12.612086099999999,46.18291579999998],[12.6122697,46.18287819999998],[12.612392099999997,46.18270699999999],[12.612463900000002,46.1826684],[12.612604400000002,46.182540599999996],[12.6126105,46.182475499999995],[12.612640700000002,46.18245809999999],[12.612907,46.18241659999998],[12.613014000000002,46.182379000000005],[12.613234899999998,46.18222960000001],[12.613366799999998,46.18203479999999],[12.613675700000003,46.181908],[12.6137061,46.18191349999999],[12.6138233,46.1818781],[12.613936500000003,46.1818671],[12.6140284,46.18183369999999],[12.614057800000001,46.181833799999986],[12.6141875,46.181954499999996],[12.614346699999999,46.1820334],[12.6144189,46.1821063],[12.614453699999999,46.1821185],[12.6145015,46.182193299999994],[12.614678500000002,46.18229329999998],[12.6148672,46.18235000000001],[12.6149043,46.1823392],[12.615024499999999,46.1823354],[12.6151116,46.1823498],[12.615157900000002,46.18234],[12.6154119,46.1821516],[12.6154347,46.182114000000006],[12.6155289,46.18204549999998],[12.615573700000004,46.18197379999999],[12.6156773,46.181900199999994],[12.615698,46.18184259999999],[12.616001899999999,46.18160599999999],[12.6161629,46.18159469999999],[12.616348199999997,46.18161739999998],[12.616493100000001,46.18161319999999],[12.6166017,46.18156599999999],[12.6166252,46.181546600000004],[12.6166159,46.1815228],[12.616652499999999,46.18143909999999],[12.6167063,46.18137989999998],[12.6167023,46.18135720000001],[12.6166453,46.1813406],[12.6166792,46.181257800000004],[12.616765400000002,46.181222],[12.616851700000003,46.181208],[12.6170073,46.1812443],[12.617077999999996,46.1812422],[12.6171351,46.181227700000015],[12.617371600000002,46.18111239999999],[12.6174173,46.18113549999999],[12.617474800000002,46.18120889999999],[12.6175077,46.18129099999999],[12.617574099999999,46.181311099999995],[12.617595299999998,46.18127149999999],[12.617659500000002,46.18127419999999],[12.617672399999998,46.18126049999999],[12.6176792,46.18118479999999],[12.6177217,46.18112240000001],[12.6177295,46.181045000000005],[12.617765500000003,46.180996199999996],[12.617850000000002,46.1809838],[12.6178578,46.18098379999999],[12.617881200000001,46.18097949999999],[12.617895799999996,46.1809518],[12.617838700000002,46.180920399999984],[12.617848500000001,46.18089919999999],[12.617795799999998,46.18078849999999],[12.617808900000002,46.18072689999999],[12.617846699999998,46.1806748],[12.617950300000002,46.18068369999999],[12.618124700000001,46.180610699999995],[12.618061900000002,46.180550799999985],[12.618148,46.18052789999999],[12.6181434,46.18049139999999],[12.618184100000002,46.180429100000005],[12.618265099999999,46.180401],[12.6182597,46.180339],[12.6183475,46.18018249999999],[12.618312500000002,46.180148700000004],[12.6183692,46.17997939999999],[12.618356700000001,46.1798566],[12.618409599999998,46.1797997],[12.6184946,46.17977749999999],[12.618599699999999,46.17969899999999],[12.618686299999998,46.179627799999984],[12.6187764,46.17951879999999],[12.6187629,46.179465],[12.618799100000002,46.17936739999999],[12.618736899999998,46.179184299999996],[12.618806599999997,46.179063500000005],[12.6187465,46.17900689999999],[12.6188253,46.1789946],[12.618824499999999,46.1789675],[12.618912400000003,46.17893090000001],[12.618937500000001,46.178886799999994],[12.618909600000002,46.17887109999999],[12.618923400000002,46.1788527],[12.6189786,46.17884699999999],[12.619014199999999,46.178825299999986],[12.619016700000001,46.17879619999999],[12.618943999999997,46.17875309999999],[12.619038200000004,46.17867309999999],[12.6190489,46.178668600000016],[12.619123399999998,46.1786458],[12.619132899999999,46.1786136],[12.619156199999999,46.1786058],[12.6191492,46.17857349999999],[12.6191955,46.17853099999999],[12.619213599999998,46.17842759999998],[12.6192568,46.1783584],[12.619319099999997,46.17832189999998],[12.619381399999998,46.17824599999999],[12.619439200000002,46.178246300000005],[12.6195253,46.17821129999999],[12.6196587,46.178105],[12.619671500000003,46.1780081],[12.6197331,46.17799279999998],[12.6197367,46.17791439999999],[12.6197369,46.177888399999986],[12.619666199999998,46.1778555],[12.619652899999998,46.177787],[12.6197042,46.1777213],[12.6197253,46.1776373],[12.619772,46.1775732],[12.619742000000002,46.1774889],[12.619720000000001,46.177389500000004],[12.6196923,46.1770948],[12.619704099999998,46.177023999999996],[12.619783899999998,46.176867200000004],[12.619899999999998,46.17678229999999],[12.619892999999998,46.176736099999985],[12.619984100000002,46.17659569999999],[12.6200052,46.1764434],[12.6199828,46.17633790000001],[12.619936,46.1762619],[12.6198997,46.176122199999995],[12.619857900000001,46.17604359999997],[12.619837499999997,46.175903100000006],[12.619857999999999,46.1758307],[12.619977499999997,46.17571659999999],[12.6201183,46.1756231],[12.620218599999998,46.175530999999985],[12.6202682,46.17551430000001],[12.6204288,46.1755773],[12.6204296,46.17550999999998],[12.620467700000003,46.1754703],[12.6205037,46.17545819999999],[12.6205868,46.17548119999999],[12.6206258,46.175469500000005],[12.6206364,46.1754265],[12.620692299999998,46.1754017],[12.6207227,46.1753392],[12.620828900000001,46.175295999999996],[12.620983000000003,46.17526359999999],[12.620993699999998,46.17524430000002],[12.6210852,46.175216699999986],[12.6210865,46.17515279999999],[12.62106,46.175107],[12.6210732,46.17509119999998],[12.621154700000002,46.17507219999999],[12.621169599999998,46.174999699999994],[12.6212147,46.174967900000006],[12.621456899999997,46.1749103],[12.621325999999998,46.1747995],[12.621354400000001,46.1747859],[12.6214029,46.17476909999999],[12.621483799999998,46.174756299999984],[12.621587699999997,46.174730399999994],[12.6215975,46.174704199999994],[12.6216084,46.17468279999999],[12.621700300000002,46.17466460000001],[12.6217577,46.174609],[12.621832100000002,46.1745879],[12.6217772,46.17450049999999],[12.621592700000003,46.174330999999995],[12.6215471,46.17426469999999],[12.621475100000001,46.174101699999994],[12.621503899999999,46.1740668],[12.6214975,46.1740391],[12.621598599999999,46.17396939999998],[12.621679400000001,46.1739756],[12.621716299999997,46.173870500000014],[12.6217917,46.17385769999998],[12.621782999999999,46.1737703],[12.621979899999998,46.173693300000004],[12.621967999999999,46.17366940000001],[12.622003099999999,46.17359489999998],[12.622053699999999,46.17357479999998],[12.622100500000002,46.17358180000001],[12.622187099999998,46.173536299999995],[12.622319900000003,46.173533199999994],[12.622460000000004,46.1734337],[12.622461300000001,46.17339909999999],[12.622410400000001,46.173344099999994],[12.622405,46.17330739999998],[12.6224642,46.173254499999985],[12.6224808,46.17320589999999],[12.622545999999998,46.1731319],[12.6226116,46.17309809999999],[12.6227287,46.17306979999999],[12.6227811,46.17307839999999],[12.6228737,46.1730638],[12.6229062,46.1730505],[12.6229486,46.1729696],[12.622974300000001,46.172989199999996],[12.6229945,46.1729815],[12.6230157,46.172868999999984],[12.623051999999998,46.172860699999994],[12.623155000000002,46.17277380000001],[12.6232199,46.17263239999999],[12.623259300000003,46.17251589999999],[12.623215200000002,46.17232419999998],[12.623251099999997,46.17224439999999],[12.623361300000001,46.17218099999999],[12.6234375,46.17216679999999],[12.623532099999998,46.17212269999998],[12.623732600000002,46.172120799999995],[12.623804300000002,46.17202060000001],[12.623812899999999,46.17197399999999],[12.623963200000002,46.171939],[12.623991199999999,46.1719083],[12.6239564,46.171731799999996],[12.623963699999997,46.1716126],[12.6239967,46.17158700000002],[12.6240148,46.1715072],[12.6239801,46.17137879999999],[12.6239917,46.1713368],[12.624235,46.17110559999998],[12.624326800000002,46.170880199999985],[12.6243735,46.17082109999998],[12.624425699999998,46.17079189999999],[12.6246831,46.170803199999995],[12.6248014,46.17077759999999],[12.6249011,46.1707153],[12.625169300000001,46.17061519999998],[12.6252369,46.17056970000001],[12.625274499999998,46.17047749999998],[12.6252717,46.170353],[12.6252426,46.170293099999995],[12.625207699999999,46.170110799999996],[12.625227200000001,46.16998149999999],[12.6253028,46.169875700000006],[12.625544799999998,46.1697434],[12.6257634,46.16958239999999],[12.6259995,46.1694922],[12.6260455,46.16948990000001],[12.6261345,46.16951629999999],[12.626256399999999,46.169649099999965],[12.6263469,46.16981280000002],[12.6263746,46.16992029999999],[12.626419100000001,46.169932999999986],[12.6265081,46.16993980000001],[12.626574800000002,46.1699333],[12.6266222,46.169937],[12.6266876,46.16987019999999],[12.6268096,46.1697774],[12.6269413,46.1696165],[12.6270412,46.16965749999999],[12.627205100000001,46.1697823],[12.6272656,46.16980430000002],[12.627282900000003,46.169775900000005],[12.627282,46.169619],[12.6273096,46.169582399999996],[12.627275700000002,46.1695486],[12.627328800000003,46.1694859],[12.6272857,46.1694398],[12.6273308,46.16938739999999],[12.627347000000002,46.1693173],[12.627373799999999,46.1692918],[12.627412000000001,46.169288999999985],[12.627432300000002,46.16925700000001],[12.627407000000002,46.16924570000001],[12.6273874,46.169162799999995],[12.627438,46.16897989999999],[12.627445700000004,46.168845999999995],[12.6273805,46.1687106],[12.627385499999999,46.168537399999984],[12.6274581,46.168506],[12.627518800000002,46.1685034],[12.6276224,46.16845510000001],[12.6276867,46.16840390000001],[12.6276909,46.1683701],[12.6277004,46.1683452],[12.627722699999998,46.16831419999999],[12.627738,46.1683113],[12.627753,46.168318400000004],[12.627762299999999,46.168312799999995],[12.6277721,46.16827159999998],[12.627835399999999,46.16822599999999],[12.627879399999998,46.16812780000001],[12.627938900000002,46.16805289999999],[12.628013499999998,46.1680216],[12.628047699999998,46.167942299999986],[12.628229200000002,46.16776879999999],[12.6282376,46.1677392],[12.6281816,46.16759630000001],[12.628191000000003,46.16751529999999],[12.6282279,46.167460599999984],[12.6285142,46.16732330000001],[12.628634099999998,46.16722649999999],[12.628815200000002,46.16712530000001],[12.6290503,46.16694289999999],[12.629128799999998,46.16684009999999],[12.629544100000002,46.1666738],[12.629689699999998,46.16665509999999],[12.629899,46.16671190000001],[12.6299518,46.1667386],[12.630267699999997,46.1667541],[12.6304358,46.16678529999999],[12.630581299999998,46.1667659],[12.630787599999998,46.1666124],[12.630928899999999,46.1665935],[12.6310092,46.16659229999999],[12.631158400000002,46.166622600000004],[12.6312839,46.166667399999994],[12.6314303,46.1666959],[12.6316965,46.166622899999986],[12.6319581,46.16659839999999],[12.632120799999997,46.1666296],[12.632172,46.166652099999986],[12.632248000000002,46.166651499999986],[12.6323813,46.1667017],[12.6324619,46.16670839999999],[12.6325061,46.16678160000001],[12.632596099999999,46.16679609999999],[12.6326835,46.166756499999984],[12.633018499999999,46.1667676],[12.633261,46.16673509999998],[12.6337127,46.16689029999999],[12.633775,46.1668827],[12.633819899999999,46.166853499999995],[12.6338839,46.1668587],[12.634017400000003,46.1668845],[12.6340241,46.166917500000004],[12.6340866,46.1669302],[12.6341639,46.1669286],[12.634415000000002,46.16678589999999],[12.6344254,46.166884],[12.634331500000002,46.167003699999995],[12.634280399999998,46.1671312],[12.6343131,46.167210199999985],[12.6343749,46.16715709999999],[12.634560600000002,46.167054499999985],[12.6346462,46.167054399999984],[12.6346936,46.16707349999999],[12.634810000000002,46.16701559999999],[12.634854499999998,46.16710419999999],[12.6348175,46.167155699999995],[12.634864599999998,46.1671682],[12.634822999999999,46.1672911],[12.6348507,46.16730729999999],[12.634866,46.1673964],[12.634894800000001,46.167443799999994],[12.6348875,46.167486100000005],[12.634692499999998,46.1677583],[12.6347235,46.16780239999999],[12.6347439,46.16784759999999],[12.634717999999998,46.1678668],[12.6346795,46.1678854],[12.6346662,46.1679111],[12.6346756,46.16794250000001],[12.6346549,46.16796570000001],[12.634689600000002,46.1680254],[12.634619999999998,46.168104500000005],[12.6345975,46.1682058],[12.634559800000002,46.1682675],[12.634574699999998,46.16828869999999],[12.6345938,46.16830009999998],[12.634610500000003,46.168344],[12.634584299999998,46.16842960000001],[12.6346081,46.168474100000005],[12.6346344,46.16848159999999],[12.6346589,46.16851160000001],[12.634630399999999,46.168592099999984],[12.6348011,46.168545099999996],[12.6349149,46.16848049999999],[12.634981500000002,46.16846650000001],[12.6350774,46.168469600000016],[12.6352148,46.1684115],[12.635281299999999,46.1684003],[12.6354268,46.16839609999999],[12.635555500000002,46.16837509999999],[12.6356799,46.16830759999999],[12.635734000000001,46.16822989999998],[12.635955299999997,46.168069300000006],[12.6360475,46.16803159999999],[12.6361336,46.167973399999994],[12.636291100000003,46.16793560000001],[12.6364129,46.16794129999999],[12.6365162,46.167993],[12.636676699999999,46.1680189],[12.6367239,46.16801629999998],[12.636744699999998,46.1679772],[12.6367261,46.167930799999986],[12.6367598,46.167888500000004],[12.6368021,46.16785459999999],[12.6368648,46.1678389],[12.6369208,46.167891399999995],[12.6371142,46.167895399999985],[12.6372395,46.167925],[12.637506200000002,46.16787959999999],[12.637653700000001,46.1678923],[12.637831400000001,46.167882999999996],[12.637861,46.16787499999999],[12.638005,46.1679126],[12.638266100000001,46.168017699999986],[12.638298799999998,46.168069199999984],[12.6383869,46.1681368],[12.6386058,46.16817609999999],[12.6387065,46.1682343],[12.638776500000002,46.16824869999999],[12.639027499999996,46.16824229999999],[12.6395996,46.16845899999999],[12.639752300000001,46.1685795],[12.6400416,46.1686621],[12.6401468,46.16866199999999],[12.6403277,46.1687083],[12.640471699999999,46.16869919999999],[12.640849299999998,46.1687202],[12.640926799999999,46.168790399999985],[12.640953100000003,46.16886780000001],[12.640917600000002,46.1691664],[12.641055699999999,46.1693306],[12.6412539,46.16946780000001],[12.6413744,46.169487100000005],[12.6414091,46.16953319999999],[12.641404100000003,46.1695544],[12.6414538,46.16960350000001],[12.6414859,46.169687],[12.6415181,46.1697099],[12.641725199999998,46.1697814],[12.641965200000001,46.169930199999996],[12.642254199999998,46.1700592],[12.6423877,46.1700854],[12.642528299999999,46.170133],[12.642633,46.1702282],[12.643032699999997,46.1701168],[12.643362599999998,46.16984740000001],[12.6433881,46.16985769999998],[12.6434083,46.1699217],[12.6434331,46.16992989999999],[12.6435296,46.1698519],[12.643575,46.16984339999999],[12.6435807,46.1698823],[12.6436292,46.169919099999994],[12.643729999999998,46.16990319999999],[12.643773999999999,46.1699249],[12.6438808,46.16993899999999],[12.6439118,46.16996209999999],[12.6439398,46.17003089999998],[12.6439087,46.170065900000004],[12.6439351,46.1701191],[12.643937399999999,46.170130599999986],[12.643913499999996,46.17017579999999],[12.643882500000002,46.17018199999998],[12.6438834,46.17021270000001],[12.64385,46.17023549999999],[12.643835699999999,46.1702924],[12.643784800000002,46.1703449],[12.643703200000001,46.17058249999999],[12.6436796,46.17060589999998],[12.643626400000002,46.17059929999999],[12.643615300000002,46.1706223],[12.643680900000001,46.1706745],[12.6436635,46.17069129999999],[12.6436095,46.1706937],[12.643627899999998,46.170709599999995],[12.643642900000001,46.1707386],[12.643627899999998,46.1707551],[12.6435213,46.170805],[12.643562799999998,46.170874700000006],[12.6436865,46.170902799999986],[12.643714900000003,46.171008199999974],[12.6437938,46.171080399999994],[12.6438472,46.171098900000004],[12.644170300000003,46.1713148],[12.6443104,46.1714517],[12.6444564,46.17149869999999],[12.644591,46.171486999999985],[12.6446459,46.171496],[12.644866699999998,46.17161399999999],[12.644991000000001,46.17162919999996],[12.645057,46.171652599999994],[12.645269900000004,46.17165310000001],[12.6453051,46.17166740000001],[12.645796599999999,46.171614999999996],[12.646001400000001,46.171570700000004],[12.646124199999997,46.17151359999999],[12.6461797,46.1715057],[12.6462361,46.171507099999985],[12.6464222,46.171567300000014],[12.6464759,46.1715562],[12.646548199999998,46.17150060000001],[12.646784299999998,46.17143780000001],[12.6468911,46.171318299999996],[12.6470186,46.1712847],[12.6472013,46.17111229999999],[12.6472683,46.171104099999994],[12.6474132,46.171158600000005],[12.647770099999999,46.17122259999999],[12.647831500000002,46.171250199999996],[12.6478913,46.171311700000004],[12.6479168,46.1714294],[12.6481677,46.17157530000002],[12.6483815,46.17164859999999],[12.648544,46.171678799999995],[12.648698800000002,46.171651299999986],[12.6488396,46.171645099999985],[12.648914699999999,46.17165219999999],[12.648983399999999,46.1716788],[12.649441600000001,46.17169959999998],[12.649516700000001,46.17172150000001],[12.6496382,46.1717907],[12.6497316,46.1719217],[12.649796099999998,46.17197009999999],[12.649889899999998,46.17199769999999],[12.6501164,46.1721028],[12.650509200000002,46.1722005],[12.6506228,46.172261500000005],[12.6506807,46.17230289999999],[12.6507212,46.17245379999999],[12.650835200000001,46.17259640000001],[12.6508879,46.17263509999999],[12.6511488,46.172718800000006],[12.6514182,46.1728339],[12.6514946,46.172854699999995],[12.651630800000001,46.17284769999999],[12.651767299999998,46.172813800000014],[12.6518877,46.1728101],[12.6519945,46.1727806],[12.652084200000003,46.17277639999998],[12.6522122,46.17273579999999],[12.6523828,46.17278389999999],[12.6525949,46.172906999999995],[12.6529238,46.1730556],[12.652924800000001,46.1730555],[12.6530603,46.17308550000001],[12.6530855,46.173088500000006],[12.653141200000002,46.173114999999996],[12.6531474,46.17315980000003],[12.653190900000002,46.173206299999975],[12.653208499999998,46.17319049999998],[12.653236,46.17319349999999],[12.6532696,46.17325710000001],[12.6530579,46.1732829],[12.6530951,46.173469600000004],[12.6530857,46.173530299999996],[12.653157799999999,46.1736316],[12.6532349,46.1736726],[12.653400799999998,46.1736862],[12.6535006,46.17372559999999],[12.653686600000002,46.17375789999999],[12.6537969,46.1738102],[12.6541515,46.173887],[12.6544044,46.1738875],[12.654474199999997,46.17386939999999],[12.6546201,46.17386379999999],[12.6546977,46.17390300000001],[12.654765800000002,46.173965900000006],[12.654819799999999,46.174081799999996],[12.654815899999997,46.174132599999986],[12.6548525,46.17416570000002],[12.6549345,46.17431959999999],[12.655073899999998,46.17439349999999],[12.655251,46.17445789999999],[12.655305299999998,46.17457069999999],[12.6553729,46.1746373],[12.6553882,46.1747614],[12.6554978,46.175016400000004],[12.655532799999998,46.17524870000001],[12.655569099999997,46.17531989999999],[12.655724999999999,46.175481],[12.655790600000001,46.1755804],[12.656117099999998,46.1755566],[12.6562002,46.17551050000001],[12.6563304,46.1753829],[12.656420899999999,46.1753195],[12.656539599999999,46.17529510000001],[12.656816900000003,46.17519409999999],[12.6569335,46.1750968],[12.657275900000002,46.17488579999999],[12.6574111,46.17465249999999],[12.657476899999999,46.1745934],[12.657694299999998,46.17456599999999],[12.6577934,46.1745822],[12.6579207,46.1746412],[12.658047900000001,46.174726500000006],[12.6580802,46.17478989999999],[12.6582076,46.174895099999986],[12.658235700000002,46.17495539999998],[12.6582414,46.17509909999999],[12.6583,46.17534259999999],[12.658404099999998,46.175497499999985],[12.658563,46.1756559],[12.658558499999998,46.17574339999998],[12.6586116,46.175797599999996],[12.658676899999998,46.175835699999986],[12.659036100000002,46.175923899999994],[12.6593604,46.17606679999999],[12.659422,46.17621039999999],[12.659398199999998,46.17626039999998],[12.6594335,46.17632829999999],[12.6595269,46.17637270000001],[12.6595923,46.17642969999999],[12.6600267,46.17665109999999],[12.6601098,46.17675469999999],[12.6602071,46.1767825],[12.660323399999998,46.17672519999999],[12.6604024,46.176651799999966],[12.660458000000002,46.176501999999985],[12.6607589,46.176224099999985],[12.660871799999999,46.176075700000005],[12.660960500000002,46.17592150000001],[12.661017199999998,46.175725499999984],[12.660997200000002,46.17565679999999],[12.661007899999998,46.175623699999996]]},"properties":{"type":"trail","highway":"path","name":"","shade_pct":75.2,"length_m":7439}},{"type":"Feature","geometry":{"type":"LineString","coordinates":[[12.6185033,46.15473189999999],[12.618119300000002,46.154486399999996],[12.617814800000001,46.1543365],[12.6175103,46.1542033],[12.617341999999999,46.15407559999999],[12.617157699999998,46.15394239999999],[12.616973399999997,46.153759199999996],[12.616781,46.15359819999999],[12.6165887,46.15349269999999],[12.616414999999998,46.15336289999998],[12.616226099999999,46.15320789999999]]},"properties":{"type":"trail","highway":"path","name":"","shade_pct":100.0,"length_m":246}},{"type":"Feature","geometry":{"type":"LineString","coordinates":[[12.6034215,46.15296860000001],[12.603382,46.15300529999998],[12.6034329,46.1533713],[12.603382,46.153414],[12.6029233,46.153133499999996],[12.6026578,46.15302759999999],[12.602362799999998,46.152930899999994],[12.6018129,46.1525816],[12.6017056,46.1523921],[12.601593,46.1521245],[12.6015286,46.151797499999994],[12.601319400000001,46.15125679999999],[12.6010162,46.15075409999999]]},"properties":{"type":"trail","highway":"path","name":"","shade_pct":100.0,"length_m":419}},{"type":"Feature","geometry":{"type":"LineString","coordinates":[[12.6565302,46.16323349999999],[12.656590599999998,46.1632732],[12.656663099999998,46.163271399999985],[12.656762300000002,46.16328069999999],[12.6569125,46.1633476],[12.656952699999998,46.16336609999998],[12.6570466,46.1634293],[12.6571646,46.16348689999999],[12.657263899999998,46.1635593],[12.6573524,46.1636244],[12.6574329,46.1636949],[12.657472900000002,46.16374119999999]]},"properties":{"type":"trail","highway":"path","name":"","shade_pct":100.0,"length_m":96}},{"type":"Feature","geometry":{"type":"LineString","coordinates":[[12.6469882,46.1341451],[12.647112900000002,46.13434819999999],[12.647190799999999,46.13449719999999],[12.6472376,46.13465270000001],[12.6472812,46.13477579999999],[12.6473217,46.13485139999999],[12.647436999999998,46.134996099999995],[12.6475524,46.13511279999999],[12.647639599999998,46.135209999999994],[12.647755,46.13532870000001],[12.6478079,46.13540649999999],[12.6478578,46.13549940000001],[12.6479201,46.13560739999999],[12.648010499999998,46.13573259999998],[12.648163300000002,46.1360026],[12.6482942,46.1362445],[12.6484126,46.13644749999999],[12.6484567,46.136536199999995],[12.648491899999998,46.1366401],[12.648531600000002,46.13680500000001],[12.6486462,46.137125700000006],[12.6487388,46.1374495],[12.6489151,46.137849599999996],[12.649109,46.13817639999999],[12.649399999999998,46.1386429],[12.6494319,46.138702599999995],[12.649557800000002,46.1389025],[12.6496653,46.13908609999999],[12.6497573,46.13931069999999],[12.6500004,46.13973609999999],[12.6501437,46.1400061],[12.650447099999996,46.14056819999999],[12.6505221,46.140727000000005],[12.650693999999998,46.14098969999999],[12.650830599999999,46.14118509999999],[12.6510069,46.1413806],[12.6512141,46.14171039999999],[12.6513507,46.14199449999999],[12.6514169,46.142272399999996],[12.651535899999999,46.142532],[12.6517034,46.14291989999999],[12.651848799999998,46.14326189999999],[12.6518885,46.14360090000001],[12.651923799999999,46.1438177],[12.651963399999998,46.14415669999999],[12.6520031,46.144394899999995],[12.6519947,46.144518099999985],[12.6519506,46.14466009999999],[12.651946199999998,46.14480209999999],[12.6519462,46.14486779999999],[12.651963800000003,46.144965500000005],[12.652014499999998,46.1450357],[12.652085,46.14510899999998],[12.6523473,46.14531059999999],[12.652528000000002,46.14545559999999],[12.6526228,46.1455228],[12.6528366,46.1456633],[12.653063599999998,46.1457794],[12.653385300000002,46.145947299999996],[12.653517599999999,46.14601139999999],[12.653795300000002,46.1461305],[12.654079600000001,46.14626190000001],[12.654272800000001,46.14631589999999]]},"properties":{"type":"trail","highway":"track","name":"","shade_pct":71.2,"length_m":1512}},{"type":"Feature","geometry":{"type":"LineString","coordinates":[[12.6657993,46.160062800000006],[12.6657878,46.16021279999998],[12.665761799999999,46.16045489999999],[12.665732,46.160731899999995],[12.6656795,46.16112379999998],[12.665518399999998,46.16149409999998],[12.6653607,46.161937599999995],[12.664841599999999,46.163330699999996],[12.6645959,46.16394679999999]]},"properties":{"type":"trail","highway":"track","name":"","shade_pct":20.4,"length_m":443}},{"type":"Feature","geometry":{"type":"LineString","coordinates":[[12.6557235,46.15692469999999],[12.6557887,46.15693439999999],[12.6558503,46.1568991],[12.6559389,46.15689529999999],[12.656075699999997,46.15695849999999],[12.6562017,46.1570161],[12.656330500000001,46.1570737],[12.656459200000002,46.15713319999999],[12.6565638,46.157174],[12.656676500000001,46.157207500000005],[12.656811500000002,46.157222499999996]]},"properties":{"type":"trail","highway":"path","name":"","shade_pct":38.0,"length_m":96}},{"type":"Feature","geometry":{"type":"LineString","coordinates":[[12.6376011,46.147464799999995],[12.637667700000002,46.1474944],[12.6377816,46.1475538],[12.6378943,46.1476486],[12.638028399999998,46.14777219999999],[12.638110200000002,46.147874399999985],[12.6381357,46.147908699999995],[12.638222899999999,46.1480156],[12.6383302,46.1481141],[12.6383865,46.14823299999998],[12.638410599999998,46.148288699999995],[12.638542100000002,46.14838540000001],[12.638743200000002,46.148524699999996],[12.638837100000002,46.148654799999996],[12.6388344,46.1487403],[12.638786099999999,46.14880899999999],[12.638960500000001,46.14884989999999],[12.6391,46.14884989999998],[12.639293100000002,46.14880899999999],[12.6394817,46.1487691],[12.639644599999999,46.14873459999999]]},"properties":{"type":"trail","highway":"path","name":"","shade_pct":100.0,"length_m":253}},{"type":"Feature","geometry":{"type":"LineString","coordinates":[[12.638145600000001,46.1489322],[12.638196,46.14890379999999],[12.638332800000002,46.14885549999999],[12.638614499999997,46.14881280000001],[12.638786099999999,46.14880899999999],[12.638853199999998,46.1488536],[12.6389256,46.14892429999999],[12.6390007,46.14895580000001]]},"properties":{"type":"trail","highway":"path","name":"","shade_pct":100.0,"length_m":76}},{"type":"Feature","geometry":{"type":"LineString","coordinates":[[12.636306299999998,46.14804090000001],[12.636605499999996,46.1478725],[12.6369113,46.14772759999999],[12.6372653,46.14760679999999],[12.637408800000001,46.147558499999995],[12.637541599999999,46.1475269],[12.6376011,46.147464799999995],[12.637663599999998,46.14739960000001],[12.637951999999999,46.147194199999994],[12.638241600000002,46.14704930000002],[12.638429399999998,46.1469601],[12.638858600000002,46.14675569999999],[12.639411100000002,46.146484400000006],[12.639649800000003,46.146372899999996],[12.6398429,46.14628929999999],[12.640049,46.146200699999994]]},"properties":{"type":"trail","highway":"track","name":"","shade_pct":54.1,"length_m":357}},{"type":"Feature","geometry":{"type":"LineString","coordinates":[[12.648777399999998,46.149421899999986],[12.6487532,46.1494668],[12.648715700000002,46.1494854],[12.6486379,46.149466800000006],[12.648530600000004,46.1494223],[12.648401900000001,46.14941109999999],[12.6483375,46.1493832],[12.648109499999999,46.14935539999998],[12.647900300000002,46.149284699999995],[12.647787600000001,46.1491807],[12.6476938,46.14906179999999],[12.647616,46.148991200000005],[12.6475516,46.1489243],[12.647465799999999,46.14882949999999],[12.647361200000002,46.14875889999999],[12.647283400000001,46.14873289999999],[12.6471895,46.148745899999994],[12.647117100000001,46.14879599999998],[12.646991,46.148818299999995],[12.6468837,46.148803499999985],[12.6468006,46.148786699999995],[12.6467711,46.14874590000001],[12.6467577,46.14866599999998],[12.646765699999998,46.14857680000001],[12.646787200000002,46.148519199999996],[12.646816699999999,46.14843179999999],[12.646781800000001,46.148346399999994],[12.6467469,46.148285],[12.646690600000003,46.1482665],[12.6465914,46.14826829999999],[12.6465189,46.14827199999998],[12.646459899999998,46.14828129999999],[12.646422400000002,46.1482665],[12.646379499999998,46.1482665],[12.6463231,46.14827760000001],[12.6462883,46.1482479],[12.646253399999999,46.1481958],[12.646218499999998,46.14818469999999],[12.646159500000003,46.148160499999996],[12.6460898,46.148117799999994],[12.645995899999999,46.1480751],[12.645928899999998,46.148024899999996],[12.6458591,46.1479821],[12.645773300000002,46.147907799999984],[12.6457009,46.14785389999999],[12.645609699999998,46.1478112],[12.6454943,46.1477536],[12.6453978,46.147749899999994],[12.6452798,46.14773129999998],[12.645216,46.147711899999976]]},"properties":{"type":"trail","highway":"path","name":"","shade_pct":100.0,"length_m":398}},{"type":"Feature","geometry":{"type":"LineString","coordinates":[[12.6468623,46.15621349999999],[12.647173400000002,46.1560165],[12.647495299999997,46.155815899999986],[12.647774200000002,46.1556301],[12.648074599999998,46.15535509999999]]},"properties":{"type":"trail","highway":"path","name":"","shade_pct":100.0,"length_m":134}},{"type":"Feature","geometry":{"type":"LineString","coordinates":[[12.646873000000001,46.156291499999995],[12.6469506,46.15637739999999],[12.6471163,46.156554499999984],[12.647269999999999,46.15674489999999],[12.6475007,46.156952899999986],[12.647670800000002,46.157079099999976],[12.647881500000002,46.1572539],[12.6480478,46.15738030000001],[12.648176499999998,46.1573208],[12.648455500000003,46.1572539],[12.6486961,46.157196199999994],[12.648873900000002,46.15711640000001],[12.649076299999999,46.15702559999999],[12.6492977,46.156960399999996],[12.6495069,46.15688230000001],[12.649689300000002,46.15679319999998],[12.649893199999998,46.1566482],[12.6500112,46.1565405],[12.650129199999999,46.156466199999976],[12.6503169,46.156391799999994],[12.650454,46.15635789999998]]},"properties":{"type":"trail","highway":"path","name":"","shade_pct":100.0,"length_m":373}},{"type":"Feature","geometry":{"type":"LineString","coordinates":[[12.6441971,46.154437099999996],[12.644330200000004,46.154559899999995],[12.644432200000002,46.154715999999986],[12.6444966,46.15485719999998],[12.644560899999998,46.1549538],[12.6446789,46.15500579999999],[12.6448184,46.155069],[12.6449257,46.1551767],[12.6450276,46.1552919],[12.6451403,46.15538849999998],[12.645295899999999,46.15546659999999],[12.6455265,46.15552979999999],[12.6457733,46.155596599999996],[12.6458752,46.155622699999995],[12.6459932,46.15570439999998],[12.6461917,46.15587529999998],[12.646223900000003,46.155983099999986],[12.6463124,46.156118699999986],[12.646449200000001,46.1562395],[12.646561900000002,46.156332399999975],[12.6466799,46.1563621],[12.646700900000004,46.15635439999999],[12.646873000000001,46.156291499999995],[12.6468623,46.15621349999999],[12.646765699999998,46.15603509999998],[12.646722800000001,46.155916199999986],[12.646663799999999,46.155778699999985],[12.646776400000002,46.1552399],[12.646755000000004,46.155132099999975],[12.646722800000001,46.155035500000004],[12.6467282,46.15492029999999],[12.646760300000002,46.1547308],[12.646776400000002,46.1545785],[12.6467603,46.154381499999985],[12.646765699999998,46.15419939999999],[12.646814,46.154009899999984],[12.646831400000002,46.1538395]]},"properties":{"type":"trail","highway":"path","name":"","shade_pct":98.0,"length_m":594}},{"type":"Feature","geometry":{"type":"LineString","coordinates":[[12.6370226,46.1545889],[12.6371607,46.15461559999999],[12.6371956,46.1546788],[12.637195599999998,46.1547643],[12.637187499999998,46.15484419999999],[12.6372063,46.154942599999984],[12.637187499999998,46.154992799999995],[12.6371688,46.15508199999999],[12.637155399999997,46.155182299999986]]},"properties":{"type":"trail","highway":"path","name":"","shade_pct":100.0,"length_m":75}},{"type":"Feature","geometry":{"type":"LineString","coordinates":[[12.6391043,46.154416799999986],[12.6387405,46.15450039999999],[12.638381099999998,46.154619299999986],[12.6381504,46.15474199999999],[12.6379681,46.154927799999996],[12.637732,46.15509499999999],[12.637512,46.1552508],[12.637243899999998,46.155395999999996],[12.6370293,46.155444299999985],[12.6366484,46.15541829999999],[12.636498900000003,46.15531639999998]]},"properties":{"type":"trail","highway":"path","name":"","shade_pct":100.0,"length_m":248}},{"type":"Feature","geometry":{"type":"LineString","coordinates":[[12.640757299999999,46.1542864],[12.640966799999998,46.15428490000001],[12.641162599999998,46.15425889999998],[12.641312799999998,46.154223599999995],[12.641556900000001,46.15419390000001],[12.641774,46.15416739999999],[12.642066500000002,46.15415860000001],[12.642222,46.15413629999999],[12.642509000000004,46.154162299999996],[12.6428041,46.15422169999999],[12.643011800000002,46.15426359999999],[12.6431501,46.154331299999996],[12.6433378,46.15436479999999],[12.6435095,46.154407499999984],[12.6437321,46.15442799999999],[12.643919899999998,46.154465099999996],[12.644013799999998,46.15452090000001],[12.644107599999998,46.15461],[12.644145300000002,46.15465069999999]]},"properties":{"type":"trail","highway":"path","name":"","shade_pct":67.8,"length_m":279}},{"type":"Feature","geometry":{"type":"LineString","coordinates":[[12.6500131,46.12583199999999],[12.649815600000002,46.12573879999999],[12.6494401,46.12559009999998],[12.648538799999999,46.1252703],[12.647680499999998,46.12490599999999],[12.6472514,46.12468289999999],[12.646819,46.1244144],[12.645974600000002,46.12390949999998],[12.645803,46.123768199999994],[12.6455026,46.123574899999994],[12.6451775,46.123417999999994],[12.6445874,46.12312799999998],[12.6441722,46.1227495],[12.643882499999998,46.1225636],[12.6435499,46.1222735],[12.643516700000001,46.122228299999996]]},"properties":{"type":"trail","highway":"track","name":"","shade_pct":52.4,"length_m":649}},{"type":"Feature","geometry":{"type":"LineString","coordinates":[[12.640108,46.123408],[12.640211,46.1233506],[12.640426599999998,46.123241799999995],[12.640571000000001,46.12317099999999],[12.6407894,46.123100199999996],[12.640976100000001,46.123088],[12.6414551,46.12299769999999],[12.641733299999999,46.122926899999996],[12.6419869,46.122841399999984],[12.6422018,46.1227877],[12.642444800000002,46.1227023],[12.642606800000001,46.1226681],[12.642818100000001,46.12258270000001],[12.643050600000002,46.12248749999999],[12.6432091,46.1224069],[12.6433535,46.1223117],[12.643438,46.1222653],[12.643516700000001,46.122228299999996]]},"properties":{"type":"trail","highway":"track","name":"","shade_pct":79.2,"length_m":298}},{"type":"Feature","geometry":{"type":"LineString","coordinates":[[12.645696599999999,46.15368769999999],[12.645850599999997,46.153801899999976],[12.646140299999999,46.15399139999998],[12.646220699999999,46.1540694],[12.6462529,46.1541103],[12.646285100000002,46.15422920000001],[12.646242199999998,46.154265899999984],[12.646193900000002,46.1543072],[12.646150999999998,46.15441130000001],[12.6461027,46.15449299999999],[12.646033000000001,46.154630499999996],[12.6460115,46.154742],[12.646016900000001,46.154834900000004],[12.6459954,46.15492039999999],[12.6459579,46.155046699999986],[12.6459158,46.1551693],[12.645920300000002,46.15528449999999],[12.6459471,46.15542950000001],[12.645973999999999,46.1555744],[12.6459932,46.15570439999998]]},"properties":{"type":"trail","highway":"path","name":"","shade_pct":94.1,"length_m":247}},{"type":"Feature","geometry":{"type":"LineString","coordinates":[[12.642104699999999,46.160889699999984],[12.641959999999997,46.16078719999999],[12.641870700000004,46.160667400000015],[12.641748,46.16051279999999],[12.641619599999999,46.16033889999999],[12.6417815,46.160219100000006],[12.641971200000002,46.16010700000001],[12.6420912,46.160000700000005],[12.6421804,46.1598819],[12.642226499999998,46.159776499999985],[12.6422627,46.159667299999995]]},"properties":{"type":"trail","highway":"path","name":"","shade_pct":77.8,"length_m":164}},{"type":"Feature","geometry":{"type":"LineString","coordinates":[[12.699208600000002,46.110239299999996],[12.6993188,46.11010009999998],[12.699962600000001,46.1092224],[12.7003703,46.10869799999998],[12.700938899999999,46.10797649999999],[12.7011642,46.10765289999999],[12.701282199999996,46.10745949999999],[12.701641599999999,46.106998299999994],[12.7021352,46.106221],[12.702569699999998,46.1055069],[12.7029685,46.104884099999985],[12.703267,46.104431999999996],[12.7037981,46.103729099999995],[12.7042238,46.10312849999999],[12.704265199999998,46.103064499999995],[12.7043936,46.10265039999999],[12.704551,46.1019495],[12.704508899999999,46.10187729999999],[12.704380000000002,46.10180369999999]]},"properties":{"type":"trail","highway":"track","name":"","shade_pct":29.4,"length_m":1036}},{"type":"Feature","geometry":{"type":"LineString","coordinates":[[12.712675599999999,46.0868294],[12.712696,46.086666799999996],[12.712653899999998,46.086551099999994],[12.7124121,46.0864617],[12.711697100000002,46.086272499999986],[12.711594499999999,46.086238799999975]]},"properties":{"type":"trail","highway":"track","name":"","shade_pct":59.8,"length_m":121}},{"type":"Feature","geometry":{"type":"LineString","coordinates":[[12.688294299999999,46.106018499999976],[12.687934900000004,46.10598869999999],[12.687546,46.10596079999999],[12.687234899999998,46.10594970000001],[12.6869318,46.105940399999994],[12.6865938,46.1059367],[12.686368500000002,46.10593849999999],[12.686253199999998,46.105945999999996],[12.686186100000002,46.1059553],[12.6861593,46.1060408],[12.686033199999999,46.106459199999996],[12.685942100000004,46.106689800000005],[12.685885699999998,46.1068256],[12.6858669,46.10691109999999],[12.685824,46.10695949999999],[12.6857489,46.106970600000004],[12.685569199999996,46.106950200000014],[12.685397599999998,46.106922299999994],[12.685309,46.10686460000001],[12.685242000000002,46.106806999999996],[12.685107900000002,46.1067902],[12.6849309,46.10677349999999],[12.684847700000002,46.1067809],[12.684837000000003,46.10682740000001],[12.6848021,46.10691479999999],[12.6846948,46.107221699999975],[12.6846519,46.10738529999999],[12.6846036,46.107543399999976],[12.6845527,46.10762890000001],[12.684507099999998,46.107656799999994],[12.6843864,46.10766419999999],[12.684203999999998,46.1076605],[12.683898200000002,46.1076085],[12.683538799999997,46.10756749999999],[12.6833323,46.10752109999999],[12.683318899999998,46.10748569999999],[12.683367099999998,46.107335099999986],[12.6834208,46.10709519999999],[12.6834691,46.10694089999999],[12.6835012,46.10682369999999],[12.6835656,46.10666379999998],[12.6836461,46.10651870000001],[12.683691700000004,46.10637739999999],[12.683737299999999,46.1062137],[12.683793600000001,46.10607610000001],[12.6838016,46.1060259],[12.6837587,46.1060129],[12.683404699999999,46.10600169999999],[12.683173999999998,46.10596459999999],[12.682983600000004,46.10595339999999],[12.682889699999999,46.105951499999996],[12.6828709,46.106020300000004],[12.6828656,46.10609289999999],[12.6829272,46.1061338],[12.683085500000002,46.10615979999998],[12.683168600000002,46.10616540000001]]},"properties":{"type":"trail","highway":"path","name":"","shade_pct":74.6,"length_m":839}},{"type":"Feature","geometry":{"type":"LineString","coordinates":[[12.6997694,46.108310599999996],[12.6990272,46.108096],[12.6978618,46.1078335],[12.6966119,46.1075397],[12.6956221,46.10733509999999],[12.693725800000001,46.106922299999994],[12.6916659,46.106476],[12.690732499999998,46.10623049999999],[12.6900968,46.106148700000006],[12.689614000000002,46.1061059],[12.689026599999998,46.106065],[12.688621599999998,46.106046400000004],[12.688294299999999,46.106018499999976],[12.688369500000002,46.10574699999998],[12.6885277,46.105296900000006],[12.6886779,46.10505889999999],[12.6887825,46.10487849999999],[12.6888844,46.10463860000001],[12.6889375,46.1045219],[12.6889632,46.10439819999999],[12.6889919,46.104238099999996],[12.6888764,46.10414769999998],[12.6889166,46.10396169999999],[12.6889998,46.103632499999996],[12.689005100000001,46.10354139999998],[12.689029300000001,46.103481900000006],[12.6890963,46.10346699999999],[12.689512099999998,46.10347819999998],[12.6898179,46.10350420000001],[12.6899198,46.103507900000004],[12.689938600000001,46.103485600000006],[12.689949300000002,46.10342239999999],[12.689957300000001,46.103292199999984],[12.689957700000003,46.10320359999999],[12.6900061,46.10311800000001],[12.690087999999998,46.103079199999996],[12.690137,46.10302619999998],[12.690324400000002,46.103109599999996],[12.690491100000001,46.10312669999999],[12.6910865,46.103137800000006],[12.6915264,46.1031434],[12.691872399999998,46.103167599999985],[12.692154000000002,46.103195500000005],[12.6923552,46.10326800000001],[12.6925135,46.10336099999999],[12.692781700000001,46.103385199999984],[12.6932028,46.10342610000001],[12.693699,46.1034651],[12.694045000000001,46.10350789999999],[12.6945332,46.1035823],[12.6951045,46.10369570000002],[12.695646300000002,46.10378310000001],[12.6959128,46.1038285],[12.6962256,46.1038817],[12.6966333,46.10395609999999],[12.697183199999998,46.104077],[12.6978162,46.104223899999994],[12.698481400000002,46.10435220000001],[12.698905200000002,46.1044545],[12.6992324,46.1044898],[12.699567700000001,46.1045624],[12.6998037,46.10462369999999],[12.699994099999998,46.10466649999998],[12.700200700000002,46.104705599999996],[12.700412600000002,46.1047186],[12.700758600000002,46.1047706],[12.7010643,46.10482270000001],[12.701294999999998,46.1048562],[12.701565899999999,46.1048971],[12.7018315,46.10494919999999],[12.7020246,46.104997499999996],[12.7021057,46.10502099999999]]},"properties":{"type":"trail","highway":"track","name":"","shade_pct":61.4,"length_m":2308}},{"type":"Feature","geometry":{"type":"LineString","coordinates":[[12.633468,46.15246079999998],[12.6332719,46.15242959999999],[12.633053300000002,46.15241679999998],[12.632914699999999,46.152398699999985],[12.632669900000002,46.15236239999999],[12.632448100000003,46.152296299999996],[12.6321813,46.15221359999998],[12.631780599999999,46.15209300000002],[12.6314757,46.1520055],[12.631062,46.15197529999998],[12.6307397,46.15186669999999],[12.6305785,46.1518231],[12.6304022,46.15178310000002],[12.630438700000001,46.15173119999999]]},"properties":{"type":"trail","highway":"path","name":"","shade_pct":97.2,"length_m":257}},{"type":"Feature","geometry":{"type":"LineString","coordinates":[[12.639379000000002,46.152063099999985],[12.6393451,46.1520719],[12.6392949,46.15212849999999],[12.639231499999998,46.152199799999984],[12.639171400000004,46.15224009999999],[12.6390034,46.15229589999999],[12.638846499999998,46.152289799999984],[12.6387115,46.15222689999999],[12.6386113,46.152151399999994],[12.638398099999998,46.15209329999998],[12.6382376,46.15211839999999],[12.6381266,46.15207449999999],[12.637966699999998,46.1520524],[12.6378107,46.15206519999999],[12.6376573,46.15200339999999],[12.637556199999999,46.151974399999986],[12.6374448,46.1519248],[12.637324499999998,46.151878],[12.637243399999996,46.1518365],[12.637131,46.15178199999999],[12.636994799999998,46.15171069999998],[12.6369052,46.1516973],[12.6368135,46.151702699999994],[12.636744499999999,46.151753],[12.6366921,46.151744999999984]]},"properties":{"type":"trail","highway":"path","name":"","shade_pct":100.0,"length_m":242}},{"type":"Feature","geometry":{"type":"LineString","coordinates":[[12.695136700000003,46.0875224],[12.695034700000003,46.08803279999999],[12.6949435,46.08846059999999],[12.694852299999999,46.088888499999996],[12.6947665,46.08939819999999],[12.6946964,46.08976250000002]]},"properties":{"type":"trail","highway":"track","name":"","shade_pct":80.2,"length_m":251}},{"type":"Feature","geometry":{"type":"LineString","coordinates":[[12.632723,46.14908499999998],[12.6326761,46.1491203],[12.632621100000001,46.14914169999999],[12.6325393,46.149139799999986],[12.632436000000004,46.14910909999997],[12.6322456,46.1490841],[12.6321262,46.1490711],[12.6319291,46.14905900000001],[12.6318137,46.14908030000001],[12.6317333,46.149126799999976],[12.6316685,46.149144899999996]]},"properties":{"type":"trail","highway":"path","name":"","shade_pct":100.0,"length_m":88}},{"type":"Feature","geometry":{"type":"LineString","coordinates":[[12.631085800000001,46.1456156],[12.631069399999998,46.1455998],[12.631031899999998,46.14556449999999],[12.630916499999998,46.1455023],[12.6308702,46.1454231],[12.630801200000002,46.14536759999998],[12.6307502,46.14532299999999],[12.6307073,46.1452644],[12.6306885,46.1452012],[12.630652299999998,46.14513709999999],[12.630539700000002,46.14506930000001],[12.630431100000001,46.144979199999995],[12.6302983,46.144869499999984],[12.6302004,46.144784999999985],[12.6301414,46.144706],[12.6300649,46.1446214],[12.6300395,46.144560099999985],[12.630011300000001,46.14448209999998],[12.6300059,46.144409599999996],[12.629996499999999,46.14433619999999],[12.629999200000004,46.14426279999999],[12.6300086,46.14420519999999],[12.6300032,46.14415779999998],[12.6299898,46.1441187],[12.630026,46.144056500000005],[12.6301146,46.144000699999985],[12.6302125,46.143979400000006],[12.630368,46.143937599999994],[12.630471300000002,46.14391800000001],[12.630620200000001,46.1439013],[12.630746200000003,46.14390970000001],[12.6308924,46.14394869999999],[12.631013099999999,46.143997],[12.6311418,46.14405089999999],[12.631296099999998,46.1441187],[12.631449000000002,46.14418939999999],[12.6315294,46.14422099999999],[12.6315678,46.144232900000006]]},"properties":{"type":"trail","highway":"path","name":"","shade_pct":83.9,"length_m":335}},{"type":"Feature","geometry":{"type":"LineString","coordinates":[[12.632061400000001,46.14706909999999],[12.6321396,46.147013999999984],[12.6322067,46.14691179999999],[12.632292500000002,46.1468375],[12.6323408,46.14675759999998],[12.632370299999998,46.14665159999999],[12.632429299999998,46.14657539999999],[12.632533900000002,46.14649179999999],[12.632574099999998,46.1464101],[12.632624499999999,46.14630770000001],[12.6326809,46.146193200000006],[12.6326814,46.146051400000005],[12.632682,46.14590649999998],[12.632667999999999,46.14579869999999],[12.632668000000002,46.14569829999999],[12.632639199999998,46.14559329999998],[12.632596299999998,46.14551899999999],[12.6325567,46.1454698],[12.632540599999999,46.14539820000001],[12.632540599999999,46.14537519999999],[12.632577200000004,46.145382]]},"properties":{"type":"trail","highway":"path","name":"","shade_pct":100.0,"length_m":206}},{"type":"Feature","geometry":{"type":"LineString","coordinates":[[12.686270299999999,46.0939718],[12.6868004,46.09401869999999],[12.687280499999998,46.094069000000005],[12.687570200000001,46.09410240000001],[12.687706900000002,46.0941527],[12.687816900000001,46.09421030000001],[12.6878947,46.094236400000014],[12.687975199999999,46.0942438],[12.6881468,46.094225200000004],[12.6886591,46.09402799999999],[12.688760199999999,46.09399629999998],[12.688801300000002,46.093983399999985],[12.6889729,46.0939815],[12.6891983,46.094005700000004],[12.689445,46.09402250000001],[12.689686399999996,46.0940448],[12.690155800000001,46.09405589999997],[12.690909499999998,46.09407829999999],[12.6914709,46.09408669999998]]},"properties":{"type":"trail","highway":"track","name":"","shade_pct":63.4,"length_m":415}},{"type":"Feature","geometry":{"type":"LineString","coordinates":[[12.697609200000002,46.0943981],[12.6977183,46.09441679999999],[12.697953,46.094432600000005],[12.698293599999998,46.094453999999985],[12.6985846,46.094469799999985],[12.6989213,46.09449209999998],[12.7004635,46.09458790000001],[12.7019226,46.094669799999984],[12.703810899999999,46.094781399999995],[12.705087699999998,46.0948334],[12.705806100000002,46.09485459999998]]},"properties":{"type":"trail","highway":"track","name":"","shade_pct":58.2,"length_m":636}},{"type":"Feature","geometry":{"type":"LineString","coordinates":[[12.658141099999998,46.16029529999999],[12.6582697,46.160312000000005],[12.658385,46.16033429999999],[12.658532599999997,46.160337999999996],[12.658886600000002,46.160349100000005],[12.659197700000002,46.16036210000001],[12.659387999999998,46.160357399999995]]},"properties":{"type":"trail","highway":"path","name":"","shade_pct":86.3,"length_m":97}},{"type":"Feature","geometry":{"type":"LineString","coordinates":[[12.6674026,46.09805399999998],[12.668837599999998,46.0979898],[12.6708037,46.097902399999995],[12.6725659,46.097854000000005],[12.6729199,46.0978615],[12.6731647,46.09787119999999],[12.6732052,46.09788330000001]]},"properties":{"type":"trail","highway":"path","name":"","shade_pct":70.2,"length_m":450}},{"type":"Feature","geometry":{"type":"LineString","coordinates":[[12.660172999999999,46.098711899999984],[12.661010899999999,46.09863049999999],[12.6618813,46.09854689999999],[12.6630789,46.0984185],[12.664178600000001,46.09830599999999],[12.665361500000001,46.0981823],[12.666543000000004,46.0980921],[12.6674026,46.09805399999998]]},"properties":{"type":"trail","highway":"path","name":"","shade_pct":62.2,"length_m":564}},{"type":"Feature","geometry":{"type":"LineString","coordinates":[[12.6771618,46.09780109999999],[12.6774247,46.097815],[12.677741199999998,46.097855],[12.678006699999997,46.09792469999999],[12.678393000000003,46.0980251],[12.6788141,46.098156299999985],[12.679094399999999,46.09824],[12.679271300000002,46.098298699999994],[12.679333800000002,46.09831949999999],[12.679376399999999,46.0983336],[12.6794638,46.098355700000006],[12.679693799999999,46.09840039999999],[12.679854800000001,46.09844919999999],[12.680012399999999,46.098507299999994],[12.680195399999999,46.09856169999998],[12.6803,46.09858309999999],[12.6803369,46.09858100000002]]},"properties":{"type":"trail","highway":"path","name":"","shade_pct":63.6,"length_m":262}},{"type":"Feature","geometry":{"type":"LineString","coordinates":[[12.5943637,46.15795979999999],[12.5941938,46.15796819999999],[12.594024800000001,46.15794590000001],[12.5939622,46.157941599999994],[12.593874499999998,46.157965100000006],[12.593824000000001,46.15792390000001],[12.5936677,46.15786729999998],[12.5935258,46.157784199999995],[12.5933938,46.15769220000001],[12.5932363,46.15756699999999],[12.593099999999998,46.157506799999986],[12.5930487,46.157394800000006],[12.593013,46.1572948],[12.5929873,46.15721579999999],[12.5929928,46.157130600000016],[12.592949299999999,46.15707629999999],[12.592850000000002,46.15702029999999],[12.592741500000002,46.156968100000014],[12.5926053,46.15695010000001],[12.592492400000001,46.15680979999999],[12.5924126,46.1566876],[12.5922947,46.1565857],[12.5922522,46.15652029999998]]},"properties":{"type":"trail","highway":"path","name":"","shade_pct":100.0,"length_m":254}},{"type":"Feature","geometry":{"type":"LineString","coordinates":[[12.660231700000002,46.166580399999994],[12.6602492,46.16657239999999],[12.660272000000003,46.1665652],[12.6603068,46.16656520000001],[12.660337700000001,46.1665891],[12.660344400000001,46.16662280000002],[12.6603538,46.16664110000001],[12.660369899999997,46.16668569999999],[12.660386,46.1667433],[12.660407399999999,46.16680089999998],[12.660445,46.16688450000001],[12.6604932,46.166997800000004],[12.6605469,46.167107399999985],[12.6605871,46.16717049999999],[12.6606461,46.1672077],[12.6606783,46.16721139999999],[12.660714499999997,46.16720979999999],[12.6607467,46.167194900000005],[12.6607628,46.167180099999996],[12.6607789,46.16715039999999],[12.6607883,46.1671259],[12.6607883,46.16709439999999],[12.6607883,46.167053499999994],[12.660774900000002,46.1669532],[12.660766799999998,46.16686219999998],[12.6607534,46.16677299999999],[12.66074,46.16670979999999],[12.6608035,46.166704]]},"properties":{"type":"trail","highway":"track","name":"","shade_pct":55.9,"length_m":152}},{"type":"Feature","geometry":{"type":"LineString","coordinates":[[12.6236299,46.15421349999998],[12.6234834,46.1543877],[12.6232792,46.154607599999984],[12.623218,46.154697999999996],[12.623079300000004,46.15492969999998],[12.623052000000001,46.15498139999998],[12.6229733,46.155130299999996],[12.622944700000001,46.1554043],[12.6229366,46.15550039999998],[12.6227653,46.1556501],[12.622609199999998,46.1557014],[12.622451200000002,46.1557603],[12.622337899999998,46.15584159999999],[12.622259699999999,46.15591339999999],[12.6222151,46.155965400000014],[12.6221055,46.1561094],[12.622019,46.1562803],[12.6220238,46.1564013],[12.6220489,46.15653699999999],[12.622112,46.1567209],[12.6220331,46.15681949999999],[12.621778300000003,46.156887499999996],[12.6215376,46.1569214],[12.621241,46.1569856],[12.621023799999998,46.156977899999994],[12.620689299999999,46.15692990000001],[12.6203987,46.15676959999999]]},"properties":{"type":"trail","highway":"path","name":"","shade_pct":100.0,"length_m":470}},{"type":"Feature","geometry":{"type":"LineString","coordinates":[[12.651712800000002,46.1577198],[12.6521065,46.15812759999999],[12.652816099999999,46.15838659999999],[12.652803799999997,46.1585936],[12.653506,46.15874259999999]]},"properties":{"type":"trail","highway":"path","name":"","shade_pct":100.0,"length_m":196}},{"type":"Feature","geometry":{"type":"LineString","coordinates":[[12.654830400000002,46.15447249999999],[12.6552709,46.154883999999996],[12.6557248,46.15535209999999],[12.6560332,46.155585999999985],[12.6564679,46.155933499999996],[12.6568024,46.15617309999998],[12.657041799999998,46.156280699999996],[12.6570766,46.1563729]]},"properties":{"type":"trail","highway":"path","name":"","shade_pct":55.5,"length_m":276}},{"type":"Feature","geometry":{"type":"LineString","coordinates":[[12.6248002,46.157709600000004],[12.6251062,46.157937000000004],[12.625388499999998,46.158066399999996],[12.6255004,46.158398899999995]]},"properties":{"type":"trail","highway":"path","name":"","shade_pct":100.0,"length_m":99}},{"type":"Feature","geometry":{"type":"LineString","coordinates":[[12.6262146,46.1590518],[12.626362699999998,46.15931699999999],[12.6266433,46.1596034],[12.6268387,46.159748300000004],[12.6271735,46.1598005]]},"properties":{"type":"trail","highway":"path","name":"","shade_pct":100.0,"length_m":119}},{"type":"Feature","geometry":{"type":"LineString","coordinates":[[12.629222899999998,46.1422628],[12.629015100000002,46.1420911],[12.6288412,46.141910499999994],[12.628721300000002,46.141621300000004],[12.628524299999999,46.141249999999985],[12.6282103,46.140973699999996],[12.627927,46.14085969999999]]},"properties":{"type":"trail","highway":"path","name":"","shade_pct":70.9,"length_m":191}},{"type":"Feature","geometry":{"type":"LineString","coordinates":[[12.619980700000001,46.137631199999994],[12.6203791,46.137662200000015],[12.620744999999998,46.13771849999998],[12.6212288,46.13772420000001],[12.621594700000001,46.137746699999994],[12.621899600000003,46.13774949999999],[12.6222045,46.13776359999999],[12.622395600000003,46.13771289999999],[12.6227167,46.13761149999999],[12.622944399999998,46.13754949999999],[12.6231517,46.137493199999994],[12.623371300000002,46.137383299999996],[12.623586700000002,46.137265],[12.623664,46.1371664],[12.623749400000003,46.13699450000001],[12.623826600000001,46.1368255],[12.623903799999999,46.13660300000001],[12.6239852,46.13636629999999],[12.6239689,46.13622829999998],[12.6239404,46.13614659999998],[12.6237738,46.13616069999998],[12.623436300000002,46.136281800000006],[12.623086699999996,46.13638890000001],[12.622871199999999,46.13649309999999],[12.622655699999997,46.13660009999998],[12.6224321,46.1366508],[12.622224799999998,46.136597299999984],[12.6220785,46.1365635]]},"properties":{"type":"trail","highway":"track","name":"","shade_pct":27.0,"length_m":584}},{"type":"Feature","geometry":{"type":"LineString","coordinates":[[12.6321149,46.155614699999994],[12.632211599999998,46.15571759999999],[12.632122800000001,46.155723599999995],[12.632143700000004,46.15578309999999],[12.631979100000002,46.1557599],[12.631998099999997,46.155816299999984],[12.6318284,46.155834899999995],[12.6318749,46.1559332],[12.631612900000002,46.155846199999985],[12.631409,46.15571310000001],[12.631286799999998,46.1556482],[12.631258899999999,46.155703500000016],[12.6310729,46.155616499999994],[12.631079899999998,46.15576899999998],[12.631238,46.15595309999999],[12.631003099999997,46.1558823],[12.630954299999999,46.155970299999986],[12.6308186,46.155927499999976],[12.6308782,46.1560852],[12.630960999999996,46.15620280000001],[12.6310518,46.15631499999999],[12.6310207,46.15638109999999],[12.6310579,46.156433199999995],[12.6311626,46.1565016],[12.6312671,46.1565462],[12.631336499999998,46.15658929999999],[12.6312884,46.15658899999998],[12.6312392,46.15658339999999],[12.631262099999999,46.156611499999975],[12.6312518,46.15663149999999]]},"properties":{"type":"trail","highway":"path","name":"","shade_pct":100.0,"length_m":336}},{"type":"Feature","geometry":{"type":"LineString","coordinates":[[12.6321149,46.155614699999994],[12.6320011,46.1555753],[12.631843400000001,46.15550719999999],[12.631708999999999,46.1554356],[12.6316625,46.1553765],[12.6316315,46.1552207],[12.631528,46.1551491],[12.6314479,46.1551025],[12.631404,46.15498259999998],[12.631388500000002,46.15490909999998],[12.6313212,46.154889399999995],[12.6313761,46.1548033],[12.631493099999998,46.1547324],[12.6314419,46.154651400000006],[12.631595399999998,46.1545931],[12.631767299999998,46.1545703],[12.6318221,46.15454499999999],[12.6318646,46.1545458],[12.6319542,46.1546068],[12.6320506,46.1546994],[12.632090100000001,46.154770699999986],[12.6321711,46.154842],[12.6322259,46.15489059999999],[12.6323114,46.154923999999994],[12.632409999999997,46.1549361],[12.632462599999998,46.1549194],[12.632539299999998,46.15491489999999],[12.6325656,46.1549574],[12.632585299999999,46.154998400000004],[12.632624700000001,46.15503629999999],[12.632670699999998,46.15506519999998],[12.6327299,46.1550667],[12.632817499999998,46.155072800000006],[12.632819699999999,46.1551456],[12.6329118,46.15521849999999],[12.633036400000002,46.15528079999999],[12.633086000000002,46.15536449999999],[12.6331913,46.155433200000004],[12.633290499999998,46.15541599999999],[12.633417500000002,46.1554138],[12.633436100000003,46.155448199999995],[12.6334268,46.15549540000001],[12.6333927,46.155555499999984],[12.6334206,46.1556564],[12.633482600000002,46.155718700000016],[12.6335353,46.15574869999999],[12.6336344,46.15578309999998],[12.633850399999998,46.155842100000015],[12.634095800000003,46.15588459999999],[12.6342579,46.1558921],[12.634356499999999,46.1559058],[12.6345296,46.155925500000016],[12.634674199999997,46.15597999999999]]},"properties":{"type":"trail","highway":"path","name":"","shade_pct":92.2,"length_m":486}},{"type":"Feature","geometry":{"type":"LineString","coordinates":[[12.6331266,46.14344589999999],[12.6328678,46.1430799],[12.6326358,46.1427445],[12.6323622,46.1423812],[12.6321423,46.142151600000005],[12.631904899999999,46.141913800000005],[12.631372499999998,46.1414185],[12.6310641,46.14111930000001],[12.630822700000001,46.14093339999999],[12.630651,46.1407327],[12.630592,46.14062859999999],[12.6305464,46.14053390000001],[12.630535700000003,46.14041679999998],[12.630547699999997,46.14018909999998],[12.6305437,46.1399782],[12.6305464,46.139790500000004],[12.630524899999998,46.1393649],[12.630519599999998,46.13901729999999],[12.630557099999999,46.13867719999999],[12.630532999999998,46.13841699999999],[12.630562500000002,46.138236699999986],[12.630582599999999,46.138055499999986],[12.6306228,46.13795519999999],[12.630669799999998,46.137899399999995],[12.630598399999998,46.13779480000001]]},"properties":{"type":"trail","highway":"path","name":"","shade_pct":30.9,"length_m":690}},{"type":"Feature","geometry":{"type":"LineString","coordinates":[[12.6753519,46.143314100000005],[12.675417099999999,46.1433447],[12.675498899999997,46.14336889999999],[12.675603499999998,46.14339400000001],[12.6757,46.1434135],[12.6757993,46.14342369999998],[12.675917299999998,46.14342929999999],[12.6759803,46.14340879999999],[12.676034000000001,46.14338380000001],[12.6760621,46.1433754],[12.6761493,46.143373499999996],[12.676298199999998,46.14338279999998],[12.6764086,46.14337379999999]]},"properties":{"type":"trail","highway":"path","name":"","shade_pct":72.8,"length_m":86}},{"type":"Feature","geometry":{"type":"LineString","coordinates":[[12.667482799999998,46.15650589999999],[12.667415999999998,46.15638630000001],[12.667445499999998,46.15627109999999],[12.6674616,46.15609639999999],[12.667418699999999,46.155981200000014],[12.6674134,46.155880899999985],[12.667525999999999,46.155728599999996],[12.667630600000003,46.15565050000001],[12.6676923,46.155581799999986],[12.6677245,46.155477700000006],[12.667759399999998,46.15531979999999],[12.6678157,46.1552325],[12.667965899999999,46.1551191],[12.668078499999998,46.1550411],[12.668137499999998,46.15498539999999],[12.668142899999998,46.15491479999999],[12.6681563,46.15483859999999],[12.6682582,46.154730799999996],[12.6682851,46.154597],[12.668335999999998,46.1544224],[12.6684782,46.154318299999986],[12.6685882,46.1542589],[12.668647199999999,46.1542161],[12.6686257,46.154188299999994],[12.6685452,46.15413809999998],[12.6685238,46.15411769999999],[12.668537200000001,46.1540972],[12.668580100000003,46.154078699999985],[12.6687035,46.1540508],[12.668797400000003,46.154015500000014],[12.668842999999999,46.15398759999999],[12.668824199999996,46.153943],[12.6687464,46.15387059999999],[12.6687062,46.15381479999999],[12.668703500000001,46.153753499999986],[12.6687732,46.153708899999984],[12.6689208,46.15364759999998],[12.669052200000001,46.1535417],[12.669162199999999,46.15342460000001],[12.669269399999996,46.153383799999986],[12.6693687,46.1533336],[12.669443799999998,46.1532425],[12.669551099999998,46.15314029999998],[12.6696208,46.15304929999999],[12.669661,46.152921099999986],[12.669682500000004,46.1528561],[12.6696691,46.152755700000014],[12.669636900000002,46.15268699999998],[12.669663700000001,46.1525774],[12.6697308,46.152501199999996],[12.6698193,46.1524046],[12.6698863,46.15234319999998],[12.6699085,46.1523219],[12.6699098,46.1522889],[12.669905800000002,46.1522568],[12.6698964,46.15223730000001],[12.6699051,46.15222569999998],[12.669934000000003,46.15222569999999],[12.6699628,46.15225819999999],[12.670015799999998,46.1523019],[12.670087500000003,46.152350699999985],[12.670139700000002,46.1523824]]},"properties":{"type":"trail","highway":"path","name":"","shade_pct":20.4,"length_m":593}},{"type":"Feature","geometry":{"type":"LineString","coordinates":[[12.607485200000001,46.179523899999985],[12.6075062,46.179625299999984],[12.6075418,46.179756999999995],[12.6075715,46.179866699999984],[12.607582,46.1799627],[12.607541799999996,46.18013439999999],[12.607411299999999,46.1803428],[12.6072239,46.180566899999995],[12.6071564,46.180681799999995],[12.607110300000002,46.18079879999997],[12.607059200000002,46.1810111],[12.607031100000002,46.18113609999999],[12.607008299999999,46.181286799999995]]},"properties":{"type":"trail","highway":"track","name":"Vecchia strada della Valcellina","shade_pct":26.3,"length_m":205}},{"type":"Feature","geometry":{"type":"LineString","coordinates":[[12.6252159,46.1663332],[12.6247573,46.16703369999998]]},"properties":{"type":"trail","highway":"track","name":"Vecchia strada della Valcellina","shade_pct":32.9,"length_m":86}},{"type":"Feature","geometry":{"type":"LineString","coordinates":[[12.615410400000002,46.17719449999999],[12.615314599999998,46.17726069999999],[12.614426599999998,46.17784339999999]]},"properties":{"type":"trail","highway":"track","name":"Vecchia strada della Valcellina","shade_pct":35.7,"length_m":105}},{"type":"Feature","geometry":{"type":"LineString","coordinates":[[12.690137,46.10302619999998],[12.690107499999998,46.1029686],[12.6899882,46.1028217],[12.6898031,46.102692399999995],[12.6893431,46.102379],[12.689047999999998,46.1021707],[12.688753000000002,46.10192709999999],[12.688466,46.1017151],[12.6881763,46.1014863],[12.687993899999999,46.1013766],[12.687774,46.1012316],[12.687639900000002,46.1011069],[12.687551400000002,46.1009954],[12.6874951,46.1008763],[12.687379699999997,46.100684799999996],[12.6872895,46.1005881],[12.687202700000002,46.100495099999996],[12.686883500000002,46.10032019999998],[12.6867172,46.1003035],[12.686357799999998,46.10024399999999],[12.6859555,46.1001715],[12.685679199999997,46.10013239999998],[12.6853305,46.100097099999985],[12.6852125,46.10008030000001],[12.6850703,46.100030099999984],[12.6849738,46.09997429999999],[12.684890600000003,46.09987569999999],[12.684861100000001,46.099740000000004],[12.6848584,46.099650700000005],[12.6848397,46.099559599999985],[12.6848075,46.09949449999999],[12.6847377,46.09945169999999],[12.6846251,46.0993996],[12.6844018,46.099360600000004],[12.684189000000002,46.099341199999984]]},"properties":{"type":"trail","highway":"track","name":"","shade_pct":49.7,"length_m":659}},{"type":"Feature","geometry":{"type":"LineString","coordinates":[[12.7050052,46.10223589999999],[12.705007200000002,46.102149399999995],[12.705001799999998,46.1020499],[12.7049884,46.10200709999998],[12.7049455,46.1019541],[12.704891899999998,46.101915],[12.704948199999999,46.10184249999999],[12.704991100000003,46.1017542],[12.705015200000002,46.10166669999999],[12.705030300000002,46.10159999999999],[12.7050233,46.1015942],[12.7049844,46.1016946],[12.7049308,46.1018006],[12.7048583,46.1018722],[12.7048208,46.1019057],[12.704810700000001,46.101898299999995],[12.7048543,46.10183039999998],[12.704902599999999,46.1017532],[12.7049348,46.1016909],[12.7049227,46.10164540000001],[12.704831500000001,46.101600699999985],[12.704783200000001,46.1015793],[12.70458,46.1015252]]},"properties":{"type":"trail","highway":"path","name":"","shade_pct":35.9,"length_m":176}},{"type":"Feature","geometry":{"type":"LineString","coordinates":[[12.6217924,46.1645752],[12.621869499999997,46.164694],[12.6218951,46.1648592],[12.621844000000001,46.16502429999999],[12.621690700000004,46.1651187],[12.6214863,46.16518949999998],[12.621452299999998,46.16529559999999],[12.6215544,46.1654136],[12.6216396,46.16551969999999],[12.6216396,46.1656377],[12.621631099999998,46.16572609999999],[12.6215289,46.165844099999994],[12.6214267,46.165903099999994],[12.621341600000001,46.16596789999999],[12.6212819,46.166209699999996],[12.621205300000002,46.166427999999996]]},"properties":{"type":"trail","highway":"path","name":"","shade_pct":100.0,"length_m":237}},{"type":"Feature","geometry":{"type":"LineString","coordinates":[[12.621205300000002,46.166427999999996],[12.621036899999998,46.1671519],[12.6209896,46.167367199999994],[12.6210166,46.16761529999999],[12.620895000000003,46.16769950000001],[12.620604400000001,46.1676761],[12.620432399999999,46.16773729999999],[12.6201312,46.16784460000001],[12.619931,46.168099999999995],[12.619795899999998,46.168455799999975],[12.619728300000002,46.16868039999999],[12.6194647,46.16881620000001],[12.619309200000002,46.169050199999994],[12.6191808,46.169167200000004],[12.619160599999999,46.16950889999998],[12.6189781,46.1696072],[12.618714500000001,46.1699676],[12.6184255,46.1701698],[12.617974900000002,46.17021809999999],[12.6179159,46.17047069999999],[12.6176853,46.17052269999999],[12.617524299999998,46.17063040000001],[12.6175994,46.17094620000001],[12.617797899999998,46.171135699999994],[12.617610200000001,46.1714849],[12.6177979,46.17169290000001],[12.6176638,46.17196779999998],[12.6176423,46.17214979999999],[12.617610200000001,46.172394999999995],[12.617497500000002,46.172406099999996],[12.617417,46.172461899999995],[12.617245399999998,46.1726216],[12.6173419,46.17272189999998],[12.617393799999999,46.17279629999999]]},"properties":{"type":"trail","highway":"path","name":"","shade_pct":98.9,"length_m":884}},{"type":"Feature","geometry":{"type":"LineString","coordinates":[[12.6315035,46.1441641],[12.631578999999999,46.14414479999999],[12.6316702,46.144171699999994],[12.6317534,46.14420789999999],[12.631883500000002,46.144232999999986],[12.631998799999998,46.144215399999986],[12.632140999999999,46.14418560000001],[12.632244199999999,46.1441513],[12.632315299999998,46.144123399999984],[12.6323824,46.1441113],[12.6323998,46.144120600000015],[12.632482900000001,46.14429249999998],[12.632579499999999,46.1444179],[12.632769900000001,46.144546199999986],[12.632979199999998,46.14472089999999],[12.633185699999999,46.14487789999999],[12.6333117,46.1449346],[12.6334365,46.14496990000001],[12.6335319,46.1449939]]},"properties":{"type":"trail","highway":"path","name":"","shade_pct":100.0,"length_m":210}},{"type":"Feature","geometry":{"type":"LineString","coordinates":[[12.646196899999998,46.16156479999999],[12.6461855,46.16153220000001],[12.646203100000001,46.1614968],[12.646314100000001,46.1614773],[12.646377500000002,46.161477299999994],[12.646416300000004,46.1614761],[12.6464427,46.1614541],[12.646407499999999,46.16137479999999],[12.6463123,46.1612747],[12.646211900000004,46.16118199999999],[12.6461819,46.16116119999999],[12.6461731,46.1611075],[12.6461097,46.16098309999999],[12.6461167,46.1609233],[12.646109700000002,46.160828099999996],[12.646111500000002,46.16073779999999],[12.646127300000002,46.160653599999996],[12.646115,46.16059859999999],[12.6460762,46.16055109999999],[12.646025999999999,46.16052119999998],[12.6460331,46.1605059],[12.646068299999998,46.160490599999996],[12.646103499999999,46.160493699999996],[12.646121999999998,46.1604913],[12.646114099999998,46.160473],[12.6460771,46.1604034],[12.646024199999998,46.1603381],[12.645991700000002,46.16029479999999],[12.645981099999998,46.160266699999994],[12.6460013,46.160245999999994],[12.646074500000001,46.16024049999999],[12.646125600000003,46.160245999999994],[12.646264699999998,46.160274],[12.646314099999998,46.16028200000001],[12.646344000000001,46.1602875],[12.646366000000002,46.16028319999999],[12.646373999999998,46.160271],[12.646368699999998,46.1602435],[12.6463475,46.160203299999985],[12.6463317,46.160160499999996],[12.6463264,46.1601349],[12.646318499999996,46.16010199999999],[12.646310500000004,46.16007510000001],[12.646294699999999,46.1600605],[12.6462753,46.160026899999984],[12.6462612,46.1599683],[12.646241000000002,46.15992319999999],[12.6461881,46.1598518],[12.6461749,46.15982309999999],[12.6461573,46.159771899999996],[12.646153700000001,46.1597517],[12.6461176,46.159729799999994],[12.6460965,46.15970659999999],[12.6460842,46.15969319999999],[12.646079699999998,46.159681],[12.6460639,46.159672399999984],[12.6460454,46.15966629999999],[12.646019,46.15964129999999],[12.6459793,46.1596077],[12.645963499999999,46.159574200000016],[12.645953800000001,46.159557099999994],[12.645971400000002,46.15953209999999],[12.645993399999998,46.159510099999984],[12.646022499999999,46.159496699999984],[12.646048900000002,46.15948999999999],[12.646050700000002,46.159481399999976],[12.6460269,46.15947169999998],[12.645985500000002,46.15946370000001],[12.6458683,46.15943750000001],[12.645783799999998,46.15936979999999],[12.6457573,46.15933679999998],[12.6457732,46.1592831],[12.645811,46.159245100000014]]},"properties":{"type":"trail","highway":"path","name":"","shade_pct":81.9,"length_m":351}},{"type":"Feature","geometry":{"type":"LineString","coordinates":[[12.6671937,46.157850999999994],[12.667147799999997,46.157865199999996],[12.667025799999998,46.157892999999994],[12.666907800000002,46.1579618],[12.6668581,46.158012899999996],[12.6667723,46.1580463],[12.6666851,46.158086299999994],[12.666654299999998,46.158115099999996],[12.666668999999997,46.15814939999999],[12.666709300000003,46.158174499999994],[12.6667991,46.1582033],[12.666879600000001,46.15822369999999],[12.6669842,46.1582628],[12.6670445,46.15828319999999],[12.667108899999999,46.15832309999999],[12.667130399999998,46.15837049999998],[12.6671223,46.15840399999999],[12.6670754,46.158433699999996],[12.6670445,46.1584551],[12.666952000000002,46.15844669999999],[12.6668581,46.15843089999998],[12.666762899999998,46.15841050000001],[12.666701199999999,46.1583993],[12.666638199999998,46.1583789],[12.666575200000002,46.15835839999999],[12.666541600000004,46.1583362],[12.666479899999999,46.158300899999986],[12.6664156,46.15826179999999],[12.666340499999999,46.1582256],[12.666281499999998,46.15821349999998],[12.6662318,46.1582117],[12.6661608,46.158234],[12.666116499999998,46.158270199999976],[12.666068200000002,46.15830179999999],[12.6660267,46.15833889999999],[12.665978399999998,46.1583798],[12.6659006,46.15842069999998],[12.6658577,46.15846619999998],[12.6658268,46.15851169999999],[12.665837600000001,46.158573],[12.665862999999998,46.1586018],[12.665901899999998,46.158613900000006],[12.665969000000002,46.158612],[12.6660267,46.15858230000001],[12.666060200000002,46.1585461],[12.6660897,46.1584978],[12.666113799999998,46.158478300000006],[12.666094999999999,46.15843370000002],[12.666085700000002,46.15839840000001],[12.66615,46.15838539999999],[12.666229200000002,46.15838629999999],[12.666298900000001,46.15838820000001],[12.6663566,46.158398399999996],[12.6664115,46.15843739999999],[12.666442399999998,46.158479199999995],[12.6664478,46.158511700000005],[12.666446400000002,46.1585526],[12.6664035,46.1585749],[12.666348500000002,46.15858980000001],[12.6663391,46.158612],[12.6663566,46.158638099999976],[12.666380699999998,46.158691],[12.6663458,46.158795],[12.666301600000002,46.1588554],[12.666266699999998,46.158924199999994],[12.666235900000002,46.158992],[12.666218400000002,46.15904029999999],[12.666210399999999,46.15910810000001],[12.6661983,46.1591991],[12.666186200000002,46.159254899999986],[12.666151399999999,46.1593496],[12.666128600000002,46.15941189999999],[12.666113800000002,46.1594583],[12.666107100000001,46.159490799999986],[12.6661111,46.1595503],[12.666120499999998,46.15960229999999],[12.6661138,46.15968589999999],[12.666116499999998,46.15975649999999],[12.666144700000002,46.1598159],[12.666139300000001,46.1599293],[12.666118,46.159985999999996]]},"properties":{"type":"trail","highway":"path","name":"","shade_pct":45.9,"length_m":486}},{"type":"Feature","geometry":{"type":"LineString","coordinates":[[12.673126899999998,46.15312059999999],[12.673070100000002,46.153136599999996],[12.672993700000001,46.15313660000002],[12.6729052,46.1531246],[12.6728059,46.15308179999999],[12.6727389,46.153044699999995],[12.6726758,46.15301769999998],[12.6725538,46.1529843],[12.672434400000004,46.1529601],[12.672308399999999,46.15293219999999],[12.672222599999998,46.15289600000001],[12.672116600000003,46.152852300000006],[12.672013300000001,46.15281980000002],[12.671902,46.15278270000002],[12.671793399999999,46.152764999999995],[12.671699500000003,46.15274269999999],[12.6715855,46.1527028],[12.671510400000003,46.15267490000001],[12.671432599999997,46.1526433],[12.671354899999999,46.15260989999999],[12.6712891,46.1525969],[12.671150999999998,46.15253179999999],[12.6710974,46.15251790000001],[12.6709928,46.15249929999998],[12.670928399999998,46.1525263],[12.670850599999996,46.1525606],[12.6708359,46.15260339999999],[12.6708466,46.15267490000001],[12.670811700000002,46.1527344],[12.6707688,46.15278080000001],[12.6707058,46.1528254],[12.670625299999998,46.15287369999998],[12.670575700000002,46.15295359999998],[12.670503300000002,46.153023299999994],[12.6704389,46.1530939],[12.670412099999998,46.15314130000001],[12.670355700000002,46.15319419999999],[12.670322199999998,46.15322949999999],[12.6702552,46.153249999999986],[12.6701881,46.1532676],[12.6701023,46.1532806],[12.670070099999998,46.15329359999999],[12.670072799999998,46.153319599999996],[12.670091499999998,46.153359599999995],[12.6701224,46.15340509999997],[12.670192,46.15346539999999]]},"properties":{"type":"trail","highway":"path","name":"","shade_pct":27.2,"length_m":325}},{"type":"Feature","geometry":{"type":"LineString","coordinates":[[12.688968,46.11303029999999],[12.689092799999997,46.11296229999999],[12.689578,46.111888900000004],[12.6895056,46.1117653],[12.688961700000002,46.1116809],[12.6889426,46.11152440000001],[12.6889755,46.110605099999994],[12.6888812,46.1105147],[12.6889692,46.11023529999999],[12.690732499999998,46.10623049999999]]},"properties":{"type":"trail","highway":"track","name":"","shade_pct":63.4,"length_m":825}},{"type":"Feature","geometry":{"type":"LineString","coordinates":[[12.685687400000003,46.099031899999986],[12.685976200000002,46.0984197],[12.6860226,46.09834],[12.686172299999999,46.0982697],[12.6863037,46.09825609999999],[12.6866455,46.0982882],[12.692460699999998,46.09881389999999],[12.693791600000003,46.098889399999976],[12.6942774,46.098852]]},"properties":{"type":"trail","highway":"path","name":"","shade_pct":53.5,"length_m":727}},{"type":"Feature","geometry":{"type":"LineString","coordinates":[[12.6956504,46.0987883],[12.7019923,46.0983617],[12.702197499999999,46.0982357],[12.7027454,46.09789919999999],[12.703297799999996,46.09728700000001],[12.7033778,46.09697250000001]]},"properties":{"type":"trail","highway":"track","name":"","shade_pct":54.3,"length_m":686}},{"type":"Feature","geometry":{"type":"LineString","coordinates":[[12.696906699999998,46.0990959],[12.6968849,46.099524599999995],[12.6969876,46.0995705],[12.697640400000001,46.099647300000015]]},"properties":{"type":"trail","highway":"track","name":"","shade_pct":30.4,"length_m":108}},{"type":"Feature","geometry":{"type":"LineString","coordinates":[[12.706712799999998,46.0990335],[12.7067604,46.0989096],[12.706822000000004,46.098797999999995],[12.706917300000002,46.09872089999999],[12.7070781,46.0986507],[12.7072588,46.0985667],[12.707499100000001,46.0984483],[12.707737399999997,46.09834229999999],[12.7079756,46.0982872],[12.708259599999998,46.09824179999998],[12.7083927,46.0982227],[12.708724100000001,46.0981935],[12.708881299999998,46.098193499999994],[12.709047399999998,46.0981895]]},"properties":{"type":"trail","highway":"path","name":"","shade_pct":52.5,"length_m":218}},{"type":"Feature","geometry":{"type":"LineString","coordinates":[[12.702197499999999,46.0982357],[12.702451599999998,46.09842390000001],[12.7040234,46.09826950000001]]},"properties":{"type":"trail","highway":"track","name":"","shade_pct":21.3,"length_m":151}},{"type":"Feature","geometry":{"type":"LineString","coordinates":[[12.6288666,46.130358799999996],[12.6288712,46.13039049999998],[12.628776400000001,46.13050669999999],[12.628654499999998,46.13057700000001],[12.6284559,46.1305453],[12.628214400000001,46.13055159999998],[12.6280181,46.13059689999999],[12.627846500000002,46.13065009999999]]},"properties":{"type":"trail","highway":"path","name":"","shade_pct":100.0,"length_m":96}},{"type":"Feature","geometry":{"type":"LineString","coordinates":[[12.632329600000002,46.130890799999996],[12.632248899999999,46.1308371],[12.6322676,46.1307479],[12.6322274,46.13064200000001],[12.6321738,46.13051],[12.632146899999999,46.13039469999999],[12.632154999999997,46.1303241],[12.632160399999998,46.1302628],[12.632157699999999,46.13015490000001],[12.632168399999998,46.130073199999984],[12.632171099999999,46.1299821],[12.6321362,46.129883499999984],[12.632087900000002,46.129783200000006],[12.6320343,46.12969020000001],[12.6320048,46.1296568]]},"properties":{"type":"trail","highway":"path","name":"","shade_pct":100.0,"length_m":144}},{"type":"Feature","geometry":{"type":"LineString","coordinates":[[12.6335117,46.1318536],[12.633356600000003,46.131863200000005],[12.633230600000001,46.13189479999999],[12.633099099999999,46.1319078],[12.6329838,46.131915199999995],[12.632900599999997,46.131924500000004],[12.6328095,46.1319264],[12.632696800000002,46.13189849999999],[12.632669999999997,46.13183899999999],[12.6326619,46.1317721],[12.6326566,46.131708900000014],[12.6326432,46.131603000000005],[12.6326271,46.13151189999999],[12.6326271,46.131443100000006],[12.632619,46.13138179999999],[12.632613700000002,46.131331599999996],[12.632602899999998,46.131262799999995],[12.6325466,46.13116239999999],[12.632509,46.1310527],[12.6324661,46.1309803],[12.632401800000002,46.13093010000001]]},"properties":{"type":"trail","highway":"path","name":"","shade_pct":48.4,"length_m":176}},{"type":"Feature","geometry":{"type":"LineString","coordinates":[[12.6258439,46.131477000000004],[12.6259835,46.1314892],[12.626150399999997,46.131459099999994],[12.626305800000003,46.131409999999995],[12.6264864,46.13136250000001],[12.626694400000003,46.1313181],[12.6268932,46.1312263],[12.6269961,46.13114230000001],[12.6270486,46.13107419999998],[12.6270989,46.130987100000006],[12.6271256,46.1309351]]},"properties":{"type":"trail","highway":"path","name":"","shade_pct":100.0,"length_m":125}},{"type":"Feature","geometry":{"type":"LineString","coordinates":[[12.6243515,46.1230345],[12.624280700000002,46.122972100000005],[12.624192199999998,46.1228848],[12.6240957,46.1227565],[12.6240635,46.122665399999995],[12.624044700000002,46.1225408],[12.6240635,46.1224218],[12.624117099999998,46.12232519999999],[12.62416,46.1222657],[12.6242244,46.12221179999998],[12.624302200000002,46.122157800000004]]},"properties":{"type":"trail","highway":"path","name":"","shade_pct":98.7,"length_m":110}},{"type":"Feature","geometry":{"type":"LineString","coordinates":[[12.6558182,46.1630249],[12.655725299999999,46.162892199999995],[12.6556392,46.1628106],[12.655555399999999,46.1627338],[12.6554988,46.1626851],[12.655446699999997,46.16260669999997],[12.6553991,46.16252510000001],[12.6553402,46.1624749],[12.6552655,46.1624122],[12.655184,46.16237609999999],[12.655113700000001,46.1623431],[12.6550548,46.16233999999998],[12.655023100000001,46.16239179999999],[12.654984599999999,46.16246709999999],[12.6548872,46.162525099999996],[12.6547603,46.1625556]]},"properties":{"type":"trail","highway":"path","name":"","shade_pct":100.0,"length_m":135}},{"type":"Feature","geometry":{"type":"LineString","coordinates":[[12.6504582,46.1632266],[12.650413,46.16313720000001],[12.650290499999999,46.1630586],[12.650166099999998,46.163015499999986],[12.6500803,46.1629858],[12.6500192,46.1629546],[12.649957099999998,46.162924200000006],[12.649847699999999,46.162864799999994],[12.6498224,46.162818500000014],[12.649749600000002,46.16276599999998],[12.6496465,46.16269879999999],[12.649585900000002,46.1626295],[12.649482799999998,46.16254130000001],[12.649355400000001,46.162465700000006],[12.649237200000002,46.1623817],[12.649137100000003,46.162287199999994],[12.6490583,46.1622305],[12.6490233,46.162182699999995]]},"properties":{"type":"trail","highway":"path","name":"","shade_pct":100.0,"length_m":164}},{"type":"Feature","geometry":{"type":"LineString","coordinates":[[12.655402399999998,46.160343999999995],[12.6553949,46.160308300000004],[12.655366100000002,46.1602746],[12.655352399999998,46.16024629999998],[12.6553206,46.160198],[12.655299399999999,46.16016230000001],[12.6552721,46.1601329],[12.655246300000002,46.160100299999996],[12.6551978,46.1600468],[12.655122,46.159962799999995],[12.655082600000004,46.15991549999999],[12.655038599999997,46.15985779999999],[12.654967300000001,46.159803200000006],[12.6549446,46.1597727],[12.654893,46.15972230000001],[12.654862699999999,46.15967919999999],[12.6548255,46.1596467],[12.654781400000001,46.1596159],[12.654736599999998,46.15956709999999],[12.654746499999996,46.159494999999986],[12.654830499999997,46.1595066],[12.654885099999998,46.15950320000001],[12.654991399999998,46.15953269999999],[12.6550624,46.15956229999999],[12.655146,46.1595796],[12.6553057,46.15963129999999],[12.655361199999998,46.15964899999999],[12.655463000000001,46.15968339999999],[12.655529000000003,46.1597168],[12.6555693,46.15973850000001],[12.655627000000003,46.1597621],[12.655683900000001,46.1597953],[12.6557468,46.159841799999995],[12.655807299999998,46.159891099999996],[12.655874000000003,46.15992520000002],[12.655948799999999,46.1599732],[12.656003899999998,46.160008999999995],[12.6560492,46.16004799999999],[12.656074799999999,46.1600732],[12.656174099999998,46.1602274],[12.6561832,46.1602652],[12.656199900000003,46.160304100000005],[12.6562166,46.1603471],[12.6562196,46.1604164],[12.6562408,46.1604521],[12.6562454,46.16050989999998],[12.656230200000001,46.16054349999999],[12.6562393,46.1605781],[12.6562363,46.1605981],[12.6562439,46.160639],[12.656245399999998,46.1606768],[12.6562641,46.16070059999999]]},"properties":{"type":"trail","highway":"path","name":"","shade_pct":100.0,"length_m":307}},{"type":"Feature","geometry":{"type":"LineString","coordinates":[[12.6145045,46.15196309999999],[12.614435300000002,46.15197269999999],[12.6143818,46.151990000000005],[12.614315199999998,46.152090899999976],[12.6142535,46.15219760000001],[12.6141678,46.152276699999994],[12.6141066,46.15251689999999],[12.6140536,46.152596],[12.6139435,46.1525367],[12.613776300000001,46.1524123],[12.61345,46.152228699999995],[12.6133317,46.15208460000001],[12.6131563,46.15193489999999],[12.612903499999998,46.1518812],[12.612756,46.1517948],[12.612560500000003,46.15168389999998],[12.612400400000002,46.15158769999999],[12.6122026,46.15150810000001],[12.611947999999996,46.15140879999999],[12.6118092,46.1513296],[12.6117589,46.15128889999998],[12.611691299999999,46.15117019999999],[12.611627499999999,46.15110809999999],[12.6116012,46.15104409999999],[12.611619100000004,46.15092229999999],[12.6117068,46.150806699999976],[12.611779500000003,46.15068360000001]]},"properties":{"type":"trail","highway":"path","name":"","shade_pct":100.0,"length_m":389}},{"type":"Feature","geometry":{"type":"LineString","coordinates":[[12.5854073,46.146170099999985],[12.5852251,46.14613880000001],[12.584774499999998,46.1456853],[12.5848925,46.1454475],[12.5849569,46.14509069999999],[12.584828099999998,46.144644699999986],[12.584688699999997,46.144444],[12.584753000000001,46.14386420000001],[12.584667199999998,46.14349250000001],[12.5844848,46.14323229999998],[12.5843882,46.142994400000006],[12.584342099999999,46.142784299999995]]},"properties":{"type":"trail","highway":"path","name":"","shade_pct":40.7,"length_m":409}},{"type":"Feature","geometry":{"type":"LineString","coordinates":[[12.598100800000001,46.157007699999994],[12.5980514,46.15690089999998],[12.597917300000002,46.15681549999999],[12.597906599999998,46.15670029999999],[12.597692,46.15655159999999],[12.5976062,46.156391799999994],[12.597509599999999,46.156191199999995],[12.5975257,46.1559905],[12.5974774,46.15583069999999],[12.597289700000001,46.15574529999999],[12.597214600000003,46.155604100000005],[12.597193100000004,46.155221299999994],[12.597225300000002,46.15505779999998],[12.5973916,46.154875699999984],[12.5975847,46.154716],[12.5977081,46.154556199999995],[12.5977457,46.15427749999999],[12.597750999999999,46.15406939999999],[12.597767100000002,46.153905900000005],[12.597895900000001,46.1538836],[12.5979549,46.15373489999998],[12.598013900000003,46.15361600000002],[12.598046100000001,46.15350449999999]]},"properties":{"type":"trail","highway":"path","name":"","shade_pct":71.5,"length_m":435}},{"type":"Feature","geometry":{"type":"LineString","coordinates":[[12.599400500000003,46.15013830000001],[12.5994408,46.15026029999999],[12.599483699999999,46.15038289999999],[12.5995696,46.1505167],[12.599708999999999,46.15062449999999],[12.599837800000001,46.150661599999985],[12.5999987,46.1506877],[12.600052300000002,46.150736499999994]]},"properties":{"type":"trail","highway":"path","name":"","shade_pct":96.5,"length_m":91}},{"type":"Feature","geometry":{"type":"LineString","coordinates":[[12.704265199999998,46.103064499999995],[12.7043667,46.103102],[12.7044492,46.103132399999986],[12.7045619,46.1032031],[12.704760400000001,46.103255100000005],[12.705114400000001,46.103296099999994],[12.7055329,46.103340700000004],[12.7058416,46.103341799999974],[12.706045400000002,46.10334179999999],[12.7061927,46.10332949999999]]},"properties":{"type":"trail","highway":"track","name":"","shade_pct":62.3,"length_m":156}},{"type":"Feature","geometry":{"type":"LineString","coordinates":[[12.656910900000002,46.0990891],[12.660172999999999,46.098711899999984]]},"properties":{"type":"trail","highway":"path","name":"","shade_pct":100.0,"length_m":256}},{"type":"Feature","geometry":{"type":"LineString","coordinates":[[12.6470313,46.1007397],[12.647087699999998,46.100749499999985],[12.6471616,46.100771400000006],[12.6472074,46.10083010000001],[12.6472497,46.1009497],[12.6473307,46.101235499999994],[12.647425800000002,46.10148939999999],[12.6474857,46.101694599999995],[12.6475561,46.10182769999999],[12.6476407,46.1019083],[12.647719300000004,46.10195509999999]]},"properties":{"type":"trail","highway":"track","name":"","shade_pct":41.5,"length_m":151}},{"type":"Feature","geometry":{"type":"LineString","coordinates":[[12.6720232,46.09351459999999],[12.6720944,46.09348109999999],[12.6721075,46.093406],[12.672093399999998,46.09332549999998],[12.6720681,46.092961899999985],[12.67204,46.0928087],[12.672001399999997,46.0926336],[12.671942600000001,46.09253139999999],[12.6717216,46.0922869],[12.6715725,46.092132499999984],[12.6714814,46.0920936],[12.6714182,46.0921033]]},"properties":{"type":"trail","highway":"track","name":"","shade_pct":32.0,"length_m":180}},{"type":"Feature","geometry":{"type":"LineString","coordinates":[[12.687749599999998,46.1206964],[12.6877066,46.1211277],[12.6874921,46.121157399999994],[12.6845949,46.120424299999996],[12.6823581,46.11987449999999],[12.682172399999999,46.1198682]]},"properties":{"type":"trail","highway":"track","name":"","shade_pct":84.8,"length_m":501}},{"type":"Feature","geometry":{"type":"LineString","coordinates":[[12.692644200000002,46.1241856],[12.6925034,46.124105199999995],[12.692315000000002,46.12398480000001],[12.6921373,46.1238733],[12.691922,46.12373809999998],[12.6917725,46.12363529999998],[12.6916223,46.1235261],[12.691498200000002,46.123399199999994],[12.6913762,46.12330259999998],[12.691255499999999,46.12320679999999],[12.691057000000002,46.12311950000002],[12.690857199999998,46.1230274],[12.6906171,46.12292979999999],[12.6903509,46.12281180000001],[12.6900626,46.1226816],[12.68985,46.1226059]]},"properties":{"type":"trail","highway":"track","name":"","shade_pct":59.6,"length_m":281}}]}