{"type":"FeatureCollection","features":[{"type":"Feature","geometry":{"type":"LineString","coordinates":[[12.600043899999998,46.150818199999996],[12.6000523,46.150736499999994],[12.6000899,46.15037179999999],[12.6001357,46.15024940000001],[12.60034,46.149731599999996],[12.600565,46.14942810000001],[12.6005841,46.1492948],[12.600867999999998,46.14932309999999],[12.601307600000002,46.1494984],[12.601515,46.14961629999999],[12.6016831,46.14931260000001],[12.601768999999999,46.1490711],[12.6019943,46.14879599999999],[12.601993400000001,46.1486896],[12.602080099999998,46.1482417],[12.602178699999998,46.1481707],[12.6023594,46.1482581],[12.6024428,46.14769270000001],[12.602525299999998,46.1475733],[12.602623599999998,46.14751969999999],[12.6027672,46.147518999999996],[12.602908,46.1474834],[12.603048899999997,46.1475334],[12.6031185,46.147505800000005],[12.6031077,46.1474462],[12.6032678,46.147339900000006],[12.603242099999997,46.1471385],[12.6036231,46.147286],[12.6042479,46.1478516],[12.6044853,46.147926299999995],[12.6053592,46.1481132],[12.6056177,46.1481537],[12.605790800000001,46.14812070000001],[12.6061571,46.1480713],[12.6064381,46.147985799999994],[12.606767600000001,46.14793429999999],[12.6073272,46.1482615],[12.607683799999998,46.1484323],[12.608177500000002,46.1485694],[12.6090753,46.148822100000004],[12.610133799999998,46.1491077],[12.610335599999999,46.1491613],[12.6105911,46.1491363],[12.610603499999998,46.149219499999994],[12.6107088,46.149238200000006],[12.610745800000002,46.1492918],[12.6107391,46.149440799999994],[12.6110115,46.149541000000006],[12.610905,46.14961550000001],[12.610985,46.14969909999999],[12.6112157,46.1497772],[12.6113654,46.14987979999999],[12.611595999999999,46.15007919999999],[12.611628699999999,46.1502111],[12.611837999999999,46.15034279999999],[12.6117643,46.15047789999999],[12.6117795,46.1506836]]},"properties":{"class":"path","name":null,"name:it":null,"source":"overpass","osm_id":29595283,"highway":"path","sac_scale":"mountain_hiking","access":null,"trail_visibility":null,"surface":null,"mtb:scale":null,"smoothness":null,"ref":null,"slope":24.393526865856867,"grade":-23.766659307733505,"slope_class":">20: impossible","length_m":1497.643462327569,"shade_pct":99.5}},{"type":"Feature","geometry":{"type":"LineString","coordinates":[[12.6342895,46.1793034],[12.634273799999999,46.1793745],[12.634307899999998,46.17944729999999],[12.6343668,46.1794961],[12.6343297,46.1795289],[12.634225699999998,46.17955359999999],[12.6341426,46.17962539999999],[12.634151499999998,46.179692499999994],[12.6340846,46.1797351],[12.6340568,46.1798079],[12.6339555,46.1798088],[12.6339647,46.17985109999999],[12.6338618,46.1799221],[12.6339912,46.18008269999999],[12.633851199999999,46.1800706],[12.633796,46.1801168],[12.6337045,46.180175299999995],[12.633671,46.1802239],[12.6336047,46.180249599999996],[12.633516800000002,46.18028830000001],[12.633468299999999,46.1803555],[12.633566399999998,46.1804312],[12.633467100000003,46.18041180000001],[12.633425300000003,46.180473],[12.633342899999999,46.180475799999996],[12.633308900000001,46.18053],[12.633161,46.18053979999999],[12.633201,46.1806342],[12.6331196,46.1806685],[12.633097300000001,46.180743699999994],[12.632944,46.18081],[12.6328497,46.1808157],[12.632828,46.180856500000004],[12.6327044,46.1808766],[12.6326747,46.1809261],[12.6325873,46.18097410000001],[12.6327633,46.18100359999999],[12.6330654,46.181065999999994],[12.6335912,46.1811865],[12.6334224,46.1812944],[12.633142899999998,46.18132799999999],[12.632963,46.18143109999999],[12.632995999999999,46.18150099999999],[12.633263899999998,46.18161589999999],[12.633003299999999,46.181671699999995],[12.6332425,46.181749],[12.6330747,46.181759799999995],[12.633118100000003,46.181884399999994],[12.632983599999998,46.1819432],[12.632752,46.182100899999995],[12.6327905,46.18213419999999],[12.6326465,46.182277500000005],[12.632531899999998,46.1823589],[12.6325845,46.182440799999995],[12.632472700000001,46.18256830000001],[12.632466600000003,46.18266200000001],[12.632651199999998,46.1827728],[12.632817399999999,46.1829526],[12.632903599999999,46.1830648],[12.632863699999998,46.183134599999995],[12.6328791,46.18319989999999],[12.6326775,46.18328499999999],[12.6327155,46.183327799999994],[12.6326275,46.18336910000001],[12.6327613,46.18347399999999],[12.6326849,46.183613199999996]]},"properties":{"class":"path","name":null,"name:it":null,"source":"overpass","osm_id":33135516,"highway":"path","sac_scale":"mountain_hiking","access":null,"trail_visibility":null,"surface":null,"mtb:scale":null,"smoothness":null,"ref":null,"slope":26.566045400960924,"grade":-27.836503812720988,"slope_class":">20: impossible","length_m":785.9565927747042,"shade_pct":1.1}},{"type":"Feature","geometry":{"type":"LineString","coordinates":[[12.6389208,46.1772767],[12.639017,46.177286],[12.6391023,46.1773165],[12.6391821,46.1773431],[12.6392756,46.1773431],[12.639319599999999,46.17733929999999],[12.6393911,46.1773793],[12.6394571,46.177394500000005],[12.6395424,46.1774631],[12.6395837,46.17750689999999],[12.6396607,46.1775069],[12.639732199999997,46.177487899999996],[12.639754199999999,46.177451699999985],[12.6397927,46.177406],[12.639831199999998,46.1773926],[12.6398643,46.177373599999996],[12.6399303,46.17736789999999],[12.640026599999999,46.177384999999994],[12.6401063,46.17738310000001],[12.640120099999999,46.1773565],[12.6402054,46.17734500000001],[12.640318099999998,46.17730689999999],[12.6404089,46.177272599999995],[12.640496899999999,46.177303099999996],[12.640574,46.177314599999995],[12.640645499999998,46.17728029999999],[12.6407142,46.177230699999996],[12.6408243,46.1771812],[12.6409976,46.1771641],[12.6411104,46.1771717],[12.6412039,46.177154599999994],[12.641212100000002,46.17710689999999],[12.641253400000002,46.17708409999999],[12.6413387,46.177120300000006],[12.6414515,46.1771736],[12.641569700000002,46.177211699999994],[12.641602699999998,46.17724790000001],[12.641674299999998,46.177265],[12.641775999999998,46.1772384],[12.6418201,46.17724030000001],[12.641921800000002,46.177284099999994],[12.6420484,46.1772803],[12.6421611,46.17728409999999],[12.642213400000001,46.1772536],[12.6422987,46.17720220000001],[12.642375699999999,46.1771831],[12.6424747,46.177162199999984],[12.642587499999998,46.1771146],[12.6426783,46.1770365],[12.642774599999997,46.17700409999999],[12.642953400000001,46.176925999999995],[12.6430689,46.176905],[12.6432339,46.1769279],[12.6433962,46.176926],[12.643588799999998,46.176842199999996],[12.643687799999999,46.176739299999994],[12.6437924,46.1766384],[12.643946399999999,46.17658689999999],[12.6440427,46.176573600000005],[12.644177500000001,46.1765508],[12.6442765,46.17651839999999],[12.644518599999998,46.1764155],[12.6446231,46.176415500000004],[12.6447331,46.1764593],[12.6448486,46.1764631],[12.644917400000002,46.1764327],[12.6449587,46.17638499999999],[12.645104499999999,46.176308899999995],[12.6452475,46.1763184],[12.6453273,46.1763184],[12.645362999999998,46.176263099999986],[12.645352,46.17617929999999],[12.645390500000001,46.17602889999999],[12.645409800000001,46.175929800000006],[12.6455391,46.1758174],[12.6457647,46.1757355],[12.645968200000002,46.1756879],[12.646083700000002,46.17568599999999],[12.6464138,46.1756308],[12.646598099999999,46.17563079999999],[12.6467054,46.1755965],[12.6467962,46.17558699999999],[12.646931,46.175526],[12.6470795,46.1755184],[12.6472171,46.175495500000004],[12.647439899999998,46.175432699999995],[12.647596700000001,46.17537550000001],[12.647703899999998,46.1753355],[12.647824999999997,46.17532409999999],[12.6479543,46.1753679],[12.6480918,46.1754041],[12.6482486,46.1754098],[12.648366899999997,46.1753908],[12.648606199999998,46.17537550000001],[12.648707999999997,46.175339300000005],[12.648801499999998,46.17535079999998],[12.648853799999998,46.17535840000001],[12.649060099999998,46.175316499999994],[12.649260900000002,46.1753184],[12.6493627,46.1753222],[12.6494892,46.1753108],[12.6496157,46.1752746],[12.649668,46.1752765],[12.6497313,46.17530889999999],[12.649846799999999,46.1753393],[12.649951300000001,46.17533550000001],[12.650083399999998,46.1752993],[12.650270399999998,46.17523839999999],[12.6504795,46.175185000000006],[12.650594999999997,46.1751412],[12.650716,46.1751393],[12.650826100000002,46.1751793],[12.651002100000001,46.1751698],[12.651117600000001,46.175145],[12.6511864,46.175126],[12.651293700000002,46.175118399999995],[12.651400999999998,46.175103099999994],[12.651489000000002,46.175135499999996],[12.651623799999996,46.1751679],[12.6517586,46.175205999999996],[12.6518246,46.1752555],[12.6517888,46.1753546],[12.651667799999998,46.1755279],[12.6515825,46.175575499999994],[12.6514615,46.1757165],[12.6514092,46.1757679],[12.6513597,46.1758765],[12.651255199999998,46.176015500000005],[12.6511699,46.17610309999999],[12.651147899999998,46.17614699999999],[12.651147899999998,46.1762193],[12.651068099999998,46.1763355],[12.650963599999999,46.17641359999998],[12.650927799999998,46.176526],[12.6509223,46.1766422],[12.650900299999998,46.176760299999984],[12.650900299999998,46.17680219999999],[12.650848099999997,46.176918399999984],[12.6508013,46.177051699999986],[12.6508151,46.17714689999999],[12.650790299999999,46.1772098],[12.650870100000002,46.17726689999999],[12.6509994,46.177232599999996],[12.651106599999999,46.177259299999996],[12.651180899999998,46.17729549999999],[12.651254299999998,46.1773064],[12.651320399999996,46.17725919999999],[12.6513632,46.1771744],[12.651437099999999,46.17716899999997],[12.651526599999999,46.177202699999995],[12.6516161,46.17720130000001],[12.6516861,46.1771717],[12.651765800000002,46.1771649],[12.6518514,46.1771165],[12.651979800000001,46.1770397],[12.6520518,46.1770397],[12.6520518,46.17707740000001],[12.652045899999996,46.17712319999999],[12.6521335,46.17713530000001],[12.652213199999998,46.17709219999999],[12.6522793,46.1770464],[12.6524116,46.1770114],[12.6524738,46.1770208],[12.652541999999999,46.177056199999996],[12.652582800000001,46.177077399999995],[12.652666399999998,46.177096299999995],[12.6527384,46.1770747],[12.652765599999999,46.17701949999999],[12.6527977,46.1769872],[12.652852199999998,46.1769845],[12.652934800000002,46.177008699999995],[12.653075599999998,46.17701549999999],[12.653177400000002,46.17697739999999],[12.653240599999998,46.17693169999999],[12.653386399999999,46.176847899999984],[12.6534992,46.176838399999994],[12.6536065,46.176842199999996],[12.653678,46.1768155],[12.653664300000003,46.176766],[12.6536918,46.17669939999999],[12.653746800000002,46.1766822],[12.6537923,46.17665409999999],[12.653817600000002,46.17662310000001],[12.6539168,46.1766123],[12.6539595,46.1765759],[12.654039299999999,46.17655979999999],[12.654101500000001,46.176557100000004],[12.6541735,46.17649509999999],[12.654237699999998,46.1764857],[12.6543739,46.176450700000004],[12.6545158,46.176456099999996],[12.6545547,46.17643319999999],[12.6547026,46.1764911],[12.654805699999999,46.17649780000001],[12.654914599999998,46.176464200000005],[12.6550235,46.176369900000005],[12.655116900000001,46.176351],[12.655231599999999,46.17626080000001],[12.655264700000002,46.176163800000005],[12.655400900000002,46.17610049999999],[12.655498099999999,46.1760359],[12.6555954,46.1759833],[12.6557782,46.1759025],[12.655852099999999,46.1758217],[12.655869599999999,46.175766499999995],[12.655861799999998,46.1757086],[12.6559183,46.17565869999999],[12.656117099999998,46.17555659999999]]},"properties":{"class":"path","name":null,"name:it":null,"source":"overpass","osm_id":33135517,"highway":"path","sac_scale":"demanding_mountain_hiking","access":null,"trail_visibility":null,"surface":null,"mtb:scale":null,"smoothness":null,"ref":null,"slope":43.364738698171976,"grade":-44.7416964500644,"slope_class":">20: impossible","length_m":1933.6092421132894,"shade_pct":64.5}},{"type":"Feature","geometry":{"type":"LineString","coordinates":[[12.584758,46.14106039999999],[12.5847636,46.141062399999996],[12.5847697,46.1410632],[12.584776000000002,46.1410629],[12.584781900000001,46.1410614],[12.584794899999999,46.1410545],[12.584810499999998,46.1410498],[12.5848212,46.1410566],[12.584853,46.141081799999995],[12.5848888,46.1411104],[12.5849079,46.1411203],[12.5849335,46.1411292],[12.584955799999998,46.14113289999999],[12.584995199999998,46.14113940000001],[12.5850283,46.14114090000001],[12.5850928,46.141132799999994],[12.5852106,46.14110530000001],[12.585297699999998,46.14111439999999],[12.5854304,46.141174],[12.585443,46.1412698],[12.585427299999997,46.1413907],[12.5853706,46.1415127],[12.585279300000002,46.141622899999994],[12.5852673,46.1417195],[12.5852475,46.14182900000001],[12.5852007,46.14192909999999],[12.5850935,46.1419863],[12.5850531,46.1420375],[12.5849582,46.14207100000001],[12.584910100000002,46.142137999999996],[12.5848298,46.142184599999986],[12.584789,46.1422693],[12.5847318,46.142352599999995],[12.5846564,46.1424452],[12.584558299999998,46.1425149],[12.584514399999998,46.1425484],[12.584479799999999,46.14261869999999],[12.5844686,46.1426536],[12.584452900000002,46.1426815],[12.5844212,46.14270659999999],[12.584384700000001,46.1427276],[12.5843592,46.142747],[12.584343299999997,46.142773699999985],[12.584342099999999,46.142784299999995],[12.5843434,46.142789400000005],[12.584347,46.14279479999999],[12.584349699999999,46.142796899999986],[12.5843522,46.14279830000001],[12.5844254,46.14288539999999],[12.5845031,46.142959499999996],[12.584619699999998,46.1430635],[12.584744199999998,46.1431952],[12.584901699999998,46.1433272],[12.585064399999998,46.14357139999999],[12.585201599999998,46.14381569999999],[12.585203100000001,46.1440584],[12.585255,46.144159800000004],[12.5853658,46.1442279],[12.585478999999998,46.14433809999999],[12.5854738,46.144522599999995],[12.5854786,46.14468089999999],[12.5855456,46.1447632],[12.585606800000003,46.1448121],[12.585674999999998,46.144876899999986],[12.585792999999999,46.1449457],[12.585845999999998,46.14497360000001],[12.585858899999998,46.1450207],[12.5859233,46.1450695],[12.5860056,46.145086899999995],[12.58616,46.14505989999999]]},"properties":{"class":"path","name":null,"name:it":null,"source":"overpass","osm_id":34629202,"highway":"path","sac_scale":"mountain_hiking","access":"yes","trail_visibility":null,"surface":null,"mtb:scale":null,"smoothness":null,"ref":null,"slope":2.0898271943014533,"grade":3.121680617100805,"slope_class":"0-3: flat","length_m":578.4503689440659,"shade_pct":17.0}},{"type":"Feature","geometry":{"type":"LineString","coordinates":[[12.5922522,46.15652029999999],[12.5920629,46.156699999999994],[12.5919258,46.1568259],[12.591812399999998,46.15690810000001],[12.5916278,46.15711129999999],[12.5915087,46.15722819999999],[12.591349999999998,46.1572918],[12.5910811,46.1572773],[12.590785200000001,46.1572798],[12.5904617,46.1572739],[12.5902063,46.15727929999999],[12.590003,46.1572752],[12.589828,46.1573171],[12.589629499999997,46.1573858],[12.589486199999998,46.1574521],[12.5893183,46.1575649],[12.5889465,46.1577184],[12.5887628,46.157817],[12.5886245,46.15788129999999],[12.588470199999998,46.15792419999999],[12.588316,46.15798209999999],[12.588127100000001,46.1580637],[12.5879061,46.1581841],[12.5877997,46.158244],[12.5877008,46.1583081],[12.587568299999997,46.1584505],[12.5873385,46.1586582],[12.587278099999997,46.1587051],[12.5871896,46.1587151],[12.5871396,46.1587266],[12.587085299999998,46.15875319999999],[12.587004,46.1587767],[12.586782100000002,46.1588962],[12.5866369,46.158950499999996],[12.5864992,46.15899419999999],[12.5864264,46.15900839999999],[12.586274200000002,46.15902419999999],[12.586213699999998,46.1590448],[12.5859397,46.159077499999995],[12.5858757,46.159098099999994],[12.5857031,46.1591328],[12.5855395,46.159197799999994],[12.585488099999997,46.1592338],[12.585403,46.1593338],[12.585344600000003,46.1593861],[12.585257,46.159399],[12.585232899999998,46.15942079999999],[12.585208899999998,46.1594662],[12.5851594,46.1595215],[12.5850809,46.1595652],[12.584885999999997,46.159619899999996],[12.584803200000001,46.1596685],[12.584708799999998,46.159745],[12.584596300000001,46.15980520000001],[12.584481299999998,46.1598368],[12.5843099,46.15985669999999],[12.5841824,46.1598485],[12.5840332,46.15984900000001],[12.5838934,46.15986850000001],[12.583635899999999,46.1600481],[12.5832649,46.16006749999998],[12.582981200000003,46.1601128],[12.5827003,46.16018269999999],[12.582516400000001,46.16026839999999],[12.5823609,46.1604058],[12.582315799999998,46.1604393],[12.5822912,46.160450999999995],[12.5822183,46.1604687],[12.5821929,46.1604799],[12.582105,46.16055209999998],[12.5819599,46.1606403],[12.5818369,46.160728],[12.5817794,46.160759000000006],[12.581444000000001,46.160882],[12.5814119,46.16088669999999],[12.581348899999998,46.1608757],[12.5812966,46.16088709999999],[12.5812275,46.1609077],[12.580931100000003,46.161015500000005],[12.5808146,46.1610421],[12.580716,46.16109049999999],[12.580586799999999,46.161174399999986],[12.580477000000002,46.1612264],[12.5804155,46.1612512],[12.5802226,46.1613151],[12.5800839,46.16139299999999],[12.5800412,46.1614124],[12.5799199,46.1614527],[12.579759699999999,46.1614932],[12.579747499999998,46.1614962]]},"properties":{"class":"path","name":null,"name:it":null,"source":"overpass","osm_id":34629267,"highway":"path","sac_scale":"mountain_hiking","access":null,"trail_visibility":null,"surface":null,"mtb:scale":null,"smoothness":null,"ref":null,"slope":7.519802746111844,"grade":-7.219512969696032,"slope_class":"5-8: medium","length_m":1169.4837398012507,"shade_pct":56.5}},{"type":"Feature","geometry":{"type":"LineString","coordinates":[[12.595295600000002,46.1519038],[12.595257999999996,46.1519647],[12.5951838,46.15206499999999],[12.5951484,46.1522023],[12.595112000000002,46.15231020000001],[12.5950084,46.15240429999999],[12.5949227,46.15248220000001],[12.594834000000002,46.15256870000001],[12.594735100000001,46.152599099999996],[12.5946714,46.1526936],[12.5946364,46.152780500000006],[12.5945519,46.1528805],[12.5944598,46.15291620000001],[12.5943678,46.15298109999999],[12.594265099999998,46.15306379999999],[12.594196799999999,46.1531285],[12.594127700000001,46.1531748],[12.594093099999998,46.1532475],[12.594065399999998,46.153338000000005],[12.593973100000001,46.153432300000006],[12.593926999999999,46.15352469999999],[12.5939027,46.1536092],[12.593872699999999,46.15370349999999],[12.5937823,46.1537751],[12.5937355,46.15383849999999],[12.5936956,46.15392999999999],[12.5936783,46.1540429],[12.593685300000002,46.1541615],[12.5936884,46.154244600000006],[12.5937112,46.15433819999999],[12.5936857,46.15440079999999],[12.593579,46.1544572],[12.5935328,46.15453149999998],[12.5935249,46.1546253],[12.593507399999998,46.154702799999995],[12.5934433,46.15482449999999],[12.593377999999998,46.15492700000001],[12.593339599999998,46.15500829999999],[12.5932712,46.1551501],[12.5931427,46.15536959999999],[12.5929802,46.155621],[12.5929164,46.15578669999999],[12.592797999999997,46.1558658],[12.5927225,46.155934499999994],[12.592695399999998,46.1559847],[12.5926635,46.156044],[12.592541199999998,46.156177],[12.5923876,46.156319399999994],[12.5922639,46.15645169999999],[12.5922522,46.15652029999999]]},"properties":{"class":"path","name":null,"name:it":null,"source":"overpass","osm_id":34629434,"highway":"path","sac_scale":"mountain_hiking","access":null,"trail_visibility":"intermediate","surface":null,"mtb:scale":null,"smoothness":null,"ref":null,"slope":19.966568581365742,"grade":17.096746856713196,"slope_class":"10-20: extreme","length_m":583.5671366601184,"shade_pct":31.2}},{"type":"Feature","geometry":{"type":"LineString","coordinates":[[12.595288899999998,46.149848999999996],[12.595316899999998,46.1499521],[12.5954832,46.150061699999995],[12.595619999999998,46.1501602],[12.5957434,46.15020479999999],[12.595874799999999,46.1502178],[12.596030400000002,46.1502382],[12.5961243,46.15026240000001],[12.5962289,46.15030139999999],[12.596344199999999,46.150347799999984],[12.596403200000001,46.1504259],[12.5965347,46.1504352],[12.5966124,46.150411],[12.596698299999998,46.150366399999996],[12.5968646,46.1502958],[12.5970309,46.150260499999995],[12.5972025,46.1502271],[12.5975029,46.15015089999999],[12.5976593,46.1501075],[12.5976808,46.150096199999986],[12.5977127,46.15008599999999],[12.597763499999997,46.1500685],[12.5979039,46.150013699999995],[12.5979959,46.1499511],[12.5981098,46.149900699999996],[12.598261299999999,46.14986509999999],[12.5984023,46.1498633],[12.598525799999999,46.14988369999999],[12.598646099999998,46.1499393],[12.5988045,46.14998349999999],[12.598984000000002,46.1500214],[12.599158800000001,46.150057200000006],[12.599295,46.150103],[12.599400500000002,46.150138300000016],[12.5995111,46.150157400000005],[12.5996728,46.15019829999999],[12.599787199999998,46.15023010000001],[12.5999372,46.150237800000006],[12.600059100000001,46.15024089999999],[12.6001357,46.15024940000001],[12.6002715,46.15019890000001],[12.600396199999999,46.15018769999999],[12.6005217,46.15023829999999],[12.600628399999998,46.1502852],[12.600681,46.1503671],[12.6007429,46.150468599999996],[12.6007731,46.15055139999999],[12.600822,46.15062369999999],[12.600889,46.1506812],[12.600975299999998,46.15071559999999],[12.601002899999997,46.1507372],[12.6010162,46.15075409999999],[12.6010633,46.15081430000001],[12.601154299999997,46.1509068],[12.6012598,46.1509716],[12.601350299999998,46.151060799999996],[12.6014382,46.15116629999999],[12.601511,46.1512701],[12.601589099999998,46.15135909999999],[12.601667299999999,46.151445200000005],[12.6017336,46.1515364],[12.601805000000002,46.15163100000001],[12.6018605,46.1517093],[12.6019358,46.1518359],[12.6020348,46.151938799999996],[12.6020999,46.15205010000001],[12.6021692,46.152145],[12.602234600000001,46.1522164],[12.602282900000002,46.152277999999995],[12.6023544,46.15238540000001],[12.602437999999998,46.152476099999994],[12.6025287,46.1525511],[12.602651000000002,46.1526056],[12.6027674,46.152635399999994],[12.602853600000001,46.152678200000004],[12.602940399999998,46.1527262],[12.6030759,46.1527645],[12.6031821,46.15283789999999],[12.6033215,46.15291829999999],[12.6034215,46.1529686],[12.6035263,46.15301099999999],[12.603617700000001,46.15306830000001],[12.603711099999998,46.15315530000001],[12.6038258,46.1532569],[12.6039711,46.153409499999995],[12.604105499999998,46.1535289],[12.6042419,46.15368449999999],[12.604424899999998,46.15384439999999],[12.6046182,46.153958],[12.604795500000002,46.1540646],[12.604997900000003,46.1541823],[12.6051844,46.1543151],[12.605324599999998,46.154432799999995],[12.605464299999998,46.15453459999999],[12.6056687,46.15466430000001],[12.6059778,46.154816999999994],[12.606283300000001,46.154931100000006],[12.6063228,46.154942999999996],[12.606397399999999,46.15508470000001],[12.606491599999998,46.15518039999999],[12.606586799999999,46.155284099999996],[12.606681599999998,46.155373899999994],[12.6067573,46.15550569999999],[12.606872699999998,46.155594],[12.6069728,46.1556671],[12.6071195,46.1557093],[12.607239700000001,46.1557363],[12.6073907,46.1557706],[12.6075797,46.15584719999998],[12.607678,46.1559224],[12.6078224,46.15601029999999],[12.607949099999999,46.156107999999996],[12.6080712,46.156211600000006],[12.608148,46.1562809],[12.608159800000001,46.15633900000001],[12.6082208,46.1564245],[12.608451199999998,46.1564636],[12.6085956,46.156517],[12.6087952,46.15654249999999],[12.6090747,46.15654539999999],[12.6089753,46.15671699999999],[12.6089629,46.1567824],[12.6089751,46.15687079999999],[12.6093046,46.156822899999995],[12.609583100000002,46.1568291],[12.6096587,46.1570828],[12.6098551,46.15711209999999],[12.609842399999998,46.15720559999999],[12.609950199999998,46.15722719999999],[12.609996699999998,46.15745209999999],[12.6102466,46.157469299999995],[12.610214499999998,46.15773469999999],[12.610211100000003,46.1578268],[12.610197300000001,46.15788549999999],[12.610162899999999,46.157933199999995],[12.6101148,46.157998299999996],[12.6100758,46.1580523],[12.610053399999998,46.1580991],[12.610034600000002,46.1581396],[12.610065699999998,46.1581705]]},"properties":{"class":"path","name":null,"name:it":null,"source":"overpass","osm_id":34629516,"highway":"path","sac_scale":"mountain_hiking","access":"yes","trail_visibility":null,"surface":null,"mtb:scale":null,"smoothness":null,"ref":null,"slope":16.4558800227491,"grade":-15.63561245879087,"slope_class":"10-20: extreme","length_m":1739.666469996747,"shade_pct":92.8}},{"type":"Feature","geometry":{"type":"LineString","coordinates":[[12.5855099,46.14611120000001],[12.5854073,46.14617009999999],[12.5853948,46.1462501],[12.5853355,46.1463388],[12.585303,46.1464616],[12.585240099999998,46.146596],[12.585137900000001,46.14675720000001],[12.585024499999998,46.146957500000006],[12.5850053,46.14707859999999],[12.5848541,46.1472003],[12.584756600000002,46.1472982],[12.584665300000001,46.14740909999999],[12.584561899999999,46.147509799999995],[12.584438100000002,46.147606100000004],[12.5843415,46.14763369999999],[12.584070199999998,46.14763969999999],[12.584046999999996,46.14772309999999],[12.584013799999997,46.147787199999996],[12.584017799999998,46.147836899999994],[12.5840395,46.14786809999999],[12.5841246,46.147936499999986],[12.5842364,46.14803719999999],[12.5842777,46.1480597],[12.5843174,46.14806600000001],[12.584389599999998,46.1480614],[12.5845052,46.14802769999999],[12.584549,46.14801969999999],[12.584581099999998,46.14802589999999],[12.5845993,46.1480431],[12.5846332,46.14809760000001],[12.5846515,46.148148899999995],[12.5846613,46.14829530000001],[12.584651899999999,46.1483417],[12.5846574,46.148360200000006],[12.5847154,46.1484377],[12.584707899999998,46.14850169999999],[12.5846875,46.148525299999996],[12.5846415,46.14853639999999],[12.584608099999999,46.14855829999998],[12.5846062,46.1485661],[12.5846232,46.148598],[12.584623400000002,46.1486161],[12.584619699999998,46.1486341],[12.5845972,46.148658],[12.584507999999998,46.14870369999999],[12.5844151,46.14872359999999],[12.5843275,46.14875059999999],[12.584306799999998,46.1487609],[12.5842955,46.14877870000001],[12.5842945,46.1488627],[12.5842835,46.1488892],[12.584080499999999,46.1491039],[12.5840255,46.14914929999999],[12.5839569,46.14918569999999],[12.583908300000001,46.1492184],[12.5837436,46.14936039999999],[12.583689899999998,46.14939319999999],[12.5836128,46.149421799999985],[12.5835673,46.14945939999999],[12.5834993,46.1495408],[12.583373799999999,46.1497073],[12.5832937,46.14977450000001],[12.583148199999998,46.14997230000001],[12.5830879,46.15007769999999],[12.5830317,46.1501972],[12.582971000000002,46.1502916],[12.5828955,46.15038049999999],[12.5827469,46.150479399999995],[12.5827107,46.1505223],[12.582505600000001,46.15093329999999],[12.582351199999998,46.15114429999999],[12.582279499999999,46.15136160000001],[12.582295699999998,46.1515802],[12.5823753,46.15167249999999],[12.5823082,46.15177190000001],[12.582201700000002,46.151886],[12.582127799999999,46.15198089999999],[12.5821345,46.15202159999999],[12.582157299999999,46.152073399999985],[12.582137900000001,46.15214069999999],[12.5820634,46.152203300000004],[12.582027199999999,46.15225339999999],[12.5820183,46.1522823],[12.5820253,46.152381299999995],[12.5819055,46.1525184],[12.581874299999999,46.1525738],[12.5818513,46.152693599999985],[12.5818324,46.1527585],[12.5817464,46.152977599999986],[12.581724299999998,46.15310949999999],[12.5816829,46.153241400000006],[12.581643699999999,46.1533321],[12.5815778,46.153436000000006],[12.5815353,46.153568099999994],[12.5814762,46.1536789],[12.5814561,46.1537283],[12.5814479,46.15376199999999],[12.581446899999998,46.1538537],[12.581439500000002,46.1539017],[12.5813938,46.153946899999994],[12.5813794,46.15398279999999],[12.581388000000002,46.154046900000004],[12.581385299999999,46.15412880000001],[12.581291,46.154283199999995],[12.5812262,46.15444409999999],[12.581118400000001,46.1546563],[12.581062399999999,46.15482909999999],[12.5809504,46.1549862],[12.5808047,46.15511969999999],[12.5805981,46.1552813],[12.580537,46.1553959],[12.580518800000002,46.1555342],[12.580529899999998,46.15563019999998],[12.580529099999998,46.155728199999984],[12.580516699999999,46.1557986],[12.5805159,46.1558931],[12.5804414,46.156092],[12.5804456,46.156187300000006],[12.580466299999998,46.15628079999999],[12.5805558,46.1564282],[12.5806153,46.156563399999996],[12.580646999999999,46.15671439999999],[12.5806875,46.1568678],[12.580771000000002,46.1570051],[12.580795,46.157169100000004],[12.580791499999998,46.1573352],[12.5808535,46.1574561],[12.580941,46.15758869999999],[12.580931300000001,46.1577531],[12.580893499999998,46.157880600000006],[12.5808682,46.158013499999996],[12.580880800000001,46.15810999999999],[12.5809221,46.15822939999999],[12.580902300000002,46.15837059999999],[12.580888899999998,46.158626699999985],[12.580932900000002,46.158792],[12.5809599,46.1589829],[12.580917599999998,46.159110099999985],[12.5807759,46.159398100000004],[12.5807441,46.1594891],[12.5806658,46.15967059999999],[12.5805894,46.15972289999999],[12.580608,46.1597635],[12.580666499999998,46.159837399999994],[12.5807309,46.1599352],[12.580753899999998,46.1600082],[12.5807355,46.16009399999999],[12.580658899999998,46.160189599999995],[12.580577500000002,46.1602651],[12.5804817,46.16043450000001],[12.580421099999999,46.16048750000001],[12.580414599999996,46.16055029999999],[12.580448200000001,46.160620699999996],[12.5804284,46.16069699999999],[12.5803624,46.160805],[12.580269699999999,46.161048599999994],[12.580194099999998,46.16113369999999],[12.5800848,46.1612274],[12.5798403,46.161433999999986],[12.579747499999998,46.1614962]]},"properties":{"class":"path","name":null,"name:it":null,"source":"overpass","osm_id":35571643,"highway":"path","sac_scale":"mountain_hiking","access":null,"trail_visibility":null,"surface":null,"mtb:scale":null,"smoothness":null,"ref":null,"slope":1.5752968635631865,"grade":0.019423312511839496,"slope_class":"0-3: flat","length_m":1941.3536958881423,"shade_pct":57.0}},{"type":"Feature","geometry":{"type":"LineString","coordinates":[[12.610065699999998,46.1581705],[12.609928199999999,46.15821869999999],[12.609821,46.15821],[12.6097046,46.158253800000004],[12.6095276,46.1583655],[12.609349699999997,46.1583888],[12.609190399999997,46.1583953],[12.6088828,46.1584467],[12.6086022,46.15851370000001],[12.608369400000003,46.15864929999999],[12.608208000000001,46.15871409999999],[12.6080416,46.1588344],[12.607846299999999,46.158941699999986],[12.607626399999997,46.15912339999999],[12.607505399999999,46.1591958],[12.607394499999998,46.159293899999994],[12.6072477,46.159435599999995],[12.6071482,46.1595566],[12.6070648,46.1596402],[12.607004500000002,46.159742399999985],[12.6069199,46.159801],[12.6067683,46.159909299999995],[12.606637200000002,46.160010299999996],[12.606545099999998,46.160124799999984],[12.606391999999998,46.160250699999985],[12.606286399999998,46.160345099999994],[12.606166299999998,46.160454400000006],[12.6059852,46.1605795],[12.6058288,46.16066709999999],[12.605675599999998,46.1607476],[12.6055676,46.16081890000001],[12.605502899999998,46.16086919999999],[12.6053494,46.1609593],[12.605250300000002,46.1610133],[12.6051485,46.16108229999999],[12.6050504,46.1611549],[12.604945399999998,46.16124869999999],[12.6048315,46.161302799999994],[12.604773900000001,46.1613879],[12.6047689,46.1614902],[12.604678199999999,46.16170880000001],[12.604545,46.1618592],[12.6043991,46.161969600000006],[12.604198599999998,46.16210279999999],[12.604051300000002,46.16213450000001],[12.603918400000001,46.16216940000001],[12.6037406,46.1622256],[12.6036054,46.16232599999999],[12.603511399999999,46.16240169999998],[12.6034557,46.162486300000005],[12.6034735,46.162566],[12.603451599999996,46.16264029999999],[12.603308499999999,46.1627915],[12.602889100000002,46.1629553],[12.6026605,46.16304219999999],[12.6024065,46.1631465],[12.6021597,46.163246799999996],[12.601981499999999,46.16332959999999],[12.6017248,46.1633776],[12.6015541,46.1634238],[12.601337899999999,46.16345299999999],[12.6012303,46.1635059],[12.6010726,46.163532800000006],[12.600977999999998,46.163550400000005],[12.6008892,46.163567],[12.600804499999999,46.163593999999996],[12.600596999999999,46.16361139999999],[12.6005063,46.16365119999999],[12.600459,46.163713599999994],[12.600456099999999,46.163776299999995],[12.6004135,46.1638279],[12.600331699999998,46.163900399999996],[12.6002563,46.1639751],[12.600151,46.16408309999999],[12.6000254,46.1641718],[12.599963899999999,46.1642766],[12.599757299999998,46.1643138],[12.599483800000002,46.164291500000004],[12.599293400000002,46.1642822],[12.5991539,46.1643045],[12.599177999999998,46.16445849999999],[12.5989876,46.164516199999994],[12.5986415,46.164766799999995],[12.598461799999999,46.1647912],[12.5982445,46.1648226],[12.5978017,46.164962800000005],[12.5975552,46.16483209999999],[12.5974211,46.164594300000005],[12.597356799999998,46.16438999999999],[12.597254799999998,46.164170799999994],[12.5971073,46.1640906],[12.596992,46.16382519999999],[12.5968632,46.1636097],[12.597206599999998,46.16331250000001],[12.597505199999999,46.16311429999998],[12.5976275,46.1630651],[12.5978161,46.16296820000001],[12.5978817,46.1628386],[12.59793,46.162633500000005],[12.5979631,46.16243079999998],[12.5980678,46.16218740000001],[12.5981155,46.161959200000005],[12.5980381,46.1618189],[12.5982062,46.1617056],[12.5981594,46.1615281],[12.5981225,46.1614472],[12.598047800000002,46.1613024],[12.597979799999997,46.16120779999999],[12.5979116,46.161111600000005],[12.597835399999997,46.1610458],[12.5977698,46.1609578],[12.5976696,46.16085890000001],[12.597562599999998,46.16077930000001],[12.5974869,46.16070469999999],[12.5973739,46.160614699999996],[12.5972587,46.160516999999984],[12.5972087,46.1603927],[12.5972044,46.16030719999999],[12.597176499999998,46.160219500000004],[12.5971156,46.1601286],[12.597027999999998,46.160036899999994],[12.596961099999998,46.159928099999995],[12.5968907,46.15983489999999],[12.596921300000002,46.1597382],[12.5969326,46.159571799999995],[12.596861699999998,46.159476899999994],[12.5966811,46.1593731],[12.596481199999998,46.15926279999999],[12.596237499999999,46.15913369999999],[12.596084899999997,46.159054299999994],[12.595920200000002,46.1589634],[12.595773100000002,46.15888],[12.5956183,46.1587735],[12.595421400000001,46.1586881],[12.595232800000002,46.1585993],[12.595095599999999,46.15849739999999],[12.5949674,46.1584366],[12.594825699999998,46.1583574],[12.594697699999998,46.1582912],[12.5945579,46.1582275],[12.5944208,46.15808989999999],[12.5943637,46.15795979999999]]},"properties":{"class":"path","name":null,"name:it":null,"source":"overpass","osm_id":35571646,"highway":"path","sac_scale":"mountain_hiking","access":null,"trail_visibility":null,"surface":null,"mtb:scale":null,"smoothness":null,"ref":null,"slope":19.707188231638394,"grade":19.744653898367957,"slope_class":"10-20: extreme","length_m":2259.4164219489985,"shade_pct":100.0}},{"type":"Feature","geometry":{"type":"LineString","coordinates":[[12.629137699999998,46.179702099999986],[12.6290796,46.1797013],[12.6286214,46.179755899999996],[12.6275313,46.1801713],[12.627185599999999,46.1803578],[12.6272231,46.180643800000006],[12.626917399999998,46.180721799999986],[12.6266599,46.1807813],[12.6264035,46.180906500000006],[12.6261502,46.18104869999999],[12.625839100000002,46.18105239999999],[12.6248668,46.1814794],[12.6233462,46.1817357],[12.6220113,46.18213039999999],[12.6208225,46.182676699999995],[12.6202434,46.1827374],[12.619761099999998,46.1829681],[12.618533700000002,46.1832687],[12.6182325,46.183405199999996],[12.6181943,46.1834554],[12.6177306,46.183638900000005],[12.617492099999998,46.18394009999999],[12.617108500000002,46.18415929999999],[12.6155876,46.184450999999996],[12.614755799999998,46.18448639999999],[12.613849599999998,46.1847554],[12.613020799999997,46.185137899999994],[12.612894799999996,46.18526969999999],[12.6129416,46.1856192],[12.612798699999999,46.18590559999999],[12.6124756,46.18613979999999],[12.612260799999998,46.18609649999999],[12.612051599999997,46.18592009999999],[12.611524099999999,46.18587219999999],[12.6112623,46.185953],[12.611049499999996,46.186148200000005],[12.6108831,46.18670519999999],[12.610207199999998,46.187117399999984],[12.6080219,46.18802159999999]]},"properties":{"class":"path","name":null,"name:it":null,"source":"overpass","osm_id":35576109,"highway":"path","sac_scale":"mountain_hiking","access":null,"trail_visibility":null,"surface":null,"mtb:scale":null,"smoothness":null,"ref":null,"slope":25.81214745933144,"grade":-26.699070238903705,"slope_class":">20: impossible","length_m":2024.693275638773,"shade_pct":25.8}},{"type":"Feature","geometry":{"type":"LineString","coordinates":[[12.636594300000002,46.1517168],[12.636458299999997,46.1517159],[12.636341800000002,46.1517418],[12.6361402,46.15173780000001],[12.6359468,46.15171219999999],[12.635595899999998,46.1516127],[12.6352542,46.151562299999995],[12.635076299999998,46.151530499999986],[12.634934699999999,46.1514727],[12.634694899999998,46.15137500000001],[12.6345009,46.1512986],[12.6342693,46.1512078],[12.6341863,46.1511661],[12.6339641,46.1510638],[12.6338724,46.1510197],[12.6336877,46.15096299999999],[12.633510999999999,46.1509027],[12.6333476,46.1508209],[12.6332447,46.1507888],[12.6331089,46.1507335],[12.632904199999999,46.15069510000001],[12.632724299999998,46.150600299999994],[12.6325407,46.1505823],[12.632482899999998,46.150682100000004],[12.632266399999999,46.1507129],[12.6321776,46.1507806],[12.632014200000002,46.1508279],[12.631844999999998,46.15088549999999],[12.6316739,46.1509103],[12.6314745,46.15089079999999],[12.6313021,46.1508376],[12.6311797,46.15082379999999],[12.6310006,46.1508307],[12.630791,46.1509191],[12.6307116,46.1509481],[12.6305291,46.1509693],[12.630383699999998,46.150921299999986],[12.630117800000003,46.15090539999999],[12.629966400000002,46.1508608],[12.6298252,46.15073199999999],[12.629698,46.150687],[12.629616999999996,46.150607799999996],[12.6291742,46.15038100000001],[12.6286158,46.1501278],[12.628395199999998,46.15007359999999],[12.628240100000001,46.1499545],[12.627851999999999,46.14977029999999],[12.627820099999997,46.14975259999999]]},"properties":{"class":"path","name":null,"name:it":null,"source":"overpass","osm_id":35578129,"highway":"path","sac_scale":"hiking","access":null,"trail_visibility":null,"surface":null,"mtb:scale":null,"smoothness":null,"ref":null,"slope":19.378299143389626,"grade":19.03671910660564,"slope_class":"10-20: extreme","length_m":775.7056978567358,"shade_pct":71.3}},{"type":"Feature","geometry":{"type":"LineString","coordinates":[[12.6236287,46.1479553],[12.6236699,46.1479233],[12.623691699999998,46.1479181],[12.6237409,46.147910599999996],[12.623765899999999,46.14791089999999],[12.6237905,46.147913599999995],[12.6238182,46.14791859999998],[12.624032,46.14798849999998],[12.6245445,46.1482106],[12.6245741,46.148224899999995],[12.624714599999999,46.14830059999999],[12.6247444,46.14831819999999],[12.6248821,46.14839539999999],[12.624895999999998,46.14840349999999],[12.6249715,46.1484539],[12.625038399999996,46.148499400000006],[12.6250591,46.148516099999995],[12.6250951,46.148543200000006],[12.6251339,46.1485657],[12.6251447,46.148570899999996],[12.6252152,46.14860819999999],[12.625241199999998,46.148623699999995],[12.6252549,46.1486323],[12.6252954,46.14865819999999],[12.625393799999998,46.14872369999999],[12.6254039,46.148730799999996],[12.6254256,46.1487433],[12.6254369,46.148748399999995],[12.625533300000003,46.148783300000005],[12.6255417,46.1487866],[12.62559,46.1488053],[12.625610300000002,46.14881290000001],[12.625671499999997,46.1488323],[12.625732600000001,46.14885830000001],[12.625780900000002,46.1488839],[12.625814999999998,46.14892969999999],[12.625866,46.148967000000006],[12.625910600000001,46.1489516],[12.625916300000002,46.1489354],[12.625914899999998,46.14891889999999],[12.625900799999998,46.148875],[12.625889099999998,46.148845099999996],[12.625893700000002,46.1488072],[12.6259353,46.14881019999999],[12.625948199999998,46.1488152],[12.6260083,46.1488445],[12.6260425,46.148866700000006],[12.626064000000001,46.1488802],[12.6261059,46.1489074],[12.6261208,46.1489225],[12.6261302,46.148939799999994],[12.626144500000002,46.1489704],[12.626169399999998,46.1490221],[12.626198,46.14905400000001],[12.6262746,46.149078499999995],[12.626362799999999,46.149080500000004],[12.6263837,46.149076599999994],[12.626420600000001,46.1490581],[12.6265563,46.149046600000005],[12.626594899999999,46.14906],[12.6266491,46.14910369999998],[12.626684,46.149141699999994],[12.6267044,46.1491614],[12.626763299999999,46.1492054],[12.6267785,46.1492163],[12.6269129,46.149326099999996],[12.627096500000002,46.1494401],[12.627145899999999,46.1494777],[12.627175199999998,46.1495126]]},"properties":{"class":"path","name":null,"name:it":null,"source":"overpass","osm_id":35578131,"highway":"path","sac_scale":null,"access":null,"trail_visibility":null,"surface":null,"mtb:scale":null,"smoothness":null,"ref":null,"slope":21.18742799221611,"grade":-20.153610127357997,"slope_class":">20: impossible","length_m":373.66570272202773,"shade_pct":72.7}},{"type":"Feature","geometry":{"type":"LineString","coordinates":[[12.6147468,46.1487021],[12.6144464,46.14886089999999],[12.614251900000001,46.149231699999994],[12.614032499999999,46.149445599999986],[12.613896200000001,46.14969729999999],[12.613867399999998,46.149829399999994],[12.6138776,46.149904]]},"properties":{"class":"track","name":null,"name:it":null,"source":"overpass","osm_id":35578133,"highway":"track","sac_scale":null,"access":null,"trail_visibility":null,"surface":null,"mtb:scale":null,"smoothness":null,"ref":null,"slope":8.737727510823184,"grade":-8.14040683744155,"slope_class":"8-10: hard","length_m":155.38669183632894,"shade_pct":100.0}},{"type":"Feature","geometry":{"type":"LineString","coordinates":[[12.612691300000002,46.14820460000001],[12.612713300000001,46.14815959999999],[12.612908800000001,46.1479205],[12.613036199999998,46.1476967],[12.613183899999997,46.147574299999995],[12.613335699999999,46.147515999999996],[12.613633800000002,46.147449900000005],[12.6139367,46.147317699999995],[12.614409299999998,46.14715029999999],[12.6145035,46.14713230000001],[12.6145995,46.1471451],[12.6146829,46.1471803],[12.614734800000003,46.147224300000005],[12.6147826,46.14729599999999],[12.6148002,46.1473643],[12.614797399999999,46.1475426],[12.614840799999998,46.14800739999999],[12.614787600000001,46.1486182],[12.6147468,46.1487021]]},"properties":{"class":"track","name":null,"name:it":null,"source":"overpass","osm_id":35578134,"highway":"track","sac_scale":null,"access":null,"trail_visibility":null,"surface":null,"mtb:scale":null,"smoothness":null,"ref":null,"slope":8.27239523965341,"grade":-8.39299607101294,"slope_class":"8-10: hard","length_m":381.6724346153559,"shade_pct":72.4}},{"type":"Feature","geometry":{"type":"LineString","coordinates":[[12.6106017,46.150033799999996],[12.610619400000001,46.15004079999999],[12.6110306,46.1502594],[12.611514000000001,46.1504897],[12.611630100000001,46.15055759999999],[12.6117795,46.1506836],[12.6118541,46.1507629],[12.6120338,46.15099829999999],[12.612145699999997,46.1510959],[12.6122993,46.15118009999999],[12.612437499999999,46.1512326],[12.6124898,46.1512358],[12.612532699999997,46.1512219],[12.6125528,46.1511866],[12.6125394,46.15104440000001],[12.612503699999998,46.150876499999995],[12.6124962,46.15059539999999],[12.6124657,46.1503671],[12.612268900000002,46.1496034],[12.6122667,46.1495111],[12.6122653,46.149453],[12.6123614,46.14897890000001],[12.612691300000002,46.14820460000001]]},"properties":{"class":"track","name":null,"name:it":null,"source":"overpass","osm_id":35578135,"highway":"track","sac_scale":null,"access":null,"trail_visibility":null,"surface":null,"mtb:scale":null,"smoothness":null,"ref":null,"slope":8.15252903160459,"grade":-8.40063893558467,"slope_class":"8-10: hard","length_m":547.6340680149187,"shade_pct":100.0}},{"type":"Feature","geometry":{"type":"LineString","coordinates":[[12.58616,46.14505989999999],[12.5861835,46.1449928],[12.586230399999998,46.14487969999999],[12.586346199999998,46.14475139999999],[12.5864974,46.14468660000001],[12.5867033,46.14461429999999],[12.587079799999996,46.1445032],[12.587185000000002,46.14450850000001],[12.587307899999999,46.14448449999999],[12.587447300000001,46.1444323],[12.5876151,46.14436039999999],[12.587769300000001,46.1443412],[12.587956899999998,46.144301600000006],[12.5881768,46.1442753],[12.588347199999998,46.144280599999995],[12.588434200000002,46.1443113],[12.5885369,46.1443064],[12.5886155,46.14428829999999],[12.5887284,46.1443103],[12.5888141,46.144338299999994],[12.588971800000001,46.1443487],[12.5890158,46.1443733],[12.5891105,46.144379099999995],[12.589262099999997,46.14440389999999],[12.589386399999999,46.1443938],[12.5895175,46.144371],[12.589624299999999,46.14438679999999],[12.589691699999998,46.144377899999995],[12.5897629,46.1443548],[12.589832200000002,46.1443882],[12.5899378,46.144404300000005],[12.590039699999998,46.14441039999999],[12.5902069,46.1443417],[12.590322399999998,46.14441869999999],[12.5903707,46.14447040000002],[12.590474999999998,46.1445066],[12.590557999999998,46.1444967],[12.590652799999999,46.144500199999996],[12.590697399999998,46.144527499999995],[12.5906801,46.14459039999999],[12.5906691,46.14467170000001],[12.590677700000002,46.14475929999999],[12.590721799999999,46.144818300000004],[12.590787399999998,46.1448455],[12.5909316,46.14497140000001],[12.5910309,46.1450099],[12.591151199999999,46.145011100000005],[12.5913042,46.14504469999999],[12.5915132,46.14507449999999],[12.591939000000002,46.14516119999999],[12.592044799999998,46.1452329],[12.592109899999999,46.1452939],[12.592307999999997,46.145354999999995],[12.592404699999998,46.145351],[12.592489599999999,46.14536089999999],[12.5926256,46.145332100000005],[12.5926767,46.1453312],[12.592740500000001,46.145345899999995],[12.5928394,46.14539959999999],[12.592921099999998,46.1454251],[12.592999699999998,46.14544250000001],[12.593043700000003,46.1454468],[12.593101900000002,46.145445300000006],[12.593200199999998,46.145423499999985],[12.593255999999998,46.14541779999998],[12.5932987,46.14541859999999],[12.5933257,46.145424299999995],[12.593368299999998,46.1454463],[12.593406199999999,46.1454747],[12.5935454,46.1456198],[12.5936054,46.14567389999999],[12.593675499999998,46.14571769999999],[12.5937475,46.14574189999999],[12.593835799999999,46.14575609999999],[12.593935799999999,46.1457564],[12.594103800000001,46.1457365],[12.5943243,46.1456952],[12.5944232,46.14569010000001],[12.5945336,46.14570989999999],[12.594649099999998,46.14574210000001],[12.594903399999998,46.14582269999999],[12.594965399999998,46.145854299999996],[12.5950201,46.145903499999996],[12.595219,46.1461045],[12.595289,46.1461469],[12.5953794,46.1461926],[12.5954601,46.14622580000001],[12.5955014,46.14625160000001],[12.5957481,46.1465259],[12.5957745,46.1465647],[12.595791699999998,46.14660529999998],[12.5957947,46.14670749999999],[12.5958463,46.1469667],[12.5958727,46.147020499999996],[12.5959064,46.1470724],[12.595993299999998,46.1471352],[12.5960098,46.1471604],[12.59602,46.1472261],[12.5960221,46.1473541],[12.596016799999997,46.1473989],[12.595888499999997,46.14770049999999],[12.5956074,46.1481155],[12.595589700000001,46.1481336],[12.5955171,46.1481772],[12.5954638,46.14822019999998],[12.5954106,46.1482743],[12.595394599999999,46.14830519999999],[12.595390699999998,46.1483239],[12.5954218,46.1483947],[12.5953615,46.148585600000004],[12.595343199999999,46.148783],[12.5953762,46.14916409999999],[12.5953817,46.1494265],[12.5953692,46.14958649999999],[12.595341999999999,46.149697599999996],[12.5953199,46.14973549999999],[12.5952959,46.14976100000001],[12.595288899999998,46.149848999999996]]},"properties":{"class":"path","name":null,"name:it":null,"source":"overpass","osm_id":35578136,"highway":"path","sac_scale":"unknown","access":"yes","trail_visibility":null,"surface":null,"mtb:scale":null,"smoothness":null,"ref":null,"slope":0.2620958185963645,"grade":-2.491417835786826,"slope_class":"0-3: flat","length_m":1295.1442986076627,"shade_pct":34.2}},{"type":"Feature","geometry":{"type":"LineString","coordinates":[[12.633909500000001,46.1342386],[12.6340335,46.13418579999999],[12.6343099,46.134057299999995],[12.634571999999999,46.13395269999999],[12.634752899999999,46.1339194],[12.6351316,46.1337978],[12.63551,46.1336853],[12.635927699999998,46.133533799999995],[12.636328500000001,46.13337179999999],[12.636608200000001,46.133246099999994],[12.6368286,46.133112700000005],[12.6371404,46.1330384],[12.6383119,46.132698500000004],[12.6388623,46.1324871],[12.639603299999997,46.13216229999999],[12.6396862,46.1321736],[12.639711799999999,46.1323465],[12.6397846,46.132560099999985],[12.639812400000002,46.13269100000001],[12.6398959,46.1327738],[12.6399599,46.1328105],[12.640058499999999,46.1328628],[12.6401835,46.13296729999999],[12.6405095,46.1332949],[12.6406744,46.133459499999994],[12.6408873,46.133643299999996],[12.641169,46.13385400000001],[12.641448200000001,46.134044900000006],[12.6415691,46.13416019999999],[12.6416709,46.1342645],[12.641793399999997,46.13442679999999],[12.6419209,46.134582],[12.6420159,46.1346636]]},"properties":{"class":"cycleway","name":"Itinerario pedemontano pordenonese","name:it":null,"source":"overpass","osm_id":40032442,"highway":"cycleway","sac_scale":null,"access":null,"trail_visibility":null,"surface":"paved","mtb:scale":null,"smoothness":null,"ref":null,"slope":0.13275200961322522,"grade":0.7098177362266425,"slope_class":"0-3: flat","length_m":843.7955399973587,"shade_pct":53.9}},{"type":"Feature","geometry":{"type":"LineString","coordinates":[[12.633909500000001,46.1342386],[12.633902499999998,46.13430629999999],[12.633855700000002,46.1347591],[12.6337769,46.135337400000004],[12.633816299999998,46.136027299999995],[12.633849199999998,46.13656939999999],[12.633892099999999,46.13776279999999]]},"properties":{"class":"track","name":"Via Damiano Chiesa","name:it":null,"source":"overpass","osm_id":77512114,"highway":"track","sac_scale":null,"access":null,"trail_visibility":null,"surface":null,"mtb:scale":null,"smoothness":null,"ref":null,"slope":0.15269519908506896,"grade":0.29828441535072886,"slope_class":"0-3: flat","length_m":392.5442890213469,"shade_pct":91.2}},{"type":"Feature","geometry":{"type":"LineString","coordinates":[[12.6948479,46.10037609999999],[12.6949849,46.09949280000001],[12.6949821,46.0992575],[12.6949538,46.0991441],[12.695021799999997,46.0990931],[12.6952117,46.099047799999994],[12.695393099999999,46.0990223],[12.6956312,46.0990024],[12.695714999999998,46.0989981],[12.695815500000002,46.0989967],[12.6960167,46.0990166],[12.6961074,46.09903080000001],[12.6961953,46.099070399999995],[12.6963172,46.099113],[12.696407899999999,46.099121499999995],[12.696560899999998,46.09911009999999],[12.6966772,46.0990903],[12.6968104,46.09908459999999],[12.696906699999998,46.099095899999995],[12.6969549,46.09910159999999],[12.697062699999998,46.09907609999999],[12.6972044,46.09905909999999],[12.6973036,46.0990138],[12.6974113,46.0989826],[12.6975559,46.0989599],[12.6976324,46.09896839999999],[12.6976607,46.099002399999996],[12.6976607,46.09911009999999],[12.697649400000001,46.099311400000005],[12.697640400000001,46.09964730000001],[12.6976352,46.09984140000001],[12.6976324,46.1001334],[12.697643699999999,46.100382800000006],[12.6976262,46.100800400000004]]},"properties":{"class":"track","name":"Via Partidor","name:it":null,"source":"overpass","osm_id":77512118,"highway":"track","sac_scale":null,"access":null,"trail_visibility":null,"surface":null,"mtb:scale":null,"smoothness":null,"ref":null,"slope":0.5100350652634831,"grade":0.30465765377721704,"slope_class":"0-3: flat","length_m":559.705267660981,"shade_pct":3.2}},{"type":"Feature","geometry":{"type":"LineString","coordinates":[[12.6867513,46.0916162],[12.689833999999998,46.09176119999999],[12.6907235,46.091803],[12.698093800000002,46.0921789]]},"properties":{"class":"track","name":null,"name:it":null,"source":"overpass","osm_id":77512123,"highway":"track","sac_scale":null,"access":null,"trail_visibility":null,"surface":null,"mtb:scale":null,"smoothness":null,"ref":null,"slope":0.14691899872860756,"grade":-0.048230212478508706,"slope_class":"0-3: flat","length_m":879.9312264784675,"shade_pct":50.6}},{"type":"Feature","geometry":{"type":"LineString","coordinates":[[12.682987,46.09422669999999],[12.683094100000002,46.09374480000001],[12.683187599999998,46.09328849999999],[12.6832302,46.09312119999999],[12.6832131,46.09288029999999],[12.683176300000001,46.09260820000001],[12.683179100000002,46.0922822],[12.683207499999998,46.09199310000001],[12.6831536,46.09174079999998],[12.6830544,46.0915622],[12.6829354,46.0914035],[12.6828785,46.0912399],[12.682826499999997,46.09099319999999],[12.6826854,46.090659499999994],[12.6827068,46.090503299999995],[12.6828678,46.0903842],[12.682964300000002,46.0902428],[12.683028700000001,46.090064299999995],[12.6831789,46.08971459999999],[12.6831467,46.08945409999999],[12.683103799999998,46.08893329999999],[12.6831682,46.087936199999994],[12.683307699999999,46.087251599999995],[12.6835437,46.0865968],[12.6837797,46.08638839999999],[12.684391299999998,46.08585269999998],[12.684584400000002,46.0856517],[12.6845711,46.0853256],[12.684552199999999,46.084863],[12.684573699999998,46.0843644],[12.684552200000002,46.0840667],[12.6844342,46.08385090000001],[12.6838994,46.0834479],[12.6837261,46.0831503],[12.6838012,46.08300260000001],[12.684400499999999,46.08207579999999],[12.684682799999997,46.08159359999999],[12.6848591,46.08136470000001],[12.6850688,46.08116329999999],[12.6852223,46.0810488],[12.6853575,46.080930399999986],[12.685399800000003,46.0808593]]},"properties":{"class":"track","name":null,"name:it":null,"source":"overpass","osm_id":77512142,"highway":"track","sac_scale":null,"access":null,"trail_visibility":null,"surface":null,"mtb:scale":null,"smoothness":null,"ref":null,"slope":1.5430774965911949,"grade":-1.5711112815489032,"slope_class":"0-3: flat","length_m":1587.9952786690133,"shade_pct":16.8}},{"type":"Feature","geometry":{"type":"LineString","coordinates":[[12.676854800000001,46.0925076],[12.676806599999999,46.0922525],[12.6768122,46.0920512],[12.6768293,46.091773399999994],[12.6767527,46.0913851],[12.6766885,46.09123990000001],[12.676591899999998,46.09114319999999],[12.6765061,46.0910836],[12.6762915,46.09108359999998],[12.6760126,46.09107620000001],[12.6756049,46.091068799999995],[12.675325899999999,46.091038999999995],[12.675175700000002,46.0910092],[12.6750685,46.09093479999999],[12.674929,46.0907637],[12.674886099999998,46.090540499999996],[12.674778799999999,46.0902354],[12.6745427,46.090034499999994],[12.6741458,46.089721999999995],[12.673770299999997,46.08954339999999],[12.673384,46.0894839],[12.673029999999999,46.08948389999998],[12.672579399999998,46.0895434],[12.6720858,46.0896178],[12.6717425,46.089707099999984],[12.671517200000002,46.089669900000004],[12.6713777,46.0896029],[12.671291899999998,46.0895137],[12.671173899999998,46.0893872],[12.6709915,46.08933509999999],[12.670605300000002,46.08927549999999],[12.670218999999998,46.0891565],[12.6700259,46.0890449],[12.6699186,46.0889258],[12.6697362,46.0887547],[12.669650400000002,46.08853150000001],[12.6696289,46.08831570000001],[12.669521599999998,46.08818169999999],[12.6694144,46.08808499999999],[12.669167599999998,46.08798079999999],[12.6690388,46.0878841],[12.6689423,46.08779479999999],[12.6689514,46.08639070000001],[12.668953,46.08614289999999],[12.6688886,46.08576339999998],[12.6688243,46.0855327],[12.6686633,46.0854806],[12.6683629,46.085458299999985],[12.668105399999998,46.0853838],[12.6679348,46.08532319999999],[12.666174199999999,46.084937399999994],[12.664640000000002,46.084490900000006],[12.6640178,46.084342],[12.6636127,46.084261299999994],[12.663418,46.08426649999999],[12.663304800000002,46.0842803],[12.663706600000001,46.08595679999999],[12.663803200000002,46.0862694],[12.664007,46.088643099999985],[12.664295399999999,46.08897879999999],[12.664484499999999,46.089239899999995],[12.6642282,46.089503199999996]]},"properties":{"class":"track","name":null,"name:it":null,"source":"overpass","osm_id":77512162,"highway":"track","sac_scale":null,"access":null,"trail_visibility":null,"surface":null,"mtb:scale":null,"smoothness":null,"ref":null,"slope":0.30615083707147245,"grade":-0.1275033195581186,"slope_class":"0-3: flat","length_m":2265.829296344325,"shade_pct":40.8}},{"type":"Feature","geometry":{"type":"LineString","coordinates":[[12.670382,46.0951055],[12.6714937,46.0947097],[12.671743899999997,46.09457589999998],[12.6719535,46.09437799999999],[12.672139700000002,46.094083000000005],[12.672297599999998,46.0938549],[12.6724209,46.0937098]]},"properties":{"class":"track","name":"Via Circonvallazione","name:it":null,"source":"overpass","osm_id":77512173,"highway":"track","sac_scale":null,"access":null,"trail_visibility":null,"surface":null,"mtb:scale":null,"smoothness":null,"ref":null,"slope":1.084842699701393,"grade":-1.0628280022756766,"slope_class":"0-3: flat","length_m":231.12551321051177,"shade_pct":0.0}},{"type":"Feature","geometry":{"type":"LineString","coordinates":[[12.7071766,46.0926479],[12.6991735,46.09223399999998]]},"properties":{"class":"track","name":null,"name:it":null,"source":"overpass","osm_id":77512202,"highway":"track","sac_scale":null,"access":null,"trail_visibility":null,"surface":null,"mtb:scale":null,"smoothness":null,"ref":null,"slope":0.22861484933423454,"grade":-0.30927286963020245,"slope_class":"0-3: flat","length_m":620.9978926461032,"shade_pct":52.0}},{"type":"Feature","geometry":{"type":"LineString","coordinates":[[12.6767056,46.14009589999999],[12.6768469,46.140222400000006],[12.6768403,46.1404491],[12.676705600000002,46.14088610000001],[12.676482199999997,46.14140849999999],[12.6763015,46.1417666],[12.676225900000002,46.14219039999998],[12.676179,46.142364500000006],[12.676156900000002,46.14244660000001],[12.676114199999999,46.14273579999999],[12.676212799999998,46.14289999999999],[12.6763573,46.14304460000001],[12.6765512,46.14306100000001],[12.676820499999998,46.1430577]]},"properties":{"class":"track","name":null,"name:it":null,"source":"overpass","osm_id":77512207,"highway":"track","sac_scale":null,"access":null,"trail_visibility":null,"surface":null,"mtb:scale":null,"smoothness":null,"ref":null,"slope":9.294188519737844,"grade":-8.373225139011463,"slope_class":"8-10: hard","length_m":379.67176275076486,"shade_pct":43.3}},{"type":"Feature","geometry":{"type":"LineString","coordinates":[[12.6691163,46.1506043],[12.668922499999999,46.1505649],[12.6679763,46.1504565],[12.6676313,46.150423599999996],[12.6673948,46.150439999999996],[12.667095800000002,46.15050579999998],[12.6668165,46.1504499],[12.6659623,46.1501871],[12.6650917,46.14989469999999],[12.664579199999999,46.14971069999999]]},"properties":{"class":"track","name":null,"name:it":null,"source":"overpass","osm_id":77512220,"highway":"track","sac_scale":null,"access":null,"trail_visibility":null,"surface":null,"mtb:scale":null,"smoothness":null,"ref":null,"slope":0.31259223952348675,"grade":-0.003907959566978217,"slope_class":"0-3: flat","length_m":373.274136892607,"shade_pct":93.9}},{"type":"Feature","geometry":{"type":"LineString","coordinates":[[12.679050999999998,46.091793800000005],[12.679196099999999,46.09165780000001],[12.6793707,46.0915059],[12.679595200000001,46.091385700000004],[12.6819682,46.09073279999999],[12.6827068,46.090503299999995]]},"properties":{"class":"track","name":null,"name:it":null,"source":"overpass","osm_id":77512228,"highway":"track","sac_scale":null,"access":null,"trail_visibility":null,"surface":null,"mtb:scale":null,"smoothness":null,"ref":null,"slope":1.2718727928640172,"grade":-1.2652120541223533,"slope_class":"0-3: flat","length_m":322.45040530493134,"shade_pct":74.6}},{"type":"Feature","geometry":{"type":"LineString","coordinates":[[12.619000400000001,46.17264730000001],[12.618846899999998,46.17274139999999],[12.6187382,46.1727826],[12.6185338,46.172810199999994],[12.618142100000002,46.1728337],[12.6179528,46.1728494],[12.6176989,46.172856700000004],[12.617362600000002,46.172855900000016],[12.6172524,46.17285559999999],[12.6170602,46.1728615],[12.616927,46.17288090000001],[12.6167056,46.1729635],[12.6165126,46.173116799999995],[12.6163252,46.173368499999995],[12.616086700000002,46.1738324],[12.615893699999999,46.1742727],[12.6158343,46.17453629999999],[12.6157347,46.1747917],[12.615706699999997,46.17496539999999],[12.6157174,46.17516289999999],[12.615734900000001,46.17532899999999],[12.6156953,46.175627600000006],[12.6157264,46.17584269999999],[12.6157395,46.1759377],[12.6157359,46.17606180000001],[12.6157007,46.1763053],[12.6156783,46.176567799999994],[12.6156656,46.176752900000004],[12.615581000000002,46.17694819999999],[12.615514000000001,46.17708129999999],[12.6154508,46.1771584],[12.615410400000002,46.1771945]]},"properties":{"class":"track","name":"Vecchia strada della Valcellina","name:it":null,"source":"overpass","osm_id":77512293,"highway":"track","sac_scale":null,"access":"no","trail_visibility":null,"surface":null,"mtb:scale":null,"smoothness":null,"ref":null,"slope":3.2500073836495593,"grade":-1.2661983494712958,"slope_class":"3-5: mild","length_m":676.8996609072482,"shade_pct":17.0}},{"type":"Feature","geometry":{"type":"LineString","coordinates":[[12.6550942,46.13446040000001],[12.654791,46.1346312],[12.654524899999998,46.13501999999999],[12.653868299999997,46.1356869],[12.6531952,46.136199],[12.6527739,46.136519500000006],[12.651744,46.13714399999999],[12.6511432,46.1375158],[12.6510161,46.13772049999999],[12.650934,46.13793629999999],[12.650886,46.1381668],[12.650879999999999,46.138191],[12.650997699999998,46.1384817],[12.6511861,46.1387647],[12.651701099999999,46.13944870000001],[12.6522806,46.1402507],[12.652573999999998,46.14066040000001],[12.652743900000003,46.14095639999999],[12.652865799999999,46.14125399999999],[12.6531379,46.141664999999996],[12.6532683,46.141846399999984],[12.653432699999998,46.142093],[12.6535971,46.142498399999994],[12.6537615,46.143000099999995],[12.6537712,46.1432959]]},"properties":{"class":"track","name":null,"name:it":null,"source":"overpass","osm_id":77512314,"highway":"track","sac_scale":null,"access":null,"trail_visibility":null,"surface":"ground","mtb:scale":null,"smoothness":null,"ref":null,"slope":1.0619079016013737,"grade":0.9667203998451992,"slope_class":"0-3: flat","length_m":1154.2800679967766,"shade_pct":78.4}},{"type":"Feature","geometry":{"type":"LineString","coordinates":[[12.6703801,46.1520713],[12.670139700000002,46.1523824],[12.6701311,46.1523935],[12.669526199999998,46.15332529999999]]},"properties":{"class":"track","name":null,"name:it":null,"source":"overpass","osm_id":77512334,"highway":"track","sac_scale":null,"access":null,"trail_visibility":null,"surface":null,"mtb:scale":null,"smoothness":null,"ref":null,"slope":6.838257139260586,"grade":-10.638633183437722,"slope_class":"5-8: medium","length_m":154.36993906385624,"shade_pct":31.6}},{"type":"Feature","geometry":{"type":"LineString","coordinates":[[12.6735042,46.09750309999998],[12.6725127,46.097309300000006],[12.671978299999997,46.09720730000001],[12.6716192,46.09710329999999],[12.6712235,46.0970625],[12.6708012,46.0969238],[12.6703361,46.0968054],[12.669083999999998,46.096519799999996],[12.6689094,46.0964791],[12.668816299999998,46.096385999999995],[12.6685602,46.095693399999995],[12.669247,46.0955188],[12.670382,46.0951055]]},"properties":{"class":"track","name":"Via del Bosco","name:it":null,"source":"overpass","osm_id":77512339,"highway":"track","sac_scale":null,"access":null,"trail_visibility":null,"surface":null,"mtb:scale":null,"smoothness":null,"ref":null,"slope":0.6432099152016818,"grade":-0.5430140973377726,"slope_class":"0-3: flat","length_m":622.1181187516607,"shade_pct":77.5}},{"type":"Feature","geometry":{"type":"LineString","coordinates":[[12.6774168,46.101724899999994],[12.6774883,46.100763],[12.6774617,46.10058349999999],[12.6773597,46.1003305],[12.677333399999998,46.100223099999994],[12.677325399999999,46.09996459999999],[12.6773108,46.09973619999999],[12.677281899999999,46.0993897],[12.6772549,46.099054],[12.677164600000001,46.098668800000006],[12.677104000000002,46.09828480000001],[12.6771103,46.098136700000005],[12.677136000000003,46.09805870000001],[12.677151399999998,46.09796789999999]]},"properties":{"class":"track","name":null,"name:it":null,"source":"overpass","osm_id":77512350,"highway":"track","sac_scale":null,"access":null,"trail_visibility":null,"surface":null,"mtb:scale":null,"smoothness":null,"ref":null,"slope":2.030222933785652,"grade":-2.0981357537195553,"slope_class":"0-3: flat","length_m":420.63679579424536,"shade_pct":45.6}},{"type":"Feature","geometry":{"type":"LineString","coordinates":[[12.669526199999998,46.15332529999999],[12.6693394,46.1535073],[12.6689747,46.1539574],[12.668478599999998,46.154804999999996],[12.668127000000002,46.15544570000001],[12.667482799999998,46.15650589999999],[12.6672926,46.156819],[12.6668254,46.1574301],[12.6666233,46.15760689999999],[12.6665041,46.1576863],[12.6659016,46.1579436],[12.6658346,46.1580547],[12.6656084,46.15851670000001],[12.66587,46.1591385],[12.6657993,46.1600628]]},"properties":{"class":"track","name":null,"name:it":null,"source":"overpass","osm_id":77512352,"highway":"track","sac_scale":null,"access":null,"trail_visibility":null,"surface":null,"mtb:scale":null,"smoothness":null,"ref":null,"slope":0.9363409187889221,"grade":0.8553036516151844,"slope_class":"0-3: flat","length_m":838.3074770405124,"shade_pct":23.1}},{"type":"Feature","geometry":{"type":"LineString","coordinates":[[12.6789172,46.0932814],[12.6789285,46.092936699999996],[12.678930799999998,46.0925966],[12.678953499999999,46.09236979999999],[12.678998800000002,46.09205239999999],[12.679035100000002,46.09191179999999],[12.679050999999998,46.091793800000005],[12.679039599999998,46.091376600000004]]},"properties":{"class":"track","name":null,"name:it":null,"source":"overpass","osm_id":77512356,"highway":"track","sac_scale":null,"access":null,"trail_visibility":null,"surface":null,"mtb:scale":null,"smoothness":null,"ref":null,"slope":1.3114861238398854,"grade":-1.331615806117384,"slope_class":"0-3: flat","length_m":212.41160226039142,"shade_pct":64.5}},{"type":"Feature","geometry":{"type":"LineString","coordinates":[[12.6578914,46.1534855],[12.6576528,46.1535993],[12.657339099999998,46.153751099999994],[12.6567331,46.154063199999996],[12.6562798,46.15436609999999],[12.6559519,46.154621199999994]]},"properties":{"class":"cycleway","name":null,"name:it":null,"source":"overpass","osm_id":130071811,"highway":"cycleway","sac_scale":null,"access":null,"trail_visibility":null,"surface":null,"mtb:scale":null,"smoothness":null,"ref":null,"slope":2.3761282350336184,"grade":2.10984753005233,"slope_class":"0-3: flat","length_m":196.86128221254015,"shade_pct":0.0}},{"type":"Feature","geometry":{"type":"LineString","coordinates":[[12.597450600000002,46.1879542],[12.5971541,46.1880177],[12.5967415,46.1880579],[12.596314400000002,46.18809189999999]]},"properties":{"class":"track","name":null,"name:it":null,"source":"overpass","osm_id":131188250,"highway":"track","sac_scale":null,"access":"no","trail_visibility":null,"surface":null,"mtb:scale":null,"smoothness":null,"ref":null,"slope":2.750083175520252,"grade":5.190272189760367,"slope_class":"0-3: flat","length_m":89.35536896088104,"shade_pct":0.0}},{"type":"Feature","geometry":{"type":"LineString","coordinates":[[12.6138776,46.149904],[12.613894800000002,46.150009600000004],[12.6139274,46.15030299999999],[12.613964999999999,46.15042379999999],[12.614037399999999,46.15052409999999],[12.614222499999999,46.150710000000004],[12.614310999999999,46.15081399999999],[12.6144451,46.150902300000006],[12.614552399999999,46.1509376],[12.6146623,46.15096359999999],[12.6147915,46.1509649],[12.614909099999998,46.15094969999999],[12.6150137,46.1509209],[12.6150915,46.1509209],[12.615161200000001,46.1509329],[12.615241699999999,46.15096079999999],[12.615460699999998,46.1510929],[12.6155408,46.151140999999996],[12.615617199999999,46.15117729999999],[12.6156856,46.15119489999999],[12.6157889,46.1512098],[12.6159096,46.15122559999998],[12.616040999999997,46.1512395],[12.616236800000001,46.15126180000001],[12.6165426,46.151297099999994],[12.616674000000001,46.15130829999999],[12.6168054,46.15129899999999],[12.6169637,46.15125619999999],[12.6170549,46.1512117],[12.617130000000001,46.1511652],[12.6171997,46.15115219999999],[12.6172695,46.151172599999995],[12.6173285,46.15122559999999],[12.617392800000001,46.1513501],[12.6175509,46.151555099999996],[12.617687900000002,46.15176170000001],[12.6178649,46.1519493],[12.6179346,46.1520013],[12.6180232,46.15203849999999],[12.618090199999997,46.1520552],[12.6181724,46.1520587],[12.6182887,46.15204779999999],[12.618388500000002,46.15201609999999],[12.6185119,46.151931899999994],[12.6186883,46.1518341],[12.618757,46.151772],[12.618780899999999,46.15172449999999],[12.618771099999998,46.15167440000001],[12.618717799999999,46.15161299999998],[12.618685699999999,46.15152569999999],[12.618685699999999,46.151445800000005],[12.6187063,46.1513579],[12.618754700000002,46.1512674],[12.6188035,46.1512048],[12.6188466,46.1511745],[12.618893499999999,46.15116429999999],[12.6189427,46.15116490000001],[12.6189887,46.151177700000005],[12.6190064,46.151196399999996],[12.619020899999999,46.151241399999996],[12.619022999999999,46.15130059999999],[12.619017600000001,46.151403800000004],[12.6190109,46.15155969999999],[12.6190411,46.1516427],[12.619085299999998,46.151726199999985],[12.619133599999998,46.15180809999999],[12.61926,46.1520021],[12.6194291,46.15225780000001],[12.6196319,46.1524534],[12.619695,46.1525627],[12.6197548,46.152689999999986],[12.6197282,46.15287070000001],[12.619611199999998,46.15298969999999],[12.619482600000001,46.1530625],[12.6194623,46.15319010000001],[12.619612,46.153300899999984],[12.619812699999999,46.1533713],[12.619999699999997,46.15342059999999],[12.620222299999996,46.1534742],[12.6203527,46.15347739999999],[12.620514599999996,46.153438],[12.620698599999999,46.15334189999999],[12.620755000000003,46.153296399999995],[12.6208091,46.1532678],[12.6208596,46.153261999999984],[12.620918599999998,46.15327229999999],[12.620964200000001,46.1533113],[12.621025900000001,46.15338369999999],[12.6211157,46.153589999999994],[12.6212016,46.153762799999996],[12.621460100000002,46.15409350000001],[12.6216894,46.1543551],[12.6219619,46.15481759999999],[12.622156599999999,46.1552445],[12.6221753,46.15546860000001],[12.622218099999998,46.155765699999996],[12.622259699999999,46.155913399999996],[12.622313299999998,46.1560184],[12.6223908,46.1561578],[12.6224963,46.1562889],[12.622580200000002,46.15637329999999],[12.6226553,46.15644389999999],[12.622701,46.15646989999999],[12.622738500000002,46.156474100000004],[12.6227746,46.15646540000001],[12.6227874,46.1564429],[12.6227713,46.15641179999999],[12.6227009,46.1563584],[12.6226414,46.156297699999996],[12.622584299999998,46.15620229999999],[12.622558800000002,46.15604810000001],[12.6225789,46.1558326],[12.622609199999998,46.155701400000005],[12.6226567,46.15554170000001],[12.622727699999999,46.15537699999999],[12.6227301,46.15523679999999],[12.622679499999998,46.1551061],[12.6226553,46.155030000000004],[12.622641900000001,46.154959399999996],[12.6227117,46.1548293],[12.6228216,46.1547029],[12.622877999999998,46.1546249],[12.6229155,46.154467],[12.623004,46.15432019999999],[12.6230684,46.15420499999999],[12.623146200000003,46.15404710000001],[12.6231877,46.153949499999996],[12.6232025,46.15383429999999],[12.623202799999998,46.153745199999996],[12.6231938,46.153714],[12.623165,46.153666199999996],[12.623152899999997,46.1536165],[12.623163599999996,46.153588599999985],[12.623193800000001,46.1535728],[12.623226599999999,46.1535709],[12.6232488,46.153579799999996],[12.6232743,46.153600199999985],[12.6232783,46.15364159999999],[12.6232897,46.1536954],[12.6233395,46.15378389999999],[12.6233983,46.15389379999999],[12.623486199999999,46.15401259999999],[12.6236146,46.154187199999996],[12.6236299,46.15421349999999]]},"properties":{"class":"track","name":null,"name:it":null,"source":"overpass","osm_id":159007479,"highway":"track","sac_scale":null,"access":null,"trail_visibility":null,"surface":"gravel","mtb:scale":null,"smoothness":null,"ref":null,"slope":9.105840809729571,"grade":-8.629470841594692,"slope_class":"8-10: hard","length_m":1814.8576284468893,"shade_pct":88.4}},{"type":"Feature","geometry":{"type":"LineString","coordinates":[[12.635558999999999,46.15306290000001],[12.6354936,46.153015899999986],[12.6354156,46.15296029999999],[12.6353133,46.1529036],[12.6351097,46.1528387],[12.6350456,46.152824700000004],[12.6348409,46.15277149999999],[12.634537299999998,46.1526823],[12.6343788,46.152626999999995],[12.634251,46.1526229],[12.6342426,46.15257009999999],[12.6340665,46.15252489999999],[12.633858799999999,46.1524899],[12.633783299999997,46.152473199999996],[12.6337002,46.15246890000001],[12.6335831,46.1524542],[12.633468,46.152460799999986],[12.633477999999998,46.1524935],[12.6334926,46.152521799999995],[12.6335274,46.15258169999999],[12.633597300000002,46.1526206],[12.6336895,46.152724400000004],[12.6337587,46.15280959999999],[12.6338778,46.1529108],[12.633931600000002,46.153027900000005],[12.634027700000003,46.1531104],[12.6340623,46.15323289999999],[12.6341468,46.15333939999999],[12.6342852,46.1534752],[12.634404299999998,46.153658799999995],[12.634459999999999,46.1538319],[12.6344523,46.15392769999999],[12.6343909,46.154011600000004],[12.6342736,46.15410870000001],[12.634204499999997,46.154166],[12.6341276,46.15423919999999],[12.633985400000002,46.1542658],[12.633898999999998,46.154212599999994],[12.633660700000002,46.1540755],[12.6334666,46.1539623],[12.633312899999998,46.1538385],[12.633072699999998,46.1537201],[12.6328498,46.1536163],[12.63265,46.15348180000001],[12.632425200000002,46.153361999999994],[12.6320505,46.15322230000001],[12.6318065,46.153161],[12.631556699999999,46.1530679],[12.6312761,46.152972000000005],[12.6310302,46.1528828],[12.630863,46.152866899999985],[12.630640100000003,46.1528429],[12.6302904,46.152873499999984],[12.6299849,46.15289349999998],[12.6296948,46.1528735],[12.6293835,46.15283490000001],[12.6291683,46.1528482],[12.628893499999998,46.1528376],[12.6285592,46.152897499999995],[12.628372499999998,46.15305889999999],[12.628118899999999,46.1529285],[12.627846,46.1527128],[12.627434799999998,46.152537099999996],[12.6270813,46.1524014],[12.6267739,46.1523907],[12.626531699999996,46.15280069999999],[12.626566300000002,46.15298700000001],[12.6264664,46.1531894],[12.626504799999998,46.1534662],[12.626543299999998,46.1540625],[12.6265239,46.1545535],[12.6266104,46.1548956],[12.6264855,46.15518970000001],[12.6264355,46.155414699999994],[12.626512400000001,46.1556196],[12.6267372,46.1557181],[12.626794799999999,46.155909799999996],[12.626616100000001,46.1560828],[12.626494299999997,46.1562609],[12.626609600000002,46.1564872],[12.626634499999998,46.15674009999999],[12.626617,46.1569892],[12.626880700000001,46.1570868],[12.6272138,46.1572559],[12.627217,46.15731470000001]]},"properties":{"class":"path","name":null,"name:it":null,"source":"overpass","osm_id":159011183,"highway":"path","sac_scale":null,"access":null,"trail_visibility":null,"surface":null,"mtb:scale":null,"smoothness":null,"ref":null,"slope":19.39923451960083,"grade":17.7052691141123,"slope_class":"10-20: extreme","length_m":1663.1058530969003,"shade_pct":81.0}},{"type":"Feature","geometry":{"type":"LineString","coordinates":[[12.610578400000001,46.157855500000004],[12.6106503,46.1577674],[12.6107044,46.15767679999999],[12.6107988,46.157574],[12.6108759,46.1575045],[12.610960500000001,46.15744480000001],[12.6110409,46.157382],[12.6110885,46.157327599999995],[12.611097199999998,46.1572654],[12.6110633,46.15719109999999],[12.61102,46.15711449999999],[12.610972199999999,46.157026699999996],[12.610933999999999,46.15694109999999],[12.6109214,46.1568636],[12.610939799999999,46.156775599999996],[12.610992699999999,46.15670069999999],[12.6110467,46.1566189],[12.611055099999998,46.1565584],[12.6110401,46.1564902],[12.611016399999999,46.1564051],[12.6109896,46.156305399999994],[12.610961699999999,46.15621929999999],[12.610936900000002,46.1561125],[12.6109277,46.15601830000001],[12.6109143,46.1559301],[12.6108608,46.1558508],[12.6108402,46.1557972],[12.6108414,46.1557293],[12.610870200000003,46.1556375],[12.610896399999998,46.15554629999999],[12.610895399999999,46.15547109999999],[12.6108622,46.1553944],[12.6108061,46.155341899999996],[12.6107344,46.15529699999999],[12.6106439,46.1552406],[12.610555199999997,46.15518449999999],[12.610474600000002,46.1551212],[12.6104074,46.1550516],[12.610369,46.154980099999996],[12.6103809,46.1549218],[12.6104439,46.1548592],[12.6105333,46.1548028],[12.6106046,46.1547456],[12.6106711,46.1546786],[12.610720400000002,46.15460410000001],[12.6107425,46.15451920000001],[12.610745099999999,46.15442749999999],[12.610739699999998,46.1543442],[12.610718099999998,46.154240599999994],[12.6106831,46.1541417],[12.610643,46.15401099999999],[12.6106038,46.1538904],[12.610575299999997,46.15376719999999],[12.6105499,46.1536611],[12.6105273,46.153545599999994],[12.6104955,46.1534386],[12.6104598,46.153332899999995],[12.610415700000003,46.15322140000001],[12.610383200000001,46.15311430000001],[12.610344599999998,46.15299799999999],[12.610301499999998,46.1528949],[12.610246700000001,46.1527712],[12.610187,46.1526651],[12.610134399999998,46.15258829999999],[12.610067,46.15252660000001],[12.6099852,46.1524821],[12.609903,46.152428],[12.609855899999998,46.15235289999999],[12.6098388,46.15228090000001],[12.6098479,46.152221100000006],[12.6098898,46.15216259999998],[12.6099738,46.152088],[12.6100499,46.1520108],[12.610088799999998,46.1519337],[12.610107699999999,46.15185180000001],[12.610107899999997,46.15176999999999],[12.610112900000003,46.15166550000001],[12.610106499999999,46.15156329999999],[12.610077699999998,46.1514621],[12.610032799999999,46.1513618],[12.609966099999998,46.15128810000001],[12.609867199999998,46.151213],[12.609755200000002,46.1511245],[12.6096725,46.151042399999994],[12.609638700000001,46.150964899999984],[12.609659500000001,46.1508893],[12.609732899999997,46.1508204],[12.609812799999998,46.15076409999999],[12.6098442,46.1507022],[12.609837,46.15064350000001],[12.6097957,46.15056749999999],[12.6097445,46.1504722],[12.6096997,46.15037329999999],[12.609666,46.15024879999999],[12.609678999999998,46.15013969999998],[12.6097277,46.15004879999999],[12.6097919,46.1499713],[12.6098464,46.1498922],[12.6098839,46.14984769999999],[12.609899399999998,46.1498294],[12.6099591,46.14979030000001],[12.610043199999998,46.14979439999998],[12.610124100000002,46.14982990000001],[12.6101771,46.14985419999999],[12.610210800000003,46.149865999999996],[12.6104359,46.149954599999994],[12.6105502,46.1500108],[12.6106017,46.150033799999996]]},"properties":{"class":"track","name":null,"name:it":null,"source":"overpass","osm_id":159013286,"highway":"track","sac_scale":null,"access":null,"trail_visibility":null,"surface":null,"mtb:scale":null,"smoothness":null,"ref":null,"slope":5.9645844893566595,"grade":-6.164505408621969,"slope_class":"5-8: medium","length_m":1041.8492524282171,"shade_pct":100.0}},{"type":"Feature","geometry":{"type":"LineString","coordinates":[[12.6229445,46.148641899999994],[12.6228843,46.14868169999998],[12.622818600000002,46.14875790000001],[12.622783799999999,46.14883119999999],[12.6227759,46.148874400000004],[12.622770999999997,46.14889149999999],[12.6227495,46.14894150000001],[12.622661999999998,46.14911],[12.622557099999998,46.149203299999996],[12.622453199999999,46.14928739999999],[12.622330800000002,46.14933179999999],[12.6221326,46.149416599999995],[12.621931499999999,46.14952809999998],[12.621885499999998,46.149542099999984],[12.621847399999998,46.149504199999996],[12.6218601,46.14940709999999],[12.621856400000002,46.14927539999999],[12.6218179,46.1491685],[12.6217912,46.14900189999999],[12.6217323,46.148939],[12.6216714,46.148887099999996],[12.6214664,46.148948199999985],[12.621249600000002,46.14904040000001],[12.6211389,46.14909370000001],[12.621069999999998,46.1491072],[12.621007999999998,46.14912449999999],[12.620953499999999,46.149110099999994],[12.6205938,46.1490913],[12.6204149,46.149022699999996],[12.6203549,46.1490239],[12.6202152,46.14906830000001],[12.620031600000003,46.14911300000001],[12.6198587,46.1491818],[12.619611999999998,46.1491817],[12.6194286,46.149101200000004],[12.6193094,46.1490013],[12.6190789,46.148827],[12.6189011,46.148764799999995],[12.618748000000002,46.1486998],[12.618600899999999,46.14864719999999],[12.618350200000002,46.148574800000006],[12.6182485,46.1485617],[12.6179609,46.148559],[12.6178746,46.14853309999999],[12.617773,46.1485181],[12.6177081,46.1486187],[12.617728000000001,46.1487898],[12.617719600000001,46.148845400000006],[12.6176806,46.14889659999999],[12.6176604,46.148925899999995],[12.617628799999999,46.148959899999994],[12.6175456,46.14909099999999],[12.6175628,46.1492664],[12.617541899999997,46.149437899999995],[12.617414400000001,46.14960899999999],[12.6172769,46.149744],[12.617147099999999,46.149806999999996],[12.6171114,46.14979709999999],[12.617049399999999,46.1497754],[12.6169834,46.149750600000004],[12.6169181,46.14974120000001],[12.616852300000001,46.14975060000001],[12.6167661,46.149762800000005],[12.616631999999997,46.149779999999986],[12.616569,46.14986549999999],[12.616534299999998,46.14998359999999],[12.616471199999998,46.15014969999999],[12.616445899999999,46.1503247],[12.616445899999999,46.15042530000001],[12.616430099999999,46.150539],[12.616360699999998,46.15063299999999],[12.6163102,46.150724800000006],[12.616240799999998,46.150862599999996],[12.6161552,46.15096170000001],[12.616007799999998,46.15109239999999],[12.6158935,46.151174499999996],[12.6157889,46.1512098]]},"properties":{"class":"path","name":null,"name:it":null,"source":"overpass","osm_id":159013290,"highway":"path","sac_scale":"hiking","access":null,"trail_visibility":null,"surface":null,"mtb:scale":null,"smoothness":null,"ref":null,"slope":25.043732137304765,"grade":22.85721225844889,"slope_class":">20: impossible","length_m":930.1629243358639,"shade_pct":94.1}},{"type":"Feature","geometry":{"type":"LineString","coordinates":[[12.6128496,46.1532862],[12.6128384,46.1534249],[12.6128157,46.15354610000001],[12.6127897,46.1536405],[12.612776799999997,46.153746],[12.6127703,46.1538358],[12.6127444,46.1539571],[12.612734599999998,46.15407609999999],[12.612734599999998,46.15415470000001],[12.6127573,46.15423779999998],[12.612805999999999,46.1543344],[12.6128416,46.1544377],[12.612828699999998,46.1545208],[12.61278,46.1545881],[12.6127833,46.154666699999986],[12.612857799999999,46.15482389999999],[12.612932399999998,46.154934],[12.612990699999996,46.15503729999999],[12.613019899999998,46.15512480000001],[12.6130588,46.155250599999995],[12.6130945,46.15535839999999],[12.613130099999998,46.1554617],[12.613123699999997,46.15555379999999],[12.6131173,46.15573200000001],[12.613149399999998,46.1558972],[12.613185999999997,46.156020999999996],[12.6132227,46.156160799999995],[12.613236499999998,46.15632589999999],[12.6132456,46.156478299999996],[12.6132777,46.156687899999994],[12.613319000000002,46.1568467],[12.613341900000002,46.15701190000001],[12.6133511,46.157123],[12.613349300000001,46.157172800000005],[12.613359,46.157457],[12.613449700000002,46.157717399999996],[12.613644299999999,46.15801379999999],[12.613734999999998,46.15820249999999],[12.613735,46.15836409999999],[12.613747999999998,46.1585707],[12.613748,46.15872340000001],[12.6137869,46.158903099999996],[12.613812799999998,46.15908269999999],[12.613799899999997,46.15920839999999],[12.613696099999999,46.1592983],[12.613553499999998,46.159424],[12.613401699999999,46.1595064]]},"properties":{"class":"track","name":null,"name:it":null,"source":"overpass","osm_id":159013571,"highway":"track","sac_scale":null,"access":null,"trail_visibility":null,"surface":null,"mtb:scale":null,"smoothness":null,"ref":null,"slope":3.2221364616172,"grade":3.7550930793692574,"slope_class":"3-5: mild","length_m":718.0027059782963,"shade_pct":100.0}},{"type":"Feature","geometry":{"type":"LineString","coordinates":[[12.679039599999998,46.091376600000004],[12.678823499999998,46.09066700000001],[12.6787979,46.09052520000001],[12.6786315,46.0896018],[12.6785017,46.08783939999999],[12.6783311,46.086685],[12.678213100000002,46.0858813],[12.678083299999999,46.0852871],[12.677922299999999,46.0848257],[12.677783899999998,46.084519499999985],[12.6777316,46.08447509999999],[12.6775908,46.08435579999999],[12.6774835,46.084058199999994],[12.6773548,46.08361169999999],[12.677365500000002,46.0830684],[12.6773333,46.08237629999999],[12.6774299,46.0819001],[12.677578999999998,46.08121649999998],[12.6777185,46.08066579999999],[12.677805399999999,46.08038189999999],[12.677943799999998,46.0801523],[12.6780629,46.07999489999999]]},"properties":{"class":"track","name":null,"name:it":null,"source":"overpass","osm_id":170132576,"highway":"track","sac_scale":null,"access":null,"trail_visibility":null,"surface":null,"mtb:scale":null,"smoothness":null,"ref":null,"slope":1.6787207914008493,"grade":-1.6516387953664626,"slope_class":"0-3: flat","length_m":1288.727643848979,"shade_pct":76.4}},{"type":"Feature","geometry":{"type":"LineString","coordinates":[[12.682964300000002,46.0902428],[12.6838334,46.09010889999999],[12.684208900000002,46.09005679999999],[12.6846273,46.09000470000001],[12.6853569,46.0898336],[12.686697999999996,46.08951369999999],[12.6871704,46.089536800000005]]},"properties":{"class":"track","name":null,"name:it":null,"source":"overpass","osm_id":170132577,"highway":"track","sac_scale":null,"access":null,"trail_visibility":null,"surface":null,"mtb:scale":null,"smoothness":null,"ref":null,"slope":0.7808244121572068,"grade":-0.6615034413197934,"slope_class":"0-3: flat","length_m":337.34089152931836,"shade_pct":28.8}},{"type":"Feature","geometry":{"type":"LineString","coordinates":[[12.661129299999999,46.078016700000006],[12.661144900000002,46.078042999999994],[12.6611741,46.078059099999976],[12.6612527,46.0780717],[12.6613677,46.0780685],[12.6615252,46.078076700000004],[12.661605400000001,46.07808679999999],[12.6616799,46.0781046],[12.661740899999998,46.0781414],[12.6617788,46.07819599999999],[12.661816699999997,46.078288],[12.6618387,46.07858869999999],[12.66183,46.07874640000001],[12.661829999999998,46.0789011],[12.6619758,46.07950290000001],[12.6619911,46.07965260000001],[12.6621968,46.08044309999999],[12.662288,46.0807735],[12.662417600000001,46.0811025],[12.6625168,46.0814908],[12.6626912,46.081949200000004],[12.6627326,46.08205790000001],[12.663304800000002,46.0842803]]},"properties":{"class":"track","name":null,"name:it":null,"source":"overpass","osm_id":170133504,"highway":"track","sac_scale":null,"access":null,"trail_visibility":null,"surface":null,"mtb:scale":null,"smoothness":null,"ref":null,"slope":1.6129704668900013,"grade":1.5776229431762163,"slope_class":"0-3: flat","length_m":747.1977964173672,"shade_pct":0.0}},{"type":"Feature","geometry":{"type":"LineString","coordinates":[[12.6885771,46.0813766],[12.685559,46.08072179999999],[12.6855071,46.080710499999995],[12.6853783,46.080673299999994],[12.678136899999998,46.0798695],[12.6697533,46.07888879999999],[12.669543000000003,46.0788703],[12.669383199999999,46.0788563],[12.661281899999999,46.07791219999999],[12.661087,46.0778979]]},"properties":{"class":"track","name":null,"name:it":null,"source":"overpass","osm_id":170133506,"highway":"track","sac_scale":null,"access":null,"trail_visibility":null,"surface":null,"mtb:scale":null,"smoothness":null,"ref":null,"slope":0.06951739654280638,"grade":-0.08843892523210803,"slope_class":"0-3: flat","length_m":2165.0179747260686,"shade_pct":11.7}},{"type":"Feature","geometry":{"type":"LineString","coordinates":[[12.697039299999998,46.11185909999999],[12.696002600000002,46.111559699999994],[12.6951324,46.1114437],[12.6948253,46.1113837],[12.6945622,46.1112864],[12.693636799999998,46.11103529999999],[12.692814999999998,46.11087100000001],[12.692223300000002,46.11075269999999],[12.6913006,46.1105147],[12.690765800000001,46.1104172],[12.689465999999998,46.1101577],[12.689294399999998,46.1101577],[12.689181700000002,46.110178100000006],[12.6891066,46.110228299999996],[12.689031499999999,46.1103771],[12.688992799999998,46.1104503],[12.6888812,46.110514699999996],[12.688712299999999,46.110512799999995],[12.688103499999997,46.110447699999995],[12.6857002,46.110113],[12.683039400000002,46.1097709],[12.681937599999998,46.10965209999999],[12.681462300000002,46.10957569999999]]},"properties":{"class":"track","name":null,"name:it":null,"source":"overpass","osm_id":170138065,"highway":"track","sac_scale":null,"access":null,"trail_visibility":null,"surface":null,"mtb:scale":null,"smoothness":null,"ref":null,"slope":0.02078983338956613,"grade":0.12648328055861446,"slope_class":"0-3: flat","length_m":1268.589188681482,"shade_pct":44.0}},{"type":"Feature","geometry":{"type":"LineString","coordinates":[[12.711895999999998,46.08710219999999],[12.7114498,46.08728099999999],[12.7093566,46.0874518],[12.7086589,46.0874977]]},"properties":{"class":"track","name":null,"name:it":null,"source":"overpass","osm_id":170140016,"highway":"track","sac_scale":null,"access":null,"trail_visibility":null,"surface":null,"mtb:scale":null,"smoothness":null,"ref":null,"slope":2.8679145628839016,"grade":2.5921486845021215,"slope_class":"0-3: flat","length_m":257.1823801032325,"shade_pct":94.8}},{"type":"Feature","geometry":{"type":"LineString","coordinates":[[12.712675599999999,46.08682939999999],[12.7138427,46.0863832],[12.7149499,46.0859172],[12.7157478,46.0854484],[12.716135899999998,46.08509109999999],[12.7174672,46.0831525],[12.718984100000002,46.0809129],[12.719126799999998,46.08067879999999],[12.7205604,46.07856629999999],[12.7210262,46.077876499999995],[12.7215006,46.07715859999999],[12.7219892,46.0764533],[12.722046599999999,46.0763594],[12.7224031,46.0758079],[12.7234813,46.074209200000006],[12.724924700000003,46.072067499999996],[12.726118399999999,46.07029639999998],[12.7263992,46.06987929999999],[12.7278339,46.0677246],[12.7281142,46.067235999999994],[12.7282989,46.06684529999998],[12.7283931,46.06642050000001],[12.728551,46.06429450000001],[12.7285882,46.06393849999999],[12.7286106,46.0637239],[12.728631900000002,46.06344070000001],[12.7286012,46.06329469999999],[12.7285579,46.063208399999986],[12.7284518,46.06305869999999],[12.728164299999998,46.0628095],[12.7275057,46.0624177],[12.7268494,46.0620388],[12.726685700000003,46.0619112],[12.7266354,46.0618707],[12.7264969,46.061682399999995],[12.726420999999998,46.0614439],[12.7264181,46.0613344],[12.726434199999998,46.06123039999999],[12.726486099999999,46.0609425],[12.726555900000001,46.06071490000001],[12.7270628,46.0607925],[12.727504,46.0608798],[12.7281899,46.06105540000001],[12.728566099999998,46.0611685],[12.7289269,46.061263399999994],[12.7295015,46.061434399999996],[12.730905499999999,46.06182019999999],[12.7313839,46.0619727],[12.7319108,46.061900599999994],[12.732610499999998,46.0620754],[12.734018599999999,46.062662599999996],[12.734226500000002,46.0627493],[12.734888699999999,46.063019499999996],[12.7359044,46.0633118]]},"properties":{"class":"track","name":null,"name:it":null,"source":"overpass","osm_id":170140019,"highway":"track","sac_scale":null,"access":null,"trail_visibility":null,"surface":"gravel","mtb:scale":"0","smoothness":"intermediate","ref":null,"slope":1.0136808506260855,"grade":-0.9703690098374005,"slope_class":"0-3: flat","length_m":4111.939407922707,"shade_pct":4.6}},{"type":"Feature","geometry":{"type":"LineString","coordinates":[[12.625930799999999,46.13472000000001],[12.6276308,46.134241499999995]]},"properties":{"class":"track","name":null,"name:it":null,"source":"overpass","osm_id":170140625,"highway":"track","sac_scale":null,"access":null,"trail_visibility":null,"surface":null,"mtb:scale":null,"smoothness":null,"ref":null,"slope":9.689945762659004,"grade":-9.892641586269695,"slope_class":"8-10: hard","length_m":141.80683956328724,"shade_pct":77.0}},{"type":"Feature","geometry":{"type":"LineString","coordinates":[[12.702006599999999,46.101444599999994],[12.702485,46.09985879999999],[12.702666899999999,46.0990405],[12.702764599999998,46.0987981],[12.702774100000001,46.0987745],[12.7028502,46.0985855],[12.7030421,46.09855550000001],[12.7042602,46.0984898],[12.7048259,46.0984557],[12.7053827,46.098485399999994],[12.7055003,46.0985093],[12.705665900000001,46.0985524],[12.705799299999999,46.0985871],[12.705942,46.09858729999999],[12.706220399999998,46.0985398]]},"properties":{"class":"track","name":null,"name:it":null,"source":"overpass","osm_id":170140626,"highway":"track","sac_scale":null,"access":null,"trail_visibility":null,"surface":null,"mtb:scale":null,"smoothness":null,"ref":null,"slope":1.5282480663030855,"grade":-1.1116505766932985,"slope_class":"0-3: flat","length_m":589.1538044734003,"shade_pct":65.7}},{"type":"Feature","geometry":{"type":"LineString","coordinates":[[12.6628813,46.1127311],[12.664599399999998,46.11296050000001],[12.664896699999998,46.1130642],[12.665138699999998,46.113174799999996],[12.665747199999998,46.1132301],[12.6659753,46.11320249999999],[12.6661482,46.1132163],[12.668777599999999,46.113614699999985],[12.6797486,46.1152768],[12.680598999999999,46.1154151],[12.680958599999999,46.115444700000005],[12.681062099999998,46.1154374]]},"properties":{"class":"track","name":null,"name:it":null,"source":"overpass","osm_id":177136109,"highway":"track","sac_scale":null,"access":null,"trail_visibility":null,"surface":null,"mtb:scale":null,"smoothness":null,"ref":null,"slope":0.48794479642293215,"grade":0.40626285475868607,"slope_class":"0-3: flat","length_m":1442.547503253729,"shade_pct":69.9}},{"type":"Feature","geometry":{"type":"LineString","coordinates":[[12.659070999999999,46.10330009999999],[12.6586095,46.1034941],[12.658034499999998,46.103671899999995],[12.657625499999998,46.103861599999995],[12.6572284,46.10406309999999],[12.6568764,46.1041745],[12.6567602,46.1042113],[12.6562267,46.10450170000001],[12.655989599999998,46.1045669],[12.6557288,46.10470329999999],[12.655473900000002,46.10486920000001],[12.654556599999998,46.10533889999999],[12.654478200000002,46.105379],[12.6533423,46.10602279999999],[12.6531062,46.1061989]]},"properties":{"class":"track","name":null,"name:it":null,"source":"overpass","osm_id":177136110,"highway":"track","sac_scale":null,"access":null,"trail_visibility":null,"surface":"ground","mtb:scale":null,"smoothness":null,"ref":null,"slope":0.607773780320019,"grade":0.7673185809171591,"slope_class":"0-3: flat","length_m":566.4089202006556,"shade_pct":15.1}},{"type":"Feature","geometry":{"type":"LineString","coordinates":[[12.661165,46.113782199999996],[12.661202399999999,46.1126455],[12.661147099999999,46.11045370000001],[12.661105600000003,46.1091469],[12.661015700000002,46.108414],[12.661001899999999,46.107929999999996],[12.661029499999998,46.107688],[12.661022599999999,46.1072248],[12.660908799999998,46.106361199999995],[12.6607233,46.10567129999999],[12.660508799999999,46.105364],[12.659070999999999,46.10330009999999],[12.658880699999997,46.10295959999999],[12.6587592,46.1027422]]},"properties":{"class":"track","name":null,"name:it":null,"source":"overpass","osm_id":177136115,"highway":"track","sac_scale":null,"access":null,"trail_visibility":null,"surface":null,"mtb:scale":null,"smoothness":null,"ref":null,"slope":1.5959404354934332,"grade":-1.629003090654239,"slope_class":"0-3: flat","length_m":1263.9536332451476,"shade_pct":43.7}},{"type":"Feature","geometry":{"type":"LineString","coordinates":[[12.671608300000003,46.127271400000005],[12.671279800000002,46.1265899],[12.6713075,46.12637970000001],[12.6708484,46.12536189999999],[12.6687354,46.12075419999999],[12.668514099999998,46.120228700000006],[12.6675738,46.118093599999995],[12.6673913,46.1175737],[12.6670815,46.1167439]]},"properties":{"class":"track","name":null,"name:it":null,"source":"overpass","osm_id":177136119,"highway":"track","sac_scale":null,"access":null,"trail_visibility":null,"surface":null,"mtb:scale":null,"smoothness":null,"ref":null,"slope":1.4673429883684213,"grade":-1.5173820212817328,"slope_class":"0-3: flat","length_m":1224.060201919657,"shade_pct":95.7}},{"type":"Feature","geometry":{"type":"LineString","coordinates":[[12.6825718,46.074637700000004],[12.682418099999998,46.07465839999998],[12.682155199999999,46.07463769999998],[12.681862500000001,46.07461709999999],[12.681674,46.0746618],[12.681525200000001,46.07474779999999],[12.681178000000001,46.07475130000001],[12.6807663,46.07474440000001],[12.680171099999999,46.07471689999999],[12.6795312,46.0746618],[12.6788578,46.07460590000001],[12.6782955,46.074548099999994],[12.6775554,46.074467799999994],[12.677022299999999,46.07441909999999],[12.676524200000001,46.0743753],[12.6763699,46.074353399999985],[12.6763313,46.0742951],[12.676352399999997,46.0741929],[12.6763718,46.07410399999999],[12.676301600000002,46.07405769999999],[12.6762315,46.0740529],[12.676013999999999,46.074060199999984],[12.675817599999998,46.074067499999984],[12.675463299999999,46.07405039999999],[12.6747724,46.074048],[12.673891999999999,46.07406019999999],[12.6730116,46.074055300000005],[12.672422400000002,46.0740358],[12.670808899999999,46.074011500000005],[12.669853499999997,46.0740108],[12.6698367,46.074011399999996],[12.6697308,46.07400779999999],[12.669067300000002,46.074005199999995],[12.6687437,46.0740093],[12.6684175,46.0740228],[12.6681343,46.0740277],[12.667859099999998,46.0740234],[12.667675099999999,46.074025299999995],[12.6674875,46.07404249999999],[12.667305299999999,46.07405779999999],[12.667121199999999,46.0740572],[12.6670035,46.07404919999999],[12.666905299999998,46.0740339],[12.666759300000002,46.073989700000006],[12.666670900000002,46.073954099999995],[12.6665293,46.0738872],[12.666309900000002,46.07377300000001],[12.6660034,46.0736258],[12.665495399999998,46.0735231],[12.6645596,46.073443999999995],[12.6645421,46.073560300000004],[12.66451,46.07382209999999],[12.6644794,46.0739515],[12.6644546,46.074014199999986],[12.664416599999997,46.074082399999995],[12.664356999999999,46.07416589999999],[12.664253499999997,46.0742326],[12.664106300000002,46.0742953],[12.6639566,46.074383100000006],[12.6637787,46.0745353],[12.663665499999999,46.0745967],[12.6635441,46.07464619999999],[12.663309799999999,46.074683199999996],[12.6630833,46.074710200000005],[12.662755,46.07476669999999],[12.662435000000002,46.074836100000006],[12.6621157,46.0749127],[12.6617869,46.07500099999999],[12.6604902,46.07529829999999]]},"properties":{"class":"path","name":null,"name:it":null,"source":"overpass","osm_id":177468725,"highway":"path","sac_scale":null,"access":null,"trail_visibility":null,"surface":null,"mtb:scale":null,"smoothness":null,"ref":null,"slope":0.2250242877324071,"grade":0.31883094390735955,"slope_class":"0-3: flat","length_m":1862.7651326714108,"shade_pct":1.4}},{"type":"Feature","geometry":{"type":"LineString","coordinates":[[12.6845711,46.0853256],[12.684754799999999,46.08532499999999],[12.685267,46.0853966],[12.685382199999998,46.08540759999999],[12.6854696,46.08540490000001],[12.685556899999998,46.08537729999999],[12.6856364,46.0853085],[12.685676099999998,46.0851845],[12.685687999999999,46.08500819999998],[12.685695900000002,46.08478509999999],[12.685711799999998,46.08469149999999],[12.685783299999999,46.08466119999999],[12.686069200000002,46.084686],[12.686664900000002,46.084782399999995],[12.6869151,46.08480719999999],[12.6875386,46.0848705],[12.6879476,46.08489809999999],[12.688126999999998,46.08490129999999],[12.708026599999998,46.0859438],[12.708041500000002,46.085944600000005]]},"properties":{"class":"track","name":null,"name:it":null,"source":"overpass","osm_id":177475753,"highway":"track","sac_scale":null,"access":null,"trail_visibility":null,"surface":null,"mtb:scale":null,"smoothness":null,"ref":null,"slope":0.02422151359430138,"grade":-0.07023197094693417,"slope_class":"0-3: flat","length_m":1892.4017466718876,"shade_pct":46.2}},{"type":"Feature","geometry":{"type":"LineString","coordinates":[[12.711594499999999,46.08623879999998],[12.7114627,46.08617110000001],[12.7113428,46.0860645],[12.710049599999998,46.0845145],[12.709920999999998,46.08433440000001],[12.7097951,46.084141499999994],[12.709703,46.0839498],[12.7096263,46.0837657],[12.709552199999997,46.0833127],[12.709471199999998,46.0830274],[12.7094253,46.082896999999996],[12.7094403,46.0828592],[12.7095312,46.082755500000005],[12.709709899999998,46.0826293],[12.710098999999998,46.082492599999995],[12.710640399999997,46.08224549999999],[12.710856,46.082103599999996],[12.7110978,46.081940599999996],[12.711402699999999,46.081525299999996],[12.7114921,46.081251900000005],[12.711379599999999,46.0807353],[12.7113041,46.08045779999999],[12.7112302,46.0801808],[12.711188800000002,46.0800591],[12.711112199999999,46.07974189999999],[12.711011099999999,46.0793108],[12.7109442,46.0790679],[12.7108725,46.078809],[12.710740299999998,46.07830539999999],[12.710548099999999,46.07756789999999],[12.710362699999997,46.076874399999994],[12.710162599999999,46.0760835],[12.7100291,46.07556079999999],[12.7099847,46.0754047],[12.7097239,46.0743212],[12.709453299999998,46.07330869999999],[12.708842299999999,46.07096109999999],[12.708796700000002,46.070787499999994],[12.7082359,46.0686498],[12.707613699999998,46.066365],[12.707254399999998,46.06505799999999],[12.707105000000002,46.0644386],[12.706791700000002,46.06317939999998],[12.7066641,46.06274969999999],[12.7064857,46.0623081],[12.706472899999998,46.06227489999999]]},"properties":{"class":"track","name":null,"name:it":null,"source":"overpass","osm_id":177475755,"highway":"track","sac_scale":null,"access":null,"trail_visibility":null,"surface":null,"mtb:scale":null,"smoothness":null,"ref":null,"slope":1.5079830243895875,"grade":-1.2985565115226108,"slope_class":"0-3: flat","length_m":2814.7368845597794,"shade_pct":5.3}},{"type":"Feature","geometry":{"type":"LineString","coordinates":[[12.691875199999998,46.0746095],[12.6921926,46.07466949999999],[12.692897599999998,46.074812699999995],[12.6933304,46.074900499999984],[12.6937784,46.0749908],[12.694444500000001,46.07512510000001],[12.6949806,46.07522929999999],[12.6955077,46.0753326],[12.695991,46.07542689999999],[12.6967426,46.075582999999995],[12.697359599999999,46.0757133],[12.6979217,46.0758246],[12.6985908,46.0759609],[12.699004000000002,46.07604909999999],[12.6993927,46.0761574],[12.699622999999999,46.0762146],[12.700313499999998,46.07640069999999],[12.701051500000002,46.07659970000001],[12.701499699999998,46.07665579999999],[12.7018218,46.07664179999999],[12.7056522,46.0761306]]},"properties":{"class":"track","name":null,"name:it":null,"source":"overpass","osm_id":177475765,"highway":"track","sac_scale":null,"access":null,"trail_visibility":null,"surface":null,"mtb:scale":null,"smoothness":null,"ref":null,"slope":0.2474954673019148,"grade":0.10102450254408106,"slope_class":"0-3: flat","length_m":1106.6131594811052,"shade_pct":24.0}},{"type":"Feature","geometry":{"type":"LineString","coordinates":[[12.711594499999999,46.08623879999998],[12.711576799999998,46.0861487],[12.7115555,46.086069800000004],[12.7115289,46.085583799999995],[12.711483999999999,46.0853654],[12.7114479,46.085190299999994],[12.711452099999999,46.0850441],[12.7114507,46.0849219],[12.7114673,46.0847795],[12.7115076,46.084678499999995],[12.711618499999998,46.0845294],[12.7119472,46.0840561],[12.713237999999999,46.0821689],[12.7140334,46.080971000000005],[12.714118899999999,46.080807300000004]]},"properties":{"class":"track","name":null,"name:it":null,"source":"overpass","osm_id":177475768,"highway":"track","sac_scale":null,"access":null,"trail_visibility":null,"surface":null,"mtb:scale":null,"smoothness":null,"ref":null,"slope":1.6689411623274288,"grade":-1.168310430849993,"slope_class":"0-3: flat","length_m":650.4864398244981,"shade_pct":60.6}},{"type":"Feature","geometry":{"type":"LineString","coordinates":[[12.707613699999998,46.0834547],[12.707243400000001,46.083453399999996],[12.6999026,46.083068],[12.6998081,46.083062999999996],[12.6910894,46.082605199999996],[12.6909388,46.08259730000001],[12.690807299999998,46.082570399999994],[12.6907417,46.082557],[12.6893837,46.08178170000001],[12.6888311,46.08145920000001],[12.6886791,46.08140470000001],[12.6885771,46.0813766]]},"properties":{"class":"track","name":null,"name:it":null,"source":"overpass","osm_id":177475769,"highway":"track","sac_scale":null,"access":null,"trail_visibility":null,"surface":null,"mtb:scale":null,"smoothness":null,"ref":null,"slope":0.10838701826261961,"grade":-0.08831161166064007,"slope_class":"0-3: flat","length_m":1523.5184822083745,"shade_pct":40.8}},{"type":"Feature","geometry":{"type":"LineString","coordinates":[[12.6892141,46.07532269999999],[12.689421800000002,46.0753091],[12.689764900000002,46.0754492],[12.689982,46.07565919999998],[12.6903531,46.0759113],[12.6908713,46.07613539999999],[12.6914455,46.07632449999999],[12.6915715,46.0764505],[12.6915995,46.0765485]]},"properties":{"class":"track","name":null,"name:it":null,"source":"overpass","osm_id":177475771,"highway":"track","sac_scale":null,"access":null,"trail_visibility":null,"surface":null,"mtb:scale":null,"smoothness":null,"ref":null,"slope":1.28366107728153,"grade":1.1060921884452117,"slope_class":"0-3: flat","length_m":240.43281356811306,"shade_pct":58.0}},{"type":"Feature","geometry":{"type":"LineString","coordinates":[[12.6326822,46.1169093],[12.6327309,46.116953800000005],[12.632830700000001,46.1170448],[12.6329703,46.1171677],[12.633160900000002,46.117319699999996],[12.633364099999998,46.11744159999999],[12.633612,46.11758000000001]]},"properties":{"class":"cycleway","name":null,"name:it":null,"source":"overpass","osm_id":178879019,"highway":"cycleway","sac_scale":null,"access":null,"trail_visibility":null,"surface":"paved","mtb:scale":null,"smoothness":null,"ref":null,"slope":1.363971409931938,"grade":1.5515295669259288,"slope_class":"0-3: flat","length_m":104.13937370394065,"shade_pct":100.0}},{"type":"Feature","geometry":{"type":"LineString","coordinates":[[12.646275599999996,46.193696999999986],[12.646265999999999,46.19368759999999],[12.646238899999998,46.19367309999999],[12.646216699999998,46.1936646],[12.6461813,46.1936621],[12.6461325,46.1936639],[12.646085099999999,46.19366759999999],[12.6460655,46.19367139999999],[12.6460498,46.19367179999999],[12.646034099999998,46.19367419999999],[12.6460185,46.19367359999999],[12.6459948,46.1936713],[12.6459771,46.1936594],[12.6459588,46.193644400000004],[12.645958099999998,46.193626599999995],[12.6459605,46.193606],[12.645956499999999,46.1935881],[12.6459349,46.1935677],[12.6459269,46.19354899999999],[12.6459515,46.19352419999999],[12.645989599999998,46.1935166],[12.646055,46.1934467],[12.646069,46.1934278],[12.646092899999998,46.19336139999999],[12.6460648,46.1933261],[12.646053699999998,46.1932982],[12.646057799999998,46.193278500000005],[12.6460545,46.19326589999999],[12.646043399999998,46.1932479],[12.6459668,46.1931795],[12.6459522,46.193146599999984],[12.6459723,46.19309189999999],[12.6459686,46.1930645],[12.6459413,46.1929914],[12.645929900000002,46.192889900000004],[12.645947799999998,46.19285399999999],[12.6459434,46.19282210000001],[12.6459277,46.192792],[12.645916100000003,46.19275759999999],[12.6459193,46.19272130000001],[12.6458992,46.1926519],[12.64587,46.19258799999999],[12.6457743,46.1925212],[12.645756799999997,46.1924912],[12.6456418,46.19244189999999],[12.645613599999999,46.1924123],[12.645597200000001,46.19238369999999],[12.6455651,46.1923418],[12.645485799999998,46.19231359999999],[12.6454511,46.192303],[12.6454106,46.192276799999995],[12.645373699999999,46.19224929999999],[12.645321499999998,46.192205699999995],[12.6453351,46.19213150000001],[12.6453507,46.1921025],[12.6453463,46.19209239999999],[12.645344599999998,46.19207809999999],[12.645316999999999,46.192066399999995],[12.645287900000001,46.1920665],[12.6452342,46.19204770000001],[12.6452122,46.19202610000001],[12.645171,46.191968],[12.645102999999999,46.19190780000001],[12.645075100000001,46.19185389999999],[12.645096,46.19180859999999],[12.645102400000003,46.19176699999999],[12.645074399999999,46.19173529999999],[12.645047199999999,46.191697399999995],[12.6450271,46.1916729],[12.644960099999999,46.191626],[12.644851100000002,46.1915356],[12.644786899999998,46.191488899999996],[12.6447235,46.1914173],[12.644659499999998,46.1913684],[12.6446295,46.1913102],[12.644600500000001,46.1912831],[12.644588600000002,46.19124630000001],[12.644622300000002,46.1911987],[12.644649599999997,46.1911741],[12.6447106,46.1911672],[12.644760000000002,46.191152900000006],[12.6448129,46.19114019999999],[12.6448439,46.1911146],[12.6448622,46.19104889999999],[12.645008299999999,46.190999600000005],[12.645192699999999,46.1910087],[12.645273,46.19099179999999],[12.6453132,46.19096489999999],[12.6453041,46.1908954],[12.6452585,46.190844399999996],[12.6452466,46.19078979999999],[12.6452602,46.190720199999994],[12.645236499999998,46.19065449999999],[12.6451415,46.1905833],[12.6450703,46.1904902],[12.6449955,46.190413500000005],[12.644977999999998,46.190359499999985],[12.644988199999998,46.1903314],[12.6449801,46.1902676],[12.6449571,46.1902175],[12.6448604,46.19012140000001],[12.644790999999998,46.190073899999994],[12.6447234,46.18991139999999],[12.644624899999998,46.18987489999999],[12.644591999999998,46.189849399999986],[12.644564199999998,46.189675399999985],[12.644497099999999,46.1895864],[12.6444794,46.189539399999994],[12.6444843,46.1894915],[12.644451999999998,46.189358600000006],[12.644382900000002,46.189136],[12.6443446,46.1890558],[12.644236,46.189004000000004],[12.644219500000002,46.1889639],[12.644175699999998,46.18891820000001],[12.6442487,46.18865029999999],[12.644316299999998,46.188319400000005],[12.6443705,46.18830289999999],[12.6444496,46.18830659999999],[12.6444678,46.18828830000001],[12.644493399999998,46.188177],[12.6445117,46.18807109999999],[12.644581,46.1878849],[12.6445719,46.1878082],[12.6445317,46.187744300000006],[12.644336400000002,46.18735540000001],[12.6442871,46.187187400000006],[12.644228,46.1870616],[12.6441776,46.18698289999999],[12.644195800000002,46.186855099999995],[12.644190299999998,46.1867127],[12.643993200000002,46.186654299999994],[12.643823399999999,46.186444299999984],[12.6437704,46.18637309999999],[12.643759499999998,46.1862399],[12.643638999999999,46.186037199999994],[12.6435039,46.185978799999994],[12.6434929,46.185927699999986],[12.6434655,46.18582750000001],[12.6434905,46.1856575],[12.643459999999997,46.185491299999995],[12.643427199999996,46.185390899999994],[12.6433395,46.1853471],[12.6432245,46.185303299999994],[12.6432409,46.18519189999999],[12.643277500000002,46.185016600000004],[12.643237300000001,46.1848486],[12.6432263,46.1847355],[12.643177,46.184748199999994],[12.6431497,46.184761],[12.6431259,46.1847245],[12.6431387,46.18467249999999],[12.643026600000002,46.1845626],[12.642958,46.1844178],[12.642995199999998,46.18437509999999],[12.6428721,46.1842568],[12.6428096,46.1842409],[12.6427553,46.18420780000001],[12.642304300000001,46.1837769],[12.642083399999999,46.18354509999999],[12.642067700000002,46.18347270000001],[12.642021300000001,46.1833972],[12.6420177,46.1833205],[12.641634299999998,46.183026599999984],[12.641510100000001,46.18277640000001],[12.641281899999997,46.18260479999999],[12.641219700000002,46.18211380000001],[12.6411933,46.181864899999994],[12.6411413,46.18181059999999],[12.641118499999997,46.18171149999999],[12.641047700000001,46.181571999999996],[12.641057,46.181494699999995],[12.6410662,46.181417599999996],[12.6409935,46.18130119999999],[12.640657500000001,46.1812154],[12.640286900000001,46.1810219],[12.6401423,46.180917599999994],[12.6399747,46.180828399999996],[12.6397118,46.180643999999994],[12.639420599999998,46.1803651],[12.639247,46.18027039999999],[12.639147199999998,46.1802106],[12.639058199999997,46.180191199999996],[12.638793400000003,46.180189399999996],[12.6385871,46.1800086],[12.638501299999998,46.1799035],[12.6384105,46.179833499999994],[12.6382119,46.1797194],[12.6381303,46.1796005],[12.638053299999997,46.1794921],[12.638007799999999,46.179376899999994],[12.637966,46.1792571],[12.6380717,46.1790073],[12.6380893,46.17890919999999],[12.6381075,46.178834],[12.638086699999999,46.17875169999999],[12.638065000000001,46.17862830000001],[12.637963300000001,46.17867919999999],[12.637868099999999,46.1787239],[12.637761899999997,46.178787199999995],[12.6376049,46.1788493],[12.6375136,46.178858399999996],[12.637403999999998,46.178840099999995],[12.6372087,46.178852899999995],[12.6370572,46.17881820000001],[12.6369476,46.17872690000001],[12.636815599999998,46.1787022],[12.636692,46.17863199999999],[12.636063899999998,46.17876530000001],[12.636042,46.17882],[12.635791899999997,46.17890039999999],[12.6356093,46.179061],[12.635491700000001,46.1791135],[12.635401799999999,46.1791512],[12.635278899999998,46.17917059999999],[12.635165400000002,46.1791906],[12.6350575,46.17922289999999],[12.634932399999999,46.17928539999998],[12.6348496,46.179290099999996],[12.6347302,46.17928880000001],[12.6345838,46.1793019],[12.634453000000002,46.1793016],[12.6342895,46.1793034],[12.6340319,46.1792468],[12.633828099999999,46.179158699999995],[12.6336721,46.1790952],[12.6334937,46.17900780000001],[12.633366699999996,46.179060299999996],[12.6331509,46.17919369999999],[12.6330717,46.179238500000004],[12.632861299999998,46.1792609],[12.632604399999998,46.1793219],[12.632432,46.1792902],[12.632357199999998,46.17928],[12.632240700000002,46.1793373],[12.6320711,46.1793528],[12.6318966,46.17936009999999],[12.6318235,46.1793691],[12.631789499999998,46.1793752],[12.6317404,46.17938900000001],[12.631616799999998,46.17943019999999],[12.6315391,46.1794579],[12.6314844,46.1794798],[12.6314072,46.17952129999999],[12.6313586,46.179543499999994],[12.6311862,46.1796021],[12.631010899999998,46.1796703],[12.630950499999999,46.1796914],[12.630919299999999,46.17970059999999],[12.6308798,46.1797092],[12.630839400000001,46.1797146],[12.6307154,46.1797243],[12.6306072,46.1797301],[12.630542899999998,46.17973669999999],[12.630405399999999,46.1797624],[12.630278499999998,46.17979040000001],[12.630200899999998,46.179804499999996],[12.630165199999999,46.1798078],[12.6301294,46.179807499999995],[12.6300935,46.17980459999999],[12.6299494,46.1797815],[12.6299133,46.17977679999999],[12.6298772,46.179773999999995],[12.6298106,46.17977309999999],[12.6296439,46.179775099999986],[12.629577600000001,46.179771900000006],[12.629517700000001,46.1797637],[12.6293417,46.17972530000001],[12.629225000000002,46.17970979999999],[12.629137699999998,46.179702099999986]]},"properties":{"class":"path","name":null,"name:it":null,"source":"overpass","osm_id":178987651,"highway":"path","sac_scale":"mountain_hiking","access":null,"trail_visibility":"good","surface":null,"mtb:scale":null,"smoothness":null,"ref":null,"slope":20.949138998112662,"grade":18.351678813371194,"slope_class":">20: impossible","length_m":2811.380316137228,"shade_pct":16.1}},{"type":"Feature","geometry":{"type":"LineString","coordinates":[[12.642157799999998,46.1346253],[12.6422652,46.13469180000001],[12.642408,46.1347861],[12.6430603,46.1353298],[12.643208,46.135439100000006],[12.6433232,46.135503299999996],[12.6434056,46.13553519999999],[12.643693600000002,46.13560340000001],[12.6440184,46.13566869999999],[12.6443666,46.1357333],[12.6446732,46.135803200000005],[12.6448025,46.1358304],[12.644913199999998,46.1359055],[12.645002199999999,46.13597849999999],[12.645138999999999,46.136146499999995],[12.6452803,46.1363351],[12.645504899999999,46.1366129],[12.645647199999999,46.13680219999999],[12.645765699999998,46.13696499999999],[12.645816499999999,46.13704789999999],[12.645854899999998,46.13710429999999],[12.6459329,46.137132699999995],[12.6460333,46.1371543],[12.6461914,46.13716689999999],[12.646299799999998,46.1371919],[12.646409799999999,46.1372354],[12.6465415,46.13733119999999],[12.6466603,46.1374589],[12.6467741,46.13759249999999],[12.6468464,46.1377036],[12.6468893,46.1377929],[12.6469187,46.138044799999996],[12.646934499999999,46.1381747],[12.646965999999999,46.1382604],[12.6470248,46.1384219],[12.647108399999999,46.138658199999995],[12.6471942,46.1388053],[12.647326600000001,46.13898890000001],[12.6474313,46.13914809999999],[12.647508100000001,46.1392466],[12.647546900000002,46.13928969999999],[12.647523900000001,46.139339],[12.6475385,46.1394083],[12.647596199999999,46.1394757],[12.647726499999997,46.13962699999999],[12.6478239,46.13976679999998],[12.6479462,46.139918699999996],[12.6482439,46.1402571],[12.648396999999997,46.14043079999999],[12.6485251,46.140618700000005],[12.6486336,46.14075069999999],[12.6488354,46.14090219999999],[12.6490698,46.141076999999996],[12.649269,46.1412494],[12.6493552,46.1413471],[12.649403899999998,46.141456399999996],[12.649526899999998,46.14177949999999],[12.649598800000001,46.141938700000004],[12.649662,46.1420621],[12.649818899999998,46.14258399999999],[12.6498958,46.1427987],[12.6500711,46.1431308],[12.650169599999998,46.143460999999995],[12.6502363,46.14379939999999]]},"properties":{"class":"cycleway","name":"Itinerario pedemontano pordenonese","name:it":null,"source":"overpass","osm_id":179118605,"highway":"cycleway","sac_scale":null,"access":null,"trail_visibility":null,"surface":"asphalt","mtb:scale":null,"smoothness":null,"ref":null,"slope":0.2116907378386143,"grade":0.6772353698451522,"slope_class":"0-3: flat","length_m":1266.4719285955898,"shade_pct":71.3}},{"type":"Feature","geometry":{"type":"LineString","coordinates":[[12.634991599999998,46.1135538],[12.6357254,46.113035999999994],[12.6364764,46.11229229999999],[12.636809,46.1119501],[12.637270299999999,46.1114146],[12.637627599999998,46.111043499999994],[12.6378712,46.11081209999999],[12.6380106,46.1102692],[12.637962200000002,46.109808699999995],[12.638042800000001,46.1091981],[12.638110400000002,46.1088269],[12.637992399999996,46.1081649],[12.637710200000003,46.1075022],[12.6375222,46.10680649999999],[12.6375176,46.1067892],[12.6375096,46.10641689999999],[12.6375699,46.10587859999999],[12.637800299999999,46.10537299999999],[12.6380997,46.10498869999999],[12.6384071,46.1045572],[12.6386039,46.10424479999999],[12.6387312,46.104002799999996]]},"properties":{"class":"track","name":null,"name:it":null,"source":"overpass","osm_id":184162325,"highway":"track","sac_scale":null,"access":null,"trail_visibility":null,"surface":null,"mtb:scale":null,"smoothness":null,"ref":null,"slope":1.4517755547035542,"grade":-1.4232761797060713,"slope_class":"0-3: flat","length_m":1162.317211843273,"shade_pct":50.6}},{"type":"Feature","geometry":{"type":"LineString","coordinates":[[12.643141099999998,46.09385099999999],[12.6433246,46.09339789999999],[12.643638399999999,46.092936599999994],[12.643989799999998,46.0925572],[12.6451696,46.09125],[12.6457493,46.09060769999999],[12.646060499999997,46.0902431],[12.647012099999998,46.0894689],[12.649511899999998,46.087601299999996],[12.649879899999998,46.0872445],[12.6502093,46.08684229999999],[12.651271500000002,46.0855177],[12.651990300000001,46.084542899999995],[12.6522491,46.08422269999999],[12.652451,46.08396939999999]]},"properties":{"class":"track","name":null,"name:it":null,"source":"overpass","osm_id":184162327,"highway":"track","sac_scale":null,"access":null,"trail_visibility":null,"surface":null,"mtb:scale":null,"smoothness":null,"ref":null,"slope":1.0980554268217457,"grade":-1.128452647888554,"slope_class":"0-3: flat","length_m":1323.5854587427123,"shade_pct":15.5}},{"type":"Feature","geometry":{"type":"LineString","coordinates":[[12.6435167,46.1222283],[12.6434072,46.1220795],[12.6432034,46.121826599999984],[12.6429277,46.1215373],[12.6426133,46.1212317],[12.6423054,46.1209127],[12.6421198,46.1207855],[12.641811899999999,46.12054079999999],[12.641443899999999,46.120235199999996],[12.641050099999998,46.11978229999999],[12.640942799999998,46.119640999999994],[12.640524399999999,46.1193361],[12.639888200000001,46.119023],[12.639633899999998,46.1187932],[12.639394599999997,46.118457799999995],[12.6389687,46.11813130000001],[12.638697300000002,46.11792229999999],[12.6384537,46.117811499999995],[12.6380655,46.117627799999994],[12.637731399999998,46.11737879999999],[12.6376634,46.1172404],[12.637473700000001,46.1170443],[12.6373776,46.116896],[12.637237099999998,46.116790699999996]]},"properties":{"class":"track","name":null,"name:it":null,"source":"overpass","osm_id":184162329,"highway":"track","sac_scale":null,"access":null,"trail_visibility":null,"surface":"ground","mtb:scale":null,"smoothness":null,"ref":null,"slope":1.3629631733951093,"grade":-1.3312509546695102,"slope_class":"0-3: flat","length_m":785.9442720623225,"shade_pct":83.4}},{"type":"Feature","geometry":{"type":"LineString","coordinates":[[12.6430312,46.1120814],[12.6432173,46.1123228],[12.643396499999998,46.11264179999999],[12.643549900000002,46.112888000000005],[12.643643300000003,46.11319220000001],[12.643893299999998,46.113669],[12.6439437,46.113824400000006],[12.6440499,46.1139505],[12.644125000000003,46.114091800000004],[12.644244099999998,46.11437479999999],[12.6443406,46.11484329999999],[12.6443621,46.1151632],[12.6445123,46.1153342],[12.644684,46.1155127],[12.6449415,46.1158102],[12.644986700000002,46.11613600000001],[12.6449951,46.1161969],[12.645155999999998,46.116501899999996],[12.6453384,46.11671009999999],[12.645617400000003,46.1170522],[12.645939199999999,46.1176323],[12.646014299999997,46.11780329999999],[12.6461645,46.1181083],[12.6461803,46.11814199999999],[12.646411299999999,46.11863629999999],[12.6468512,46.1194692],[12.647022899999998,46.11979640000001],[12.6471052,46.1199551],[12.647168899999999,46.12007789999999],[12.647366200000002,46.120458299999996],[12.6476376,46.1209498],[12.6480668,46.12161169999999],[12.6486644,46.122644599999994],[12.648728699999998,46.122875099999995],[12.648836,46.12322460000001],[12.6489465,46.1236493],[12.649061299999998,46.1239162],[12.6491257,46.1240278],[12.6492684,46.1242367],[12.6494905,46.1246375],[12.649694299999998,46.1250614],[12.649823099999999,46.125373700000004],[12.649933599999999,46.125664399999984],[12.6500131,46.125831999999996],[12.6501911,46.12620729999998],[12.6505526,46.1269501],[12.650724600000002,46.1273921]]},"properties":{"class":"track","name":null,"name:it":null,"source":"overpass","osm_id":184162330,"highway":"track","sac_scale":null,"access":null,"trail_visibility":null,"surface":null,"mtb:scale":null,"smoothness":null,"ref":null,"slope":1.455555951256127,"grade":1.513904161977084,"slope_class":"0-3: flat","length_m":1814.3586666223378,"shade_pct":29.3}},{"type":"Feature","geometry":{"type":"LineString","coordinates":[[12.6504462,46.1278127],[12.6514034,46.128452799999984],[12.6517804,46.128827099999995],[12.651904499999999,46.128950299999985],[12.6526233,46.1297236],[12.652808900000002,46.1299845],[12.6528915,46.1303481],[12.653109299999999,46.1309214],[12.653299200000001,46.1313296],[12.653985900000002,46.1325118],[12.654715400000002,46.13374599999999],[12.654804500000001,46.1339995],[12.654848899999998,46.13407779999999],[12.6549225,46.1342077],[12.6550942,46.13446040000001],[12.6552197,46.13478679999999],[12.655383799999997,46.13515189999998],[12.6555019,46.1355385],[12.6557347,46.13575329999999],[12.6559922,46.136013500000004],[12.656134900000001,46.136289399999995],[12.656313999999997,46.136757],[12.6565393,46.13721050000001],[12.6567861,46.1374781],[12.6570543,46.13777549999999],[12.6572507,46.1381182],[12.6573118,46.138377699999985],[12.657476,46.1384453],[12.6575774,46.13844480000001]]},"properties":{"class":"track","name":null,"name:it":null,"source":"overpass","osm_id":184162331,"highway":"track","sac_scale":null,"access":null,"trail_visibility":null,"surface":null,"mtb:scale":null,"smoothness":null,"ref":null,"slope":1.4180472427034483,"grade":1.4158108850336844,"slope_class":"0-3: flat","length_m":1330.9833935358918,"shade_pct":54.9}},{"type":"Feature","geometry":{"type":"LineString","coordinates":[[12.682456,46.121011],[12.682163,46.12119469999999],[12.6816373,46.1215145],[12.6812725,46.12174499999998],[12.680239799999999,46.1222358],[12.6798751,46.12239939999999],[12.679244699999998,46.1226969],[12.678386399999999,46.12311329999999],[12.6775684,46.1235149],[12.6769246,46.1238123],[12.6762621,46.12419160000001],[12.675446700000002,46.12469719999999],[12.6739769,46.1255301],[12.672965700000002,46.1262365],[12.672525799999999,46.12650419999999],[12.6719599,46.126987500000006],[12.671608300000003,46.127271400000005],[12.6707985,46.1278872],[12.670017899999998,46.1285044],[12.6696183,46.1288687],[12.669478500000002,46.128993],[12.669124799999999,46.1293074],[12.6676361,46.130601199999994],[12.667517299999998,46.130714700000006],[12.667075599999999,46.1311365],[12.6664345,46.131604900000006],[12.665949,46.13218479999999],[12.6657049,46.1324153],[12.665434,46.1325789],[12.6652222,46.1327722],[12.6650264,46.1329464],[12.6648156,46.13282809999998],[12.6638704,46.132708300000004],[12.662689799999999,46.1325962],[12.6612635,46.1324413],[12.660477699999998,46.1323449],[12.6603376,46.1323217]]},"properties":{"class":"track","name":null,"name:it":null,"source":"overpass","osm_id":184311754,"highway":"track","sac_scale":null,"access":null,"trail_visibility":null,"surface":null,"mtb:scale":null,"smoothness":null,"ref":null,"slope":0.8436462358014001,"grade":0.7295375209100434,"slope_class":"0-3: flat","length_m":2279.1547167605686,"shade_pct":73.7}},{"type":"Feature","geometry":{"type":"LineString","coordinates":[[12.704074700000001,46.10222909999999],[12.7021938,46.10489700000001],[12.7021057,46.105020999999994],[12.700015099999998,46.107965199999995],[12.6998128,46.10825009999999],[12.6997694,46.108310599999996],[12.6986414,46.1098833],[12.697039299999998,46.11185909999999],[12.6969939,46.111915100000004],[12.696691399999997,46.1122857],[12.6958067,46.113369399999996],[12.695047,46.114272699999994],[12.6946073,46.1147954],[12.6933992,46.11671629999999],[12.6914641,46.118762],[12.6912116,46.1190652],[12.6911314,46.1191615],[12.6909075,46.1194304],[12.688811800000002,46.122187399999994],[12.6865668,46.1254062],[12.6854528,46.12704459999999]]},"properties":{"class":"track","name":"Via Antonio dell'Agnolo - Pellegrin","name:it":null,"source":"overpass","osm_id":187088267,"highway":"track","sac_scale":null,"access":null,"trail_visibility":null,"surface":null,"mtb:scale":null,"smoothness":null,"ref":null,"slope":1.3693561170137092,"grade":1.3375687479068301,"slope_class":"0-3: flat","length_m":3116.3040259025124,"shade_pct":39.4}},{"type":"Feature","geometry":{"type":"LineString","coordinates":[[12.5943637,46.15795979999999],[12.5945073,46.1579603],[12.5947023,46.1579346],[12.5948284,46.157898499999995],[12.5949209,46.157882199999996],[12.5950235,46.1578706],[12.5951058,46.157870599999995],[12.5951899,46.157851999999984],[12.595242000000002,46.15784259999999],[12.5953042,46.15783330000001],[12.595381599999998,46.157817],[12.5954623,46.15780070000001],[12.5955262,46.15776689999999],[12.5955884,46.157740200000006],[12.5956724,46.1577297],[12.5957447,46.1577285],[12.5960017,46.157703099999985],[12.596142,46.1576866],[12.5962062,46.1576389],[12.596215699999998,46.157559799999994],[12.5962014,46.15750049999999],[12.596177599999999,46.15741319999999],[12.5962062,46.1573161],[12.5962513,46.157251800000004],[12.5962323,46.1572024],[12.5963678,46.157066400000005],[12.5965226,46.15707640000001],[12.5966721,46.157049099999995],[12.596816699999998,46.15700989999999],[12.596937699999998,46.15688449999999],[12.597059599999998,46.1568075],[12.5972324,46.1568235],[12.597447800000001,46.1568252],[12.597601299999997,46.1568576],[12.597717899999997,46.15691929999999],[12.597825399999996,46.15693859999999],[12.5978953,46.15695209999999],[12.597938299999997,46.156957799999994],[12.5980159,46.1569836],[12.598100800000001,46.157007699999994]]},"properties":{"class":"path","name":null,"name:it":null,"source":"overpass","osm_id":187944729,"highway":"path","sac_scale":"mountain_hiking","access":null,"trail_visibility":null,"surface":null,"mtb:scale":null,"smoothness":null,"ref":null,"slope":24.907052454939663,"grade":20.78710408186851,"slope_class":">20: impossible","length_m":368.8505120375478,"shade_pct":80.9}},{"type":"Feature","geometry":{"type":"LineString","coordinates":[[12.58616,46.14505989999999],[12.5861223,46.145295100000006],[12.5860995,46.1454131],[12.586017199999999,46.1454896],[12.585971,46.14558379999999],[12.5859757,46.145678000000004],[12.5858246,46.145775],[12.5856149,46.1458346],[12.585475099999998,46.14592639999999],[12.5854311,46.1459693],[12.5854799,46.1460581],[12.5855099,46.14611120000001]]},"properties":{"class":"path","name":null,"name:it":null,"source":"overpass","osm_id":187944734,"highway":"path","sac_scale":"mountain_hiking","access":null,"trail_visibility":null,"surface":null,"mtb:scale":null,"smoothness":null,"ref":null,"slope":15.238074741699794,"grade":14.48416923694217,"slope_class":"10-20: extreme","length_m":142.79042517114215,"shade_pct":20.3}},{"type":"Feature","geometry":{"type":"LineString","coordinates":[[12.6552474,46.15635699999999],[12.655283899999999,46.15633619999999],[12.6554224,46.1563065],[12.6555273,46.1562935],[12.6555941,46.156284799999995],[12.6557605,46.156260599999996],[12.6560373,46.156232300000006],[12.6561988,46.1562334],[12.656374999999999,46.156259299999995],[12.656535,46.156312099999994],[12.656914700000002,46.1563543],[12.657076599999998,46.1563729],[12.657219799999998,46.15641819999999],[12.6574157,46.1565045],[12.657599699999999,46.15664109999999],[12.657847600000002,46.156887999999995]]},"properties":{"class":"track","name":null,"name:it":null,"source":"overpass","osm_id":188582220,"highway":"track","sac_scale":null,"access":null,"trail_visibility":null,"surface":"asphalt","mtb:scale":null,"smoothness":null,"ref":null,"slope":12.329623570761209,"grade":-11.211503969879317,"slope_class":"10-20: extreme","length_m":229.9796687114543,"shade_pct":64.5}},{"type":"Feature","geometry":{"type":"LineString","coordinates":[[12.6991735,46.09223399999998],[12.698093800000002,46.0921789],[12.6976922,46.0943289],[12.697609200000002,46.0943981]]},"properties":{"class":"track","name":"Via delle Centrali","name:it":null,"source":"overpass","osm_id":189602432,"highway":"track","sac_scale":null,"access":null,"trail_visibility":null,"surface":"gravel","mtb:scale":null,"smoothness":null,"ref":null,"slope":1.4980009606879352,"grade":1.2123416815123502,"slope_class":"0-3: flat","length_m":334.9316796859228,"shade_pct":15.1}},{"type":"Feature","geometry":{"type":"LineString","coordinates":[[12.680224,46.098731699999995],[12.6803633,46.0987666],[12.680622599999998,46.09882569999999],[12.680862600000001,46.09885789999999],[12.6811374,46.098873999999995],[12.681435500000001,46.098890100000006],[12.681772200000001,46.098882],[12.6820702,46.0988793],[12.6823334,46.0988847],[12.6825811,46.0989115],[12.6828753,46.0989411],[12.683316599999998,46.09901349999999],[12.6835798,46.0990511],[12.6837772,46.09908599999999],[12.684013000000002,46.0991489],[12.6841368,46.099148400000004]]},"properties":{"class":"track","name":null,"name:it":null,"source":"overpass","osm_id":192762007,"highway":"track","sac_scale":null,"access":null,"trail_visibility":null,"surface":"gravel","mtb:scale":null,"smoothness":null,"ref":null,"slope":0.16599197797782758,"grade":0.38196408222761213,"slope_class":"0-3: flat","length_m":308.58809337170965,"shade_pct":43.1}},{"type":"Feature","geometry":{"type":"LineString","coordinates":[[12.637237099999998,46.116790699999996],[12.637033099999998,46.11663109999999],[12.6368319,46.11644319999999],[12.6366337,46.11619259999999],[12.6362788,46.1157236],[12.636117899999999,46.1154064],[12.6358466,46.115103],[12.6356352,46.1148548],[12.635511100000002,46.1145238],[12.6354375,46.1140411],[12.635221399999999,46.1137607],[12.6350532,46.11359639999999],[12.634991599999998,46.1135538]]},"properties":{"class":"track","name":null,"name:it":null,"source":"overpass","osm_id":194607092,"highway":"track","sac_scale":null,"access":null,"trail_visibility":null,"surface":"ground","mtb:scale":null,"smoothness":null,"ref":null,"slope":1.3056303086652754,"grade":-1.1567469004078144,"slope_class":"0-3: flat","length_m":406.3459063603866,"shade_pct":96.1}},{"type":"Feature","geometry":{"type":"LineString","coordinates":[[12.643001399999998,46.11199549999999],[12.6420872,46.1103848],[12.641845299999998,46.109975699999985],[12.641528599999997,46.109522699999985],[12.6414362,46.10931159999999],[12.641225100000002,46.10899930000001],[12.6406489,46.1077062],[12.640486199999998,46.10731470000001],[12.6402399,46.106857299999994],[12.639755999999998,46.106065599999994],[12.639391,46.1055686],[12.6391271,46.1051024],[12.6389687,46.1046581],[12.6387312,46.104002799999996],[12.638872,46.10361129999999],[12.638858799999998,46.103268199999995],[12.638955499999998,46.102942799999994],[12.6389772,46.1027967]]},"properties":{"class":"track","name":null,"name:it":null,"source":"overpass","osm_id":194607093,"highway":"track","sac_scale":null,"access":null,"trail_visibility":null,"surface":null,"mtb:scale":null,"smoothness":null,"ref":null,"slope":1.3814924982124872,"grade":-1.3750762352222738,"slope_class":"0-3: flat","length_m":1086.828280819705,"shade_pct":42.2}},{"type":"Feature","geometry":{"type":"LineString","coordinates":[[12.6598759,46.14619100000001],[12.659747699999999,46.1460554],[12.657343999999998,46.1469816]]},"properties":{"class":"track","name":null,"name:it":null,"source":"overpass","osm_id":197654319,"highway":"track","sac_scale":null,"access":null,"trail_visibility":null,"surface":null,"mtb:scale":null,"smoothness":null,"ref":null,"slope":0.2487075782541557,"grade":0.19333669255026142,"slope_class":"0-3: flat","length_m":230.50368115898155,"shade_pct":0.0}},{"type":"Feature","geometry":{"type":"LineString","coordinates":[[12.658226599999999,46.1712563],[12.658683199999999,46.171616],[12.658850499999998,46.171753599999995],[12.6592444,46.17198049999999],[12.659484900000002,46.172125300000005],[12.6596452,46.1721808],[12.659735799999998,46.17218809999999],[12.659833399999998,46.172173599999994],[12.6599171,46.17214220000001],[12.6600565,46.1720674],[12.660150599999998,46.17198049999999],[12.6602169,46.17185249999999],[12.6602169,46.171649800000004],[12.6602099,46.1714543],[12.660237800000003,46.17129010000001],[12.6602726,46.1712684],[12.660321399999999,46.17126599999999],[12.660361399999998,46.1712775],[12.660389799999999,46.171295799999996],[12.660400699999999,46.1713286],[12.660393799999998,46.171362599999995],[12.660367799999998,46.1714118],[12.6603533,46.171559],[12.660384500000001,46.171685],[12.6604528,46.1718412],[12.6605445,46.17191530000001],[12.660631600000002,46.17195879999999],[12.6607153,46.171953900000005],[12.660788499999999,46.1719201],[12.6608512,46.1718791],[12.6608861,46.17181149999999],[12.660872099999999,46.1716257],[12.660777999999999,46.171360099999994],[12.660725699999999,46.1711646],[12.660708299999998,46.171029499999996],[12.6607292,46.17096909999999],[12.660788499999999,46.1709426],[12.660875599999999,46.1709595],[12.6609174,46.1710077],[12.6609349,46.1711163],[12.6609523,46.17122739999999],[12.660980199999997,46.1713891],[12.660997600000002,46.17149289999999],[12.6610534,46.1715508],[12.6611336,46.1715798],[12.6612068,46.1715726],[12.6612346,46.17152430000001],[12.661234599999998,46.171435],[12.661182400000001,46.1711622],[12.661081100000002,46.1709873],[12.660920999999998,46.1708581],[12.6608056,46.17073659999999],[12.6607346,46.170567199999994],[12.660784200000002,46.17032390000001],[12.660774099999998,46.1701901],[12.6607342,46.17006069999999],[12.660699300000001,46.1699748],[12.660754299999999,46.1698743],[12.660797699999998,46.1698304],[12.660871099999998,46.1695198],[12.6608626,46.1694066],[12.6607726,46.16930880000001],[12.6607131,46.16913949999999],[12.660702599999999,46.16893399999999],[12.6606887,46.1687687],[12.6606246,46.1681201],[12.6605862,46.16775139999999],[12.6605557,46.167595500000004],[12.660506299999998,46.167447599999996],[12.6603091,46.1670721],[12.660230199999999,46.166757999999994]]},"properties":{"class":"track","name":null,"name:it":null,"source":"overpass","osm_id":199996067,"highway":"track","sac_scale":null,"access":null,"trail_visibility":null,"surface":"gravel","mtb:scale":null,"smoothness":null,"ref":null,"slope":5.707177238592993,"grade":-6.371985875237741,"slope_class":"5-8: medium","length_m":1144.3820226158784,"shade_pct":100.0}},{"type":"Feature","geometry":{"type":"LineString","coordinates":[[12.652255800000002,46.161072999999995],[12.6521658,46.16105670000001],[12.652092899999998,46.16104479999999],[12.6520114,46.1610225],[12.651962099999997,46.1609973],[12.651923499999999,46.160978],[12.6518892,46.16097500000001],[12.651839899999999,46.16097500000001],[12.6517648,46.1609735],[12.6517284,46.1609809],[12.6516941,46.1609973],[12.6516598,46.161006199999996],[12.6516298,46.161027],[12.651612599999998,46.1610433],[12.651563299999996,46.16106709999999],[12.6515376,46.161076],[12.6514347,46.1610893],[12.651372499999999,46.161093799999996],[12.651331699999998,46.161084900000006],[12.651284599999999,46.161096799999996],[12.651226699999999,46.16108639999999],[12.6511645,46.16107449999999],[12.651106599999999,46.16106860000001],[12.6510251,46.1610522],[12.650924399999997,46.161049299999995],[12.6506951,46.16107349999999],[12.6505662,46.16106169999999],[12.650497499999998,46.1610335],[12.650452599999998,46.160996299999994],[12.650339,46.16094579999999],[12.6502682,46.16090429999999],[12.650182299999999,46.16085679999999],[12.650140099999998,46.16081869999999],[12.6500919,46.16079179999999],[12.649978,46.1607667],[12.6498763,46.16076],[12.649785400000003,46.1607489],[12.6496912,46.1607361],[12.649582500000001,46.16073149999999],[12.649495,46.16073149999999],[12.6494857,46.16073149999999],[12.649440699999998,46.160744799999996],[12.6494235,46.16077750000001],[12.6493849,46.16084129999999],[12.6493699,46.1608963],[12.6493463,46.16094979999999],[12.6492799,46.161075999999994],[12.6492563,46.16113539999999],[12.649239100000003,46.16124820000001],[12.649219799999997,46.161307599999994],[12.6491963,46.16135669999999],[12.649138400000002,46.16141459999999],[12.649089099999998,46.16146359999999],[12.6490719,46.161534900000014],[12.649059,46.161588300000005],[12.649059,46.16162690000001],[12.6490483,46.161698200000004],[12.649026899999999,46.16175019999999],[12.649033299999997,46.1617947],[12.649065499999999,46.16184079999999],[12.6490891,46.1619091],[12.649104099999999,46.16194320000001],[12.6490848,46.16196850000001],[12.649044,46.1619967],[12.6490162,46.1620413],[12.649009699999999,46.162069499999994],[12.6490205,46.16210960000001],[12.649024699999998,46.16215109999999],[12.6490233,46.162182699999995]]},"properties":{"class":"path","name":null,"name:it":null,"source":"overpass","osm_id":200037530,"highway":"path","sac_scale":null,"access":null,"trail_visibility":null,"surface":null,"mtb:scale":null,"smoothness":null,"ref":null,"slope":19.344209532630448,"grade":-19.8060425732619,"slope_class":"10-20: extreme","length_m":406.59847416085,"shade_pct":92.1}},{"type":"Feature","geometry":{"type":"LineString","coordinates":[[12.656437099999998,46.1604756],[12.656485599999998,46.1604525],[12.6565296,46.1604284],[12.6565796,46.1604063],[12.6566312,46.16040739999999],[12.656666000000001,46.1604021],[12.6567176,46.1603927],[12.656750899999999,46.1603685],[12.656778199999998,46.1603507],[12.6568101,46.16031709999999],[12.6568449,46.160273999999994],[12.656895,46.16027089999999],[12.656931399999998,46.160250899999994],[12.656984399999997,46.160227799999994],[12.6570815,46.16019099999998],[12.6571194,46.1601658],[12.6571573,46.1601553],[12.6572058,46.16013850000001],[12.6572406,46.160106999999996],[12.657281600000001,46.1600829],[12.657330099999998,46.1600671],[12.657361899999998,46.1600619],[12.657425599999998,46.160061899999995],[12.6574681,46.1600556],[12.657525699999999,46.1600461],[12.6575742,46.1600577],[12.6576272,46.16006399999999],[12.657710599999998,46.160058699999986],[12.6577561,46.160047199999994],[12.6577713,46.160019899999995],[12.6578016,46.1599842],[12.6578835,46.1599296],[12.6579517,46.1598771],[12.6580017,46.15986029999999],[12.6580426,46.159854],[12.658107800000002,46.15983510000001],[12.658206399999997,46.159806700000004],[12.658219999999998,46.1597616],[12.658244299999998,46.15971319999999],[12.6582594,46.15966599999999],[12.6582987,46.159575700000005],[12.6582858,46.159541499999996],[12.658253599999998,46.1595148],[12.658223599999998,46.15949839999999],[12.658221499999998,46.1594628],[12.6581915,46.15941080000001],[12.658150700000002,46.1593811],[12.6580907,46.1593574],[12.6580521,46.15932320000001],[12.6580264,46.1592965],[12.6580199,46.15926379999999],[12.658009200000002,46.15924749999999],[12.657983500000002,46.15925490000001],[12.657981300000001,46.1592311],[12.6579556,46.15918359999999],[12.6579192,46.15914200000001],[12.6578849,46.1590975],[12.657842,46.15904249999999],[12.6578248,46.158953399999994],[12.657831299999998,46.158917800000005],[12.657854799999999,46.158880599999996],[12.6578677,46.15883159999999],[12.657822699999999,46.15873959999998],[12.657794799999998,46.1586935],[12.6577777,46.1586341],[12.657766899999999,46.1585792],[12.657747599999999,46.1585227],[12.657775499999998,46.1584856],[12.657814100000001,46.158454400000004],[12.657850599999998,46.15843209999999],[12.657857000000002,46.1583876],[12.6578763,46.1583415],[12.657887,46.158297],[12.6579063,46.158245],[12.6579299,46.15819750000001],[12.6579192,46.158164799999994],[12.6578784,46.1581113],[12.6578163,46.1580638],[12.6577498,46.1580193],[12.6576919,46.1579717],[12.6576211,46.1579183],[12.657559,46.157869299999994],[12.6575118,46.15784399999999],[12.6574839,46.15780389999999],[12.657389600000002,46.15771180000001],[12.657351,46.1576732],[12.657299500000002,46.157633100000005],[12.6572416,46.157584099999994],[12.6571945,46.15752179999999],[12.657158,46.15746229999999],[12.657134399999999,46.1574059],[12.657100100000001,46.15735840000001],[12.657068,46.1572975],[12.656811500000002,46.157222499999996],[12.6570444,46.157206899999984],[12.6571109,46.157197999999994],[12.657188,46.157199500000004],[12.657233099999996,46.1571817],[12.657306,46.15716529999999],[12.657327400000002,46.15713120000001],[12.6573188,46.157099999999986],[12.6572652,46.1570554],[12.6571838,46.1570346],[12.6571311,46.157015099999995],[12.657050799999999,46.15698559999999],[12.6569951,46.15697080000001],[12.6569458,46.15696929999999],[12.65689,46.1569737],[12.656845,46.1569797],[12.656815,46.1569856],[12.656774200000001,46.156972200000006],[12.656737799999998,46.15695149999999],[12.6567142,46.1569366],[12.656690599999997,46.1569351],[12.656649899999998,46.15690539999999],[12.656639199999999,46.1568891],[12.656585599999998,46.156862299999986],[12.6565427,46.15684749999999],[12.6565191,46.156826699999996],[12.656491199999998,46.15680439999999],[12.6564462,46.156758399999994],[12.656424799999998,46.15671830000001],[12.656369,46.156685599999996],[12.656291799999998,46.156678199999995],[12.6562468,46.156647],[12.6561953,46.156615800000004],[12.6561653,46.1565802],[12.6561224,46.156531199999996],[12.656068799999998,46.1565252],[12.6560174,46.15648070000001],[12.6559767,46.15643609999999],[12.6558952,46.1564109],[12.655828699999999,46.15640489999999],[12.655734400000002,46.1563856],[12.6556701,46.15638709999999],[12.655585599999998,46.15633379999999],[12.6555273,46.1562935],[12.6553643,46.1561457],[12.6553127,46.156086900000005],[12.6552491,46.1560281],[12.6551914,46.155969199999994],[12.655170200000002,46.155904099999994],[12.655151999999998,46.15586630000001],[12.655112599999999,46.1557802],[12.655103500000001,46.1557046],[12.655057999999999,46.1556584],[12.6550095,46.15555760000001],[12.654967099999999,46.1554967],[12.6549307,46.15542310000001],[12.654869999999999,46.15535169999999],[12.6548276,46.155290799999996],[12.6547669,46.1552488],[12.6546699,46.15518789999999],[12.654621399999998,46.1551207],[12.6546214,46.15505979999999],[12.654575900000001,46.15502200000001],[12.6545031,46.15495059999999],[12.654442799999998,46.15491029999999],[12.654421,46.154858699999984],[12.6543869,46.1548157],[12.6543403,46.154772599999994],[12.6543341,46.1547318],[12.654303,46.15468009999999],[12.654243999999998,46.154645699999996],[12.6542161,46.15461779999999],[12.654234700000002,46.154542500000005],[12.6541881,46.15449079999999],[12.654191199999998,46.1544457],[12.654216099999998,46.154396199999994],[12.654243999999998,46.1543725],[12.654422599999997,46.154459599999996],[12.654491299999998,46.154408999999994]]},"properties":{"class":"path","name":null,"name:it":null,"source":"overpass","osm_id":200038057,"highway":"path","sac_scale":null,"access":null,"trail_visibility":null,"surface":null,"mtb:scale":null,"smoothness":null,"ref":null,"slope":4.6555662753542375,"grade":-7.57837374167359,"slope_class":"3-5: mild","length_m":1003.4693981740621,"shade_pct":86.5}},{"type":"Feature","geometry":{"type":"LineString","coordinates":[[12.6490233,46.162182699999995],[12.6491304,46.1621942],[12.6492153,46.1622236],[12.6492684,46.16224879999999],[12.649324499999999,46.1622761],[12.649376099999998,46.1623013],[12.6494337,46.16231599999998],[12.6494852,46.16233699999999],[12.649545899999998,46.1623433],[12.6496004,46.16235699999999],[12.649641399999998,46.1623664],[12.6496808,46.16235069999999],[12.6497263,46.162332799999994],[12.6497808,46.16231499999999],[12.6498218,46.16231500000001],[12.64984,46.162325499999994],[12.649876399999998,46.16233180000001],[12.649891499999999,46.162306599999994],[12.6499203,46.162308700000004],[12.6499506,46.16233180000001],[12.6499916,46.162358],[12.6500295,46.16238109999999],[12.650079499999999,46.16240419999999],[12.6501462,46.16242939999999],[12.6502069,46.1624452],[12.650264500000002,46.1624452],[12.650315999999998,46.1624609],[12.650364500000002,46.1624746],[12.650407,46.16246619999998],[12.650470700000001,46.1624546],[12.650522199999997,46.162456699999986],[12.650598,46.1624746],[12.650682899999998,46.16250399999999],[12.650737499999998,46.162512400000004],[12.650826899999998,46.162513399999995],[12.650929999999999,46.162523900000004],[12.651004299999999,46.16253549999998],[12.6511226,46.1625449],[12.6511847,46.16254390000001],[12.651243899999999,46.1625397],[12.6512939,46.1625218],[12.6513712,46.1624998],[12.651447,46.1624977],[12.6515168,46.1625124],[12.651572799999999,46.1625544],[12.651607700000001,46.1625901],[12.6516684,46.1626037],[12.651732,46.1626069],[12.6517912,46.16262789999999],[12.651873,46.1626499],[12.6519503,46.162666699999996],[12.6520004,46.16268670000001],[12.6520413,46.16268350000001],[12.6520989,46.16266569999999],[12.652185299999996,46.16267199999999],[12.652262699999998,46.1627056],[12.652339999999999,46.16271919999999],[12.6524977,46.16275069999998],[12.652526499999999,46.1627381],[12.6525841,46.16277070000001],[12.652602299999998,46.1628053],[12.6525871,46.162827400000005],[12.6526068,46.1628662],[12.6526417,46.162897699999995],[12.652711399999998,46.16292189999999],[12.652787200000002,46.1629366],[12.652840299999998,46.1629502],[12.6529343,46.1629397],[12.652985800000002,46.16294919999999],[12.653032799999998,46.16294080000001],[12.6530965,46.1629219],[12.6531511,46.1628715],[12.653193499999999,46.16281579999998],[12.653237500000001,46.1627686],[12.653275400000002,46.16270239999999],[12.653296599999997,46.162665699999984],[12.653326899999998,46.1626079],[12.6533694,46.162570099999996],[12.653367899999997,46.1625386],[12.6533724,46.1624956],[12.653427000000002,46.16246300000001],[12.653473999999997,46.16242209999999],[12.653518,46.16239159999999],[12.6535892,46.162324399999996],[12.6536226,46.162281400000005],[12.6536544,46.162217299999995],[12.653662000000002,46.1621711],[12.653675599999998,46.1620923],[12.6537363,46.162009399999995],[12.653736299999997,46.16195479999999],[12.653748399999998,46.1618981],[12.6537696,46.1617889],[12.6537909,46.161731100000004],[12.653834800000002,46.1616629],[12.653889399999999,46.161613499999994],[12.6539743,46.161561],[12.654003099999999,46.16153059999999],[12.6540668,46.16148749999999],[12.654147100000001,46.16141710000001],[12.6542048,46.161397199999996],[12.654242699999998,46.1613615],[12.6543473,46.1612932],[12.6543973,46.16123339999999],[12.654445800000001,46.16117139999999],[12.654488300000002,46.16112520000001],[12.6545398,46.1610958],[12.654620199999998,46.161062199999996],[12.6547187,46.1610339],[12.6547551,46.16101179999999],[12.6547839,46.1609709],[12.6548324,46.16093620000001],[12.6548885,46.16093829999999],[12.654949099999998,46.16092569999999],[12.6550113,46.160911],[12.655076499999998,46.160883699999985],[12.6551205,46.160862699999996],[12.6551387,46.1608438],[12.655172,46.16084059999999],[12.655205399999998,46.160832199999994],[12.655266000000001,46.1608249],[12.65531,46.1608228],[12.655353899999996,46.160798599999985],[12.6554358,46.1607325],[12.655458499999998,46.1607115],[12.655479799999998,46.160675800000014],[12.655484299999998,46.1606432],[12.655499499999998,46.16056760000001],[12.6554904,46.16053609999999],[12.6554737,46.160491999999984],[12.6554404,46.16044159999999],[12.6554328,46.1603902],[12.655413099999997,46.16036289999999],[12.655402399999998,46.160344]]},"properties":{"class":"path","name":null,"name:it":null,"source":"overpass","osm_id":200038062,"highway":"path","sac_scale":null,"access":null,"trail_visibility":null,"surface":"gravel","mtb:scale":"0+","smoothness":null,"ref":null,"slope":6.2210445019791925,"grade":-6.1757572573724335,"slope_class":"5-8: medium","length_m":725.3645352755807,"shade_pct":100.0}},{"type":"Feature","geometry":{"type":"LineString","coordinates":[[12.656073299999997,46.16497710000001],[12.656176199999999,46.165021599999996],[12.656232,46.1650751],[12.6563349,46.1651404],[12.656429199999998,46.165184999999994],[12.656532099999998,46.165208699999994],[12.6566393,46.165235499999994],[12.656759399999999,46.165262199999994],[12.656849400000002,46.1653008],[12.656900899999998,46.16535429999999],[12.6569481,46.165425500000005],[12.6569266,46.1654938],[12.6569652,46.1655711],[12.6569652,46.16566309999999],[12.656986699999997,46.16573439999999],[12.656982399999999,46.16578189999999],[12.6570081,46.1658532],[12.6569952,46.1659126],[12.656922299999998,46.165924499999996],[12.656879499999999,46.165930399999986],[12.6568537,46.1659571],[12.656858,46.1659987],[12.656892300000003,46.166031399999994],[12.656913799999998,46.166064],[12.656943799999999,46.1661324],[12.656999499999998,46.166209599999995],[12.657050999999997,46.166280799999996],[12.6570896,46.16631350000001],[12.6571496,46.1663729],[12.657192499999999,46.1664382],[12.657226799999998,46.16646499999999],[12.6572568,46.1665006],[12.6573169,46.1665511],[12.6573254,46.1665867],[12.6573211,46.16663719999999],[12.6572783,46.16668469999999],[12.657278299999998,46.166738200000005],[12.6572954,46.1667916],[12.657303999999998,46.16686589999999],[12.657303999999998,46.166925299999996],[12.657329699999998,46.16698769999999],[12.6573126,46.167053],[12.6573469,46.16714799999999],[12.6573898,46.1672252],[12.6573898,46.167290599999994],[12.6573812,46.1673277],[12.657436899999999,46.1673455],[12.657475499999999,46.16737369999999],[12.657488400000002,46.167404899999994],[12.6574777,46.167422699999996],[12.6574326,46.1674227],[12.6574069,46.1674227],[12.6574326,46.167456900000005],[12.657451899999998,46.16749699999999],[12.657451899999998,46.1675237],[12.6574755,46.1675593],[12.6574816,46.16758259999999],[12.6575077,46.1675697],[12.657503399999998,46.1675965],[12.6575012,46.1676158],[12.657524799999997,46.167638],[12.657569899999999,46.16765579999999],[12.657593399999998,46.1677078],[12.657578399999998,46.167737499999994],[12.6575784,46.1677761],[12.6575977,46.16781180000001],[12.657619200000001,46.167859299999996],[12.6576578,46.16789639999999],[12.657644899999998,46.167926099999995],[12.657638499999997,46.167960199999996],[12.6576084,46.1680493],[12.657621299999999,46.1680939],[12.6576513,46.168147299999994],[12.657694200000002,46.16818740000001],[12.6576964,46.16822749999999],[12.657700599999998,46.16826909999999],[12.657737099999999,46.16828989999999],[12.657790699999998,46.1682765],[12.6578679,46.16829729999999],[12.6578936,46.1683225],[12.6579493,46.16835670000001],[12.6580265,46.168364100000005],[12.658086599999999,46.1683701],[12.658099400000001,46.1683923],[12.6581638,46.16840719999999],[12.6582333,46.16843689999999],[12.658283799999998,46.16846359999999],[12.6583224,46.168477],[12.6583524,46.1685096],[12.6583589,46.1685616],[12.658373899999997,46.168592799999985],[12.6584168,46.1686403],[12.658440299999999,46.1686789],[12.6584789,46.168729400000004],[12.658513199999998,46.16876799999999],[12.6585068,46.16879029999999],[12.6584961,46.16880359999999],[12.658511099999998,46.168825899999995],[12.658534699999999,46.168858599999986],[12.6585497,46.168895699999986],[12.658566799999997,46.1689432],[12.658588299999998,46.1689907],[12.6585625,46.169027799999995],[12.658538999999998,46.169073899999994],[12.6585325,46.1691006],[12.658511099999998,46.169139200000004],[12.658485400000002,46.1691763],[12.6584296,46.16920449999999],[12.658331000000002,46.169261],[12.658286,46.169268399999986],[12.658174499999996,46.169259499999995],[12.658131599999999,46.169246099999995],[12.6580801,46.1692328],[12.658050100000002,46.169212],[12.658017999999998,46.169219399999996],[12.657975099999998,46.169198599999994],[12.657925800000001,46.16918379999999],[12.6578957,46.169158499999995],[12.6578421,46.1691288],[12.6578121,46.16910510000001],[12.657773499999998,46.1690828],[12.6577671,46.16905309999999],[12.6577521,46.1690323],[12.6577371,46.1690486],[12.657722099999999,46.16907980000001],[12.6577199,46.16911840000001],[12.657730699999998,46.1691496],[12.6577521,46.16917929999999],[12.6577714,46.169209],[12.657807799999999,46.1692565],[12.657835700000001,46.16930249999999],[12.6578807,46.1693382],[12.6578807,46.16937679999999],[12.657923599999998,46.169421299999996],[12.6579794,46.169471800000004],[12.657992200000002,46.169506],[12.658047999999999,46.169569800000005],[12.658092999999997,46.16961429999999],[12.6581359,46.16966190000001],[12.658146599999998,46.169698999999994],[12.658187300000002,46.16974499999999],[12.658243099999998,46.1697762],[12.658275199999999,46.16981929999999],[12.658315999999997,46.169838599999984],[12.658361,46.169865300000005],[12.6584296,46.169887599999996],[12.658435999999998,46.16991719999999],[12.658455299999998,46.169937999999995],[12.658483199999997,46.1699588],[12.658468200000002,46.16998409999999],[12.658438199999999,46.16998259999998],[12.6583996,46.16997659999999],[12.658375999999999,46.169976599999984],[12.6583524,46.169987000000006],[12.658333099999998,46.16999739999999],[12.6583374,46.170012299999996],[12.658369599999999,46.17004199999999],[12.658406,46.170068699999995],[12.658425299999998,46.170088],[12.6584189,46.17012069999999],[12.658421,46.1701622],[12.658444599999997,46.170209799999995],[12.6584532,46.1702439],[12.6584532,46.170273599999994],[12.6584875,46.170295900000006],[12.6585089,46.1703137],[12.6585594,46.170306799999985],[12.6586065,46.1703276],[12.6586966,46.1703335],[12.6587652,46.1703187],[12.658851,46.17030379999999],[12.658936699999998,46.1702741],[12.6589839,46.170247399999994],[12.6590525,46.1702147],[12.659104000000001,46.170211699999996],[12.6591254,46.170247399999994],[12.6591726,46.170279999999984],[12.659185399999997,46.170321599999994],[12.6591983,46.1703751],[12.6592112,46.17042849999999],[12.6591983,46.1704909],[12.6591511,46.17053539999999],[12.659104,46.17058289999999],[12.6590911,46.170618600000005],[12.659052499999998,46.1706542],[12.6590611,46.17069579999999],[12.6591125,46.170722500000004],[12.659134,46.17076409999999],[12.659232600000001,46.170835399999994],[12.6593141,46.170868],[12.6593741,46.170912599999994],[12.659386999999999,46.170957099999995],[12.6593784,46.1709957],[12.6593527,46.1710521],[12.659365499999998,46.1710967],[12.659382699999998,46.17112929999998],[12.6593527,46.1711561],[12.6593012,46.1711561],[12.6592497,46.17119759999999],[12.6591854,46.171268900000015],[12.6591597,46.1713135],[12.659129699999998,46.17135499999999],[12.659078199999996,46.17139359999999],[12.6590611,46.1714441],[12.6590096,46.1714857],[12.659056800000002,46.1715094],[12.6591082,46.1715005],[12.6591939,46.17149760000001],[12.659236899999998,46.17153019999999],[12.6592969,46.1715599],[12.659408399999998,46.1716193],[12.659524199999998,46.17164900000001],[12.659592799999999,46.17166389999999],[12.659669999999998,46.171651999999995],[12.65976,46.171648999999995],[12.6598115,46.17163709999999],[12.659888700000002,46.1716223],[12.659923,46.171580699999986],[12.659987300000001,46.1715332],[12.660064499999999,46.17148869999999],[12.6601331,46.1714411],[12.6601577,46.17138679999999],[12.660237800000003,46.17129010000001],[12.6602549,46.171178399999995],[12.6602605,46.1710826],[12.660259599999998,46.171014899999996],[12.6602577,46.170931200000005],[12.6602547,46.17082619999999],[12.660278999999997,46.17074639999999],[12.660288100000002,46.1706414],[12.6603335,46.170563699999995],[12.660379000000002,46.1704692],[12.6604457,46.17040829999999],[12.660462499999998,46.1703509],[12.6604914,46.1702762],[12.6604791,46.17021090000001],[12.660517399999998,46.170033],[12.6604798,46.169973899999995],[12.6605104,46.1698867],[12.6605442,46.1697564],[12.6605795,46.16961049999999],[12.6605634,46.169493599999996],[12.6605844,46.169345400000005],[12.660501799999999,46.169252699999994],[12.660500200000001,46.16916129999999],[12.6604766,46.16903179999999],[12.6604723,46.16889819999999],[12.660470599999998,46.1687762],[12.6604584,46.168688],[12.6604244,46.1684862],[12.6604615,46.1683751],[12.660415999999998,46.168270099999994],[12.6603948,46.1681756],[12.6604251,46.168037000000005],[12.660446300000002,46.1679614],[12.6604433,46.1678522],[12.6604463,46.16776610000001],[12.660418999999997,46.1676737],[12.6603948,46.16752459999999],[12.6603462,46.1674217],[12.6602977,46.167289399999994],[12.660261300000002,46.1671487],[12.660237099999998,46.1670164],[12.660215900000003,46.166915599999996],[12.660230199999999,46.166757999999994]]},"properties":{"class":"path","name":null,"name:it":null,"source":"overpass","osm_id":200038068,"highway":"path","sac_scale":null,"access":null,"trail_visibility":null,"surface":null,"mtb:scale":null,"smoothness":null,"ref":null,"slope":10.13786518310747,"grade":-7.470669106047179,"slope_class":"10-20: extreme","length_m":1695.845549081187,"shade_pct":100.0}},{"type":"Feature","geometry":{"type":"LineString","coordinates":[[12.660231700000002,46.166580399999994],[12.6601889,46.1665362],[12.6601757,46.16649819999999],[12.6601867,46.1664602],[12.660184499999998,46.16643129999999],[12.6601604,46.16639169999999],[12.660167,46.16635829999999],[12.660147200000003,46.166312600000005],[12.6600923,46.166241199999995],[12.6600528,46.16618950000001],[12.659991300000002,46.1661378],[12.659920999999997,46.16607689999999],[12.659848599999998,46.16594919999999],[12.659762900000002,46.1658792],[12.6597058,46.1657834],[12.659657499999998,46.165716499999995],[12.659611400000001,46.1656374],[12.659561599999998,46.16558539999999],[12.659494999999998,46.165529499999984],[12.6593962,46.165458],[12.6592557,46.16534539999999],[12.6591218,46.1652481],[12.658961500000002,46.1651021],[12.658820900000002,46.164995699999984],[12.6587353,46.1648892],[12.6587133,46.164825300000004],[12.6586738,46.164758400000004],[12.658623299999999,46.1646961],[12.6585443,46.1646474],[12.6585509,46.16458349999999],[12.658485000000002,46.1645577],[12.658394999999999,46.16453789999999],[12.658300499999998,46.164454299999996],[12.658247800000002,46.164401],[12.658149,46.164337199999984],[12.658008800000001,46.164317]]},"properties":{"class":"path","name":null,"name:it":null,"source":"overpass","osm_id":200038069,"highway":"path","sac_scale":null,"access":null,"trail_visibility":null,"surface":null,"mtb:scale":null,"smoothness":null,"ref":null,"slope":13.697779971222992,"grade":12.792823351465513,"slope_class":"10-20: extreme","length_m":318.00862387019646,"shade_pct":100.0}},{"type":"Feature","geometry":{"type":"LineString","coordinates":[[12.653101099999997,46.164061299999986],[12.653217399999999,46.164100999999995],[12.6533332,46.16416039999999],[12.6534267,46.16420610000001],[12.653599100000001,46.16429399999999],[12.653702,46.1643564],[12.6537835,46.16439200000001],[12.653954999999998,46.1644663],[12.6541008,46.1645375],[12.6542037,46.164591],[12.6542766,46.16465339999999],[12.6543409,46.16469490000001],[12.654409500000002,46.1647217],[12.6544953,46.16473359999999],[12.654602499999998,46.1647039],[12.6546711,46.164674199999986],[12.6547354,46.1646207],[12.6547697,46.164564299999995],[12.654859799999997,46.164540499999994],[12.654932700000002,46.1645346],[12.655027,46.1645524],[12.655086999999998,46.1645702],[12.65519,46.164585100000004],[12.655267099999996,46.1645999],[12.65534,46.1646177],[12.655387200000002,46.164644499999994],[12.6553357,46.1646682],[12.6552371,46.16467709999999],[12.6551771,46.1646979],[12.655117099999998,46.16473649999999],[12.655095600000001,46.164787],[12.6551299,46.1648108],[12.6552028,46.1648137],[12.655297199999998,46.164816699999996],[12.6554086,46.1648137],[12.6554987,46.164822699999995],[12.655571600000002,46.16483749999999],[12.6556616,46.16484940000001],[12.6557303,46.1648731],[12.6557946,46.164885000000005],[12.6558503,46.16490580000001],[12.655940399999999,46.164926599999994],[12.656073299999997,46.16497710000001]]},"properties":{"class":"path","name":null,"name:it":null,"source":"overpass","osm_id":200038070,"highway":"path","sac_scale":null,"access":null,"trail_visibility":null,"surface":null,"mtb:scale":null,"smoothness":null,"ref":null,"slope":13.34410507896227,"grade":14.10208419658103,"slope_class":"10-20: extreme","length_m":322.9120062202376,"shade_pct":54.3}},{"type":"Feature","geometry":{"type":"LineString","coordinates":[[12.648284899999998,46.162462199999986],[12.648333300000001,46.1624911],[12.6483539,46.1625247],[12.6483128,46.162544499999996],[12.6482394,46.16251569999999],[12.6481629,46.16245409999999],[12.648053999999998,46.162442899999995],[12.6479889,46.16244059999999],[12.647922700000002,46.16244689999999],[12.647820999999999,46.16242410000001],[12.647773200000001,46.162430700000016],[12.6477468,46.1624746],[12.647776199999997,46.1625147],[12.6477975,46.1625609],[12.6478677,46.1626128],[12.6478832,46.1626507],[12.6478421,46.1626888],[12.647752500000001,46.1627195],[12.6476876,46.1627807],[12.6476306,46.16278549999999]]},"properties":{"class":"path","name":null,"name:it":null,"source":"overpass","osm_id":200038078,"highway":"path","sac_scale":"hiking","access":null,"trail_visibility":null,"surface":"gravel","mtb:scale":"2-","smoothness":null,"ref":null,"slope":15.27992029042346,"grade":14.860278569073513,"slope_class":"10-20: extreme","length_m":113.05955186085205,"shade_pct":100.0}},{"type":"Feature","geometry":{"type":"LineString","coordinates":[[12.6504582,46.1632266],[12.650392199999999,46.1632111],[12.6503198,46.16318350000001],[12.650225099999998,46.163155799999984],[12.650139899999997,46.16313259999999],[12.6500556,46.16311610000001],[12.6499678,46.1630791],[12.649886,46.16305400000001],[12.649792500000002,46.1630206],[12.649643,46.1629421],[12.649572,46.16290669999999],[12.649446399999997,46.16282679999999],[12.6492988,46.162753800000004],[12.6491944,46.1627015],[12.649064699999998,46.16265639999999],[12.648964,46.162619],[12.648919199999998,46.162607799999996],[12.648857999999999,46.162589100000005],[12.648796899999999,46.16256909999999],[12.6487461,46.16254479999999],[12.6486864,46.16252589999999],[12.6485889,46.162501199999994],[12.648487599999997,46.162465899999994],[12.648403499999999,46.162429499999995],[12.648179799999998,46.16235739999999],[12.6481952,46.16238959999999],[12.648284899999998,46.162462199999986]]},"properties":{"class":"path","name":null,"name:it":null,"source":"overpass","osm_id":200038079,"highway":"path","sac_scale":"hiking","access":null,"trail_visibility":null,"surface":"ground","mtb:scale":"0","smoothness":null,"ref":null,"slope":12.406851359653926,"grade":12.732384696565823,"slope_class":"10-20: extreme","length_m":216.69989645040224,"shade_pct":100.0}},{"type":"Feature","geometry":{"type":"LineString","coordinates":[[12.658022999999998,46.1634925],[12.6580518,46.1635726],[12.6580607,46.16361169999999],[12.6580577,46.1636548],[12.6580479,46.163706600000005],[12.6579843,46.1637257],[12.6579086,46.1637408],[12.657831799999999,46.16372719999999],[12.6577423,46.1637339],[12.657667799999999,46.16373939999998],[12.6576035,46.16374969999999],[12.6575366,46.16373819999999],[12.6574729,46.16374119999999],[12.657462999999998,46.163762000000006],[12.657492899999998,46.1637982],[12.6575452,46.16385],[12.657592500000002,46.163888099999994],[12.657635899999999,46.163919],[12.657671199999996,46.163962799999986],[12.6577102,46.163993399999995],[12.657734599999998,46.1640038],[12.657779100000003,46.164057199999995],[12.6578146,46.16409420000001],[12.657856099999998,46.16411469999999],[12.657871000000002,46.164139299999995],[12.6579125,46.1641722],[12.657930600000002,46.1641996],[12.6579569,46.16422969999999],[12.657982,46.16426870000001],[12.658008800000001,46.164317]]},"properties":{"class":"path","name":null,"name:it":null,"source":"overpass","osm_id":200038080,"highway":"path","sac_scale":null,"access":null,"trail_visibility":null,"surface":null,"mtb:scale":null,"smoothness":null,"ref":null,"slope":28.08492038791482,"grade":27.297596224054043,"slope_class":">20: impossible","length_m":148.0773966046144,"shade_pct":88.6}},{"type":"Feature","geometry":{"type":"LineString","coordinates":[[12.653101099999997,46.164061299999986],[12.652996099999998,46.1640335],[12.6529082,46.1639999],[12.652833399999999,46.16396640000001],[12.652771799999998,46.16395729999999],[12.6526707,46.16393599999999],[12.652569600000001,46.1639025],[12.6524709,46.1638911],[12.6523893,46.16387499999999],[12.652300600000002,46.16385280000001],[12.6522247,46.16384089999999],[12.6521637,46.1638414],[12.652087899999996,46.1638268],[12.6520174,46.1638106],[12.6519574,46.1637703],[12.6519038,46.1637181],[12.6518248,46.16366249999999],[12.651762,46.163628499999994],[12.6517243,46.16360800000001],[12.6516725,46.16357659999999],[12.6516322,46.1635498],[12.6515669,46.1635211],[12.651503899999998,46.1634853],[12.651333899999997,46.1634182],[12.651206300000002,46.1633575],[12.651113999999998,46.1633421],[12.6509671,46.1633149],[12.6508866,46.1633143],[12.650788,46.1633223],[12.6506794,46.163304000000004],[12.6505947,46.16328089999999],[12.6504582,46.1632266]]},"properties":{"class":"path","name":null,"name:it":null,"source":"overpass","osm_id":200038081,"highway":"path","sac_scale":"hiking","access":null,"trail_visibility":null,"surface":"ground;gravel","mtb:scale":"0","smoothness":null,"ref":null,"slope":17.358686569608366,"grade":18.25741869729369,"slope_class":"10-20: extreme","length_m":230.98286503838364,"shade_pct":100.0}},{"type":"Feature","geometry":{"type":"LineString","coordinates":[[12.658008800000001,46.164317],[12.6579444,46.16430679999999],[12.657886000000001,46.1642929],[12.6578051,46.16426959999999],[12.6576748,46.16423389999999],[12.657580399999999,46.16421119999999],[12.6574796,46.16417010000001],[12.6573937,46.16414549999998],[12.6572751,46.1641291],[12.6571506,46.16410439999999],[12.6570439,46.1640818],[12.6569332,46.1640792],[12.656845199999998,46.16405219999999],[12.6567089,46.1640305],[12.6566259,46.1640428],[12.6565221,46.1640675],[12.656433199999999,46.164081799999984],[12.6563087,46.1640716],[12.6561901,46.16405309999999],[12.6561012,46.1640382],[12.6560344,46.164020799999996],[12.655978199999998,46.1640282],[12.6559162,46.1640365],[12.6558432,46.1640305],[12.655764100000003,46.1640227],[12.6557078,46.1640098],[12.655617899999998,46.1639997],[12.6555468,46.1639915],[12.655469699999998,46.164007899999994],[12.6553438,46.16401829999999],[12.655234599999998,46.16401630000001],[12.6551288,46.16403259999999],[12.655014500000002,46.16405869999999],[12.654896599999999,46.164084399999986],[12.6547877,46.1641179],[12.6547035,46.16412],[12.6545846,46.1641141],[12.6545022,46.16411659999999],[12.654405900000002,46.1641166],[12.6542987,46.164112599999996],[12.654189,46.16411260000001],[12.6541446,46.1641209],[12.654064499999999,46.1641167],[12.6539845,46.16412909999999],[12.6538837,46.164127],[12.653791799999999,46.164122899999995],[12.653688,46.16412909999999],[12.6536139,46.164127000000015],[12.653551700000001,46.16410439999999],[12.653444999999998,46.16408179999999],[12.653361900000002,46.164067499999994],[12.6532819,46.16405929999999],[12.653204799999997,46.16406129999999],[12.653101099999997,46.164061299999986]]},"properties":{"class":"path","name":null,"name:it":null,"source":"overpass","osm_id":200038082,"highway":"path","sac_scale":"hiking","access":null,"trail_visibility":null,"surface":null,"mtb:scale":null,"smoothness":null,"ref":null,"slope":9.757663819943065,"grade":10.516973331894203,"slope_class":"8-10: hard","length_m":391.14279135698433,"shade_pct":87.0}},{"type":"Feature","geometry":{"type":"LineString","coordinates":[[12.6590489,46.15871189999999],[12.6590395,46.15880740000001],[12.659049399999999,46.1589055],[12.659057099999998,46.1591123],[12.6590527,46.15919749999999],[12.659062599999999,46.1593747],[12.658998899999998,46.15952529999999],[12.658985699999999,46.1596561],[12.658943999999998,46.15973970000001],[12.658900099999999,46.15982489999999],[12.6588035,46.1598827],[12.658708999999998,46.15992529999999],[12.658634400000002,46.159958700000004],[12.6583665,46.160145799999995],[12.6581755,46.16026440000001],[12.658141099999998,46.160295299999994],[12.6580657,46.1603633],[12.658026099999999,46.16042869999999],[12.6579229,46.160573199999995],[12.657857100000001,46.1606188],[12.657789,46.1606979],[12.6577363,46.160744999999984],[12.6577115,46.16079289999999],[12.657683600000002,46.16084690000001],[12.657644100000002,46.1609154],[12.6575365,46.16115109999999],[12.657466199999998,46.161271299999996],[12.657420099999998,46.16138839999999],[12.6573784,46.16154809999999],[12.657356399999998,46.16162259999999],[12.657330099999998,46.1616682],[12.6573345,46.161707699999994],[12.657297099999997,46.16193440000001],[12.6572774,46.16201649999999],[12.657259800000002,46.1620758],[12.657244399999998,46.162132099999994],[12.6572862,46.1622081],[12.657365199999997,46.16224919999999],[12.6574225,46.1622707]]},"properties":{"class":"path","name":null,"name:it":null,"source":"overpass","osm_id":200039258,"highway":"path","sac_scale":null,"access":null,"trail_visibility":null,"surface":null,"mtb:scale":null,"smoothness":null,"ref":null,"slope":1.0006809685032128,"grade":2.3102038731134615,"slope_class":"0-3: flat","length_m":445.6203579841216,"shade_pct":64.3}},{"type":"Feature","geometry":{"type":"LineString","coordinates":[[12.657847600000002,46.156887999999995],[12.657938199999998,46.15703909999999],[12.6579855,46.15711689999999],[12.6582593,46.157474900000004],[12.658451300000001,46.1577035],[12.6585475,46.15781630000001],[12.658681,46.1579389],[12.658752399999997,46.1580098],[12.658807399999999,46.15814399999999],[12.6588553,46.15822030000001]]},"properties":{"class":"track","name":null,"name:it":null,"source":"overpass","osm_id":200039266,"highway":"track","sac_scale":null,"access":null,"trail_visibility":null,"surface":"asphalt","mtb:scale":null,"smoothness":null,"ref":null,"slope":0.16344061335798926,"grade":0.8325129227072083,"slope_class":"0-3: flat","length_m":168.21247896622884,"shade_pct":78.8}},{"type":"Feature","geometry":{"type":"LineString","coordinates":[[12.6581477,46.1627525],[12.657705,46.1624535],[12.6574225,46.1622707]]},"properties":{"class":"track","name":null,"name:it":null,"source":"overpass","osm_id":200039269,"highway":"track","sac_scale":null,"access":null,"trail_visibility":null,"surface":"gravel","mtb:scale":null,"smoothness":null,"ref":null,"slope":2.326037778285121,"grade":-2.2410562615757557,"slope_class":"0-3: flat","length_m":77.54347798158821,"shade_pct":3.3}},{"type":"Feature","geometry":{"type":"LineString","coordinates":[[12.6975235,46.095495400000004],[12.697351899999997,46.095487999999996],[12.6972231,46.0947068],[12.6971304,46.094381799999994]]},"properties":{"class":"track","name":null,"name:it":null,"source":"overpass","osm_id":204272539,"highway":"track","sac_scale":null,"access":null,"trail_visibility":null,"surface":null,"mtb:scale":null,"smoothness":null,"ref":null,"slope":1.5556376129120368,"grade":-1.645769501047166,"slope_class":"0-3: flat","length_m":137.60979218495496,"shade_pct":22.6}},{"type":"Feature","geometry":{"type":"LineString","coordinates":[[12.6942727,46.0932113],[12.6941783,46.09331920000001],[12.6940688,46.093404699999994],[12.6938114,46.093434499999994],[12.6933715,46.0933973],[12.6932964,46.09353120000001],[12.693181100000002,46.094177]]},"properties":{"class":"track","name":null,"name:it":null,"source":"overpass","osm_id":204272540,"highway":"track","sac_scale":null,"access":null,"trail_visibility":null,"surface":null,"mtb:scale":null,"smoothness":null,"ref":null,"slope":0.8445917431526334,"grade":0.9226219536790129,"slope_class":"0-3: flat","length_m":169.63049833495828,"shade_pct":8.6}},{"type":"Feature","geometry":{"type":"LineString","coordinates":[[12.660172999999999,46.09871189999999],[12.660224699999999,46.098175699999985],[12.6601872,46.0980101],[12.660264399999999,46.09782779999999],[12.6607344,46.0975562],[12.6609811,46.09746700000001],[12.6625153,46.0970727],[12.662922999999997,46.09687919999999],[12.663223399999998,46.096745299999995],[12.663341900000002,46.09672890000001]]},"properties":{"class":"path","name":null,"name:it":null,"source":"overpass","osm_id":204274502,"highway":"path","sac_scale":null,"access":null,"trail_visibility":null,"surface":null,"mtb:scale":null,"smoothness":null,"ref":null,"slope":0.7409109299464397,"grade":-0.8391232044171455,"slope_class":"0-3: flat","length_m":370.023130671088,"shade_pct":41.6}},{"type":"Feature","geometry":{"type":"LineString","coordinates":[[12.6642282,46.089503199999996],[12.664330700000002,46.08964350000001],[12.664534500000002,46.0898221],[12.665006600000002,46.09029090000001],[12.6651439,46.0904806],[12.665229699999998,46.09088989999999],[12.6654035,46.09189799999999],[12.665691,46.0926967],[12.6658735,46.0932038],[12.666720999999999,46.0959269],[12.6667967,46.09619539999999],[12.6669785,46.096165],[12.667128700000001,46.0961352],[12.6674291,46.096053399999995],[12.6681802,46.0958302],[12.6685602,46.095693399999995]]},"properties":{"class":"track","name":null,"name:it":null,"source":"overpass","osm_id":204274503,"highway":"track","sac_scale":null,"access":null,"trail_visibility":null,"surface":null,"mtb:scale":null,"smoothness":null,"ref":null,"slope":1.2369312307919647,"grade":1.0090036795013282,"slope_class":"0-3: flat","length_m":926.9158821172565,"shade_pct":4.4}},{"type":"Feature","geometry":{"type":"LineString","coordinates":[[12.682134199999998,46.11972709999999],[12.681863,46.119747499999995],[12.678508699999998,46.1189056],[12.6720804,46.1174283],[12.667781999999999,46.1168398],[12.6670815,46.1167439],[12.6614299,46.1159071]]},"properties":{"class":"track","name":null,"name:it":null,"source":"overpass","osm_id":204276141,"highway":"track","sac_scale":null,"access":null,"trail_visibility":null,"surface":null,"mtb:scale":null,"smoothness":null,"ref":null,"slope":0.5141734998697862,"grade":-0.49163552903588936,"slope_class":"0-3: flat","length_m":1661.532869502933,"shade_pct":99.4}},{"type":"Feature","geometry":{"type":"LineString","coordinates":[[12.6845949,46.12042429999999],[12.6835453,46.11631400000001],[12.6834846,46.1159148],[12.683330799999998,46.11532199999999],[12.6831531,46.1147811],[12.6829216,46.1145236],[12.6829634,46.1129967],[12.682986,46.112173399999996],[12.682991299999998,46.111937],[12.683039400000002,46.1097709]]},"properties":{"class":"track","name":null,"name:it":null,"source":"overpass","osm_id":204276143,"highway":"track","sac_scale":null,"access":null,"trail_visibility":null,"surface":null,"mtb:scale":null,"smoothness":null,"ref":null,"slope":1.4537127682200093,"grade":-1.368374151924017,"slope_class":"0-3: flat","length_m":1200.1001128325033,"shade_pct":6.1}},{"type":"Feature","geometry":{"type":"LineString","coordinates":[[12.66139,46.11363380000001],[12.661517600000002,46.11406999999999],[12.661549699999998,46.11510379999999],[12.6614299,46.1159071],[12.6612923,46.1168292],[12.660938199999999,46.1195957],[12.660669999999998,46.1219234],[12.660498299999999,46.12341069999999],[12.6602945,46.1241097],[12.660273000000002,46.1244294],[12.660289399999996,46.12587579999999],[12.660294500000001,46.1263256],[12.6601551,46.12759109999999],[12.6599426,46.12951919999998],[12.659886799999997,46.129701399999995],[12.6598031,46.1298612],[12.6595864,46.13002850000001],[12.6594254,46.1302664],[12.659286,46.13072],[12.6592559,46.13092449999999],[12.660171099999998,46.1321691],[12.660243300000001,46.1322438],[12.6603376,46.1323217],[12.660379199999998,46.132374399999996],[12.6604645,46.1324727],[12.6606168,46.13272580000001],[12.660776699999998,46.13296179999998],[12.6612708,46.13347840000001],[12.6614103,46.133515599999996],[12.661667799999998,46.13348579999999],[12.6618609,46.1334784],[12.6620433,46.13348580000001],[12.662225699999999,46.13352299999999],[12.6624188,46.133612199999995],[12.662601200000001,46.13372379999999],[12.662762099999998,46.1339542],[12.6628587,46.1340137],[12.6630491,46.13398300000001],[12.6631283,46.133972799999995],[12.6632656,46.1339928]]},"properties":{"class":"track","name":null,"name:it":null,"source":"overpass","osm_id":204276392,"highway":"track","sac_scale":null,"access":null,"trail_visibility":null,"surface":null,"mtb:scale":null,"smoothness":null,"ref":null,"slope":1.401869647095013,"grade":1.3456773230869836,"slope_class":"0-3: flat","length_m":2450.0707882508586,"shade_pct":56.1}},{"type":"Feature","geometry":{"type":"LineString","coordinates":[[12.660289399999996,46.12587579999999],[12.659715100000001,46.125983500000004],[12.6593932,46.126050500000005],[12.659071400000002,46.12608759999999],[12.65861,46.126162],[12.658341799999999,46.1262141],[12.6581165,46.1263182],[12.657839699999998,46.12641850000001],[12.6576982,46.1264592],[12.6573264,46.12650320000001],[12.6567907,46.1266304],[12.6562104,46.12689850000001],[12.6556945,46.127067],[12.655282799999998,46.1271873],[12.654766899999998,46.12735229999999],[12.654505100000002,46.12744750000001],[12.6544247,46.1274864],[12.6542907,46.1274864],[12.6536558,46.127249199999994],[12.653065499999999,46.1269879],[12.6526619,46.12687970000001],[12.652360299999998,46.12674119999999],[12.652026999999999,46.1265929],[12.6518131,46.1265126],[12.6516728,46.126468900000006],[12.651564100000002,46.1264713],[12.6514238,46.12649319999999],[12.6513975,46.1264993],[12.651334299999998,46.126506]]},"properties":{"class":"track","name":null,"name:it":null,"source":"overpass","osm_id":204276717,"highway":"track","sac_scale":null,"access":null,"trail_visibility":null,"surface":null,"mtb:scale":null,"smoothness":null,"ref":null,"slope":0.1713564810441251,"grade":-0.2132559959828778,"slope_class":"0-3: flat","length_m":761.5513681540374,"shade_pct":32.9}},{"type":"Feature","geometry":{"type":"LineString","coordinates":[[12.6587592,46.1027422],[12.658985599999998,46.10267449999999],[12.662783599999997,46.10241419999999],[12.663051799999998,46.10239189999999],[12.6631822,46.102337500000004],[12.6631665,46.101988399999996],[12.6631541,46.101800099999984],[12.6631669,46.10169799999999],[12.6649722,46.1013727]]},"properties":{"class":"track","name":null,"name:it":null,"source":"overpass","osm_id":204276925,"highway":"track","sac_scale":null,"access":null,"trail_visibility":null,"surface":null,"mtb:scale":null,"smoothness":null,"ref":null,"slope":0.20702033927598634,"grade":-0.07456721022589047,"slope_class":"0-3: flat","length_m":562.4701979467529,"shade_pct":64.2}},{"type":"Feature","geometry":{"type":"LineString","coordinates":[[12.656910900000002,46.0990891],[12.655737300000002,46.0968066],[12.655615500000001,46.09648200000001],[12.654629900000002,46.0941049],[12.6544328,46.0934846],[12.6542763,46.0931193],[12.653939100000002,46.0921941],[12.6539213,46.092040000000004],[12.653945,46.09166069999999],[12.6538739,46.09142949999999],[12.6537968,46.09123979999999],[12.6535004,46.08863779999999],[12.653453,46.08853700000001],[12.653322599999997,46.0885192],[12.652327300000001,46.08872889999999]]},"properties":{"class":"track","name":null,"name:it":null,"source":"overpass","osm_id":204276926,"highway":"track","sac_scale":null,"access":null,"trail_visibility":null,"surface":null,"mtb:scale":null,"smoothness":null,"ref":null,"slope":1.515837320091821,"grade":-1.3347798378580844,"slope_class":"0-3: flat","length_m":1301.7642425128704,"shade_pct":56.3}},{"type":"Feature","geometry":{"type":"LineString","coordinates":[[12.676179,46.142364500000006],[12.6759029,46.14260279999999],[12.6756454,46.14300419999999],[12.6753519,46.1433141],[12.675194799999998,46.14348],[12.6747588,46.1438581],[12.674574699999999,46.143923699999995],[12.674279799999997,46.14391839999999]]},"properties":{"class":"track","name":null,"name:it":null,"source":"overpass","osm_id":204370146,"highway":"track","sac_scale":null,"access":null,"trail_visibility":null,"surface":null,"mtb:scale":null,"smoothness":null,"ref":null,"slope":10.15202825812988,"grade":11.014203875640966,"slope_class":"10-20: extreme","length_m":238.95896414667308,"shade_pct":49.3}},{"type":"Feature","geometry":{"type":"LineString","coordinates":[[12.6608044,46.1733931],[12.6610706,46.1732757],[12.6613301,46.17314429999999],[12.6615715,46.173034599999994],[12.6618129,46.1729362],[12.6620891,46.1728117],[12.662317099999997,46.172702199999996],[12.662598999999998,46.17253999999999],[12.6627412,46.17245640000001],[12.6628857,46.172405000000005],[12.6631167,46.1723246],[12.6633017,46.172255799999995],[12.6634061,46.1722081],[12.663452,46.17215920000001],[12.6634976,46.1720812],[12.663687999999999,46.171761800000006],[12.663947899999998,46.1713035],[12.6642432,46.170769899999996],[12.6644924,46.1703265],[12.664599899999999,46.17003989999999],[12.6646104,46.16987329999999],[12.664516800000001,46.169608999999994],[12.6643931,46.16929749999999],[12.6643555,46.1689959],[12.664398500000003,46.168098599999986],[12.664326500000001,46.1679618],[12.6641531,46.1676323],[12.6638328,46.1672247],[12.6637686,46.1669816],[12.6638732,46.1662269],[12.6640603,46.1659565],[12.664474300000002,46.165794999999996],[12.6645355,46.16577929999999],[12.6651479,46.1656222],[12.6653479,46.16531680000001],[12.665903800000002,46.164408400000006],[12.6658991,46.16423780000001],[12.665705900000003,46.1641124],[12.665376799999999,46.164025],[12.664821900000002,46.1639671],[12.6645959,46.163946799999984]]},"properties":{"class":"track","name":null,"name:it":null,"source":"overpass","osm_id":204370148,"highway":"track","sac_scale":null,"access":null,"trail_visibility":null,"surface":"gravel","mtb:scale":null,"smoothness":null,"ref":null,"slope":0.6757343198138305,"grade":-0.2525012171489635,"slope_class":"0-3: flat","length_m":1336.7722536348,"shade_pct":0.0}},{"type":"Feature","geometry":{"type":"LineString","coordinates":[[12.6487725,46.1298312],[12.648870499999997,46.129841299999995],[12.649049899999998,46.1299104],[12.649154499999998,46.13000699999999],[12.649264,46.1301175],[12.649403499999998,46.13027279999999],[12.6495181,46.1304213],[12.6496476,46.130590399999996],[12.6497422,46.13073539999999],[12.6498717,46.13083549999999],[12.650036099999998,46.130956300000015],[12.650220400000002,46.1311013],[12.650280199999997,46.1311876],[12.6503698,46.1313636],[12.6503848,46.131494800000006],[12.6503898,46.13157759999999],[12.6504097,46.1316847],[12.650429599999999,46.1318124],[12.6504695,46.13191939999999],[12.6505492,46.1320506],[12.6506139,46.1321472],[12.6506836,46.1322404],[12.6507932,46.13235780000001],[12.650858999999999,46.13249619999999],[12.650998399999999,46.13268949999999],[12.6512176,46.1328828],[12.6514169,46.133089899999995],[12.651646,46.1333729],[12.651875100000002,46.1336905],[12.651924899999997,46.1338976],[12.6519648,46.1340564],[12.6519747,46.13423589999999],[12.651905,46.13442229999999],[12.651875099999998,46.13449819999999],[12.6518253,46.1346294],[12.6516858,46.13499529999999],[12.6514268,46.1351747],[12.6513381,46.1352296],[12.651147899999998,46.135347299999985],[12.6508789,46.135499200000005],[12.6505601,46.13555439999999],[12.650188600000002,46.1356794],[12.6500813,46.1358727],[12.649920399999997,46.136177499999995],[12.6499311,46.1364452],[12.650006199999998,46.1369284],[12.650188600000002,46.137486],[12.650435299999998,46.137932],[12.6506499,46.13805099999998],[12.650886,46.1381668]]},"properties":{"class":"track","name":null,"name:it":null,"source":"overpass","osm_id":204372317,"highway":"track","sac_scale":null,"access":null,"trail_visibility":null,"surface":null,"mtb:scale":null,"smoothness":null,"ref":null,"slope":1.1111241653910668,"grade":1.138465380166577,"slope_class":"0-3: flat","length_m":1097.9612261408138,"shade_pct":74.4}},{"type":"Feature","geometry":{"type":"LineString","coordinates":[[12.6774822,46.103322],[12.677439299999998,46.1030989],[12.677362000000002,46.102773799999994],[12.677294499999999,46.102601]]},"properties":{"class":"track","name":null,"name:it":null,"source":"overpass","osm_id":204376079,"highway":"track","sac_scale":null,"access":null,"trail_visibility":null,"surface":null,"mtb:scale":null,"smoothness":null,"ref":null,"slope":1.7110311711824762,"grade":-1.603199970699088,"slope_class":"0-3: flat","length_m":81.59816533210574,"shade_pct":0.0}},{"type":"Feature","geometry":{"type":"LineString","coordinates":[[12.640445800000002,46.093113],[12.640443299999998,46.093345600000006],[12.6404382,46.0934179],[12.6404662,46.09347249999998],[12.640534799999998,46.0935148],[12.640616099999999,46.09352359999999],[12.6407305,46.0935289],[12.640885500000001,46.09353419999999],[12.640961700000002,46.093546500000016],[12.641116699999998,46.093573000000006],[12.6412438,46.093590600000006],[12.641353,46.0935906],[12.641485199999998,46.09359239999999],[12.641627499999998,46.09358530000001],[12.641782499999998,46.093565899999994],[12.6419731,46.0935254],[12.642143300000003,46.09349540000001],[12.642321200000001,46.093467200000006],[12.6424457,46.093447899999994],[12.642560099999999,46.09344259999999],[12.6427049,46.09345309999999],[12.642771,46.0934901],[12.6428422,46.0935448],[12.642908199999999,46.0936047],[12.642992100000003,46.0937069],[12.643058199999999,46.093754499999996],[12.643092799999998,46.093773299999995],[12.643115200000002,46.09378919999999],[12.643129599999998,46.093808399999986],[12.643139699999999,46.09383389999999],[12.643140699999998,46.093841999999995],[12.643141099999998,46.09385099999999],[12.643138699999998,46.093872499999996],[12.643129499999999,46.09389279999999],[12.643124899999998,46.093903299999994],[12.6431147,46.0939209],[12.643100299999999,46.0939441],[12.643061699999999,46.094009099999994],[12.643027100000001,46.0940767],[12.643019,46.09411169999999],[12.642995399999998,46.09415239999999],[12.642976699999998,46.094189799999995],[12.6429709,46.094203300000004],[12.6429545,46.0942333],[12.642937400000001,46.094263999999995],[12.6429214,46.094299500000005],[12.642910500000001,46.094320599999996],[12.6428975,46.0943468],[12.642827599999997,46.094471699999986],[12.6427325,46.094627100000004],[12.642717400000002,46.09464560000001],[12.6426779,46.09469450000001],[12.642657099999997,46.094722899999994],[12.642634899999997,46.0947558],[12.6426138,46.0947839],[12.6426046,46.0947967],[12.6425923,46.0948132],[12.6425732,46.09483639999999],[12.6425537,46.094857199999986],[12.642535,46.09487970000001],[12.6425247,46.0948922],[12.642505,46.0949145],[12.642478699999998,46.0949526],[12.6424644,46.09496769999999],[12.642459599999999,46.094979499999994],[12.6424453,46.09500700000001],[12.6424378,46.095022300000004],[12.6423989,46.0950538],[12.6423815,46.0950815],[12.6423665,46.09510299999999],[12.642351799999998,46.09511859999999],[12.6423344,46.09514039999999],[12.642295499999998,46.0951671],[12.6422853,46.0951758],[12.6422683,46.095191400000004],[12.6422478,46.095209700000005],[12.642234199999999,46.09522499999999],[12.642200400000002,46.0952652],[12.642182,46.095287199999994],[12.642129900000002,46.0953914],[12.641973099999998,46.0955819],[12.6418124,46.095772099999984],[12.641695700000001,46.09592179999999],[12.641638999999998,46.09601339999999],[12.6416213,46.096104200000006],[12.6416188,46.0962257],[12.6416115,46.09637800000001],[12.6415859,46.09649829999999],[12.6415348,46.0966239],[12.6415,46.09675219999998],[12.641467199999997,46.096844000000004],[12.641396799999999,46.097037199999995],[12.641295400000002,46.09732259999999],[12.641237299999998,46.0975102],[12.641208299999999,46.097628099999994],[12.641197599999996,46.09772489999999],[12.6411682,46.0978317],[12.641130599999999,46.097959599999996],[12.6410598,46.09814959999999],[12.640996199999998,46.09827800000001],[12.640931500000002,46.098392],[12.640833699999998,46.0985186],[12.6406778,46.09865919999999],[12.640557999999999,46.098749999999995],[12.640426299999998,46.09882859999999],[12.6402849,46.09891439999999],[12.640099399999999,46.099036399999996],[12.6399357,46.09914229999999],[12.639844699999998,46.0992168],[12.639787699999998,46.0992923],[12.639636099999999,46.0994555],[12.639561899999999,46.099542299999996],[12.6395363,46.0995814],[12.639344099999999,46.099569499999994],[12.6390806,46.09955130000001],[12.6387817,46.0995032],[12.638510599999998,46.09945269999998],[12.6381505,46.0994065],[12.637959900000002,46.0994012],[12.637817,46.09940580000001],[12.6376156,46.099446799999996],[12.637329999999999,46.099547],[12.636947899999997,46.099683],[12.6367046,46.09975819999999],[12.636514999999997,46.0998085],[12.636307199999997,46.09985459999999],[12.635875300000002,46.0999582],[12.6354502,46.10004889999999],[12.6349488,46.10016229999999],[12.6345455,46.10026810000001],[12.6343548,46.10032480000001],[12.634174699999999,46.100401999999995],[12.6339404,46.1005324],[12.6337553,46.1006346],[12.6335616,46.1007407],[12.633297499999998,46.10080469999999],[12.6329596,46.100925600000004],[12.6326489,46.101057899999994],[12.632395399999998,46.10115209999999],[12.632038399999999,46.10128980000001],[12.631833699999998,46.1013674],[12.631433399999999,46.1015262],[12.6312154,46.1016226],[12.6309946,46.10169820000001],[12.6307086,46.1017984],[12.630449699999998,46.10189089999999],[12.630133599999999,46.102006200000005],[12.629749500000003,46.1021292],[12.629526299999998,46.1022029],[12.6292428,46.102288],[12.628953799999998,46.102380499999995],[12.628801100000002,46.10241989999999],[12.628736199999999,46.1024404],[12.6286812,46.1024578],[12.6284426,46.1025529],[12.628426399999999,46.10260629999999],[12.628394299999998,46.102695999999995],[12.628407299999997,46.102771799999985],[12.6284195,46.10284339999999],[12.628425199999999,46.1030343],[12.6284199,46.10314379999999],[12.6283874,46.1032685],[12.628314,46.1033989],[12.6281941,46.10353289999998],[12.6280606,46.103689499999994],[12.6279543,46.10380910000001],[12.627864300000002,46.1039223],[12.627766200000002,46.1040432],[12.627665399999998,46.1041868],[12.6275946,46.10432089999999],[12.6275346,46.104445899999995],[12.627435,46.1045954],[12.6274237,46.1046125]]},"properties":{"class":"track","name":null,"name:it":null,"source":"overpass","osm_id":204419859,"highway":"track","sac_scale":null,"access":null,"trail_visibility":null,"surface":"gravel","mtb:scale":null,"smoothness":null,"ref":null,"slope":0.7239152804632387,"grade":0.7372119258997347,"slope_class":"0-3: flat","length_m":2179.5643638348993,"shade_pct":7.0}},{"type":"Feature","geometry":{"type":"LineString","coordinates":[[12.6811829,46.135992699999996],[12.6815059,46.135902400000006],[12.681778400000002,46.1358604],[12.6820745,46.13583659999999],[12.6824715,46.135791999999995],[12.682836300000002,46.13572510000001],[12.683233199999998,46.1356422],[12.6839521,46.135338499999996],[12.6843168,46.1352344],[12.6847031,46.1351377]]},"properties":{"class":"path","name":null,"name:it":null,"source":"overpass","osm_id":207701834,"highway":"path","sac_scale":null,"access":null,"trail_visibility":null,"surface":null,"mtb:scale":null,"smoothness":null,"ref":null,"slope":1.103960789893114,"grade":-1.15862196682469,"slope_class":"0-3: flat","length_m":291.12706563239516,"shade_pct":0.0}},{"type":"Feature","geometry":{"type":"LineString","coordinates":[[12.6694574,46.1561589],[12.669039,46.1568649],[12.6687708,46.157325699999994],[12.668720800000001,46.15739730000001],[12.668470299999997,46.15775669999999],[12.6681914,46.157972300000004],[12.6679983,46.15805399999999],[12.6675477,46.15795],[12.667279399999998,46.157866699999985],[12.667193699999999,46.157851],[12.667087499999997,46.15782149999999],[12.666995099999998,46.15776639999999],[12.6669147,46.1576512],[12.6666233,46.15760689999999]]},"properties":{"class":"track","name":null,"name:it":null,"source":"overpass","osm_id":207701836,"highway":"track","sac_scale":null,"access":null,"trail_visibility":null,"surface":null,"mtb:scale":null,"smoothness":null,"ref":null,"slope":1.0138852447000497,"grade":1.024749930593027,"slope_class":"0-3: flat","length_m":364.98698323964794,"shade_pct":12.7}},{"type":"Feature","geometry":{"type":"LineString","coordinates":[[12.6748348,46.148635600000006],[12.6754703,46.1461756]]},"properties":{"class":"track","name":null,"name:it":null,"source":"overpass","osm_id":207701837,"highway":"track","sac_scale":null,"access":null,"trail_visibility":null,"surface":null,"mtb:scale":null,"smoothness":null,"ref":null,"slope":0.4797487451935446,"grade":-0.5049446036193606,"slope_class":"0-3: flat","length_m":277.97613405912085,"shade_pct":0.0}},{"type":"Feature","geometry":{"type":"LineString","coordinates":[[12.6704945,46.15191409999999],[12.6707166,46.151581400000005],[12.670895199999999,46.15117779999999]]},"properties":{"class":"track","name":null,"name:it":null,"source":"overpass","osm_id":207701838,"highway":"track","sac_scale":null,"access":null,"trail_visibility":null,"surface":null,"mtb:scale":null,"smoothness":null,"ref":null,"slope":11.42782735742248,"grade":-16.349632069649168,"slope_class":"10-20: extreme","length_m":87.75447740088119,"shade_pct":17.7}},{"type":"Feature","geometry":{"type":"LineString","coordinates":[[12.6694896,46.1549178],[12.6696398,46.15467249999999],[12.66979,46.1544496],[12.669958799999998,46.1542914],[12.669972399999999,46.15427859999999],[12.6701226,46.1542043],[12.670444499999999,46.15411509999999],[12.6706483,46.1539888],[12.670723399999998,46.1538847],[12.670730899999999,46.15373189999999]]},"properties":{"class":"track","name":null,"name:it":null,"source":"overpass","osm_id":207702030,"highway":"track","sac_scale":null,"access":null,"trail_visibility":null,"surface":null,"mtb:scale":null,"smoothness":null,"ref":null,"slope":0.5065420105170352,"grade":-0.4169073947139966,"slope_class":"0-3: flat","length_m":172.7956755751362,"shade_pct":0.0}},{"type":"Feature","geometry":{"type":"LineString","coordinates":[[12.6689364,46.15592959999999],[12.668614499999999,46.1563606],[12.6682588,46.1567748],[12.6681103,46.15694770000001],[12.667809899999998,46.1573862],[12.667520199999998,46.157690900000006],[12.6672734,46.15782469999999],[12.667193699999999,46.157851]]},"properties":{"class":"track","name":null,"name:it":null,"source":"overpass","osm_id":208682027,"highway":"track","sac_scale":null,"access":null,"trail_visibility":null,"surface":null,"mtb:scale":null,"smoothness":null,"ref":null,"slope":1.3232832375801655,"grade":0.9805524687016127,"slope_class":"0-3: flat","length_m":255.6928087445828,"shade_pct":0.0}},{"type":"Feature","geometry":{"type":"LineString","coordinates":[[12.673902299999996,46.1465351],[12.6742777,46.14586539999999],[12.674288500000001,46.14541570000001],[12.6743797,46.14530419999999],[12.6744011,46.14494],[12.674379699999998,46.144891699999995],[12.6743528,46.14484329999999],[12.6743421,46.14479130000001],[12.6743421,46.144731799999995],[12.6743314,46.1446538],[12.6743367,46.14450879999999],[12.6743421,46.14440110000001],[12.674325999999999,46.1443676],[12.674326,46.1442933],[12.6743046,46.144263499999994],[12.674283099999998,46.14422639999999],[12.674267000000002,46.1441855],[12.674220899999998,46.1441578],[12.674128200000002,46.14409470000001]]},"properties":{"class":"path","name":null,"name:it":null,"source":"overpass","osm_id":209528468,"highway":"path","sac_scale":null,"access":null,"trail_visibility":null,"surface":null,"mtb:scale":null,"smoothness":null,"ref":null,"slope":11.339714877215249,"grade":11.40863350042158,"slope_class":"10-20: extreme","length_m":285.2507523308768,"shade_pct":19.2}},{"type":"Feature","geometry":{"type":"LineString","coordinates":[[12.6889236,46.1222301],[12.6890531,46.1223248],[12.6890218,46.1224431],[12.689109,46.122404],[12.689110299999998,46.1224961],[12.689211,46.12243939999998],[12.6892304,46.1224655],[12.6893034,46.1224292],[12.6893986,46.12249330000001],[12.6894966,46.12241240000001],[12.6895416,46.1224609],[12.6896562,46.1224393],[12.689974700000002,46.1224384]]},"properties":{"class":"path","name":"Sentiero Pellegrin","name:it":null,"source":"overpass","osm_id":209528999,"highway":"path","sac_scale":null,"access":null,"trail_visibility":null,"surface":null,"mtb:scale":null,"smoothness":null,"ref":null,"slope":23.405732514810534,"grade":-20.21449868013035,"slope_class":">20: impossible","length_m":128.6579933092226,"shade_pct":3.4}},{"type":"Feature","geometry":{"type":"LineString","coordinates":[[12.68985,46.1226059],[12.689713800000002,46.122778600000004],[12.689659499999998,46.12287359999999],[12.689573199999998,46.1230003],[12.6894879,46.1231209],[12.689396399999998,46.1232243],[12.6892518,46.1234258],[12.6890147,46.12372719999999],[12.6889172,46.123888499999985],[12.6886349,46.1242828],[12.688421,46.124593100000006],[12.688295,46.124810599999996],[12.6880938,46.12514889999998],[12.6880529,46.12520859999999],[12.687983099999999,46.12533309999999],[12.6879161,46.125494899999985],[12.6877561,46.1257353],[12.6875198,46.1260468],[12.6872375,46.12640019999999],[12.687053099999998,46.12662859999999],[12.686862,46.1268779],[12.6867118,46.12708979999999],[12.6865401,46.127322199999995],[12.686355699999998,46.12757109999999],[12.6861465,46.12788340000001],[12.685995600000002,46.12815869999999],[12.6859239,46.12829239999999],[12.6857945,46.128471],[12.6856127,46.12871990000001],[12.685414299999998,46.129037799999985],[12.685187,46.1293821],[12.6849676,46.129724799999984],[12.684963599999996,46.1297311],[12.684796699999998,46.129971100000006],[12.6846599,46.13013840000001],[12.684624999999999,46.130222100000005],[12.6846659,46.130326000000004],[12.6847839,46.1304282],[12.6850253,46.1305676],[12.6853867,46.130749999999985],[12.685652000000001,46.1308535]]},"properties":{"class":"track","name":null,"name:it":null,"source":"overpass","osm_id":209529109,"highway":"track","sac_scale":null,"access":null,"trail_visibility":null,"surface":null,"mtb:scale":null,"smoothness":null,"ref":null,"slope":0.9189887805633645,"grade":0.8217906603839278,"slope_class":"0-3: flat","length_m":1048.6795305542842,"shade_pct":52.7}},{"type":"Feature","geometry":{"type":"LineString","coordinates":[[12.691526199999998,46.12074489999999],[12.6924221,46.1195067],[12.6927635,46.119051],[12.6933,46.11837059999999],[12.693752400000001,46.11780000000001],[12.6939437,46.1175451],[12.6947127,46.11646869999999],[12.6950453,46.115989],[12.6954243,46.1153511],[12.695789,46.1148082],[12.695984,46.1145127],[12.6962021,46.1142875],[12.6963523,46.11409789999999],[12.696454199999998,46.11391569999999],[12.696529299999998,46.11380409999999]]},"properties":{"class":"track","name":null,"name:it":null,"source":"overpass","osm_id":209529671,"highway":"track","sac_scale":null,"access":null,"trail_visibility":null,"surface":null,"mtb:scale":null,"smoothness":null,"ref":null,"slope":0.9469490817014471,"grade":-0.994151256042176,"slope_class":"0-3: flat","length_m":864.2696747529858,"shade_pct":21.4}},{"type":"Feature","geometry":{"type":"LineString","coordinates":[[12.689974700000002,46.1224384],[12.6900456,46.12216899999999],[12.690118899999998,46.12204059999999],[12.6904319,46.12168569999999],[12.6907358,46.1212895],[12.6909986,46.120965999999996],[12.6914492,46.120356199999996],[12.692186,46.1195365],[12.692506000000002,46.1191737],[12.692835099999998,46.11875559999999],[12.693371599999999,46.11809739999999],[12.693702299999998,46.117604599999986],[12.6942299,46.1169261],[12.694506899999999,46.1164667],[12.6949809,46.1156729],[12.6953438,46.1151428],[12.6957998,46.11456269999999],[12.696132399999998,46.1141462],[12.6962147,46.113951199999995],[12.6966225,46.11349489999999],[12.696770700000002,46.1133058],[12.697591499999998,46.1123463],[12.6981279,46.111676899999985],[12.698655499999997,46.11104679999999],[12.6988808,46.11066369999999],[12.6992086,46.11023930000001]]},"properties":{"class":"track","name":null,"name:it":null,"source":"overpass","osm_id":209529673,"highway":"track","sac_scale":null,"access":null,"trail_visibility":null,"surface":null,"mtb:scale":null,"smoothness":null,"ref":null,"slope":0.9397849923514214,"grade":-1.029684333287979,"slope_class":"0-3: flat","length_m":1537.1807873068008,"shade_pct":9.1}},{"type":"Feature","geometry":{"type":"LineString","coordinates":[[12.6526336,46.16487039999999],[12.6527305,46.164942100000005],[12.652874099999998,46.1651133],[12.653024399999998,46.165222],[12.6532014,46.16532379999999],[12.6533784,46.1654371],[12.6535688,46.165578200000006],[12.6537759,46.1657216],[12.654023,46.16596220000001],[12.654286899999999,46.166175],[12.654448699999998,46.16632019999999],[12.6544906,46.16635779999999],[12.6546843,46.16650579999999],[12.6549114,46.16676259999999],[12.6550884,46.1670263],[12.655165299999998,46.167215899999995],[12.655145199999998,46.1674657],[12.655168599999998,46.1675883],[12.655288799999997,46.1677317],[12.655435800000001,46.16785900000001],[12.655556,46.16800239999999],[12.655679599999997,46.168069499999994],[12.6557965,46.168145800000005],[12.6558232,46.16824289999999],[12.6557765,46.1683725],[12.655786500000001,46.1685136],[12.6559101,46.1687911],[12.6560604,46.1690733],[12.656190600000002,46.16934859999999],[12.656223999999998,46.169482699999996],[12.6562107,46.16964689999999],[12.6562708,46.16977409999999],[12.656421099999998,46.1700263],[12.6566048,46.170118800000004],[12.656755099999998,46.17020670000001],[12.6568419,46.170347799999995],[12.6569889,46.17043329999999],[12.657196,46.170498099999996],[12.6573963,46.17059289999999],[12.6575333,46.1707086],[12.6576268,46.170916799999986],[12.6577237,46.1710717],[12.6578539,46.1712383],[12.657887299999999,46.17141629999999],[12.6580243,46.17158980000001],[12.6582547,46.17177949999999],[12.658491799999998,46.17189969999999],[12.658738999999999,46.1719437],[12.659006199999999,46.1719992],[12.659239999999999,46.1721079],[12.6593936,46.17216799999999],[12.659484900000002,46.172125300000005]]},"properties":{"class":"track","name":null,"name:it":null,"source":"overpass","osm_id":210838904,"highway":"track","sac_scale":null,"access":null,"trail_visibility":null,"surface":null,"mtb:scale":null,"smoothness":null,"ref":null,"slope":3.03361214523165,"grade":2.472381323095603,"slope_class":"3-5: mild","length_m":1028.5170530875803,"shade_pct":68.9}},{"type":"Feature","geometry":{"type":"LineString","coordinates":[[12.585297699999998,46.14111439999999],[12.585338099999998,46.141138299999994],[12.585355,46.141151199999996],[12.585362999999997,46.141164999999994],[12.585352,46.14119600000001],[12.585297999999998,46.14121699999999],[12.585249999999998,46.141242],[12.585158,46.14129799999999],[12.585108,46.141313999999994],[12.585062,46.14133699999999],[12.584952,46.141409],[12.584923,46.141433],[12.584844,46.141473],[12.584716,46.141528],[12.584672000000001,46.141536],[12.584585,46.141531],[12.584504,46.14153299999999],[12.584407,46.14150999999999],[12.584306,46.141503],[12.584166000000002,46.14147],[12.584128,46.14147],[12.584059,46.141456],[12.583935,46.141417],[12.583845,46.14140199999999],[12.583749,46.141397],[12.583648,46.14140200000001],[12.583581,46.14141599999999],[12.583523,46.141434000000004],[12.583425,46.141478],[12.583339000000002,46.14150300000001],[12.583234,46.14154699999999],[12.5831624,46.1415997],[12.5830214,46.1416564],[12.5829186,46.1416895],[12.5828469,46.14170750000001],[12.5827242,46.14173339999999],[12.5826624,46.1417525],[12.582603,46.14175899999999],[12.582447,46.14182600000001],[12.582368,46.14189300000001],[12.582268,46.141941],[12.582116000000001,46.142033],[12.5820566,46.14205460000001],[12.582,46.142089999999996],[12.581953,46.142127],[12.5818458,46.142187],[12.581735800000002,46.1422296],[12.5816174,46.142261600000005],[12.581332,46.142352899999985],[12.5812849,46.14236129999999],[12.5811645,46.1423502],[12.581100599999997,46.1423633],[12.5810333,46.1423853],[12.580983899999998,46.1424123],[12.580943699999999,46.14244299999999],[12.580759099999998,46.1425363],[12.580713699999999,46.142554299999986],[12.5806196,46.142574599999996],[12.580561799999998,46.14260529999999],[12.580516,46.14265400000001],[12.580408,46.142695],[12.580360000000002,46.14269500000001],[12.580323,46.14268799999999],[12.580273,46.142694],[12.580203999999998,46.142709999999994],[12.580136,46.142718],[12.580007999999998,46.142742999999996],[12.579947,46.142743],[12.579885,46.142737],[12.579823,46.142744],[12.579686000000002,46.142722000000006],[12.579555999999998,46.14274999999999],[12.579492,46.14274799999999],[12.579431000000001,46.142728999999996],[12.579367000000001,46.14273200000001],[12.579306999999998,46.14275],[12.579181,46.142757],[12.579114,46.142757],[12.579001999999997,46.142737000000004],[12.578948,46.14274499999999],[12.5788625,46.142740399999994],[12.5788541,46.14274499999999],[12.578856100000001,46.142751499999996],[12.578888,46.142763],[12.578884499999997,46.142775799999995],[12.578865,46.14278],[12.578822000000002,46.14277400000001],[12.578781000000001,46.14275599999999],[12.578699000000002,46.142742000000005],[12.578668,46.14276900000001],[12.578615,46.14274999999999],[12.578573,46.142742],[12.578522999999999,46.14278],[12.578468,46.142779999999995],[12.578444000000001,46.142786],[12.578433,46.14281299999999],[12.57841,46.142828],[12.578374999999998,46.142818999999996],[12.578352,46.142835],[12.578335000000001,46.14285900000001],[12.578309000000003,46.142871],[12.578253999999998,46.142875999999994],[12.578239,46.142909],[12.578212,46.142916],[12.578175,46.142892],[12.578139,46.14288799999999],[12.578116,46.14289500000002],[12.578071,46.142897],[12.578041,46.142889],[12.578023999999997,46.142896],[12.578022000000002,46.14297100000001],[12.578028,46.142993],[12.577995000000001,46.143024],[12.5779977,46.1430484],[12.577942,46.14304799999999],[12.577922999999998,46.143058999999994],[12.577898,46.143049999999995],[12.577838,46.143010000000004],[12.577802,46.14299799999999],[12.577786,46.142982],[12.577694,46.142923999999994],[12.577664,46.142918],[12.5776508,46.1429204],[12.577622999999999,46.142948999999994],[12.577552,46.142921999999984],[12.577499000000001,46.142888000000006],[12.577428999999999,46.142796],[12.577407,46.142784],[12.577355,46.142774],[12.577322,46.142774],[12.577263000000002,46.14280699999998],[12.577221,46.142821],[12.577173,46.142879],[12.577141,46.142903999999994],[12.577106000000002,46.14291699999999],[12.5770889,46.1429204],[12.577076,46.142911000000005],[12.577025000000003,46.142922],[12.576928,46.142918],[12.576854,46.142932],[12.576810999999998,46.143018999999995],[12.576812,46.143049],[12.576789,46.14306899999999],[12.576697,46.143069],[12.576665,46.143080000000005],[12.576636,46.14313299999999],[12.576631,46.143159],[12.576655,46.143181],[12.576656,46.14318899999999],[12.576638,46.1432],[12.576638,46.143216],[12.576657,46.143237],[12.576674,46.143247],[12.576651000000002,46.143275],[12.576653,46.14330000000001],[12.576637,46.14332499999999],[12.576637,46.143341],[12.576614000000001,46.143359000000004],[12.576597,46.143401],[12.576575,46.143404999999994],[12.576566,46.14341400000001],[12.576571999999999,46.14342899999998],[12.576558,46.143441],[12.576554,46.14346399999999],[12.5765414,46.143468],[12.576538000000001,46.14347790000001],[12.576555,46.143511999999994],[12.576554,46.143530000000005],[12.576591,46.14356899999999],[12.576573999999999,46.14358999999999],[12.576582999999998,46.143619999999984],[12.576578,46.143632],[12.576583,46.143651],[12.57657,46.143686],[12.576492999999997,46.14378299999999],[12.57648,46.143815000000004],[12.576479,46.14392599999999],[12.576468,46.14394299999999],[12.576469999999999,46.143997],[12.576462000000001,46.144017],[12.576475599999998,46.1441006],[12.576459,46.14411299999999],[12.576384,46.144127],[12.576369,46.144138999999996],[12.576280000000002,46.144166000000006],[12.576245,46.14416899999999],[12.576206999999998,46.14417899999999],[12.576104000000003,46.144184],[12.5760992,46.1441958],[12.576083,46.144192],[12.57603,46.14420200000001],[12.575993,46.144200000000005],[12.575975999999999,46.14423500000001],[12.575956999999999,46.144252],[12.575920000000002,46.14426499999999],[12.575854,46.144303],[12.575809,46.144304],[12.575773,46.144319],[12.575731,46.14432999999999],[12.575690999999999,46.14432299999999],[12.575678999999997,46.144328],[12.575679999999998,46.144346],[12.575669999999999,46.14435399999999],[12.575646999999998,46.144346],[12.575614,46.14434900000001],[12.575555999999999,46.144363999999996],[12.575528,46.144360999999996],[12.575489,46.14439099999999],[12.57547,46.14441499999999],[12.575438000000002,46.144420000000004],[12.575380999999998,46.14444099999999],[12.575352999999998,46.144479999999994],[12.575335000000003,46.144487],[12.575312,46.144484],[12.575263,46.144501999999996],[12.57519,46.144490999999995],[12.575162,46.144479999999994],[12.5750867,46.144479999999994],[12.5750714,46.144527599999996],[12.575055,46.14453399999999],[12.5750335,46.1445348],[12.575028,46.144553],[12.575016699999999,46.14456469999999],[12.575005,46.144568],[12.574999000000002,46.144594],[12.575004,46.14463299999999],[12.574977000000002,46.144689],[12.575007,46.144722],[12.575024899999999,46.1447796],[12.575044,46.14479200000001],[12.575044,46.144808999999995],[12.575055599999999,46.14483709999999],[12.575039999999998,46.14485299999999],[12.57498,46.144858],[12.574935,46.14485500000001],[12.57491,46.14484799999999],[12.574847,46.144817],[12.574817999999999,46.144817],[12.574784,46.144800999999994],[12.57477,46.14483400000001],[12.574745999999998,46.144836],[12.574696000000001,46.144816000000006],[12.574664,46.144808999999995],[12.574664,46.14479999999999],[12.574643,46.144796],[12.574606,46.14475199999999],[12.574596999999999,46.14475399999999],[12.574569999999998,46.144774999999996],[12.574572999999997,46.144803999999986],[12.574558999999999,46.14481],[12.574559,46.144815],[12.574537999999999,46.14482799999999],[12.574530399999997,46.14484019999999],[12.5745332,46.14484889999999],[12.574558,46.14485700000001],[12.57457,46.14486899999999],[12.574539,46.14489699999999],[12.574484,46.14493499999999],[12.574465,46.144943],[12.574464999999998,46.144958],[12.574455999999996,46.144966999999994],[12.574423999999999,46.14497799999999],[12.574401,46.144979],[12.574363999999997,46.14499799999999],[12.574309,46.145011],[12.574284000000002,46.14501],[12.57428,46.145019],[12.5742605,46.14502379999999],[12.574244,46.14502699999999],[12.5742365,46.145023099999996],[12.574212899999997,46.1450236],[12.574146,46.145039],[12.5741233,46.145038199999995],[12.57409,46.145077],[12.574058,46.14509299999999],[12.57395,46.14513199999999],[12.573910999999999,46.145137],[12.573881,46.145148999999996],[12.573828,46.145149],[12.573802,46.14516100000001],[12.573767,46.145167],[12.573723,46.145168],[12.573667,46.145154],[12.573562999999998,46.145143999999995],[12.573445,46.145149],[12.573359999999997,46.145164],[12.573347,46.145179999999996],[12.573267,46.14519099999999],[12.573199999999998,46.145190400000004],[12.5731971,46.14520219999999],[12.573174,46.14520199999999],[12.573147000000002,46.145219],[12.573093000000002,46.145224],[12.573043999999998,46.14521499999999],[12.572992,46.14522599999999],[12.572945,46.14522299999999],[12.572842,46.14523],[12.572736,46.145231],[12.572687999999998,46.145253999999994],[12.572651,46.145254],[12.572602,46.145227],[12.57246,46.145207],[12.5724,46.145185],[12.572337,46.145136999999984],[12.572252,46.145096],[12.572203999999997,46.14511600000001],[12.572154,46.14511299999999],[12.572101,46.14512],[12.572047,46.145121],[12.572013000000002,46.145128],[12.571992,46.14513699999999],[12.572003,46.14515699999999],[12.5719974,46.145163800000006],[12.571932999999998,46.145171999999995],[12.5718,46.145158999999985],[12.5716693,46.145123999999996],[12.571651,46.145129],[12.571547,46.14513399999999],[12.571499999999999,46.145151],[12.571459999999998,46.145159],[12.571439,46.145184],[12.571386,46.145184999999984],[12.571343999999998,46.14520199999998],[12.571282,46.14519899999999],[12.571217,46.145163],[12.571165000000002,46.14515299999999],[12.571155000000001,46.145173000000014],[12.571119,46.14519000000001],[12.57109,46.145198],[12.571099999999998,46.145224999999996],[12.571064,46.14523799999999],[12.571014,46.14524],[12.570953,46.14525],[12.570869999999998,46.145253],[12.570813999999999,46.14526999999999],[12.570699000000001,46.145282],[12.57069,46.14532299999999],[12.5706421,46.1453574],[12.570397,46.14536899999999],[12.57034,46.145384],[12.570279999999999,46.14538699999999],[12.570162999999999,46.14542099999999],[12.570100000000002,46.14542099999999],[12.570054999999998,46.145430999999995],[12.5699706,46.1454402],[12.569953,46.145449],[12.569920000000002,46.14545399999999],[12.569856,46.145456],[12.569759,46.14548499999999],[12.569741999999998,46.14551],[12.569717,46.145516000000015],[12.569688999999999,46.14553299999999],[12.569649,46.14552799999999],[12.569628,46.145533999999984],[12.569545999999999,46.145539],[12.569423,46.145563],[12.569390999999998,46.145577],[12.569326,46.145588],[12.569189999999999,46.14558199999998],[12.569161000000001,46.145575],[12.569042,46.14558],[12.569026,46.14559],[12.569005,46.14561700000001],[12.568984999999998,46.14562999999999],[12.568978000000001,46.145658],[12.568953999999998,46.14567],[12.568931999999998,46.14566799999999],[12.568921800000002,46.1456754],[12.568832,46.145679],[12.568790200000002,46.1456926],[12.568762,46.14569],[12.568729,46.145698],[12.568712,46.145696999999984],[12.568695,46.145704000000016],[12.568632999999998,46.145714999999996],[12.568599,46.14573400000001],[12.568587000000003,46.145745999999995],[12.568553,46.145755],[12.568549,46.14576600000001],[12.5685259,46.1457786],[12.568488,46.145776],[12.568459999999998,46.145784],[12.5684392,46.14579539999999],[12.568373,46.145805],[12.568306000000002,46.145838999999995],[12.568211999999999,46.145853],[12.568134,46.14585700000001],[12.568098000000003,46.145865],[12.5680247,46.1458556],[12.568009399999998,46.145863],[12.5679846,46.1458391],[12.567961599999999,46.14583149999999],[12.567952,46.145815],[12.5679084,46.1458112],[12.567887,46.145799999999994],[12.567877,46.14578600000001],[12.567865999999999,46.14578199999999],[12.567867999999999,46.145769],[12.567853,46.145748999999995],[12.567804399999998,46.14572789999998],[12.567757,46.145721],[12.567690999999998,46.14572900000001],[12.567673999999998,46.145739999999996],[12.567629,46.145740999999994],[12.567563299999998,46.14577030000002],[12.567544,46.145774],[12.567519,46.145771],[12.567494000000002,46.145776],[12.567463,46.14578499999999],[12.567459000000001,46.145793],[12.567432999999998,46.145799999999994],[12.5674103,46.145818600000005],[12.567388,46.145813000000004],[12.567383,46.145817],[12.567345,46.145804999999996],[12.567320000000002,46.145803],[12.567305000000001,46.145807],[12.567289999999998,46.14581499999999],[12.56727,46.1458611],[12.5672637,46.14586190000001],[12.567254,46.14585400000001],[12.567239,46.14585300000001],[12.567211,46.145868],[12.567193299999998,46.145862699999995],[12.567172,46.14580600000001],[12.567061,46.145756],[12.567015000000001,46.14574600000001],[12.566955000000002,46.145748999999995],[12.5668,46.145730999999984],[12.566760999999998,46.145747],[12.566746000000002,46.14574699999999],[12.566697,46.14576499999999],[12.566679,46.14575599999999],[12.566608999999998,46.145738],[12.566556000000002,46.145748],[12.566518000000002,46.145748],[12.566497,46.145763],[12.566469000000001,46.145773],[12.566414999999997,46.145728],[12.566383,46.145720999999995],[12.566361,46.14570499999999],[12.566345000000002,46.145684],[12.566317999999999,46.14567399999999],[12.566304,46.14566099999999],[12.566287,46.14565399999999],[12.566272000000001,46.145657],[12.566263900000001,46.145666000000006],[12.566243699999996,46.1456621],[12.566227,46.145652999999996],[12.566181,46.145664000000004],[12.566163,46.145627999999995],[12.566170999999999,46.145613999999995],[12.566166,46.145601],[12.5661527,46.145595400000005],[12.566139400000003,46.14560469999999],[12.566094,46.14557500000001],[12.566069,46.145573],[12.566035,46.145590999999996],[12.566011,46.14559499999999],[12.565988,46.14558499999999],[12.565973,46.145571999999994],[12.565954000000001,46.145572],[12.565927999999998,46.14558099999999],[12.565912,46.14557799999999],[12.565886,46.14556300000001],[12.565873,46.145552],[12.565872999999998,46.145528999999996],[12.565841,46.145498],[12.565843000000001,46.145461999999995],[12.565835,46.145433999999995],[12.565807,46.145423],[12.565784,46.145419999999994],[12.565774000000001,46.145404000000006],[12.565778,46.14537700000001],[12.565788,46.14536399999999],[12.565786999999998,46.145343999999994],[12.565782300000002,46.14533380000001],[12.5657686,46.145324499999994],[12.565759699999997,46.1453263],[12.5657647,46.145337600000005],[12.565758,46.14534369999999],[12.565736,46.145334000000005],[12.565718,46.145337],[12.565681,46.145326],[12.565662,46.14533200000001],[12.565649999999998,46.145353],[12.565622999999999,46.14536699999999],[12.565573,46.145364],[12.565546,46.145357999999995],[12.565495999999998,46.14533600000001],[12.56544,46.145294],[12.565407,46.145276],[12.565397,46.14525299999999],[12.565350999999998,46.14522399999999],[12.565338000000002,46.14520399999999],[12.565315,46.14518399999999],[12.565235,46.145148000000006],[12.5652277,46.145138900000006],[12.565213699999997,46.1451455],[12.565198,46.14513],[12.565163999999998,46.14513500000001],[12.565119999999999,46.14511799999999],[12.5650797,46.14512650000001],[12.5650667,46.145125],[12.5650538,46.1451073],[12.5650438,46.14510500000001],[12.5650046,46.145117600000006]]},"properties":{"class":"path","name":null,"name:it":null,"source":"overpass","osm_id":211982719,"highway":"path","sac_scale":"mountain_hiking","access":null,"trail_visibility":"intermediate","surface":null,"mtb:scale":null,"smoothness":null,"ref":null,"slope":16.05951681515022,"grade":15.405604003785795,"slope_class":"10-20: extreme","length_m":2072.4476054986476,"shade_pct":0.0}},{"type":"Feature","geometry":{"type":"LineString","coordinates":[[12.655585599999998,46.15633379999999],[12.6555989,46.15659620000001],[12.6555708,46.15674659999999],[12.6555989,46.15683279999999],[12.6557235,46.1569247],[12.656020899999998,46.157283799999995],[12.6563021,46.1575343],[12.656619599999999,46.1578822],[12.656824500000003,46.158060299999995],[12.656989299999998,46.1582357],[12.6571805,46.158545999999994],[12.6572254,46.1585757]]},"properties":{"class":"path","name":null,"name:it":null,"source":"overpass","osm_id":218422345,"highway":"path","sac_scale":null,"access":null,"trail_visibility":null,"surface":null,"mtb:scale":null,"smoothness":null,"ref":null,"slope":5.212507272684601,"grade":6.679769319183944,"slope_class":"5-8: medium","length_m":288.16715738829,"shade_pct":39.5}},{"type":"Feature","geometry":{"type":"LineString","coordinates":[[12.656074799999999,46.1600732],[12.6559659,46.1601387],[12.655772700000002,46.16021539999999],[12.655536799999998,46.1602607],[12.655402399999998,46.160344],[12.655261199999998,46.160427999999996],[12.6551078,46.1605264],[12.6550027,46.1606169],[12.6548577,46.160632699999994],[12.6547015,46.1605638],[12.654621899999999,46.16056379999999],[12.6544798,46.16059919999999],[12.6543378,46.160573600000006],[12.654244,46.160528400000004],[12.6540991,46.1605205],[12.6539428,46.1605264],[12.653792199999998,46.1605756],[12.6536359,46.16066019999999],[12.65359,46.16068],[12.653485399999997,46.1607252],[12.6533376,46.16075860000001],[12.653218299999997,46.160835399999996],[12.6530705,46.1608551],[12.6528858,46.16086879999999],[12.6526926,46.160917999999995],[12.6525449,46.16097709999999],[12.652412699999998,46.16105869999999],[12.6523467,46.16105820000001],[12.6522991,46.1610578],[12.652255800000002,46.161072999999995]]},"properties":{"class":"path","name":null,"name:it":null,"source":"overpass","osm_id":218422346,"highway":"path","sac_scale":null,"access":null,"trail_visibility":null,"surface":null,"mtb:scale":null,"smoothness":null,"ref":null,"slope":44.24462043043903,"grade":43.52502531700785,"slope_class":">20: impossible","length_m":339.244980439675,"shade_pct":87.7}},{"type":"Feature","geometry":{"type":"LineString","coordinates":[[12.626411,46.17037409999999],[12.6263945,46.170443599999984],[12.626402699999998,46.1705113],[12.6264041,46.17055979999999],[12.626430200000001,46.1706713],[12.626465999999999,46.170742700000005],[12.6264564,46.170800799999995],[12.6264385,46.17086750000001],[12.6264949,46.1709923],[12.6264784,46.17106849999999],[12.626526499999999,46.1711266],[12.626643399999999,46.171194199999995],[12.626741099999998,46.171231299999995],[12.6268491,46.1712462],[12.6268929,46.1712745],[12.626877299999999,46.1713499],[12.626854,46.17143269999999],[12.626876399999999,46.1714913],[12.6269328,46.171518899999995],[12.6270057,46.171593],[12.6270281,46.17165899999999],[12.626974599999999,46.171755999999995],[12.626966800000002,46.17180249999999],[12.6269542,46.171837499999995],[12.6269571,46.1718819],[12.626991099999998,46.171943899999995],[12.6269493,46.171974199999994],[12.6269007,46.172053],[12.6268666,46.17208670000001],[12.626880300000002,46.17213179999999],[12.626955200000001,46.1721783],[12.626992100000002,46.1722281],[12.6270193,46.172307599999996],[12.6271458,46.17234599999999],[12.6271886,46.172380999999994],[12.627137,46.172445],[12.6271642,46.17249209999999],[12.6272207,46.17253589999999],[12.627334400000002,46.1725446],[12.6273996,46.17255409999999],[12.6274638,46.17260529999999],[12.6275358,46.17268609999999],[12.627601899999998,46.1727211],[12.627652499999998,46.17281809999999],[12.627775,46.1728949],[12.6278042,46.1729568],[12.6279287,46.17303489999999],[12.627938399999996,46.17309289999999],[12.6278995,46.17312919999999],[12.627909200000001,46.1731562],[12.6279637,46.173183099999996],[12.628012299999998,46.1732329],[12.628021999999998,46.1732747],[12.628111499999997,46.173342],[12.6281426,46.173406699999994],[12.628282699999998,46.17351579999999],[12.6283041,46.1735831],[12.6283527,46.1736451],[12.6284208,46.17379859999999],[12.628461600000001,46.17384309999999],[12.6285705,46.1738754],[12.6285997,46.17390639999999],[12.628597799999998,46.173958899999995],[12.6286289,46.17398179999999],[12.628671699999998,46.17401550000001],[12.6286872,46.174059899999996],[12.628646399999997,46.17415559999999],[12.628615300000002,46.1742229],[12.6286172,46.17427549999999],[12.628654199999998,46.1743388],[12.628757299999998,46.17440069999999],[12.628872,46.1744074],[12.628953699999999,46.1744074],[12.6289771,46.17442900000001],[12.6289712,46.1744896],[12.628980999999998,46.174516499999996],[12.628967300000001,46.1746041],[12.6290024,46.17465529999999],[12.6290568,46.174754899999996],[12.629124899999999,46.174833099999994],[12.6291774,46.174856],[12.629239699999998,46.17488019999999],[12.6292591,46.174926],[12.629243500000001,46.175009499999994],[12.6292824,46.1750418],[12.629334999999998,46.175110499999995],[12.6293933,46.1751119],[12.6294205,46.175136099999996],[12.629471099999998,46.175184599999994],[12.629484699999999,46.1752762],[12.6295178,46.17533139999998],[12.6295664,46.17537049999999],[12.6295878,46.1754122],[12.629570299999997,46.175441899999996],[12.629521699999996,46.1754877],[12.6295061,46.175567099999995],[12.629525599999997,46.175633099999985],[12.6295236,46.17570719999999],[12.6294925,46.17578259999999],[12.6294322,46.17585669999999],[12.6293972,46.17592809999999],[12.6293933,46.17599539999999],[12.629298,46.1760749],[12.6291638,46.176132800000005],[12.629072399999998,46.1761368],[12.6289868,46.17614759999999],[12.628938200000002,46.17620550000001],[12.628848699999999,46.17628770000001],[12.6287651,46.1763389],[12.628642499999998,46.17639139999999],[12.6285608,46.1764022],[12.628413,46.17642509999999],[12.628305999999998,46.1764668],[12.6281971,46.1764938],[12.628234,46.1765274],[12.628286599999997,46.1765571],[12.628267100000002,46.1765988],[12.6280979,46.1766365],[12.627909200000001,46.17666349999999],[12.6277906,46.176698499999986],[12.6276797,46.176738900000004],[12.627621299999998,46.1767928],[12.627621300000001,46.1768641],[12.627658299999998,46.17692069999999],[12.6276544,46.1769598],[12.627563,46.1770339],[12.627465700000002,46.1771066],[12.6274463,46.1771578],[12.6273957,46.1771847],[12.627218699999998,46.17721569999999],[12.627111699999999,46.1772211],[12.6270359,46.1772076],[12.6270125,46.1772305],[12.627067000000002,46.177256099999994],[12.6271759,46.1773167],[12.6272712,46.17735309999999],[12.6273412,46.177373300000006],[12.6274152,46.1773342],[12.627496900000002,46.1773409],[12.6275941,46.1773531],[12.627738,46.17732209999999],[12.627808099999998,46.1773086],[12.6279384,46.17732609999999],[12.6280784,46.17730049999999],[12.6281932,46.1772547],[12.6282535,46.1771712],[12.628270999999998,46.17715099999999],[12.6283566,46.1771456],[12.6284441,46.17715369999999],[12.6285764,46.177202199999996],[12.628720299999998,46.17722109999998],[12.6288312,46.177202199999996],[12.628926500000002,46.17713489999999],[12.6290374,46.17705],[12.629124899999999,46.177013599999995],[12.629247399999999,46.177018999999994],[12.629381600000002,46.1770514],[12.6294575,46.177087699999994],[12.629533399999996,46.17710389999999],[12.6295975,46.1771335],[12.629671499999999,46.1772709],[12.629710399999999,46.17739079999999],[12.629790100000001,46.17745270000001],[12.6298212,46.177514699999996],[12.6299768,46.17758469999999],[12.630113,46.17763049999999],[12.630194699999999,46.177642599999984],[12.630291900000001,46.17758609999999],[12.630332799999998,46.17748639999999],[12.6304028,46.177390800000005],[12.6305681,46.1772776],[12.6306459,46.17721029999999],[12.6307588,46.177134900000006],[12.630861900000001,46.177122700000005],[12.630966899999999,46.1771268],[12.631031099999998,46.17715779999999],[12.631091399999999,46.177207599999996],[12.631130299999999,46.177215700000005],[12.63121,46.1772022],[12.631350099999999,46.1771429],[12.631497899999998,46.177102500000004],[12.631641799999999,46.17713620000001],[12.631752699999998,46.177194099999994],[12.6317741,46.1772453],[12.631855799999999,46.17726549999998],[12.6319472,46.17729239999999],[12.631997799999999,46.1773463],[12.631995800000002,46.177478300000004],[12.632015299999999,46.17760359999999],[12.632061999999998,46.17768569999999],[12.632048399999999,46.17778809999999],[12.6320639,46.1778891],[12.6321437,46.1779807],[12.6321767,46.17805469999999],[12.6322079,46.17817869999998],[12.632272,46.1782393],[12.6323012,46.17828509999999],[12.632309,46.178349700000005],[12.6323129,46.178408999999995],[12.6323674,46.17849519999999]]},"properties":{"class":"path","name":null,"name:it":null,"source":"overpass","osm_id":220202369,"highway":"path","sac_scale":"difficult_alpine_hiking","access":null,"trail_visibility":null,"surface":null,"mtb:scale":null,"smoothness":null,"ref":null,"slope":38.47717098929302,"grade":40.66088737351905,"slope_class":">20: impossible","length_m":1657.4102734616483,"shade_pct":98.6}},{"type":"Feature","geometry":{"type":"LineString","coordinates":[[12.6323674,46.17849519999999],[12.632386799999999,46.17854899999999],[12.6324315,46.1785867],[12.6324315,46.1786675],[12.632431499999997,46.178712],[12.632474299999998,46.178737600000005],[12.6324374,46.1788049],[12.632410099999998,46.1788561],[12.6323323,46.178881699999984],[12.6322643,46.1789113],[12.632260399999998,46.17894089999999],[12.632334299999998,46.1789787],[12.632472399999997,46.179010999999996],[12.632528800000001,46.179041999999995],[12.6325093,46.1790689],[12.632344,46.1791053],[12.6322215,46.1791322],[12.6321417,46.1791739],[12.632141699999998,46.17920759999999],[12.6322273,46.1792467],[12.6323071,46.179292499999995],[12.632357199999998,46.17928]]},"properties":{"class":"path","name":null,"name:it":null,"source":"overpass","osm_id":220202370,"highway":"path","sac_scale":"alpine_hiking","access":null,"trail_visibility":null,"surface":null,"mtb:scale":null,"smoothness":null,"ref":null,"slope":43.53704318347816,"grade":46.35624472034172,"slope_class":">20: impossible","length_m":142.20131473289683,"shade_pct":98.4}},{"type":"Feature","geometry":{"type":"LineString","coordinates":[[12.6507961,46.15457599999999],[12.6507568,46.1546287],[12.6507488,46.15466589999999],[12.650762200000003,46.15469190000001],[12.650767499999999,46.154727199999996],[12.650770199999998,46.15474759999999],[12.650770199999998,46.1547904],[12.6507694,46.15483100000001],[12.650767499999999,46.15486649999999],[12.650769899999998,46.154887900000006],[12.650776499999997,46.15491109999999],[12.6507697,46.15496669999999],[12.650755099999998,46.155006799999995],[12.650725,46.15507689999999],[12.650697400000002,46.155127400000005],[12.6506112,46.155265699999994],[12.6505692,46.155345],[12.650547699999999,46.1554207],[12.650542099999997,46.15548699999999],[12.6505372,46.15560339999999],[12.650563599999998,46.155701799999996],[12.650577699999998,46.15577559999999],[12.6505911,46.1558454],[12.6505872,46.15588670000001],[12.6505798,46.1559349],[12.650559599999998,46.1560093]]},"properties":{"class":"track","name":null,"name:it":null,"source":"overpass","osm_id":220478185,"highway":"track","sac_scale":null,"access":null,"trail_visibility":null,"surface":null,"mtb:scale":null,"smoothness":null,"ref":null,"slope":0.6822926058430262,"grade":0.5747329505943696,"slope_class":"0-3: flat","length_m":164.01660453402928,"shade_pct":82.0}},{"type":"Feature","geometry":{"type":"LineString","coordinates":[[12.669526199999998,46.15332529999999],[12.6697287,46.1533001],[12.669892300000003,46.1533298],[12.670192,46.15346539999999],[12.670253299999999,46.15349309999999],[12.670576599999999,46.1536534],[12.6706042,46.1536671],[12.670730899999999,46.15373189999999],[12.6709262,46.1537898],[12.671149599999998,46.15367479999998],[12.6713895,46.15361240000001],[12.672020300000002,46.153569700000006],[12.6726083,46.1536321],[12.6729533,46.1534153],[12.673126899999998,46.153120599999994],[12.6733016,46.1528239],[12.6733035,46.1526443],[12.673304899999998,46.15250519999999],[12.673068299999999,46.15228179999999],[12.672852799999998,46.152219099999996],[12.6727299,46.1521833],[12.6724999,46.1521406],[12.6723784,46.1520256],[12.672302799999999,46.151881],[12.6721254,46.151789],[12.6716129,46.151582],[12.671100299999999,46.15138159999999],[12.670895199999999,46.15117779999999],[12.670923299999998,46.15109059999999],[12.6711336,46.15071269999999],[12.6714555,46.1501969],[12.6718333,46.149737],[12.6722309,46.149260599999984],[12.672506899999998,46.1489123],[12.6727284,46.1483931],[12.6728891,46.1480537],[12.672973400000002,46.14793660000001],[12.6732461,46.1475587],[12.673525299999998,46.14716449999999],[12.6737914,46.14668809999999],[12.673902299999996,46.1465351],[12.674067299999999,46.1464711],[12.6742547,46.146438399999994],[12.675020199999999,46.14635299999999],[12.6752929,46.146284],[12.6754703,46.1461756],[12.675565600000002,46.14589629999999],[12.675667400000002,46.14573860000001],[12.6759401,46.1456006],[12.6762358,46.14549220000001],[12.6764723,46.14535089999999],[12.6765085,46.145052],[12.676304799999999,46.1448549],[12.676268599999998,46.144677400000006],[12.6763836,46.1445395],[12.6765512,46.14423060000001],[12.6765052,46.1440598],[12.6763541,46.1439547],[12.6764001,46.143816699999995],[12.676558099999998,46.1435314],[12.676820499999998,46.1430577],[12.6768896,46.1429329],[12.677497399999998,46.14174689999998],[12.6777405,46.141365699999994],[12.6779179,46.1409518],[12.6779549,46.1408932],[12.6780756,46.14070209999999],[12.6783933,46.140451399999996],[12.678496099999998,46.1403703],[12.6789791,46.140048300000004],[12.6792945,46.1397756],[12.679468599999998,46.139571899999986],[12.6796033,46.13938139999999],[12.679770899999998,46.13893449999999],[12.680010699999999,46.13823479999999],[12.680105999999999,46.137847099999995],[12.680234100000002,46.1374988],[12.6804477,46.137114399999994],[12.6809109,46.1364541],[12.6811829,46.135992699999996],[12.6817881,46.13478839999999],[12.6823696,46.1338225],[12.6826095,46.133507099999996],[12.682711299999998,46.13328359999999],[12.6827935,46.132827],[12.682726,46.1327093]]},"properties":{"class":"track","name":null,"name:it":null,"source":"overpass","osm_id":221190509,"highway":"track","sac_scale":null,"access":null,"trail_visibility":null,"surface":null,"mtb:scale":null,"smoothness":null,"ref":null,"slope":0.7536631779861981,"grade":-0.5814621048314791,"slope_class":"0-3: flat","length_m":3008.7805684796285,"shade_pct":2.8}},{"type":"Feature","geometry":{"type":"LineString","coordinates":[[12.687610300000001,46.13087639999999],[12.687594200000001,46.130803900000004],[12.687594200000001,46.1307333],[12.6876022,46.13061619999999],[12.687607599999998,46.13055109999999],[12.687631800000002,46.13044699999999],[12.6876586,46.13036520000001],[12.6876934,46.130313199999996],[12.6877417,46.1302202],[12.687781999999999,46.1301329],[12.6878195,46.1300306],[12.6878571,46.12990979999999],[12.687923199999998,46.12975399999999],[12.6879992,46.129530599999995],[12.6880529,46.1293707],[12.688087700000002,46.1292555],[12.6881467,46.12918489999999],[12.6882111,46.1290938],[12.688288899999998,46.1289971],[12.6884284,46.12876659999999],[12.6885142,46.1286346],[12.6886215,46.1284432],[12.688709999999997,46.128260999999995],[12.6887744,46.1281625],[12.6888575,46.1280231],[12.6889702,46.12784649999999],[12.6890748,46.1277182],[12.689136499999998,46.1276085],[12.689291999999998,46.12737239999999],[12.6894315,46.127168000000005],[12.6895227,46.127024799999994],[12.6896944,46.1268203],[12.6898634,46.126636299999994],[12.689964099999997,46.126553999999985],[12.690115499999997,46.12643549999999]]},"properties":{"class":"track","name":null,"name:it":null,"source":"overpass","osm_id":226230518,"highway":"track","sac_scale":null,"access":null,"trail_visibility":null,"surface":null,"mtb:scale":null,"smoothness":null,"ref":null,"slope":1.0557069884111054,"grade":-1.028284247400636,"slope_class":"0-3: flat","length_m":537.7681482750078,"shade_pct":4.3}},{"type":"Feature","geometry":{"type":"LineString","coordinates":[[12.6638328,46.1672247],[12.663663600000001,46.16724300000001],[12.663451799999999,46.16725349999998],[12.6630815,46.167267200000005],[12.6625853,46.1673062],[12.662482200000001,46.16731299999999],[12.6624015,46.16731600000001],[12.6623455,46.1673353],[12.6623026,46.16740339999999],[12.6622421,46.1675818],[12.6622957,46.1678987]]},"properties":{"class":"track","name":null,"name:it":null,"source":"overpass","osm_id":258915087,"highway":"track","sac_scale":null,"access":null,"trail_visibility":null,"surface":null,"mtb:scale":null,"smoothness":null,"ref":null,"slope":1.4471511153482113,"grade":1.3614402357534638,"slope_class":"0-3: flat","length_m":180.10308386782498,"shade_pct":0.1}},{"type":"Feature","geometry":{"type":"LineString","coordinates":[[12.665405700000003,46.161061],[12.665307800000003,46.16098629999999],[12.6652139,46.1608934],[12.6651415,46.1608025],[12.665079799999999,46.160717],[12.665058299999998,46.1606594],[12.6650369,46.16058139999999],[12.6650449,46.16050899999999],[12.6650583,46.1604068],[12.6650959,46.16029349999999],[12.6651227,46.1602229],[12.6651442,46.160129999999995],[12.6651388,46.1600427],[12.665141499999999,46.1599591],[12.6651415,46.1599163],[12.665154899999997,46.1598829],[12.665182,46.1598469],[12.6652488,46.1597212],[12.665278299999999,46.1596246],[12.665310499999999,46.1595559],[12.665345599999998,46.1594586],[12.665348,46.1594203],[12.6653507,46.15938870000001],[12.665334599999998,46.159347799999985],[12.665313099999999,46.1593069],[12.6653024,46.15927719999999],[12.665315799999998,46.159228899999995],[12.6653426,46.15918249999999],[12.6654073,46.159101899999996],[12.665425800000001,46.159059899999995],[12.6654955,46.158887099999994],[12.665535800000002,46.1587645],[12.6655519,46.1586846],[12.6656084,46.15851670000001]]},"properties":{"class":"track","name":null,"name:it":null,"source":"overpass","osm_id":258915089,"highway":"track","sac_scale":null,"access":null,"trail_visibility":null,"surface":"ground","mtb:scale":null,"smoothness":null,"ref":null,"slope":1.1323511930052967,"grade":-0.4924441566654569,"slope_class":"0-3: flat","length_m":298.7715335982542,"shade_pct":8.4}},{"type":"Feature","geometry":{"type":"LineString","coordinates":[[12.662773099999999,46.16959469999999],[12.662665799999997,46.16938849999999],[12.6626068,46.1692566],[12.662588,46.1692009],[12.662577299999999,46.169147],[12.6625773,46.16911359999999],[12.6625987,46.1690913],[12.662655100000002,46.16907640000001],[12.662848200000003,46.16911359999999],[12.6631432,46.16917109999999],[12.663352399999999,46.16917859999999],[12.663419499999998,46.1691563],[12.6634624,46.169121000000004],[12.6635375,46.16905599999999],[12.663550899999999,46.16899469999999],[12.6636394,46.16855820000001],[12.663746699999999,46.1679693],[12.663808399999999,46.16764239999999],[12.663816399999998,46.1674306],[12.663819099999998,46.16735819999999],[12.6638328,46.1672247]]},"properties":{"class":"track","name":null,"name:it":null,"source":"overpass","osm_id":258915094,"highway":"track","sac_scale":null,"access":null,"trail_visibility":null,"surface":null,"mtb:scale":null,"smoothness":null,"ref":null,"slope":0.6922269477312986,"grade":-0.7124827009502541,"slope_class":"0-3: flat","length_m":344.1395575194913,"shade_pct":15.9}},{"type":"Feature","geometry":{"type":"LineString","coordinates":[[12.663742999999998,46.16391089999999],[12.6638784,46.16365909999999],[12.663975,46.1633581],[12.6640605,46.1631227],[12.664111499999999,46.1629203],[12.6641571,46.16268799999999],[12.6642081,46.16236109999999]]},"properties":{"class":"track","name":null,"name:it":null,"source":"overpass","osm_id":258915272,"highway":"track","sac_scale":null,"access":null,"trail_visibility":null,"surface":null,"mtb:scale":null,"smoothness":null,"ref":null,"slope":0.03182168544572556,"grade":-0.3303284931827889,"slope_class":"0-3: flat","length_m":176.69659483348542,"shade_pct":60.5}},{"type":"Feature","geometry":{"type":"LineString","coordinates":[[12.6727284,46.1483931],[12.672895700000002,46.148356],[12.673029899999998,46.14834270000001],[12.6732283,46.148338999999986],[12.673687,46.1483204],[12.6738774,46.14833159999999],[12.674111099999998,46.1483736],[12.6743685,46.1484666],[12.6748348,46.148635600000006],[12.6753285,46.148811],[12.6753497,46.1488128],[12.675379599999998,46.1488097],[12.6754095,46.1488011],[12.6754495,46.148786199999996],[12.6755369,46.148734],[12.6756606,46.1486517],[12.675759499999998,46.1485848],[12.67586,46.1485108],[12.6759485,46.148456100000004],[12.676106399999998,46.148381500000006]]},"properties":{"class":"track","name":null,"name:it":null,"source":"overpass","osm_id":258915569,"highway":"track","sac_scale":null,"access":null,"trail_visibility":null,"surface":null,"mtb:scale":null,"smoothness":null,"ref":null,"slope":1.5609207522199953,"grade":-1.4900685739904111,"slope_class":"0-3: flat","length_m":292.32446324752374,"shade_pct":0.0}},{"type":"Feature","geometry":{"type":"LineString","coordinates":[[12.6735824,46.152400899999996],[12.6734295,46.1522745],[12.673287299999998,46.1521854],[12.6731774,46.152111],[12.6730435,46.152058399999994],[12.6729172,46.1520181],[12.6727455,46.151994],[12.6724695,46.15192460000001],[12.672302799999999,46.151881]]},"properties":{"class":"track","name":null,"name:it":null,"source":"overpass","osm_id":258915570,"highway":"track","sac_scale":null,"access":null,"trail_visibility":null,"surface":null,"mtb:scale":null,"smoothness":null,"ref":null,"slope":3.109199539249042,"grade":3.6683656419963717,"slope_class":"3-5: mild","length_m":117.64984293296611,"shade_pct":0.0}},{"type":"Feature","geometry":{"type":"LineString","coordinates":[[12.7149499,46.0859172],[12.715102699999997,46.08592659999999],[12.715189099999998,46.08590589999999],[12.7153607,46.0858371],[12.7155673,46.0857236],[12.7158486,46.0855456],[12.715971999999999,46.0854768],[12.7161571,46.0854042],[12.716275099999999,46.0853931],[12.7164092,46.08539119999999],[12.7164977,46.08540799999999],[12.716590399999998,46.0854393],[12.7166747,46.0854881],[12.7167442,46.08554290000001],[12.7167448,46.08557290000001],[12.7167582,46.0856157],[12.716763399999998,46.08565970000001],[12.716745800000002,46.08570379999999],[12.7166989,46.0857577],[12.7165997,46.08582650000001],[12.7165165,46.0858824],[12.716363599999996,46.085999599999994],[12.716162699999998,46.08617559999999],[12.715771100000001,46.0864789],[12.7156397,46.086597899999994],[12.71557,46.0866928],[12.7155297,46.0867784],[12.7154975,46.0869142],[12.7154988,46.0869463],[12.7155029,46.0870481],[12.7154788,46.087100199999995],[12.715382199999999,46.08718019999999],[12.715240000000001,46.087267600000004],[12.7151381,46.0873551],[12.714995999999998,46.08751689999998],[12.714591,46.08795959999999],[12.714287900000002,46.0883712],[12.7142128,46.0884731],[12.7141055,46.0885996],[12.7138828,46.088826499999996],[12.713775599999998,46.0889846],[12.7135368,46.08938639999999],[12.713421499999999,46.08959850000001],[12.713362500000002,46.089682200000006],[12.713316899999999,46.0897287],[12.7132257,46.0897901],[12.7130996,46.0898924],[12.7130487,46.08997049999999],[12.713027199999999,46.0900598],[12.7130272,46.0901584],[12.713032599999998,46.09021979999999],[12.713046,46.090279300000006],[12.7130648,46.0903314],[12.7130755,46.090379799999994],[12.7130594,46.090433700000006],[12.713005799999998,46.0904988],[12.712954799999999,46.0905528],[12.712901200000001,46.0905956],[12.712877,46.09065689999999],[12.7128985,46.0907239],[12.712917299999999,46.0907741],[12.712941399999998,46.09083369999999],[12.7129441,46.09089129999999],[12.712927999999998,46.0909676],[12.7127831,46.09122059999999],[12.7124854,46.09173960000001],[12.712319099999998,46.09204089999999],[12.7122467,46.0921581],[12.712144800000003,46.0922678],[12.7118953,46.0925096],[12.7117693,46.09269749999999],[12.711729699999998,46.092757399999996],[12.711624399999998,46.092916999999986],[12.711463499999999,46.0931328],[12.711321299999998,46.093242499999995],[12.711268599999999,46.093276499999995],[12.711133599999998,46.093363399999994],[12.710988499999997,46.093445899999985],[12.7108758,46.09352959999999],[12.710809,46.09360710000001],[12.7107366,46.09370940000001],[12.7106371,46.093896],[12.710548899999996,46.094033],[12.7104949,46.094130400000004],[12.710430600000002,46.09432389999999],[12.7103608,46.09450429999999],[12.7103018,46.0945991],[12.7102458,46.09467479999999],[12.710116800000002,46.09479439999999],[12.7098941,46.0949916],[12.709741199999998,46.09513849999999],[12.7095937,46.095311499999994],[12.709502799999997,46.09549689999999],[12.709425000000001,46.09572940000001],[12.7093741,46.09593769999999],[12.7093496,46.0961727],[12.709347200000002,46.09642130000001],[12.709347199999998,46.09673],[12.7093201,46.09695020000001],[12.709280199999998,46.0971504],[12.709207500000002,46.0974747],[12.7091538,46.09772199999999],[12.7090841,46.09807539999999],[12.709047399999998,46.09818949999999]]},"properties":{"class":"track","name":null,"name:it":null,"source":"overpass","osm_id":258917075,"highway":"track","sac_scale":null,"access":null,"trail_visibility":null,"surface":null,"mtb:scale":null,"smoothness":null,"ref":null,"slope":1.0492303944805983,"grade":0.7805462622157223,"slope_class":"0-3: flat","length_m":1740.2805080954495,"shade_pct":0.0}},{"type":"Feature","geometry":{"type":"LineString","coordinates":[[12.6226161,46.126252799999996],[12.622697,46.1262475],[12.6228026,46.12622169999999],[12.6229431,46.1261851],[12.623063099999998,46.1261477],[12.6231567,46.12610939999999],[12.623318799999998,46.12603619999999],[12.623373999999998,46.1260054],[12.623443599999998,46.12596549999999],[12.6235888,46.1258848],[12.623713699999998,46.12582239999998],[12.6238157,46.125769999999996],[12.6239561,46.125726699999994],[12.6240449,46.125696],[12.6241194,46.12566179999999],[12.6241974,46.1256336],[12.6242418,46.125622699999994],[12.6242838,46.1256194],[12.6243486,46.1256277],[12.624400200000002,46.1256485],[12.6245395,46.12570259999999],[12.624663099999998,46.12575089999999],[12.6247555,46.12578659999999],[12.624812,46.125801599999996],[12.6248672,46.1258099],[12.625034,46.12583570000001],[12.625094,46.125845700000006],[12.625169600000001,46.1258623],[12.625367699999998,46.1259206],[12.625502099999999,46.1259638],[12.625567,46.125988],[12.6256234,46.126007099999995],[12.625661800000001,46.1260121],[12.6257134,46.126012100000004],[12.625771,46.1260046],[12.625838199999999,46.125997899999994],[12.6259247,46.12598459999999],[12.6260015,46.1259746],[12.626047100000001,46.125973],[12.6261023,46.125971299999996],[12.626173099999999,46.125969699999985],[12.626334,46.125971299999996],[12.6264372,46.12596379999999],[12.6265452,46.1259497],[12.626646,46.1259306],[12.6267553,46.1258964],[12.6268549,46.125861500000006],[12.6269257,46.125835699999996],[12.6270458,46.1257908],[12.6270926,46.1257766],[12.6271406,46.12576419999999],[12.6271682,46.12576750000001],[12.6271934,46.1257783],[12.6272054,46.1258016],[12.627215,46.125832399999986],[12.6272438,46.12588060000001],[12.6272834,46.125926400000004],[12.627322999999999,46.12597800000001],[12.627371,46.1260412],[12.6274119,46.12609280000001],[12.6275634,46.12629119999999],[12.6277165,46.12652369999999],[12.627902099999998,46.126817100000004],[12.628068199999996,46.1271196],[12.628192,46.12735430000001],[12.628273399999998,46.1275101],[12.628361299999998,46.1276636],[12.628449399999997,46.127757999999986],[12.6285228,46.12788960000001],[12.628577,46.128028799999996],[12.628632299999998,46.1281986],[12.6286887,46.12834949999999],[12.628735,46.1284997],[12.628810699999999,46.1286707],[12.628877000000001,46.1288106],[12.6289789,46.1289875],[12.6290918,46.129170499999994],[12.6291747,46.1293505],[12.6292401,46.12948659999999],[12.629276799999998,46.12962259999999],[12.6293295,46.1297719],[12.629329599999998,46.1298106]]},"properties":{"class":"track","name":null,"name:it":null,"source":"overpass","osm_id":281815238,"highway":"track","sac_scale":null,"access":null,"trail_visibility":null,"surface":null,"mtb:scale":null,"smoothness":null,"ref":null,"slope":1.9962347646156224,"grade":-2.013766204075861,"slope_class":"0-3: flat","length_m":868.8472116702958,"shade_pct":51.4}},{"type":"Feature","geometry":{"type":"LineString","coordinates":[[12.620023400000001,46.1564106],[12.619961800000002,46.15620940000001],[12.6199618,46.156034299999995],[12.619945499999998,46.15585909999999],[12.620075999999997,46.15563879999999],[12.620169799999998,46.15541839999999],[12.6201902,46.15531389999999],[12.6202146,46.155231900000004],[12.6201902,46.155152799999996],[12.6200393,46.15506519999999],[12.6199433,46.154947500000006],[12.6197782,46.15485329999999],[12.619713,46.1547403],[12.619696700000002,46.15464709999999],[12.6197171,46.15457369999999],[12.619700799999999,46.1545087],[12.6195825,46.15447760000001],[12.6194683,46.1545143],[12.619227599999999,46.1545341],[12.6189422,46.1545284],[12.6187219,46.15457080000001],[12.618673,46.15458499999999],[12.6186108,46.1545985]]},"properties":{"class":"path","name":null,"name:it":null,"source":"overpass","osm_id":308455549,"highway":"path","sac_scale":"mountain_hiking","access":null,"trail_visibility":null,"surface":null,"mtb:scale":null,"smoothness":null,"ref":null,"slope":2.380447153758578,"grade":2.8552071653863655,"slope_class":"0-3: flat","length_m":317.46453039965934,"shade_pct":54.3}},{"type":"Feature","geometry":{"type":"LineString","coordinates":[[12.6203987,46.1567696],[12.6205977,46.156979299999996],[12.6207824,46.157119400000006],[12.6209549,46.157152800000006],[12.621214,46.157163499999996],[12.6213693,46.15720640000001],[12.621635899999998,46.15717500000001],[12.621864100000002,46.157176699999994],[12.622123299999998,46.15711309999999],[12.6222098,46.15708919999999],[12.622322299999999,46.157117099999994],[12.6224578,46.157147099999996],[12.6225328,46.157215],[12.622651,46.1573249],[12.6228471,46.1574347],[12.622950999999999,46.157482699999996],[12.6230317,46.15749470000001],[12.6230952,46.1573648],[12.623086499999998,46.157264899999994],[12.623075,46.15712709999999],[12.623097999999999,46.1570412],[12.6231067,46.15695929999998],[12.6230663,46.1568614],[12.622991300000002,46.1567615],[12.6228991,46.15665969999999],[12.6228962,46.15659769999999],[12.622876000000002,46.156517799999996],[12.6227746,46.15646540000001]]},"properties":{"class":"path","name":null,"name:it":null,"source":"overpass","osm_id":308455550,"highway":"path","sac_scale":"mountain_hiking","access":null,"trail_visibility":null,"surface":null,"mtb:scale":null,"smoothness":null,"ref":null,"slope":21.406044700083694,"grade":-19.7786854204138,"slope_class":">20: impossible","length_m":366.862950711688,"shade_pct":100.0}},{"type":"Feature","geometry":{"type":"LineString","coordinates":[[12.6073272,46.1482615],[12.6072087,46.14829290000001],[12.6071125,46.1483418],[12.6069698,46.14846889999999],[12.6068352,46.1486497],[12.606720999999997,46.148920999999994],[12.606559599999999,46.149204399999995],[12.606459999999998,46.149353299999994],[12.6064355,46.14954259999999],[12.6063254,46.14970929999999],[12.6061174,46.1498251],[12.6059934,46.14994810000001],[12.6059532,46.15021939999999],[12.6058942,46.15045349999999],[12.6058754,46.150630099999994],[12.605920999999999,46.15089759999999],[12.6057574,46.1508438],[12.605754699999999,46.1510983],[12.605872699999999,46.151384799999995],[12.605867399999996,46.15162789999999],[12.6058003,46.15166690000001],[12.6056958,46.151672399999995],[12.605725799999998,46.151913099999994],[12.605746199999999,46.152209799999994],[12.605827799999998,46.15233130000001],[12.6058563,46.15249519999999],[12.605889,46.152659],[12.605913,46.15287649999999],[12.6059103,46.1530846],[12.605945199999999,46.153328],[12.605954199999998,46.153486799999996],[12.605958600000001,46.153716299999985],[12.605994999999998,46.15387669999999],[12.6061296,46.1541056],[12.6062438,46.1543683],[12.606305000000003,46.1545689],[12.606337599999998,46.15461689999999],[12.606370199999997,46.15478929999999],[12.606355400000002,46.1548785],[12.606283300000001,46.154931100000006]]},"properties":{"class":"path","name":null,"name:it":null,"source":"overpass","osm_id":308455552,"highway":"path","sac_scale":"mountain_hiking","access":null,"trail_visibility":null,"surface":null,"mtb:scale":null,"smoothness":null,"ref":null,"slope":15.281785979977169,"grade":13.74177792565999,"slope_class":"10-20: extreme","length_m":817.354875071455,"shade_pct":100.0}},{"type":"Feature","geometry":{"type":"LineString","coordinates":[[12.6203987,46.1567696],[12.620252899999999,46.156650199999994],[12.6201183,46.156497599999994],[12.620023400000001,46.1564106],[12.6199797,46.1563705],[12.619898099999999,46.156265999999995],[12.6196044,46.15606819999999],[12.6194168,46.1559383],[12.6193271,46.1558196],[12.6192211,46.1555738],[12.619123200000002,46.155393],[12.618988599999996,46.15519519999999],[12.6187724,46.1550511],[12.618564399999999,46.1548336],[12.6185033,46.1547319],[12.618572600000002,46.154633],[12.6186108,46.1545985],[12.6185971,46.1543731],[12.6184869,46.1540821],[12.618372700000002,46.153777],[12.6182789,46.1535877],[12.6180954,46.153290999999996],[12.6180383,46.15320059999999],[12.6177895,46.1530283],[12.6175163,46.15276550000001],[12.617300099999998,46.1526045],[12.6171655,46.15240669999999],[12.617137,46.1521665],[12.6171614,46.1519885],[12.617158899999998,46.15181599999998],[12.616986099999998,46.15182469999999],[12.616704599999998,46.1518925],[12.6165537,46.1520281],[12.6164232,46.1521694],[12.616398799999999,46.1522711],[12.616304800000002,46.1525415],[12.616258,46.15271429999999],[12.616070300000002,46.152691299999994],[12.6158808,46.1526807],[12.615586599999999,46.1526514],[12.6153139,46.15262419999999],[12.6150593,46.1525385],[12.6149742,46.1524051],[12.614899799999998,46.1523483],[12.6148254,46.1522914],[12.6147456,46.152175799999995],[12.614728300000001,46.1520981],[12.614665499999997,46.1520494],[12.6145974,46.151992099999994],[12.614504499999999,46.151963099999996]]},"properties":{"class":"path","name":null,"name:it":null,"source":"overpass","osm_id":308455553,"highway":"path","sac_scale":"mountain_hiking","access":null,"trail_visibility":null,"surface":"ground","mtb:scale":"0+","smoothness":null,"ref":null,"slope":4.088659710197907,"grade":5.516633503833278,"slope_class":"3-5: mild","length_m":943.2621522131367,"shade_pct":100.0}},{"type":"Feature","geometry":{"type":"LineString","coordinates":[[12.695677999999997,46.098841499999985],[12.6956504,46.0987883],[12.695685099999999,46.098500699999995],[12.695979899999998,46.0970664],[12.696067199999998,46.09670359999999],[12.696057199999998,46.0965936],[12.6951947,46.0965307],[12.693187799999999,46.0964372],[12.6914758,46.0963493],[12.6910563,46.0963181],[12.6909712,46.09626140000001],[12.6909599,46.0961877],[12.691070399999997,46.095771],[12.6911872,46.0952839]]},"properties":{"class":"track","name":null,"name:it":null,"source":"overpass","osm_id":332035219,"highway":"track","sac_scale":null,"access":null,"trail_visibility":null,"surface":null,"mtb:scale":null,"smoothness":null,"ref":null,"slope":0.41624022901100394,"grade":-0.6666224263486669,"slope_class":"0-3: flat","length_m":760.322672172074,"shade_pct":6.0}},{"type":"Feature","geometry":{"type":"LineString","coordinates":[[12.696057199999998,46.0965936],[12.6976185,46.09668729999999],[12.698387000000002,46.0967054],[12.6988032,46.0967365],[12.703301599999998,46.0969709],[12.7033778,46.0969725]]},"properties":{"class":"track","name":null,"name:it":null,"source":"overpass","osm_id":332035220,"highway":"track","sac_scale":null,"access":null,"trail_visibility":null,"surface":null,"mtb:scale":null,"smoothness":null,"ref":null,"slope":0.21654609675141756,"grade":0.2994670654977528,"slope_class":"0-3: flat","length_m":568.076622967039,"shade_pct":47.9}},{"type":"Feature","geometry":{"type":"LineString","coordinates":[[12.6956504,46.0987883],[12.6951223,46.09878390000001],[12.6942774,46.098852]]},"properties":{"class":"track","name":null,"name:it":null,"source":"overpass","osm_id":332035223,"highway":"track","sac_scale":null,"access":null,"trail_visibility":null,"surface":null,"mtb:scale":null,"smoothness":null,"ref":null,"slope":0.003231697611933854,"grade":0.0029610140529918896,"slope_class":"0-3: flat","length_m":106.67187927547981,"shade_pct":0.0}},{"type":"Feature","geometry":{"type":"LineString","coordinates":[[12.7056027,46.0981366],[12.705477599999998,46.0981806],[12.7052774,46.0982184],[12.7041515,46.09827610000001],[12.7040234,46.0982695],[12.703917199999998,46.098190399999986],[12.7037474,46.097550699999985],[12.703774499999998,46.0974831],[12.703996500000002,46.097232600000005]]},"properties":{"class":"track","name":null,"name:it":null,"source":"overpass","osm_id":332035224,"highway":"track","sac_scale":null,"access":null,"trail_visibility":null,"surface":null,"mtb:scale":null,"smoothness":null,"ref":null,"slope":1.46753534812798,"grade":0.9386058657871914,"slope_class":"0-3: flat","length_m":249.11044863779418,"shade_pct":29.0}},{"type":"Feature","geometry":{"type":"LineString","coordinates":[[12.613349300000001,46.157172800000005],[12.613689699999998,46.1575769],[12.6137716,46.1577505],[12.6139306,46.1579107],[12.6140511,46.15801749999999],[12.6142198,46.15809759999999],[12.6143788,46.158077600000006],[12.614484799999998,46.157994099999996],[12.6147403,46.15784729999999],[12.614995699999998,46.15777049999999],[12.615039,46.1576737],[12.614875199999998,46.1575335],[12.614730600000001,46.157403300000006],[12.614667999999998,46.1572297],[12.6146776,46.157059499999995],[12.614682399999998,46.15676239999999],[12.6146342,46.1566589],[12.6145523,46.1563418],[12.614422199999998,46.1561047],[12.6142728,46.1558844],[12.614277599999998,46.15565410000001],[12.614311300000002,46.155517200000006],[12.6143836,46.1553336],[12.6144607,46.155226799999994],[12.6144415,46.155063199999994],[12.6144174,46.154869600000005],[12.6143162,46.15458579999999],[12.614104099999999,46.15439549999999],[12.6140463,46.1542153],[12.6143192,46.15417810000001],[12.6144987,46.1542327],[12.614889599999998,46.154295399999995],[12.6154005,46.154428899999985],[12.6155836,46.1544623],[12.6157378,46.1545157],[12.6158679,46.1544256],[12.615892,46.154298700000005],[12.6158679,46.1541685],[12.616118499999999,46.1537012],[12.616226099999999,46.15320789999999],[12.6162053,46.1531169],[12.6162406,46.1528134],[12.616258,46.15271429999999]]},"properties":{"class":"path","name":null,"name:it":null,"source":"overpass","osm_id":335349351,"highway":"path","sac_scale":null,"access":null,"trail_visibility":null,"surface":null,"mtb:scale":null,"smoothness":null,"ref":null,"slope":4.339202199750538,"grade":-6.474055848754304,"slope_class":"3-5: mild","length_m":963.8927367852361,"shade_pct":100.0}},{"type":"Feature","geometry":{"type":"LineString","coordinates":[[12.6203987,46.1567696],[12.620389400000002,46.156829599999995],[12.620406399999998,46.15700489999999],[12.6204303,46.157163],[12.6204677,46.15726219999999],[12.6205461,46.157333],[12.6206211,46.15736840000001],[12.6207335,46.1574368],[12.6208596,46.157467499999996],[12.6209482,46.1574675],[12.6211016,46.1574557],[12.6212243,46.15745569999999],[12.6213094,46.157479300000006],[12.6214253,46.157554899999994],[12.6214696,46.1576375],[12.6216502,46.15767519999999],[12.621871700000002,46.157650499999995],[12.6220436,46.15771769999999],[12.6221381,46.15783259999999],[12.6221589,46.15801789999999],[12.6223011,46.15804109999999],[12.622404399999999,46.158012],[12.6225339,46.157963099999996],[12.6227349,46.15805019999999],[12.6229064,46.15814970000001],[12.6229862,46.1582884],[12.6230201,46.1583952],[12.6231678,46.1584566],[12.6233903,46.15857919999999],[12.623597500000002,46.158675499999994],[12.6237963,46.15886220000001],[12.623955,46.1590645],[12.623964,46.15926139999999],[12.624134399999999,46.15938419999999],[12.624304799999999,46.15951629999999],[12.6244888,46.1596768],[12.624700100000002,46.15985390000001],[12.624820699999999,46.15995769999999],[12.624979199999999,46.160044600000006],[12.6250249,46.159886199999995],[12.6250484,46.159508499999994],[12.6250808,46.15909379999999],[12.6250681,46.158992299999994],[12.6251908,46.158690199999995],[12.6252665,46.1584719],[12.6255004,46.1583989],[12.6255778,46.15846049999998],[12.6257003,46.15878419999999],[12.625928000000002,46.1588573],[12.626171499999998,46.1588736],[12.6262146,46.15905180000001],[12.626452699999998,46.158923599999994],[12.6266931,46.15879519999999],[12.6269574,46.1587379]]},"properties":{"class":"path","name":null,"name:it":null,"source":"overpass","osm_id":335349354,"highway":"path","sac_scale":null,"access":null,"trail_visibility":null,"surface":"ground","mtb:scale":"1+","smoothness":null,"ref":null,"slope":17.375581652890403,"grade":-16.42611232946976,"slope_class":"10-20: extreme","length_m":945.2540597435197,"shade_pct":100.0}},{"type":"Feature","geometry":{"type":"LineString","coordinates":[[12.6476306,46.16278549999999],[12.6475573,46.1627656],[12.6474785,46.1627116],[12.6473753,46.16271379999999],[12.6473083,46.162690700000006],[12.6471834,46.16265159999998],[12.647031299999998,46.162684399999996],[12.6468968,46.1626805],[12.646684700000002,46.162662],[12.6465551,46.1626741],[12.6464171,46.1626242],[12.6460813,46.16252969999999],[12.6457872,46.16251350000001],[12.645499899999999,46.16245529999999],[12.645286,46.162421899999984],[12.645084099999998,46.16233389999999],[12.6447305,46.16220299999999],[12.644386,46.1621508],[12.6442538,46.16212149999999],[12.644054200000001,46.1621191],[12.6439147,46.162159499999994],[12.643720599999998,46.1623049],[12.6435308,46.16234420000001],[12.6433774,46.16233239999999],[12.643211599999999,46.16227],[12.6430645,46.1621787],[12.6429249,46.16214910000001],[12.6427654,46.162069699999996],[12.6425649,46.162026699999984],[12.6423764,46.162003999999996],[12.642159899999998,46.1619029],[12.641820400000002,46.1617709],[12.641467399999998,46.16172499999999],[12.641234499999998,46.1617657],[12.641069400000001,46.1618254],[12.6407583,46.16200579999999],[12.640568799999999,46.162093799999994],[12.6404111,46.16212430000001],[12.640017699999998,46.16208859999999],[12.6397929,46.1620624],[12.639534100000002,46.16203339999999],[12.6393681,46.1619491],[12.639227500000002,46.1618866],[12.6391227,46.16175539999999],[12.639070399999998,46.16169669999999],[12.6390106,46.16167419999999],[12.6389247,46.1617053],[12.6388784,46.16173810000001],[12.6388136,46.1617485],[12.6386415,46.16173319999999],[12.638531899999998,46.16170869999999],[12.6383304,46.161737],[12.638085599999998,46.1616673],[12.637933699999998,46.161664699999996],[12.637766400000002,46.16165350000001],[12.6375869,46.161693],[12.6373575,46.161746699999995],[12.637108000000001,46.161727400000004],[12.637006,46.161719100000006],[12.636893799999998,46.16175019999999],[12.636836499999998,46.161782999999986],[12.6367392,46.161814099999994],[12.636646999999998,46.16180369999999],[12.6364259,46.16186810000001],[12.636121599999997,46.161864599999994],[12.6359275,46.1619895],[12.635739400000002,46.161993700000004],[12.6355998,46.1620472],[12.635498099999998,46.162199900000005],[12.6354951,46.1622406],[12.635430300000001,46.16226479999999],[12.6353091,46.1622599],[12.635200899999997,46.1622423],[12.6351286,46.16223370000001],[12.635133600000001,46.16231309999999],[12.635268199999999,46.162423699999984],[12.635028000000002,46.1623794],[12.634373299999998,46.1623573],[12.634076,46.1622936],[12.633775100000001,46.16216610000001],[12.6335027,46.16207690000001],[12.633373399999998,46.16207479999999],[12.6332711,46.162112799999996],[12.633095599999999,46.16211469999999],[12.6329046,46.1621128],[12.632709899999998,46.16215390000001],[12.632500699999998,46.162069699999996],[12.632338700000002,46.161954],[12.632136499999996,46.161906299999984],[12.6318038,46.1619357],[12.6314888,46.161908700000005],[12.6313688,46.16191419999999],[12.6312279,46.16187179999999],[12.6310571,46.16187969999999],[12.6309518,46.161845500000005],[12.6306532,46.161941899999995],[12.630439899999999,46.1619401],[12.6301864,46.1619308],[12.630059899999997,46.16192109999999],[12.6299576,46.16192809999999],[12.629825399999996,46.16196759999999],[12.629453799999999,46.161859699999994],[12.629274500000001,46.16188489999999],[12.6291707,46.1618573],[12.628636199999999,46.161531200000006]]},"properties":{"class":"path","name":null,"name:it":null,"source":"overpass","osm_id":336993388,"highway":"path","sac_scale":"hiking","access":null,"trail_visibility":null,"surface":"ground;gravel","mtb:scale":"1+","smoothness":null,"ref":null,"slope":4.430478072984361,"grade":5.677477196648995,"slope_class":"3-5: mild","length_m":1654.4496173635018,"shade_pct":97.0}},{"type":"Feature","geometry":{"type":"LineString","coordinates":[[12.628460599999999,46.16118819999999],[12.628285699999998,46.1610653],[12.6280967,46.1609425],[12.627657700000002,46.1607419],[12.6274803,46.160496099999996],[12.6273682,46.1601823],[12.6272981,46.1600174],[12.6271735,46.1598005],[12.627116,46.1597004],[12.6270406,46.15960909999999],[12.6269677,46.159512],[12.6269718,46.15942669999999],[12.6269849,46.159157099999995]]},"properties":{"class":"path","name":null,"name:it":null,"source":"overpass","osm_id":336993389,"highway":"path","sac_scale":null,"access":null,"trail_visibility":"good","surface":null,"mtb:scale":null,"smoothness":null,"ref":null,"slope":11.311903787751826,"grade":10.101760170949314,"slope_class":"10-20: extreme","length_m":266.8318338380174,"shade_pct":91.7}},{"type":"Feature","geometry":{"type":"LineString","coordinates":[[12.628460599999999,46.16118819999999],[12.628447199999998,46.161026099999994],[12.628535499999998,46.160875499999996],[12.6287691,46.16058129999999],[12.629027499999998,46.16014499999999],[12.6290735,46.15996599999998],[12.629192599999998,46.15984919999999]]},"properties":{"class":"path","name":null,"name:it":null,"source":"overpass","osm_id":337005895,"highway":"path","sac_scale":null,"access":null,"trail_visibility":null,"surface":null,"mtb:scale":null,"smoothness":null,"ref":null,"slope":0.12851063601611565,"grade":2.0926508705287583,"slope_class":"0-3: flat","length_m":162.13035405985914,"shade_pct":100.0}},{"type":"Feature","geometry":{"type":"LineString","coordinates":[[12.6593784,46.1709957],[12.659415099999999,46.171006999999996],[12.659461999999998,46.170891199999986],[12.659516799999999,46.17069519999998],[12.659527499999998,46.1705992],[12.659541299999999,46.17028659999998],[12.659564400000002,46.170168200000006],[12.6595583,46.170084899999985],[12.6595567,46.169798],[12.659642999999999,46.1694459],[12.659683,46.169351999999996],[12.6596307,46.169253899999994],[12.659522799999998,46.16907249999999],[12.659430399999998,46.1688079],[12.6593965,46.1685199],[12.659405800000002,46.1684217],[12.6592702,46.1682574],[12.659239399999999,46.16807599999998],[12.659202399999998,46.16790319999999],[12.6591716,46.1677389],[12.6591469,46.167585300000006],[12.659119199999997,46.16744869999999],[12.65911,46.167335599999994],[12.659020599999998,46.1670902],[12.6588881,46.166866699999986],[12.6587005,46.166606899999984],[12.6586616,46.16651379999999]]},"properties":{"class":"path","name":null,"name:it":null,"source":"overpass","osm_id":337245677,"highway":"path","sac_scale":"hiking","access":null,"trail_visibility":"good","surface":null,"mtb:scale":null,"smoothness":null,"ref":null,"slope":2.9939362027585332,"grade":-2.1234487022786426,"slope_class":"0-3: flat","length_m":518.6159059454543,"shade_pct":100.0}},{"type":"Feature","geometry":{"type":"LineString","coordinates":[[12.6544953,46.16473359999999],[12.6545393,46.16480090000001],[12.654617099999996,46.164934599999995],[12.6546533,46.1649941],[12.6548263,46.165172399999996],[12.654972499999998,46.1652922],[12.655191099999998,46.1654854],[12.655353299999998,46.1656387],[12.655415,46.165756699999996],[12.655549100000002,46.16587830000001],[12.655657800000002,46.166034399999994],[12.655720799999997,46.16613649999999],[12.655786500000001,46.1662229],[12.655832100000001,46.1662499],[12.655942099999999,46.16647929999999],[12.655985,46.16669569999999],[12.6560172,46.16680339999999],[12.656061399999999,46.166952],[12.6560869,46.1670802],[12.656175399999999,46.167291999999996],[12.656174099999998,46.167423899999996],[12.656166100000002,46.16757710000001],[12.656186199999999,46.16767279999999],[12.6562546,46.167749900000004],[12.656306899999999,46.167787],[12.6563633,46.167882600000006],[12.6564237,46.1679871],[12.6565252,46.168085899999994],[12.6565663,46.168122]]},"properties":{"class":"path","name":null,"name:it":null,"source":"overpass","osm_id":337245678,"highway":"path","sac_scale":"hiking","access":null,"trail_visibility":"good","surface":null,"mtb:scale":null,"smoothness":null,"ref":null,"slope":2.551079399507404,"grade":0.026390900357647788,"slope_class":"0-3: flat","length_m":419.64574726428907,"shade_pct":100.0}},{"type":"Feature","geometry":{"type":"LineString","coordinates":[[12.6446645,46.1490931],[12.644694099999999,46.1488093],[12.644712599999998,46.14869410000001],[12.644878999999998,46.14848919999999],[12.645002199999999,46.1482586],[12.645070000000002,46.14807510000001],[12.645187800000002,46.147836500000004],[12.645215999999998,46.14771189999998],[12.6452256,46.14766949999999],[12.6453127,46.14751729999999],[12.6453883,46.1473171],[12.6454637,46.1470903],[12.645529099999997,46.1468703],[12.6456318,46.14666969999999],[12.6457533,46.1465403],[12.645838699999999,46.146484900000004],[12.645898,46.1464465],[12.645986800000001,46.146275],[12.645972799999997,46.14602909999999],[12.6459447,46.14583169999999],[12.645856,46.145679699999995],[12.6457719,46.1455955],[12.645711199999997,46.145443500000006],[12.645687899999999,46.145246099999994],[12.645650500000002,46.1449776],[12.645585100000002,46.144822299999994],[12.645557099999998,46.1446961],[12.6454917,46.1444955],[12.645421699999998,46.1442754],[12.6453143,46.14404900000001],[12.645202199999998,46.14381600000001],[12.645094799999999,46.1436283],[12.645052799999998,46.143285299999995],[12.6450384,46.143214699999994],[12.6449967,46.1430103],[12.644973399999998,46.142809699999994],[12.6449874,46.1425767],[12.6449267,46.14237610000001],[12.644894,46.14210109999999],[12.6448846,46.141949],[12.644819300000002,46.141771],[12.644825099999998,46.1416377],[12.6448251,46.1415278],[12.6447885,46.141356],[12.644745099999998,46.141236799999994],[12.644691,46.14108840000001],[12.6446137,46.140908100000004],[12.6445243,46.140800999999996],[12.644459200000002,46.14062919999999],[12.644430799999999,46.14051649999999],[12.644361700000001,46.14037570000001],[12.6442763,46.1402489],[12.644217999999999,46.14008750000001],[12.644129500000002,46.1398472],[12.644040999999996,46.13961419999999],[12.643980900000003,46.13946469999999],[12.643906600000001,46.1392611],[12.6437756,46.1390232],[12.6437544,46.138802500000004],[12.643702399999999,46.13859659999999],[12.6436593,46.138398099999996],[12.643551499999997,46.1382166],[12.6434806,46.1380672],[12.6434498,46.1378515],[12.6434217,46.1377566],[12.6434005,46.137685],[12.643369699999997,46.1375099],[12.6432279,46.137317800000005],[12.6430893,46.1371321],[12.643069599999999,46.137106],[12.6429876,46.1369976],[12.642362299999998,46.1365884],[12.642232899999998,46.13650369999999],[12.6416527,46.1362869],[12.6412585,46.1362423],[12.6406665,46.136146899999986],[12.6404961,46.136106],[12.6403763,46.13607189999999]]},"properties":{"class":"cycleway","name":"MV 06","name:it":null,"source":"overpass","osm_id":337440333,"highway":"cycleway","sac_scale":null,"access":null,"trail_visibility":null,"surface":null,"mtb:scale":null,"smoothness":null,"ref":"MV 06","slope":1.3626306616915072,"grade":-1.0497203229987297,"slope_class":"0-3: flat","length_m":1635.4075875663168,"shade_pct":92.5}},{"type":"Feature","geometry":{"type":"LineString","coordinates":[[12.648618800000001,46.1504245],[12.6487038,46.15031569999999],[12.648826199999998,46.15011189999999],[12.648915599999999,46.14998799999999],[12.649029499999997,46.14994010000001],[12.649167699999998,46.14995979999999],[12.649314,46.14996829999999],[12.649427899999997,46.14993449999999],[12.6493953,46.1498584],[12.649187999999999,46.1497148],[12.648980699999997,46.1495599],[12.648777399999998,46.149421899999986],[12.648769299999998,46.14936829999999]]},"properties":{"class":"path","name":null,"name:it":null,"source":"overpass","osm_id":337440334,"highway":"path","sac_scale":null,"access":null,"trail_visibility":null,"surface":null,"mtb:scale":null,"smoothness":null,"ref":null,"slope":16.98317687476551,"grade":17.024195487057252,"slope_class":"10-20: extreme","length_m":178.80668248355332,"shade_pct":53.4}},{"type":"Feature","geometry":{"type":"LineString","coordinates":[[12.648769299999998,46.14936829999999],[12.6488841,46.149231300000004],[12.648979699999998,46.1491088],[12.649063,46.14903979999998],[12.649199199999998,46.14897919999999],[12.649302899999999,46.148844],[12.649359799999997,46.14880180000001],[12.6493882,46.1487595],[12.649499999999996,46.14869339999999],[12.6496301,46.14866239999999],[12.649668799999999,46.1486328],[12.649634199999998,46.1485708],[12.6495305,46.14849900000001],[12.6493984,46.1483652],[12.649337399999999,46.14823],[12.6491832,46.14803169999999],[12.6489928,46.14787009999999],[12.648821099999997,46.1477363],[12.6485341,46.14761180000001],[12.6485019,46.147555999999994],[12.6485287,46.147455699999995],[12.6485287,46.1473944],[12.648488500000001,46.147359],[12.6483946,46.14733669999998],[12.6481344,46.147332999999996],[12.647968199999998,46.147351599999986],[12.6478689,46.1473535],[12.6477965,46.147301399999996],[12.6477724,46.14723829999999],[12.6477348,46.14714909999999],[12.6477294,46.14707849999999],[12.6477697,46.146989299999994],[12.647820599999998,46.14690929999999],[12.6478448,46.14685729999999],[12.6478421,46.1467979],[12.647834,46.146630599999995],[12.647826,46.14654509999999],[12.647767,46.14643730000001],[12.647724099999998,46.146370399999995],[12.6476463,46.14629430000001],[12.6475256,46.146260799999986],[12.6474854,46.14621249999998],[12.647539,46.146128899999994],[12.6476329,46.1460211],[12.6476034,46.145972799999996],[12.6474263,46.145877999999996],[12.6473003,46.1458724],[12.6472252,46.14586689999999],[12.647053499999998,46.14576459999999],[12.6470213,46.1457219],[12.647058900000001,46.1455862],[12.6471286,46.145439399999994],[12.6471849,46.1453372],[12.647249300000002,46.145235],[12.6472896,46.14517739999999],[12.647292199999999,46.1451087],[12.647284299999997,46.1450164],[12.6472959,46.144880500000006],[12.647324,46.144734899999996],[12.647276500000002,46.1446525],[12.6473216,46.14455039999999],[12.647326299999998,46.14445659999999],[12.6473777,46.1443417],[12.6474234,46.144237],[12.647452999999999,46.1441441],[12.6474181,46.144030799999996],[12.647383200000002,46.14390250000001],[12.6472826,46.1437933],[12.6472142,46.1437093],[12.647109599999999,46.1435606],[12.647039899999998,46.1434714],[12.6469246,46.14328179999999],[12.6468575,46.1431499],[12.6467878,46.1429473]]},"properties":{"class":"path","name":null,"name:it":null,"source":"overpass","osm_id":337440335,"highway":"path","sac_scale":null,"access":null,"trail_visibility":null,"surface":null,"mtb:scale":null,"smoothness":null,"ref":null,"slope":0.594362114620114,"grade":-1.638133124442509,"slope_class":"0-3: flat","length_m":889.718170577031,"shade_pct":100.0}},{"type":"Feature","geometry":{"type":"LineString","coordinates":[[12.6467878,46.1429473],[12.646767200000001,46.1428709],[12.646729,46.1428175],[12.646704199999999,46.1427829],[12.646640099999999,46.14268710000001],[12.646603199999998,46.142618099999986],[12.646580200000002,46.1425751],[12.646525300000002,46.1424653],[12.646472399999999,46.1423815],[12.646438899999998,46.14233639999999],[12.6464114,46.142289899999994],[12.6463726,46.1422041],[12.646349599999999,46.1421459],[12.6463336,46.1420809],[12.646331899999998,46.14198279999999],[12.646346,46.1418871],[12.6463779,46.14179149999998],[12.646376100000001,46.1417658],[12.6463319,46.1416946],[12.646310100000003,46.141601599999994],[12.6462354,46.1414852],[12.646141999999998,46.141304000000005],[12.646067299999999,46.1411422],[12.6459622,46.1409982],[12.645896799999997,46.140837999999995],[12.645775699999998,46.1406068],[12.6456916,46.14030269999999],[12.645542200000001,46.14010849999999],[12.6454395,46.1399402],[12.6454021,46.13970729999998],[12.645318,46.1394678],[12.645346100000001,46.13920890000001],[12.645346099999998,46.13911830000001],[12.645206,46.13896299999999],[12.6451126,46.1387947],[12.645028499999999,46.138568199999995],[12.645009799999999,46.138386999999994],[12.644991100000002,46.13817340000001],[12.6450192,46.1379728],[12.644944399999998,46.137823999999995],[12.6448417,46.13765570000001],[12.6447203,46.13751330000001],[12.6446362,46.13728029999999],[12.644458800000002,46.1370473],[12.6441599,46.1367367],[12.6440814,46.1367],[12.643967399999998,46.13664669999999],[12.643771199999998,46.136591700000004],[12.6435891,46.13650429999999],[12.6434116,46.1364007],[12.643299600000002,46.1363134],[12.643061400000004,46.13619690000001],[12.6429633,46.13611269999999],[12.642809199999999,46.13601889999999],[12.642664399999997,46.13595089999999],[12.6425897,46.135905599999994],[12.6425524,46.1358441],[12.6425617,46.13577620000001]]},"properties":{"class":"path","name":"MV 06","name:it":null,"source":"overpass","osm_id":337440336,"highway":"path","sac_scale":null,"access":null,"trail_visibility":null,"surface":null,"mtb:scale":null,"smoothness":null,"ref":"MV 06","slope":3.753373776372062,"grade":-3.9011587799969494,"slope_class":"3-5: mild","length_m":903.2061020192103,"shade_pct":100.0}},{"type":"Feature","geometry":{"type":"LineString","coordinates":[[12.6519287,46.14983169999999],[12.6518037,46.149639],[12.651715,46.1495047],[12.651586500000002,46.1492993],[12.651486099999998,46.14916659999999],[12.6511625,46.1489395],[12.650813899999998,46.1486237],[12.6506637,46.148400699999996],[12.6504705,46.148107100000004],[12.650269099999997,46.14781709999998],[12.650063,46.14744099999999],[12.649754,46.1470974],[12.6491523,46.1465228],[12.648973399999997,46.1462242],[12.6489897,46.145891799999994],[12.6489734,46.145644],[12.648802700000001,46.1452102],[12.648683100000001,46.14454370000001],[12.648543,46.143941899999994],[12.648421600000002,46.14351479999999],[12.648206800000002,46.143133],[12.6479266,46.1428871],[12.647665100000001,46.14255699999998],[12.647512300000002,46.1423502],[12.647459600000001,46.14227879999999],[12.647328800000002,46.14203279999999],[12.6473849,46.14169629999999],[12.6473475,46.141443900000006],[12.647263399999998,46.14121740000001],[12.647188700000001,46.14093919999999],[12.6471514,46.140712699999995],[12.647123300000002,46.140563799999995],[12.6471794,46.14031789999999],[12.647179399999999,46.140182],[12.647085999999998,46.1398778],[12.6470673,46.139703100000006],[12.6470673,46.139618899999995]]},"properties":{"class":"path","name":null,"name:it":null,"source":"overpass","osm_id":337440337,"highway":"path","sac_scale":null,"access":null,"trail_visibility":null,"surface":null,"mtb:scale":null,"smoothness":null,"ref":null,"slope":0.15130054942970533,"grade":-0.5292259008538653,"slope_class":"0-3: flat","length_m":1228.8490492772858,"shade_pct":92.3}},{"type":"Feature","geometry":{"type":"LineString","coordinates":[[12.6470673,46.139618899999995],[12.6471364,46.139639300000006],[12.6471855,46.1397089],[12.647262499999998,46.1398254],[12.6473279,46.13990789999999],[12.6473933,46.1399483],[12.647432999999998,46.13994019999999],[12.6474773,46.139882],[12.6474937,46.139771999999994],[12.6475264,46.139650599999996],[12.6475264,46.1395358],[12.6475385,46.1394083]]},"properties":{"class":"path","name":null,"name:it":null,"source":"overpass","osm_id":337440338,"highway":"path","sac_scale":null,"access":null,"trail_visibility":null,"surface":null,"mtb:scale":null,"smoothness":null,"ref":null,"slope":13.01171564581241,"grade":-11.762198073403932,"slope_class":"10-20: extreme","length_m":109.46213035642758,"shade_pct":100.0}},{"type":"Feature","geometry":{"type":"LineString","coordinates":[[12.6375824,46.153342499999994],[12.637497,46.15332899999999],[12.637390099999998,46.153328599999995],[12.637216699999998,46.15332779999999],[12.637078699999998,46.1533269],[12.6369743,46.1533157],[12.6368624,46.15328819999999],[12.6367686,46.1532447],[12.6366849,46.15317739999998],[12.6365195,46.1529951],[12.6363327,46.152806600000005],[12.636105,46.15258180000001],[12.6359158,46.1524999],[12.635787099999998,46.1524617],[12.6357608,46.1524852],[12.635784100000002,46.15253089999999],[12.6357923,46.1526188],[12.635772400000002,46.1526793],[12.6357251,46.1526732]]},"properties":{"class":"track","name":null,"name:it":null,"source":"overpass","osm_id":337892275,"highway":"track","sac_scale":null,"access":null,"trail_visibility":null,"surface":null,"mtb:scale":null,"smoothness":null,"ref":null,"slope":10.481871850767947,"grade":10.172889651818345,"slope_class":"10-20: extreme","length_m":212.2163144695254,"shade_pct":100.0}},{"type":"Feature","geometry":{"type":"LineString","coordinates":[[12.627282999999998,46.150189699999984],[12.627442900000002,46.150212399999994],[12.6275915,46.15026389999999],[12.627684399999998,46.1502819],[12.6280076,46.150318],[12.6282212,46.1503978],[12.628460799999997,46.1504711],[12.6286781,46.150541899999986],[12.628884300000001,46.150583100000006],[12.6290478,46.150646099999996],[12.6291648,46.15071820000001],[12.6293803,46.150764499999994],[12.629562299999998,46.150852],[12.6297592,46.150991],[12.6298709,46.150993699999994],[12.630117800000003,46.15090539999999]]},"properties":{"class":"path","name":null,"name:it":null,"source":"overpass","osm_id":337892276,"highway":"path","sac_scale":null,"access":null,"trail_visibility":null,"surface":null,"mtb:scale":null,"smoothness":null,"ref":null,"slope":29.352388760442473,"grade":-29.015399403815888,"slope_class":">20: impossible","length_m":245.19650370103278,"shade_pct":9.8}},{"type":"Feature","geometry":{"type":"LineString","coordinates":[[12.6265239,46.1545535],[12.6263024,46.1542971],[12.626165400000001,46.1540763],[12.6259636,46.1538598],[12.6257958,46.1536763],[12.625549399999999,46.153376600000016],[12.625145999999999,46.15315899999999],[12.6247025,46.1527323],[12.624474600000001,46.15247200000001],[12.6242621,46.15202829999999],[12.6240527,46.151695499999995],[12.623938800000001,46.1514458],[12.623932599999998,46.1512282],[12.623790999999999,46.150995699999996],[12.6237632,46.15079300000001],[12.6238772,46.15060950000001],[12.624428399999998,46.1504239],[12.624740899999999,46.150297599999995]]},"properties":{"class":"path","name":null,"name:it":null,"source":"overpass","osm_id":337892277,"highway":"path","sac_scale":null,"access":null,"trail_visibility":null,"surface":null,"mtb:scale":null,"smoothness":null,"ref":null,"slope":5.519670667439049,"grade":-7.365495435759099,"slope_class":"5-8: medium","length_m":577.1449170024521,"shade_pct":100.0}},{"type":"Feature","geometry":{"type":"LineString","coordinates":[[12.6399659,46.15223799999999],[12.6398596,46.15235320000001],[12.6396857,46.15254680000001],[12.639515,46.1527231],[12.639161,46.152910199999994],[12.6388133,46.1531769],[12.6385781,46.1533737],[12.6384097,46.153514599999994],[12.6381566,46.153673999999995],[12.637780799999998,46.15396109999999],[12.6376631,46.15411749999999],[12.6374427,46.15432249999999],[12.6372987,46.15447340000001],[12.6371231,46.15454939999999],[12.6370226,46.1545889],[12.6369776,46.15460660000001],[12.636727700000003,46.154648300000005],[12.6366151,46.154808800000005],[12.636498900000001,46.15531639999999],[12.6363345,46.1553209],[12.636246099999997,46.1553495],[12.6361651,46.1554283]]},"properties":{"class":"track","name":null,"name:it":null,"source":"overpass","osm_id":337892278,"highway":"track","sac_scale":null,"access":null,"trail_visibility":null,"surface":null,"mtb:scale":null,"smoothness":null,"ref":null,"slope":6.595226413167879,"grade":6.883774169149433,"slope_class":"5-8: medium","length_m":482.0774013422733,"shade_pct":94.3}},{"type":"Feature","geometry":{"type":"LineString","coordinates":[[12.627175199999998,46.1495126],[12.627107800000001,46.149517900000006],[12.6271065,46.1495617],[12.6271493,46.1496685],[12.6271994,46.14974829999999],[12.627256300000003,46.14988629999999],[12.6273253,46.1499802],[12.627322,46.150138199999994],[12.627282999999998,46.150189699999984],[12.627057899999999,46.15016299999999],[12.6267479,46.1500902],[12.6266292,46.150049200000005],[12.626348599999998,46.15003560000001],[12.625980599999998,46.150006899999994],[12.6258575,46.15005740000001],[12.6256576,46.150028999999996],[12.6256533,46.150084],[12.6255117,46.15011239999999],[12.6254582,46.1502733],[12.625219000000001,46.150286699999995],[12.6250141,46.15033400000001],[12.624740899999999,46.150297599999995],[12.6245329,46.150181399999994],[12.624349900000002,46.1498992],[12.624208699999999,46.1496521],[12.623751799999999,46.149389599999985],[12.6235214,46.149158],[12.6233097,46.1489238],[12.623077299999999,46.14884159999999]]},"properties":{"class":"path","name":null,"name:it":null,"source":"overpass","osm_id":337892280,"highway":"path","sac_scale":"hiking","access":null,"trail_visibility":null,"surface":"gravel","mtb:scale":"2-","smoothness":null,"ref":null,"slope":18.586556141519154,"grade":18.966441316342248,"slope_class":"10-20: extreme","length_m":519.5465406638417,"shade_pct":86.6}},{"type":"Feature","geometry":{"type":"LineString","coordinates":[[12.630454300000002,46.151709],[12.6304901,46.151658100000006],[12.630707899999999,46.151549499999994],[12.630879899999998,46.151472500000004],[12.6310302,46.1514046],[12.631236999999999,46.15133069999999],[12.631400399999999,46.151320199999994],[12.6316835,46.151286999999996],[12.631929499999998,46.15128399999999],[12.632086299999997,46.1512689],[12.6322736,46.151207],[12.6323975,46.1511658],[12.632441299999998,46.151151199999994],[12.6325458,46.151033500000004],[12.6325637,46.150937600000006],[12.6325676,46.150852],[12.632555700000001,46.15073959999999],[12.6325407,46.1505823],[12.6325121,46.1505349],[12.632464400000002,46.1504719],[12.6323704,46.15039509999999],[12.632255,46.1503482],[12.632161,46.1503365],[12.6319886,46.1503461],[12.631794599999997,46.15035569999999],[12.631652899999999,46.1503258],[12.6314681,46.1502575],[12.6312741,46.15015939999999],[12.6311016,46.15010500000001],[12.630896799999999,46.150053799999995],[12.630712099999998,46.149983399999996],[12.630587300000002,46.1499322],[12.630425700000002,46.1498863],[12.6302594,46.149835100000004],[12.6301623,46.1497935],[12.630000699999998,46.1497124],[12.629845099999999,46.1495951],[12.6296727,46.1494692],[12.6295002,46.1493508],[12.6293093,46.149249499999996],[12.629106,46.1490777],[12.6289813,46.148985999999994],[12.6288643,46.148901699999996],[12.628755,46.1488377],[12.6286518,46.1487705],[12.6284886,46.148708599999985],[12.6284355,46.148628800000004],[12.628414,46.1485247],[12.6283872,46.148391],[12.6283872,46.1482311],[12.628403299999999,46.148056499999996],[12.6283979,46.147919],[12.6283443,46.14779259999999],[12.6281807,46.147696],[12.628017099999997,46.14764769999999],[12.627918,46.1476037]]},"properties":{"class":"path","name":null,"name:it":null,"source":"overpass","osm_id":337892281,"highway":"path","sac_scale":null,"access":null,"trail_visibility":null,"surface":null,"mtb:scale":null,"smoothness":null,"ref":null,"slope":1.688068706090071,"grade":-1.4730054660640453,"slope_class":"0-3: flat","length_m":770.4261423942132,"shade_pct":99.4}},{"type":"Feature","geometry":{"type":"LineString","coordinates":[[12.627217,46.15731470000001],[12.627260000000001,46.15744230000001],[12.627287499999998,46.15763909999999],[12.6272875,46.15779160000001],[12.6271958,46.158083699999985],[12.627094999999999,46.15836319999999],[12.6269574,46.1587379]]},"properties":{"class":"track","name":null,"name:it":null,"source":"overpass","osm_id":337892282,"highway":"track","sac_scale":null,"access":null,"trail_visibility":null,"surface":"gravel","mtb:scale":null,"smoothness":null,"ref":null,"slope":3.3533970166537386,"grade":-3.613902080107597,"slope_class":"3-5: mild","length_m":161.83199149815158,"shade_pct":100.0}},{"type":"Feature","geometry":{"type":"LineString","coordinates":[[12.6250141,46.15033400000001],[12.625073000000002,46.1505057],[12.6256435,46.15102159999999],[12.6258874,46.1512117],[12.6262097,46.1514621],[12.6265059,46.151661299999994],[12.626806399999998,46.1518061],[12.627189599999998,46.1521591],[12.627434799999998,46.152537099999996]]},"properties":{"class":"path","name":null,"name:it":null,"source":"overpass","osm_id":337892283,"highway":"path","sac_scale":null,"access":null,"trail_visibility":null,"surface":null,"mtb:scale":null,"smoothness":null,"ref":null,"slope":11.620177230309428,"grade":-11.356422434357452,"slope_class":"10-20: extreme","length_m":313.10526143135326,"shade_pct":100.0}},{"type":"Feature","geometry":{"type":"LineString","coordinates":[[12.650559599999998,46.1560093],[12.650514000000001,46.1561965],[12.6504706,46.1563169],[12.650454,46.156357899999996],[12.650403299999999,46.156482899999986],[12.650379,46.15656],[12.6501083,46.15684790000001],[12.649939700000001,46.1570206],[12.649802699999999,46.1571155],[12.6496376,46.15722259999999],[12.6494022,46.1573199],[12.6491634,46.1573978],[12.648935000000002,46.15748539999999],[12.6487664,46.1575632],[12.6486805,46.15758559999999],[12.6482325,46.157726200000006],[12.6480814,46.1578528],[12.647870700000002,46.1579769],[12.647667,46.158149599999994],[12.6474878,46.1582713],[12.6472981,46.158385599999995],[12.6471049,46.1585121],[12.646995599999999,46.158620500000005],[12.6467355,46.1587809],[12.646587999999998,46.15892929999999],[12.6462964,46.1591167],[12.6459978,46.15921159999999],[12.645811,46.15924510000001],[12.6456992,46.159265100000006],[12.645435799999998,46.15933809999999],[12.645074,46.1593892],[12.644538,46.15940380000001],[12.643852500000001,46.159273000000006],[12.643455,46.159073500000005],[12.6430114,46.15888199999999],[12.642547700000001,46.1587262],[12.6419435,46.15864839999999],[12.6411426,46.15858999999999],[12.6402619,46.1585492],[12.6397949,46.1585424],[12.6395863,46.15854240000001],[12.6393677,46.15856990000001],[12.639274699999998,46.1584661],[12.6390885,46.15835899999999],[12.638923399999998,46.1583542],[12.6386986,46.1583639],[12.6385651,46.1584223],[12.638315700000001,46.158505000000005],[12.637988999999997,46.1585464],[12.637760699999998,46.15854399999999],[12.637525299999998,46.15852209999999],[12.6372935,46.15847829999999],[12.6369176,46.1584247],[12.636720899999997,46.1584053],[12.636612,46.15839799999999],[12.636436399999997,46.15841739999999],[12.6362643,46.158446600000005],[12.6360781,46.158573200000006],[12.6359306,46.158633999999985],[12.635762000000001,46.15861209999999],[12.635625,46.1586194],[12.6354634,46.1586826],[12.6353756,46.15872160000001],[12.6353053,46.15875320000001],[12.6352667,46.1587556],[12.6351718,46.158740999999985],[12.63507,46.1587216],[12.634936499999998,46.15867779999999],[12.634803,46.158614500000006],[12.6346906,46.158577999999984],[12.634413099999998,46.158507499999985],[12.6342866,46.15845390000001],[12.6342199,46.15842719999999],[12.6340689,46.158405300000005],[12.633963500000002,46.158342000000005],[12.633829999999998,46.158293300000004],[12.6336895,46.1582569],[12.633085299999998,46.1582325],[12.6329897,46.15823509999999],[12.6328851,46.158227700000005],[12.6328359,46.1582617],[12.632835900000002,46.1583128],[12.632826900000001,46.15836709999999],[12.6328359,46.1584539],[12.6328043,46.158502599999984],[12.632767400000002,46.158551300000006],[12.6327042,46.158584100000006],[12.632674099999997,46.1585942]]},"properties":{"class":"path","name":null,"name:it":null,"source":"overpass","osm_id":338145711,"highway":"path","sac_scale":null,"access":null,"trail_visibility":null,"surface":null,"mtb:scale":null,"smoothness":null,"ref":null,"slope":18.049910387133995,"grade":15.287221939894662,"slope_class":"10-20: extreme","length_m":1648.1788214050575,"shade_pct":71.9}},{"type":"Feature","geometry":{"type":"LineString","coordinates":[[12.6361651,46.1554283],[12.636279,46.1555113],[12.6364951,46.155654100000014],[12.6367907,46.1557488],[12.6369844,46.1558021],[12.637145900000002,46.155864],[12.637185599999999,46.15592079999999],[12.637180700000002,46.1559587],[12.637133500000001,46.1560034],[12.6369919,46.156030900000005],[12.636800600000003,46.15612039999999],[12.6366591,46.1562099],[12.6365994,46.15628559999999],[12.6364281,46.15633720000001],[12.636279,46.1564249],[12.6361275,46.15650749999999],[12.6360007,46.156588799999994],[12.635928799999999,46.156665799999985],[12.635766,46.15676339999999],[12.6355239,46.15679659999999],[12.635288,46.1568516],[12.635096699999998,46.1568843],[12.6349576,46.15689979999999],[12.6347709,46.1568935],[12.634418600000002,46.1569101],[12.634204999999998,46.1569256],[12.6340336,46.15691529999999],[12.6338991,46.15691760000001],[12.6334648,46.15690329999999],[12.6332785,46.1569119],[12.633072999999998,46.15694740000001],[12.6329952,46.156930599999995],[12.632831599999998,46.156893499999995],[12.6325533,46.15678629999999],[12.632190599999998,46.1567616],[12.6319025,46.156701899999995],[12.6316342,46.15667789999999],[12.6313779,46.15663519999999],[12.6312518,46.156631499999996],[12.63117,46.156622199999994],[12.6311204,46.156636199999994],[12.631151199999998,46.15666120000001],[12.6312518,46.1567114],[12.6313617,46.15676630000001],[12.6314021,46.1567955],[12.6315106,46.156926],[12.6315764,46.1570133],[12.6316354,46.1570876],[12.6316971,46.1571359],[12.631788299999998,46.1571926],[12.6318341,46.157279700000004],[12.6319009,46.1573227],[12.6321128,46.157434099999996],[12.632169599999997,46.15752539999998],[12.632231,46.1576227],[12.632310099999996,46.15778209999999],[12.6323716,46.1579038],[12.632410199999999,46.15798279999999],[12.632475199999998,46.1580814],[12.6325648,46.1581824],[12.6326297,46.158287],[12.6326666,46.1583782],[12.632722799999998,46.1584914],[12.6327409,46.158529900000005],[12.632767400000002,46.158551300000006]]},"properties":{"class":"path","name":null,"name:it":null,"source":"overpass","osm_id":338145718,"highway":"path","sac_scale":null,"access":null,"trail_visibility":null,"surface":null,"mtb:scale":null,"smoothness":null,"ref":"MV 08","slope":25.767710328631516,"grade":25.73966642341014,"slope_class":">20: impossible","length_m":869.4707031596719,"shade_pct":60.4}},{"type":"Feature","geometry":{"type":"LineString","coordinates":[[12.6361651,46.1554283],[12.6361806,46.155495599999995],[12.6361693,46.1555382],[12.636096900000002,46.15558800000001],[12.6359352,46.1556508],[12.6358322,46.15573849999999],[12.6357587,46.155813099999996],[12.6355749,46.15587500000001],[12.6353961,46.1559318],[12.6352696,46.155980899999996],[12.635122800000001,46.1559852],[12.635041,46.15595209999999],[12.634862,46.155957599999994],[12.634674199999997,46.15597999999999],[12.634451800000003,46.1560158],[12.6342579,46.156023000000005],[12.634064099999998,46.15600329999999],[12.633852099999999,46.1559872],[12.633624599999997,46.15595309999999],[12.6332911,46.1558923],[12.632737899999999,46.15578479999999],[12.6324742,46.15568269999999],[12.6322855,46.15564510000001],[12.6321149,46.1556147]]},"properties":{"class":"path","name":null,"name:it":null,"source":"overpass","osm_id":338145727,"highway":"path","sac_scale":"mountain_hiking","access":null,"trail_visibility":"good","surface":null,"mtb:scale":null,"smoothness":null,"ref":null,"slope":18.56445394193958,"grade":18.47375952952056,"slope_class":"10-20: extreme","length_m":352.0815240008967,"shade_pct":100.0}},{"type":"Feature","geometry":{"type":"LineString","coordinates":[[12.6702606,46.149082799999995],[12.670213399999998,46.1490051],[12.670210399999998,46.1489193],[12.670294000000002,46.1487192],[12.6704221,46.148470599999996],[12.670684099999999,46.1481332],[12.6708522,46.1479517],[12.670954700000001,46.1478432],[12.670986,46.1477958],[12.670980299999998,46.147750499999994],[12.670954700000001,46.14770510000001],[12.6709006,46.147675499999984],[12.670598699999996,46.14757679999999],[12.6702626,46.1474801],[12.6699722,46.14740520000001],[12.669727200000002,46.147344000000004],[12.6694795,46.14732029999999],[12.6692801,46.14731239999998],[12.6690324,46.147300599999994],[12.668850100000002,46.147300599999994],[12.6685767,46.14732620000001],[12.6681267,46.1473618],[12.667896799999998,46.1473808],[12.6676711,46.14740520000001],[12.667243899999999,46.147476199999986],[12.6668907,46.1475275],[12.6665034,46.14763799999999],[12.6660819,46.14783529999999],[12.6657174,46.14806020000001],[12.665512300000001,46.1482259],[12.665301600000001,46.148446899999996],[12.665079499999997,46.14870339999999],[12.6648801,46.14893229999999],[12.6647263,46.14916509999999],[12.6645384,46.1494532],[12.664464200000001,46.14957600000001]]},"properties":{"class":"track","name":null,"name:it":null,"source":"overpass","osm_id":338145732,"highway":"track","sac_scale":null,"access":null,"trail_visibility":null,"surface":null,"mtb:scale":null,"smoothness":null,"ref":null,"slope":0.2038616828706131,"grade":0.11344310444357476,"slope_class":"0-3: flat","length_m":798.5895913747283,"shade_pct":30.8}},{"type":"Feature","geometry":{"type":"LineString","coordinates":[[12.631811199999998,46.14449359999998],[12.631913099999998,46.1446834],[12.632101100000002,46.14484909999999],[12.632322,46.145037],[12.6325555,46.145332999999994],[12.632577200000002,46.145382],[12.632663800000001,46.1455777],[12.6328232,46.145901200000004],[12.632908699999998,46.14612219999999],[12.6329485,46.146414199999995],[12.6328802,46.1467142],[12.6328061,46.1468523],[12.632789100000002,46.1470022],[12.632732100000002,46.14715220000001],[12.6326125,46.147250799999995],[12.632378999999998,46.1473298],[12.632139699999998,46.14733369999999],[12.6320486,46.1473257],[12.6319746,46.1473574],[12.631872,46.14777169999999],[12.631672699999998,46.1480637],[12.631490399999999,46.1483755],[12.631461900000001,46.1488016],[12.6315018,46.1489792],[12.631632799999998,46.1491015],[12.6316685,46.149144899999996],[12.631723899999999,46.14921199999999],[12.6318322,46.149433],[12.631877699999999,46.14950399999999],[12.631883400000001,46.149581],[12.631877699999999,46.14977039999999],[12.6318834,46.149904500000005],[12.6319461,46.15005250000001],[12.632031499999998,46.15013540000001],[12.632077099999998,46.15022810000001],[12.632121200000002,46.150286300000005],[12.632161,46.1503365]]},"properties":{"class":"track","name":null,"name:it":null,"source":"overpass","osm_id":338145733,"highway":"track","sac_scale":null,"access":null,"trail_visibility":null,"surface":null,"mtb:scale":null,"smoothness":null,"ref":null,"slope":13.499356905965696,"grade":13.019666680643589,"slope_class":"10-20: extreme","length_m":736.9422011051649,"shade_pct":100.0}},{"type":"Feature","geometry":{"type":"LineString","coordinates":[[12.664232099999996,46.149312699999996],[12.664304199999998,46.149287199999996],[12.6643483,46.1492191],[12.6644566,46.14906229999998],[12.6646417,46.1488235],[12.664739900000002,46.14867360000001],[12.664870900000002,46.1485069],[12.664987700000001,46.148361799999996],[12.665134399999998,46.148205],[12.665269499999999,46.1480656],[12.665448899999998,46.1479196],[12.6656454,46.147775599999996],[12.665893199999998,46.14762369999999],[12.6662292,46.14745589999999],[12.6664343,46.147388899999996],[12.666645,46.1473178],[12.6669127,46.1472468],[12.6671121,46.1472054],[12.6673399,46.147158000000005],[12.6675193,46.1471383],[12.667675999999998,46.147132400000004],[12.667844,46.147086999999985],[12.667938,46.1470515],[12.667980699999996,46.14699619999998],[12.6680861,46.146706200000004],[12.6681601,46.14642009999999],[12.668171499999998,46.14629969999999],[12.668154399999999,46.146234599999985],[12.6681089,46.1461498],[12.668000599999997,46.146045199999996],[12.667852499999999,46.1458578],[12.667775599999999,46.14575319999999],[12.667636099999998,46.145611099999996],[12.667524999999998,46.14549469999999],[12.667285799999998,46.14517899999999],[12.667132000000002,46.1450133],[12.667006699999998,46.14489879999999],[12.666830099999999,46.1448751],[12.6666137,46.14490669999999],[12.666243499999997,46.144997499999995],[12.666002800000001,46.1450591],[12.665793399999998,46.14509249999999],[12.665700700000002,46.1450534]]},"properties":{"class":"track","name":null,"name:it":null,"source":"overpass","osm_id":338145735,"highway":"track","sac_scale":null,"access":null,"trail_visibility":null,"surface":null,"mtb:scale":null,"smoothness":null,"ref":null,"slope":0.8170129084734299,"grade":-0.6330569295682694,"slope_class":"0-3: flat","length_m":776.122862109358,"shade_pct":27.2}},{"type":"Feature","geometry":{"type":"LineString","coordinates":[[12.639379,46.15206309999999],[12.6394834,46.151886999999995],[12.639576000000002,46.15165819999999],[12.639636399999999,46.151423799999996],[12.639680700000001,46.1511951],[12.639717,46.1509774],[12.6397411,46.1508079],[12.6399475,46.1508623],[12.6400203,46.15078009999999]]},"properties":{"class":"path","name":null,"name:it":null,"source":"overpass","osm_id":338145737,"highway":"path","sac_scale":null,"access":null,"trail_visibility":null,"surface":null,"mtb:scale":null,"smoothness":null,"ref":null,"slope":2.7535923894460757,"grade":-3.238558563343546,"slope_class":"0-3: flat","length_m":170.8812123209572,"shade_pct":100.0}},{"type":"Feature","geometry":{"type":"LineString","coordinates":[[12.6366921,46.15174499999999],[12.6366318,46.1518075],[12.636511599999999,46.15195399999999],[12.636373999999998,46.1520967],[12.6363227,46.1521309],[12.636259199999998,46.1521487],[12.636159799999998,46.1521566],[12.635877399999998,46.1521515],[12.635256,46.1521492],[12.635029599999998,46.152156999999995],[12.6349694,46.15216419999999],[12.6349202,46.152378299999995],[12.6349985,46.15238539999999],[12.635125299999999,46.15240279999999],[12.635291000000002,46.1524217],[12.6354638,46.15244029999999],[12.6355658,46.1524555],[12.635654,46.15249869999999],[12.635704,46.152542700000005],[12.6357302,46.15261009999999],[12.6357251,46.1526732],[12.6357156,46.1527116],[12.6357013,46.1527667],[12.6356832,46.15284],[12.6356646,46.1529024],[12.6356372,46.153027900000005],[12.6356982,46.153152799999994],[12.6357556,46.15330540000001],[12.635820700000002,46.1534707],[12.635843599999998,46.1535298],[12.635868499999999,46.15359959999998],[12.6358787,46.153656999999995],[12.6358927,46.153732600000005],[12.635906499999999,46.1538298],[12.635917899999999,46.1538882],[12.6359429,46.1539423],[12.635997799999997,46.154039899999994],[12.636021600000001,46.154078999999996],[12.6360335,46.154106199999994],[12.636052399999999,46.15416199999999],[12.636062399999998,46.15422169999999],[12.636059700000002,46.1542845],[12.6360482,46.154340600000005],[12.635997700000003,46.1544457],[12.6359572,46.15452500000001],[12.6359497,46.15455869999999],[12.635943699999999,46.1546052],[12.6359476,46.1546843],[12.635959700000003,46.1548355],[12.6359636,46.15497479999999],[12.635957600000001,46.155008500000015],[12.635942799999999,46.1550456],[12.635919299999998,46.155097299999994],[12.635890399999997,46.1551517],[12.6358922,46.15517059999999],[12.635943899999997,46.15520240000001],[12.6360957,46.1553355],[12.636112199999998,46.1553647],[12.636112399999998,46.155381999999996],[12.6361184,46.1554042]]},"properties":{"class":"path","name":null,"name:it":null,"source":"overpass","osm_id":338968129,"highway":"path","sac_scale":null,"access":null,"trail_visibility":null,"surface":null,"mtb:scale":null,"smoothness":null,"ref":null,"slope":0.8566891416337667,"grade":-0.6094753607009272,"slope_class":"0-3: flat","length_m":578.245110771385,"shade_pct":81.8}},{"type":"Feature","geometry":{"type":"LineString","coordinates":[[12.6273243,46.1618365],[12.6271905,46.161861599999995],[12.627006499999998,46.1618989],[12.6268447,46.16189670000001],[12.6267137,46.16185349999999],[12.626569299999998,46.16184],[12.626340999999998,46.16189519999999],[12.626233500000001,46.161896],[12.6260557,46.1618313],[12.6258479,46.16186859999999],[12.625619199999997,46.16191799999999],[12.625346399999998,46.16204419999999],[12.6250989,46.1621585],[12.624945,46.162234299999994],[12.6247768,46.1622987],[12.624643699999998,46.16224089999999],[12.6245747,46.1621733],[12.6245737,46.1621053],[12.624485,46.1620127],[12.624339599999997,46.16193539999999],[12.6241685,46.161858999999986],[12.6240653,46.1618024],[12.624008399999997,46.1617243],[12.6239217,46.1616059],[12.6238922,46.1615306],[12.6237681,46.1614362],[12.6236404,46.1613358],[12.6235462,46.1612681],[12.623225399999999,46.16120339999999],[12.623070599999998,46.16114679999999],[12.622969099999999,46.161099799999995],[12.6228742,46.161048400000006],[12.622838099999997,46.16098639999999],[12.622805399999999,46.160901],[12.6228046,46.16085739999999],[12.6227765,46.16081189999999],[12.622709799999999,46.160833199999985],[12.622645300000002,46.16086399999999],[12.6225596,46.16085189999999],[12.622433300000003,46.1607755],[12.6224161,46.1607055],[12.622375100000001,46.16064169999999],[12.622335200000002,46.160587699999994],[12.622276500000002,46.16054],[12.6221671,46.160489199999994],[12.6221186,46.160408],[12.622069599999998,46.1603134],[12.6219843,46.16027199999999],[12.6219144,46.1602661],[12.6218571,46.160350300000005],[12.6218671,46.160413600000005],[12.6218584,46.16054019999999],[12.6218099,46.160798500000006],[12.6218092,46.16098670000001],[12.6218821,46.16109919999999],[12.6219277,46.161262699999995],[12.6219908,46.161510299999996],[12.6220787,46.16170879999999],[12.6220841,46.1618601],[12.6219209,46.16195869999999],[12.6218035,46.16200039999999],[12.6216259,46.16203339999999],[12.6215829,46.16205579999999],[12.621475100000001,46.1621519],[12.6214264,46.162250699999994],[12.6213831,46.16233869999999],[12.621341900000001,46.1624577],[12.6213195,46.16256959999999],[12.6212534,46.1628195],[12.621293300000001,46.16294759999999],[12.6212829,46.16311809999999],[12.6212321,46.163254300000006],[12.6212086,46.163368299999995],[12.621214900000002,46.163495700000006],[12.6212176,46.1635681],[12.621299999999998,46.1637261],[12.621404299999998,46.1638595],[12.6213597,46.163964],[12.621287399999998,46.164113199999996],[12.6211953,46.1642428],[12.6209695,46.1644796],[12.620801,46.164635399999995],[12.6206058,46.16476279999999],[12.620420899999997,46.16492819999999],[12.6201337,46.165142599999996],[12.6198779,46.165397500000005],[12.619716400000001,46.1655591],[12.6195997,46.165636799999994],[12.619460600000002,46.1656834],[12.6193618,46.165670999999996],[12.619137500000003,46.1656803],[12.618922099999999,46.1657456],[12.618720200000002,46.165820100000005],[12.6186439,46.1658978],[12.6185566,46.1660357],[12.618419499999998,46.1661896],[12.6181368,46.16633290000001],[12.617876499999998,46.16646969999999],[12.617779799999997,46.166635799999995],[12.6176024,46.166826400000005],[12.6174501,46.16704169999999],[12.617247,46.16731419999999],[12.6171149,46.1677238],[12.616853599999999,46.16812290000001],[12.6166868,46.16840229999999],[12.6165079,46.16871909999999],[12.6163103,46.16895629999999],[12.616176899999997,46.1691001],[12.615948200000002,46.169209800000004],[12.6158253,46.16930029999999],[12.6156488,46.16940050000001],[12.615437899999998,46.16952479999999],[12.6152449,46.1696678],[12.6150375,46.16980319999999],[12.6149409,46.1698711],[12.6147109,46.1698511],[12.614310999999999,46.16985970000001],[12.6140957,46.1699142],[12.613954499999998,46.170008999999986],[12.6138414,46.17004369999999],[12.613647899999997,46.170095599999996],[12.6135198,46.1701784],[12.613460900000002,46.1702506],[12.6134699,46.1703131],[12.6132375,46.1704665],[12.6131144,46.1706571],[12.613089,46.17077760000001],[12.6130975,46.17091599999999],[12.6130012,46.171086599999995],[12.6129957,46.17117109999999],[12.612889,46.17134899999999],[12.612728499999998,46.171450799999995],[12.612642199999998,46.171603399999995],[12.612503099999998,46.17182749999999],[12.6124269,46.17209789999999],[12.612265299999999,46.17230609999999],[12.6121307,46.1725236],[12.611972100000001,46.1728209],[12.6118201,46.17297549999999],[12.6117657,46.173003900000005],[12.611675000000002,46.173006300000004],[12.6114351,46.17288409999999],[12.6112601,46.17283429999999],[12.6110717,46.172828100000004],[12.610793399999999,46.17279709999999],[12.610622900000001,46.172709999999995],[12.6103806,46.1727007],[12.610142799999998,46.17273490000001],[12.609931899999998,46.1727535],[12.6097165,46.17277529999999],[12.6094981,46.1728202],[12.6092139,46.17278149999999],[12.609016399999998,46.1727442],[12.6088414,46.1728654],[12.6087607,46.17305809999999],[12.6086754,46.1732228],[12.6085318,46.17341849999999],[12.608419599999998,46.17354279999999],[12.608316400000001,46.1737448],[12.608087,46.1738984],[12.6079933,46.17398719999999]]},"properties":{"class":"path","name":null,"name:it":null,"source":"overpass","osm_id":339984544,"highway":"path","sac_scale":"mountain_hiking","access":null,"trail_visibility":null,"surface":null,"mtb:scale":null,"smoothness":null,"ref":null,"slope":2.568083404969962,"grade":2.943858747384758,"slope_class":"0-3: flat","length_m":2723.870148989767,"shade_pct":100.0}},{"type":"Feature","geometry":{"type":"LineString","coordinates":[[12.614310999999999,46.16985970000001],[12.6145502,46.16990030000001],[12.6147621,46.1699108],[12.615079599999998,46.1699086],[12.615396499999997,46.1699279],[12.615585200000002,46.1699395]]},"properties":{"class":"path","name":null,"name:it":null,"source":"overpass","osm_id":339984545,"highway":"path","sac_scale":null,"access":null,"trail_visibility":null,"surface":null,"mtb:scale":null,"smoothness":null,"ref":null,"slope":11.011585879818808,"grade":-11.228400694388,"slope_class":"10-20: extreme","length_m":99.19326612897976,"shade_pct":100.0}},{"type":"Feature","geometry":{"type":"LineString","coordinates":[[12.6592497,46.17119759999999],[12.6591952,46.171150000000004],[12.659121199999998,46.17113129999999],[12.658961900000001,46.1711064],[12.6588766,46.1711033],[12.6587667,46.171097100000004],[12.658638799999999,46.171098699999995],[12.658558,46.17112199999999],[12.658475000000001,46.17115460000001],[12.658398700000001,46.1712059],[12.6582843,46.171247799999996],[12.658226599999999,46.1712563]]},"properties":{"class":"path","name":null,"name:it":null,"source":"overpass","osm_id":339984546,"highway":"path","sac_scale":null,"access":null,"trail_visibility":null,"surface":null,"mtb:scale":null,"smoothness":null,"ref":null,"slope":4.686738388202504,"grade":-4.310954997121852,"slope_class":"3-5: mild","length_m":87.35155058845096,"shade_pct":100.0}},{"type":"Feature","geometry":{"type":"LineString","coordinates":[[12.633985400000002,46.1542658],[12.634100799999999,46.154391800000006],[12.6346321,46.1547126],[12.634754400000002,46.154853799999984],[12.6348552,46.1550519],[12.6348974,46.1552027],[12.6348942,46.155373799999985],[12.6348714,46.1554796],[12.634952699999998,46.155648400000004],[12.6350047,46.155788],[12.635049000000002,46.15582260000001],[12.6351819,46.155780400000005],[12.6352668,46.155711000000004],[12.635395299999999,46.1557246],[12.6355172,46.15578789999999],[12.6355749,46.15587500000001]]},"properties":{"class":"path","name":null,"name:it":null,"source":"overpass","osm_id":339984547,"highway":"path","sac_scale":null,"access":null,"trail_visibility":null,"surface":null,"mtb:scale":null,"smoothness":null,"ref":null,"slope":31.949743239476643,"grade":-30.376530808892145,"slope_class":">20: impossible","length_m":255.60546717730955,"shade_pct":100.0}},{"type":"Feature","geometry":{"type":"LineString","coordinates":[[12.6156488,46.16940050000001],[12.6155131,46.1693945],[12.6153964,46.16934469999999],[12.6152214,46.1692701],[12.6150688,46.1692422],[12.6148579,46.169236],[12.6146694,46.16920489999999],[12.6145797,46.16912409999999],[12.6141172,46.1690507],[12.6135841,46.16904190000001],[12.613254100000002,46.1690595],[12.613051099999998,46.16897159999999],[12.612759100000002,46.16897159999999],[12.6125434,46.168936399999986],[12.6124876,46.16887409999999],[12.612424499999998,46.16874299999999],[12.6124308,46.168638099999995],[12.612494,46.1684195],[12.6125066,46.1683233],[12.612449799999998,46.16813100000001],[12.6124308,46.16802170000001],[12.6124308,46.167855499999995],[12.612393,46.1677419],[12.612374000000003,46.1675626],[12.612373999999999,46.167422699999996],[12.6124308,46.16730030000001],[12.6124813,46.16723039999999],[12.6125571,46.167151700000005],[12.612639099999999,46.1670774],[12.6127654,46.1670074],[12.612809600000002,46.16695060000001],[12.612860099999999,46.1668457],[12.6128916,46.16677140000001],[12.612916899999998,46.16667519999999],[12.612790599999999,46.166600899999985],[12.6126202,46.166543999999995],[12.6123425,46.1665047],[12.6121783,46.166434699999996],[12.612127799999998,46.16635169999999],[12.6121594,46.1662773],[12.612228799999999,46.166146199999986],[12.6123298,46.1660019],[12.612475000000002,46.1658052],[12.612645500000001,46.1657352],[12.612727499999998,46.1656522],[12.6128853,46.165577799999994],[12.613144100000001,46.165494800000005],[12.6132388,46.165429199999984],[12.613459799999998,46.165276199999994],[12.613567100000001,46.16522809999999],[12.6136555,46.165162499999994],[12.6138953,46.16500949999998],[12.613985,46.1649701],[12.6141744,46.164860799999985],[12.614325899999999,46.164777799999996],[12.6144837,46.16468600000001],[12.6146478,46.164633499999994],[12.6149382,46.16455919999999],[12.6151591,46.1644892],[12.6152854,46.1644499],[12.6154116,46.164349299999984],[12.6155505,46.16420500000001],[12.6156957,46.16406509999999],[12.6157778,46.1639165],[12.6157841,46.16383340000001],[12.6157778,46.163689199999986],[12.615777799999998,46.16358859999999],[12.6157588,46.1634793],[12.6157588,46.1633263],[12.615822000000001,46.16320389999999],[12.615904,46.1630771],[12.6158661,46.162967800000004],[12.6157146,46.162902199999984],[12.6156136,46.162814700000006],[12.6155884,46.162714199999996],[12.6156326,46.1625655],[12.6155947,46.16243],[12.615575799999998,46.1622901],[12.615474800000001,46.1621545],[12.615474800000001,46.16199280000001],[12.6153801,46.1618966],[12.6152917,46.16170420000001],[12.615216000000002,46.16155990000001],[12.615152799999999,46.161428799999996],[12.6150897,46.1613369],[12.615102299999998,46.1612189],[12.6150834,46.1610178],[12.6149824,46.1609216],[12.6150013,46.16081229999999],[12.614900300000002,46.1606374],[12.6147425,46.1605937],[12.6144837,46.160532399999994],[12.6142817,46.16051499999999],[12.6141618,46.16043629999999],[12.614004,46.160401300000004],[12.6138335,46.1603269],[12.613681999999999,46.160187],[12.6135936,46.160073399999995],[12.6134729,46.15993339999999],[12.6133751,46.159855799999995],[12.613365599999998,46.1597957],[12.6133498,46.15974649999999],[12.6133625,46.15968639999999],[12.6133719,46.1595978],[12.613401699999999,46.1595064]]},"properties":{"class":"path","name":null,"name:it":null,"source":"overpass","osm_id":339984548,"highway":"path","sac_scale":null,"access":null,"trail_visibility":null,"surface":null,"mtb:scale":null,"smoothness":null,"ref":"MV 04","slope":17.482537131976912,"grade":18.4264153820407,"slope_class":"10-20: extreme","length_m":1584.3403490925257,"shade_pct":100.0}},{"type":"Feature","geometry":{"type":"LineString","coordinates":[[12.621214900000002,46.163495700000006],[12.621256200000001,46.163548899999995],[12.6213577,46.16359280000001],[12.6214339,46.163638999999996],[12.621522699999998,46.163704899999985],[12.6215957,46.1637665],[12.6216496,46.1638434],[12.6217448,46.1639357],[12.6218019,46.16402359999999],[12.621821,46.164124699999995],[12.6218242,46.1642236],[12.6218368,46.164318099999996],[12.6218432,46.16441919999998],[12.621827299999998,46.164498299999984],[12.6217924,46.1645752]]},"properties":{"class":"path","name":null,"name:it":null,"source":"overpass","osm_id":339984549,"highway":"path","sac_scale":"mountain_hiking","access":null,"trail_visibility":null,"surface":null,"mtb:scale":null,"smoothness":null,"ref":null,"slope":12.977674506116003,"grade":-14.643792713558797,"slope_class":"10-20: extreme","length_m":137.56278563705453,"shade_pct":100.0}},{"type":"Feature","geometry":{"type":"LineString","coordinates":[[12.6079933,46.17398719999999],[12.607946800000002,46.1740251],[12.607969200000001,46.174136999999995],[12.6079984,46.17422549999999],[12.608018599999998,46.1743265],[12.608065699999997,46.17444929999999],[12.6080231,46.17451450000001],[12.6080074,46.1745782],[12.608031999999998,46.17460619999999],[12.608112799999999,46.17461080000001],[12.608215999999999,46.17457819999999],[12.608307999999997,46.1745611],[12.608379799999998,46.17457819999999],[12.608409000000002,46.17462789999999],[12.6084269,46.174683900000005],[12.6084588,46.1747505],[12.6084311,46.1747883],[12.608445600000001,46.174809],[12.6084834,46.17482449999999],[12.6084466,46.17485719999999],[12.608378700000001,46.17484520000001],[12.608324799999998,46.174835299999984],[12.6081915,46.1748529],[12.6080254,46.1748962],[12.6078932,46.1749715],[12.607715499999998,46.175041900000004],[12.6076424,46.1751001],[12.6076735,46.17514709999999],[12.607667699999999,46.17519059999999],[12.6075949,46.1751707],[12.6075064,46.175133599999995],[12.607423000000002,46.175100099999995],[12.6073439,46.1750755],[12.6072596,46.175042499999996],[12.607161499999998,46.1750045],[12.6070509,46.174976900000004],[12.6069328,46.174958799999985],[12.606827200000001,46.1749519],[12.606729500000002,46.174930100000005],[12.606636600000002,46.17489199999999],[12.606541199999999,46.174890399999995],[12.606430099999999,46.1748857],[12.6063264,46.1748657],[12.6062265,46.17483759999999],[12.606122300000001,46.17482300000002],[12.606024099999999,46.17482179999999],[12.605936299999998,46.174800399999995],[12.605889200000002,46.174801699999996],[12.6057976,46.17477709999999],[12.605710799999999,46.174766399999996],[12.605633299999997,46.17473540000002],[12.6055519,46.174735999999996],[12.6054638,46.17473879999999],[12.605375099999998,46.174735],[12.605281699999999,46.1747417],[12.6052259,46.17476349999999],[12.6051528,46.1747749],[12.6050604,46.17478450000001],[12.604981200000001,46.17478479999998],[12.6049089,46.17480619999999],[12.604859900000001,46.17483759999999],[12.604789599999998,46.17485229999999],[12.6047005,46.1748634],[12.604609599999998,46.174888300000006],[12.604518599999999,46.174904799999986],[12.604437900000002,46.1749287],[12.604340600000002,46.17494730000001],[12.6042353,46.17494839999999],[12.604154,46.1749554],[12.6040804,46.174974199999994],[12.604010799999998,46.1750028],[12.6039354,46.1750188],[12.6038652,46.17504379999999],[12.6037849,46.1750639],[12.603711599999997,46.175091399999985],[12.603633499999999,46.17510670000001],[12.6035763,46.175136],[12.603511700000002,46.17516880000001],[12.603463500000002,46.175212099999996],[12.6034738,46.175240099999996],[12.603542199999998,46.1752243],[12.6036179,46.175211299999994],[12.603618999999998,46.17523119999999],[12.603621499999997,46.175258400000004],[12.6036366,46.17528860000001],[12.6036841,46.17531160000001],[12.6037344,46.17533499999999],[12.603768599999999,46.1753568],[12.6038116,46.17539529999999],[12.603878199999999,46.175434499999994],[12.6039079,46.175484399999995],[12.603945,46.1755157],[12.604013999999998,46.17552909999999],[12.6040747,46.17554659999998],[12.6041364,46.1755804],[12.6041972,46.1756206],[12.604248199999999,46.175654699999996],[12.6043146,46.1756204],[12.6043609,46.175582799999994],[12.604411799999996,46.17554939999999],[12.6044517,46.175499099999996],[12.6045068,46.1754814],[12.6045553,46.17547379999999],[12.6046082,46.1754758],[12.604672499999998,46.1754738],[12.6047216,46.1754794],[12.604774500000001,46.17546599999999],[12.604842399999999,46.175464899999994],[12.6048994,46.175456499999996],[12.6049601,46.17545090000001],[12.6050153,46.1754478],[12.6050822,46.1754642],[12.6051295,46.1754804],[12.6051627,46.1755161],[12.6051947,46.17554799999999],[12.6052632,46.1755345],[12.605341600000001,46.175524499999995],[12.605394899999999,46.1755295],[12.605448,46.1755507],[12.6054962,46.17557349999999],[12.6055409,46.17559059999999],[12.605588899999997,46.17561299999999],[12.6056208,46.17565139999999],[12.6056839,46.17568210000001],[12.6057645,46.1757097],[12.6058101,46.175684700000005],[12.605829699999997,46.175700699999986],[12.6058743,46.17573959999999],[12.605919699999998,46.1757759],[12.605954100000002,46.1757976],[12.605969599999996,46.17582449999999],[12.606019300000002,46.175841899999995],[12.606048,46.1758713],[12.606090699999998,46.17588739999999],[12.606142699999998,46.1759037],[12.6061613,46.1759419],[12.6061882,46.1759588],[12.606215899999999,46.175988700000005],[12.606262299999997,46.1760069],[12.606300600000003,46.17604469999999],[12.6063353,46.176089799999986],[12.606379099999998,46.1761161],[12.6064447,46.176127799999996],[12.606524400000001,46.17614449999999],[12.606587799999998,46.176157599999996],[12.6066622,46.1761779],[12.606721700000001,46.17619890000001],[12.606767000000001,46.1761924],[12.6068094,46.1761968],[12.6068526,46.17622540000001],[12.606908200000001,46.1762575],[12.6069387,46.1762921],[12.6069743,46.1763316],[12.6070295,46.1763509],[12.607053499999997,46.1763804],[12.6070895,46.1763911],[12.6071368,46.17642],[12.6071848,46.176455000000004],[12.6072309,46.1764958],[12.60729,46.1765222],[12.6073278,46.176555799999996],[12.607341799999999,46.17658289999999],[12.607356,46.1766224],[12.607302499999998,46.17664750000001],[12.607236199999997,46.17665389999999],[12.6071502,46.176680399999995],[12.6071487,46.176707100000016],[12.607215799999999,46.176726699999996],[12.607281699999998,46.17674649999999],[12.607344899999998,46.17675409999999],[12.6073851,46.17676730000001],[12.607424899999996,46.17678479999999],[12.6074826,46.17677],[12.6075041,46.17672290000001],[12.607529599999998,46.1767127],[12.607533,46.17676650000001],[12.6075259,46.176810399999994],[12.6074869,46.1768371],[12.607452899999998,46.176861599999995],[12.6074363,46.176884599999994],[12.607482899999999,46.17689729999999],[12.6075433,46.176902899999995],[12.607602799999999,46.176899599999985],[12.6076234,46.176871299999995],[12.6076741,46.17683280000001],[12.6077586,46.17679879999999],[12.607810600000002,46.176734399999994],[12.607894800000002,46.17675390000001],[12.607964,46.176787299999994],[12.6080361,46.17678639999999],[12.608104,46.176778899999995],[12.6081396,46.17679309999998],[12.6081385,46.176820199999995],[12.6082016,46.1768176],[12.6082839,46.17680330000001],[12.608374199999998,46.17682209999999],[12.6084477,46.17684899999999],[12.608541899999999,46.1768812],[12.608622899999997,46.176907199999995],[12.608707799999998,46.1769402],[12.6087383,46.176958299999995],[12.6087407,46.1769589],[12.60877,46.1769698],[12.608824300000002,46.1769863],[12.608810499999999,46.17701619999999],[12.6087632,46.17704929999999],[12.608844699999999,46.1770606],[12.608916,46.177070900000004],[12.6089037,46.177108],[12.6088403,46.177143199999996],[12.6087845,46.177184999999994],[12.6087156,46.17721010000001],[12.608657199999998,46.177207],[12.6085943,46.1772292],[12.608514500000002,46.1772567],[12.608497,46.1773119],[12.608453,46.1773401],[12.608416599999998,46.1773774],[12.608373899999998,46.1773991],[12.6083561,46.177441599999995],[12.6083312,46.1774807],[12.6082913,46.1775345],[12.608232099999999,46.17758030000001],[12.6081671,46.1776245],[12.6081436,46.17767630000001],[12.608157799999999,46.17771099999999],[12.6081762,46.17773110000001],[12.608151199999998,46.17776799999999],[12.608206299999999,46.1778089],[12.6081525,46.1778463],[12.6080814,46.17786509999999],[12.6080855,46.1779016],[12.608139599999996,46.17795499999999],[12.608196600000001,46.177992800000006],[12.608220399999999,46.17802390000001],[12.608162899999998,46.1780508],[12.608076199999998,46.178068700000004],[12.6080145,46.17809789999999],[12.608030300000001,46.178129000000006],[12.607988799999998,46.1781543],[12.6079862,46.178187099999995],[12.607962099999998,46.17823099999999],[12.607985399999999,46.17825599999999],[12.6079913,46.1782713],[12.60797,46.1783038],[12.6079936,46.178333699999996],[12.6080212,46.17834399999999],[12.6080379,46.1783603],[12.608012600000002,46.17837769999999],[12.6079785,46.1784207],[12.607950299999999,46.178415900000005],[12.6079065,46.17841310000001],[12.6078955,46.1784169],[12.607876899999999,46.17841839999999],[12.607854299999998,46.17840449999999],[12.6078515,46.17840060000001],[12.6078468,46.17840840000001],[12.6078189,46.1784222],[12.6077836,46.1784221],[12.607748200000001,46.178435900000004],[12.6077441,46.1784689],[12.607737799999999,46.178503],[12.607761799999999,46.17851799999999],[12.607766099999997,46.17853]]},"properties":{"class":"path","name":null,"name:it":null,"source":"overpass","osm_id":339984550,"highway":"path","sac_scale":"mountain_hiking","access":null,"trail_visibility":null,"surface":null,"mtb:scale":null,"smoothness":null,"ref":null,"slope":19.584674222328164,"grade":-22.02898304619985,"slope_class":"10-20: extreme","length_m":1428.7030822329216,"shade_pct":95.8}},{"type":"Feature","geometry":{"type":"LineString","coordinates":[[12.628636199999999,46.161531200000006],[12.628479399999996,46.161411799999996],[12.6282706,46.16129759999999],[12.628146399999999,46.1612632],[12.6280195,46.16120610000001],[12.627840299999999,46.16115269999999],[12.6277282,46.16114489999999],[12.627647399999999,46.1611651],[12.627611499999999,46.16118999999999],[12.6276137,46.16122880000001],[12.627622699999998,46.161292599999996],[12.6276429,46.161364000000006],[12.6275868,46.16144489999999],[12.6275487,46.161507],[12.627509,46.1616089],[12.627501999999998,46.161682799999994],[12.627481899999998,46.1617536],[12.6274362,46.16180000000001],[12.6273243,46.1618365]]},"properties":{"class":"path","name":null,"name:it":null,"source":"overpass","osm_id":339984551,"highway":"path","sac_scale":"hiking","access":null,"trail_visibility":null,"surface":null,"mtb:scale":null,"smoothness":null,"ref":null,"slope":14.044580418150373,"grade":-9.383822613922819,"slope_class":"10-20: extreme","length_m":175.7070416581791,"shade_pct":100.0}},{"type":"Feature","geometry":{"type":"LineString","coordinates":[[12.652771799999998,46.16395729999999],[12.652868199999999,46.16404549999999],[12.6529444,46.16410919999999],[12.652953899999998,46.1641664],[12.6529412,46.1642125],[12.6529031,46.16423449999999],[12.652845999999998,46.16424109999999],[12.6527127,46.164271899999996],[12.6525446,46.1642916],[12.652357299999998,46.1643114],[12.6521828,46.1643268],[12.652024199999998,46.164346599999995],[12.6519131,46.16434439999999],[12.651757599999996,46.164328999999995],[12.6515958,46.16429599999999],[12.6513451,46.1642938],[12.6508445,46.1643272],[12.650438300000001,46.16436229999999],[12.6499053,46.1644063],[12.6495245,46.16444150000001],[12.6492833,46.1645294],[12.6490168,46.16462609999999],[12.6486868,46.1647052],[12.648280699999999,46.16475789999999],[12.647773,46.164801899999986],[12.647582599999998,46.164810700000004],[12.6472653,46.164880999999994],[12.6469987,46.1649513],[12.646725899999998,46.16501279999999],[12.6463451,46.1649997],[12.646173799999998,46.164960099999995],[12.6458628,46.16497770000001],[12.6456661,46.1649777],[12.6455169,46.1649887],[12.6454789,46.165037000000005],[12.6454725,46.165096]]},"properties":{"class":"path","name":null,"name:it":null,"source":"overpass","osm_id":339984552,"highway":"path","sac_scale":null,"access":null,"trail_visibility":null,"surface":null,"mtb:scale":null,"smoothness":null,"ref":null,"slope":13.490573770608504,"grade":-12.395896232067662,"slope_class":"10-20: extreme","length_m":635.3935557021063,"shade_pct":69.7}},{"type":"Feature","geometry":{"type":"LineString","coordinates":[[12.609988100000002,46.1627633],[12.609736499999999,46.16284639999999],[12.6095047,46.1629228],[12.6092911,46.1629933],[12.6091367,46.163044299999996],[12.608980999999998,46.163075]]},"properties":{"class":"path","name":null,"name:it":null,"source":"overpass","osm_id":339984553,"highway":"path","sac_scale":null,"access":null,"trail_visibility":null,"surface":null,"mtb:scale":null,"smoothness":null,"ref":null,"slope":25.160461309456387,"grade":24.156433141522303,"slope_class":">20: impossible","length_m":85.34712541490411,"shade_pct":100.0}},{"type":"Feature","geometry":{"type":"LineString","coordinates":[[12.669729499999999,46.14278649999999],[12.6696679,46.1427801],[12.669578700000002,46.1427897],[12.668868199999999,46.142835299999994],[12.668367999999997,46.14285569999999],[12.667603,46.14288619999999],[12.6670219,46.1428862],[12.6664335,46.14291680000001],[12.666065700000003,46.14306460000001],[12.666017499999997,46.14313519999999]]},"properties":{"class":"track","name":null,"name:it":null,"source":"overpass","osm_id":340981776,"highway":"track","sac_scale":null,"access":null,"trail_visibility":null,"surface":null,"mtb:scale":null,"smoothness":null,"ref":null,"slope":0.07512209232787698,"grade":0.11813277148356638,"slope_class":"0-3: flat","length_m":297.00530284429476,"shade_pct":97.1}},{"type":"Feature","geometry":{"type":"LineString","coordinates":[[12.671502,46.1434218],[12.6717055,46.14346170000001],[12.672154399999998,46.143576199999984],[12.672362399999999,46.1436338],[12.6726849,46.14369689999999],[12.6729138,46.14374200000001],[12.6731166,46.14379600000001],[12.673324700000002,46.1438338],[12.673569199999998,46.14387349999999],[12.6737798,46.143952799999994],[12.6739578,46.1440426],[12.674128200000002,46.14409470000001]]},"properties":{"class":"track","name":null,"name:it":null,"source":"overpass","osm_id":340981777,"highway":"track","sac_scale":null,"access":null,"trail_visibility":null,"surface":null,"mtb:scale":null,"smoothness":null,"ref":null,"slope":0.025912873963584798,"grade":-0.08869765770262858,"slope_class":"0-3: flat","length_m":217.65422472145934,"shade_pct":99.8}},{"type":"Feature","geometry":{"type":"LineString","coordinates":[[12.668922499999999,46.1505649],[12.668958,46.1502953],[12.669104000000003,46.149927000000005],[12.6691864,46.1496936],[12.669205099999997,46.14944460000001],[12.669261300000002,46.1492345],[12.6693361,46.1488585],[12.6694297,46.148555],[12.6695533,46.1483216],[12.669680599999998,46.14807779999999],[12.669762899999998,46.14785989999999],[12.669864,46.14760569999999],[12.6699722,46.14740520000001]]},"properties":{"class":"track","name":null,"name:it":null,"source":"overpass","osm_id":340981778,"highway":"track","sac_scale":null,"access":null,"trail_visibility":null,"surface":null,"mtb:scale":null,"smoothness":null,"ref":null,"slope":1.1049048639949668,"grade":-1.2768284822570564,"slope_class":"0-3: flat","length_m":362.2758211787268,"shade_pct":100.0}},{"type":"Feature","geometry":{"type":"LineString","coordinates":[[12.667896799999998,46.1473808],[12.6678535,46.1474315],[12.667810499999998,46.14757019999999],[12.667754299999999,46.14778179999999],[12.667671999999998,46.148059399999994],[12.667642,46.148202],[12.6676121,46.14837579999999],[12.6675896,46.1486507],[12.6675372,46.1489153],[12.667481,46.1494833],[12.6674286,46.1498983],[12.667434499999999,46.150212399999994],[12.6674275,46.150401099999996],[12.6673948,46.150439999999996]]},"properties":{"class":"track","name":null,"name:it":null,"source":"overpass","osm_id":340981779,"highway":"track","sac_scale":null,"access":null,"trail_visibility":null,"surface":null,"mtb:scale":null,"smoothness":null,"ref":null,"slope":1.1559040967856244,"grade":1.3856243050474046,"slope_class":"0-3: flat","length_m":344.215328255001,"shade_pct":98.3}},{"type":"Feature","geometry":{"type":"LineString","coordinates":[[12.678508699999998,46.1189056],[12.678375199999998,46.11943189999999],[12.678095699999998,46.12009979999999],[12.6778861,46.1207218],[12.6776948,46.1211883],[12.6775403,46.12163700000001],[12.6773307,46.12216979999999],[12.677224,46.12247059999999],[12.6771872,46.1226032],[12.677113700000001,46.1227944],[12.677058500000001,46.12298560000001],[12.676992299999998,46.12327869999999],[12.676929799999996,46.123571899999995],[12.6769022,46.12378859999999],[12.6769246,46.1238123],[12.676979199999996,46.12388549999999],[12.676997599999998,46.124326],[12.676846800000002,46.1248001],[12.676861499999998,46.1252462],[12.6766077,46.12624550000001],[12.6765342,46.12668390000001],[12.6762693,46.1274129],[12.676122199999998,46.1282235],[12.675982499999998,46.1285753],[12.6759751,46.12893719999999],[12.6757986,46.12959479999999],[12.6757485,46.1296752],[12.6756471,46.1297274],[12.6755404,46.12974729999999],[12.6754364,46.1297509],[12.6753116,46.129745500000006],[12.675145100000002,46.1297365],[12.675041099999998,46.1297581],[12.6749189,46.1298969],[12.674856499999999,46.13005909999999],[12.674648399999999,46.1304826],[12.674528799999997,46.13072589999999],[12.6744039,46.1309909],[12.6741829,46.131513500000004],[12.674142199999999,46.13160130000001],[12.6739774,46.1319569],[12.673805699999999,46.132337299999996],[12.673450099999998,46.13312530000001],[12.6732969,46.1334805],[12.6731425,46.1338068],[12.6729402,46.13413709999999],[12.672907799999999,46.134251299999995],[12.672865499999999,46.13438129999999],[12.6727975,46.1344769],[12.672727600000002,46.1346948],[12.6726099,46.1349891],[12.6725271,46.13519689999999],[12.6724591,46.135353599999995],[12.6724039,46.1354594],[12.6723304,46.1356645],[12.672304600000002,46.13578559999999],[12.672269699999998,46.13592830000001],[12.6722108,46.1361156],[12.6721832,46.13628],[12.6721008,46.1366119],[12.672023599999998,46.13684630000001],[12.6718481,46.13746189999999],[12.6717649,46.1378656],[12.671515200000002,46.138485499999994],[12.671459099999998,46.1386514],[12.6713395,46.138977600000004],[12.6712537,46.13914150000001],[12.671068999999997,46.1393686],[12.6710482,46.139502],[12.670983199999997,46.139838899999994],[12.6709389,46.1400191],[12.6709073,46.14016759999999],[12.670808499999998,46.1404433],[12.6707486,46.1405532],[12.6706368,46.140762200000005],[12.6705133,46.1409974],[12.6703734,46.14127969999999],[12.670163799999997,46.141692600000006],[12.6699983,46.1420289],[12.669847500000001,46.14235510000001],[12.669784999999997,46.142699099999994],[12.669729499999999,46.14278649999999],[12.6696673,46.1428699],[12.669404,46.143541899999995],[12.6692608,46.1439623],[12.6691064,46.144321600000005],[12.668871,46.144719099999996],[12.668656799999999,46.1451064],[12.668479899999998,46.145466799999994],[12.668336,46.14566949999999],[12.6682692,46.14574459999999]]},"properties":{"class":"track","name":null,"name:it":null,"source":"overpass","osm_id":340981780,"highway":"track","sac_scale":null,"access":null,"trail_visibility":null,"surface":null,"mtb:scale":null,"smoothness":null,"ref":null,"slope":1.2567589178810699,"grade":1.2431213523715272,"slope_class":"0-3: flat","length_m":3142.353147175162,"shade_pct":92.8}},{"type":"Feature","geometry":{"type":"LineString","coordinates":[[12.6478239,46.13976679999998],[12.6476951,46.13987600000001],[12.647638999999998,46.1399397],[12.647676100000002,46.1400791],[12.6477396,46.1402698],[12.6477449,46.140427599999995],[12.647877300000001,46.1408128],[12.6478826,46.14104019999999],[12.6478455,46.14135939999999],[12.647819099999998,46.14160890000001],[12.6478191,46.1417116],[12.6479408,46.1420454],[12.6480573,46.1423499],[12.648258500000003,46.1427828],[12.6484332,46.1430102],[12.648554999999998,46.143233999999985],[12.648555,46.143450400000006],[12.6485786,46.143712300000004],[12.648543,46.143941899999994]]},"properties":{"class":"track","name":null,"name:it":null,"source":"overpass","osm_id":340981781,"highway":"track","sac_scale":null,"access":null,"trail_visibility":null,"surface":null,"mtb:scale":null,"smoothness":null,"ref":null,"slope":1.3430155900721301,"grade":1.7039977956443582,"slope_class":"0-3: flat","length_m":481.46556401816747,"shade_pct":100.0}},{"type":"Feature","geometry":{"type":"LineString","coordinates":[[12.664368899999998,46.151974299999985],[12.664278699999997,46.1520128],[12.6640452,46.15206379999999],[12.6637657,46.15208939999999],[12.6635137,46.15210429999999],[12.6633755,46.15213620000001],[12.663123599999999,46.1522256],[12.662979200000002,46.1522256],[12.662865499999999,46.1521553],[12.6627826,46.152117],[12.6626904,46.152117000000004],[12.662589,46.15213620000001],[12.662444599999999,46.15221279999999],[12.662318699999998,46.1523299],[12.662208099999999,46.1524448],[12.6621313,46.1525725],[12.662042199999998,46.15270019999999],[12.6620053,46.15272039999999],[12.661897600000001,46.1527501]]},"properties":{"class":"track","name":null,"name:it":null,"source":"overpass","osm_id":340981782,"highway":"track","sac_scale":null,"access":null,"trail_visibility":null,"surface":null,"mtb:scale":null,"smoothness":null,"ref":null,"slope":0.1669506855237744,"grade":0.3091213562111865,"slope_class":"0-3: flat","length_m":236.8675723112746,"shade_pct":87.5}},{"type":"Feature","geometry":{"type":"LineString","coordinates":[[12.6643098,46.15005239999999],[12.664325,46.1501457],[12.6643887,46.1502053],[12.664615,46.1502585],[12.664796599999999,46.150299999999994],[12.665058600000002,46.15038950000001],[12.665228999999998,46.15045429999999],[12.665474199999997,46.150582699999994],[12.665601500000001,46.15063459999999],[12.665777499999999,46.15068389999999],[12.665955299999998,46.15075129999999],[12.6664034,46.1509154],[12.6667793,46.1510621],[12.6669142,46.1511103],[12.6670472,46.1511687],[12.667138900000001,46.1512271],[12.6671857,46.151293200000005],[12.6672063,46.15137750000001],[12.6671932,46.1515227],[12.6671669,46.15172940000001],[12.6672039,46.15197510000001],[12.6671933,46.15220250000001],[12.6671986,46.152308899999994],[12.667198599999999,46.15258759999999],[12.6671861,46.1527043],[12.667189799999997,46.1528955],[12.6672173,46.1530454]]},"properties":{"class":"track","name":null,"name:it":null,"source":"overpass","osm_id":340981783,"highway":"track","sac_scale":null,"access":null,"trail_visibility":null,"surface":null,"mtb:scale":null,"smoothness":null,"ref":null,"slope":1.6446007605941,"grade":1.6630650122703359,"slope_class":"0-3: flat","length_m":464.63077266339525,"shade_pct":78.6}},{"type":"Feature","geometry":{"type":"LineString","coordinates":[[12.6709389,46.1400191],[12.670913399999998,46.139956399999996],[12.670855500000002,46.13987809999999],[12.670759899999998,46.13971399999999],[12.6707027,46.1395265],[12.6706819,46.1393968],[12.670593999999998,46.13907119999998],[12.670513099999999,46.13888009999999],[12.670391799999999,46.138607399999984],[12.6702851,46.1383806],[12.6701674,46.13811040000001],[12.6700755,46.137886200000004],[12.6700093,46.1376619],[12.6698658,46.13726179999999],[12.6697518,46.136963599999994],[12.669659899999997,46.136698499999994],[12.6695164,46.136199],[12.669487,46.1360588],[12.669391400000002,46.1359008],[12.669314099999998,46.1356995],[12.669240600000002,46.1353707],[12.669206400000002,46.13515120000001],[12.6691882,46.134983600000005],[12.669201199999998,46.13474209999999],[12.6692272,46.1346033],[12.6692376,46.13442489999999],[12.669185600000002,46.1341059],[12.6690868,46.133808599999995],[12.6690113,46.133608499999994],[12.668951199999999,46.1333288],[12.6689558,46.133250000000004]]},"properties":{"class":"track","name":null,"name:it":null,"source":"overpass","osm_id":340981785,"highway":"track","sac_scale":null,"access":null,"trail_visibility":null,"surface":null,"mtb:scale":null,"smoothness":null,"ref":null,"slope":1.2169443792101817,"grade":-1.2535007620387744,"slope_class":"0-3: flat","length_m":773.2275578607355,"shade_pct":100.0}},{"type":"Feature","geometry":{"type":"LineString","coordinates":[[12.6705133,46.1409974],[12.6703709,46.1409704],[12.6701796,46.14093470000001],[12.6698781,46.14090409999999],[12.6696868,46.1408735],[12.6693558,46.14088120000001],[12.6690542,46.14090919999999],[12.668770999999998,46.14089390000001],[12.668620199999998,46.1408939],[12.668465699999997,46.14086079999999],[12.668344399999999,46.140802199999996],[12.6682487,46.1407079],[12.668156800000002,46.14050660000001],[12.668053799999997,46.140205900000005],[12.667995000000001,46.13992040000001],[12.667921400000003,46.139686000000005],[12.6677596,46.1392324],[12.667730199999998,46.13900809999999],[12.6677522,46.13891129999999],[12.6676272,46.138518799999986],[12.6675616,46.138254399999994],[12.667535599999999,46.138070600000006],[12.667491400000001,46.1378544],[12.6674368,46.13764710000001],[12.6673978,46.137357],[12.6673822,46.1372236],[12.6673353,46.137093899999996],[12.667291100000002,46.137043399999996],[12.667210500000001,46.136984000000005],[12.667145499999998,46.1369101],[12.6670935,46.13682539999999],[12.667046699999998,46.136631799999996],[12.6669582,46.1363903],[12.666927,46.1362065],[12.666927,46.13595060000001],[12.666932200000002,46.1357127],[12.666927,46.135496500000016],[12.666916599999999,46.135352299999994],[12.666901,46.135229700000004],[12.666822999999999,46.1350712],[12.6667294,46.1349306],[12.6666772,46.1348733],[12.666622,46.13475989999999],[12.666588899999999,46.1346427],[12.666526400000002,46.13447320000001],[12.6665006,46.134203],[12.6665098,46.13403610000001],[12.6665061,46.1337035],[12.6664578,46.1333315],[12.66645,46.13320529999999],[12.666465600000002,46.1331098],[12.6664214,46.133050299999994],[12.666406499999999,46.13298340000001]]},"properties":{"class":"track","name":null,"name:it":null,"source":"overpass","osm_id":340981786,"highway":"track","sac_scale":null,"access":null,"trail_visibility":null,"surface":null,"mtb:scale":null,"smoothness":null,"ref":null,"slope":1.2254601123938549,"grade":-1.1177392585102806,"slope_class":"0-3: flat","length_m":1065.292818004062,"shade_pct":95.3}},{"type":"Feature","geometry":{"type":"LineString","coordinates":[[12.670165200000001,46.1469399],[12.670277299999999,46.1466911],[12.6704612,46.1463446],[12.6705164,46.14611270000001],[12.670593600000002,46.1458069],[12.6706782,46.145575],[12.670836299999998,46.14536609999999],[12.670961399999998,46.14513929999998],[12.6710423,46.14495329999999],[12.671093800000001,46.144757],[12.6711784,46.1444385],[12.6713181,46.1440283],[12.6714322,46.14370209999999],[12.671502,46.1434218],[12.671524100000001,46.1433046],[12.671663899999999,46.14296049999999],[12.6718073,46.1426751],[12.6718753,46.1425583],[12.6718993,46.14251709999999],[12.672061099999999,46.1422776],[12.672142,46.142086500000005],[12.6722487,46.1418673],[12.6723443,46.1416405],[12.6724289,46.141502900000006],[12.6728003,46.14074089999999],[12.672851799999998,46.140603299999995],[12.672888599999999,46.1404581],[12.672958499999996,46.1402491],[12.673050400000001,46.139976399999995],[12.673135,46.1396528],[12.6731424,46.1395253],[12.673234299999999,46.139216999999995],[12.6732674,46.138944299999984],[12.6732969,46.13882449999999],[12.6733741,46.1386767],[12.673414599999997,46.138536499999994],[12.6734955,46.138230699999994],[12.673569,46.1380753],[12.673624199999999,46.13790449999999],[12.673682999999999,46.1377771],[12.6737897,46.13751459999999],[12.673804399999998,46.1373948],[12.6738853,46.1372572],[12.673958900000002,46.1370151],[12.6739736,46.1368978],[12.674117,46.136571599999996],[12.6741648,46.136485],[12.674242099999999,46.136278499999996],[12.674271499999998,46.1361154],[12.6743009,46.135988],[12.674352400000002,46.1358427],[12.6744186,46.135432399999985],[12.6744297,46.1353559],[12.6744506,46.1353208],[12.6744974,46.13517430000002],[12.674528699999998,46.13507169999999],[12.674543399999997,46.1350061],[12.674558100000002,46.1349277],[12.674587500000001,46.1348489],[12.6746821,46.1346294]]},"properties":{"class":"track","name":null,"name:it":null,"source":"overpass","osm_id":340981787,"highway":"track","sac_scale":null,"access":null,"trail_visibility":null,"surface":null,"mtb:scale":null,"smoothness":null,"ref":null,"slope":1.1252141404973715,"grade":-1.0084733756487418,"slope_class":"0-3: flat","length_m":1418.90663648823,"shade_pct":94.9}},{"type":"Feature","geometry":{"type":"LineString","coordinates":[[12.671663899999999,46.14296049999999],[12.6713025,46.1428674],[12.6707355,46.14275919999999],[12.670488599999999,46.1427321],[12.670142900000002,46.1427143],[12.669784999999997,46.142699099999994]]},"properties":{"class":"track","name":null,"name:it":null,"source":"overpass","osm_id":340981788,"highway":"track","sac_scale":null,"access":null,"trail_visibility":null,"surface":null,"mtb:scale":null,"smoothness":null,"ref":null,"slope":0.19923443951698028,"grade":-0.1915836456003462,"slope_class":"0-3: flat","length_m":149.09651100693108,"shade_pct":92.0}},{"type":"Feature","geometry":{"type":"LineString","coordinates":[[12.650886,46.1381668],[12.6506771,46.138187200000004],[12.6502165,46.13835960000001],[12.649676499999998,46.138583399999995],[12.6494319,46.138702599999995],[12.649101899999996,46.13886349999999],[12.6486794,46.1390152],[12.6486493,46.139026],[12.6481863,46.13919229999998],[12.6475385,46.1394083]]},"properties":{"class":"track","name":null,"name:it":null,"source":"overpass","osm_id":340981789,"highway":"track","sac_scale":null,"access":null,"trail_visibility":null,"surface":"ground","mtb:scale":null,"smoothness":null,"ref":null,"slope":0.12593741020292812,"grade":0.2502017183039976,"slope_class":"0-3: flat","length_m":294.84266575631995,"shade_pct":100.0}},{"type":"Feature","geometry":{"type":"LineString","coordinates":[[12.632269199999998,46.118074],[12.6323346,46.11800339999999],[12.6323663,46.117923499999996],[12.6323812,46.117826400000006],[12.632430999999999,46.11762269999999],[12.632482399999999,46.1174042],[12.6325173,46.11731960000001],[12.6325771,46.1171858],[12.6326132,46.1170978],[12.632669299999996,46.11701299999999],[12.6327079,46.11696769999999],[12.6327309,46.116953800000005]]},"properties":{"class":"track","name":null,"name:it":null,"source":"overpass","osm_id":343911392,"highway":"track","sac_scale":null,"access":null,"trail_visibility":null,"surface":null,"mtb:scale":null,"smoothness":null,"ref":null,"slope":1.4170676376298603,"grade":-1.514743830202701,"slope_class":"0-3: flat","length_m":131.1661830484688,"shade_pct":22.2}},{"type":"Feature","geometry":{"type":"LineString","coordinates":[[12.6462948,46.11019829999999],[12.6463683,46.110284699999994],[12.6464899,46.1104507],[12.646698500000001,46.1108375],[12.646912599999999,46.111203499999995],[12.647071999999998,46.1114452],[12.6471866,46.111607500000005],[12.6473161,46.11176290000001],[12.647316099999998,46.1118838],[12.647266299999998,46.1120633],[12.647236399999999,46.11218419999999],[12.6472364,46.11228429999999],[12.6473061,46.1124639],[12.6474058,46.1126952]]},"properties":{"class":"track","name":null,"name:it":null,"source":"overpass","osm_id":343911393,"highway":"track","sac_scale":null,"access":null,"trail_visibility":null,"surface":null,"mtb:scale":null,"smoothness":null,"ref":null,"slope":1.177877910333693,"grade":1.1618277370005483,"slope_class":"0-3: flat","length_m":297.53665653092264,"shade_pct":56.6}},{"type":"Feature","geometry":{"type":"LineString","coordinates":[[12.629886400000002,46.11537349999999],[12.630113099999999,46.1155453],[12.630277399999999,46.11570760000001],[12.6304567,46.1158906],[12.6305763,46.1160494],[12.630685899999998,46.11625659999999],[12.6308054,46.116470699999994],[12.6308951,46.1166261],[12.6309947,46.116715799999994],[12.6311244,46.1168542],[12.631377899999999,46.1171276],[12.631589299999998,46.11743529999999],[12.631702000000002,46.117620800000005],[12.6317654,46.1177868],[12.631900699999997,46.118046199999995],[12.631953500000002,46.1181732],[12.632178000000001,46.1181928]]},"properties":{"class":"path","name":null,"name:it":null,"source":"overpass","osm_id":343911395,"highway":"path","sac_scale":null,"access":null,"trail_visibility":null,"surface":null,"mtb:scale":null,"smoothness":null,"ref":null,"slope":1.6299133824582095,"grade":1.560563139088097,"slope_class":"0-3: flat","length_m":370.7672168865737,"shade_pct":6.7}},{"type":"Feature","geometry":{"type":"LineString","coordinates":[[12.6396862,46.1321736],[12.639741,46.13211479999999],[12.6397809,46.13204919999999],[12.639880500000002,46.1319802],[12.640039900000001,46.131890399999996],[12.640318799999998,46.13174200000001],[12.640508099999998,46.131648799999994],[12.640826899999999,46.13153830000001],[12.641056000000003,46.131483100000004],[12.6411224,46.131463399999994],[12.641300099999999,46.131410599999995],[12.6416388,46.1313209],[12.6419576,46.131234600000006],[12.6423013,46.131131],[12.6426798,46.13103089999999],[12.6431481,46.130917],[12.6434419,46.13085139999998],[12.643895199999998,46.13078579999999],[12.6442514,46.1307479],[12.644448100000002,46.1307082],[12.644602500000001,46.13069440000001],[12.6447021,46.130684],[12.644747,46.130683999999995],[12.6448192,46.130790999999995],[12.6449362,46.1309688],[12.6450458,46.131132799999996],[12.6451355,46.131277700000005],[12.6452675,46.13146069999999],[12.6454296,46.1317151],[12.645560899999998,46.1319165],[12.6456547,46.132104999999996],[12.6458092,46.1323832],[12.6458916,46.13245539999999],[12.645934600000002,46.1325185],[12.6460528,46.13282649999999],[12.646261,46.13334919999999],[12.6464636,46.1338639],[12.6465968,46.13419019999999],[12.6468125,46.13470100000001],[12.6470563,46.135304100000006],[12.647369599999998,46.13604110000001],[12.6476209,46.1366338],[12.647907899999998,46.1373747],[12.648163,46.1380207],[12.648472499999999,46.138625],[12.6486493,46.139026]]},"properties":{"class":"track","name":null,"name:it":null,"source":"overpass","osm_id":343911401,"highway":"track","sac_scale":null,"access":null,"trail_visibility":null,"surface":null,"mtb:scale":null,"smoothness":null,"ref":null,"slope":1.0904842343552372,"grade":0.6322334348872366,"slope_class":"0-3: flat","length_m":1412.1187634568835,"shade_pct":57.5}},{"type":"Feature","geometry":{"type":"LineString","coordinates":[[12.6389772,46.1027967],[12.639035699999999,46.102762999999996],[12.639313400000002,46.102660300000004],[12.639556300000002,46.10256869999999],[12.6398638,46.1024639],[12.640335800000003,46.1022954],[12.6407091,46.102144],[12.6410155,46.1020365],[12.641329,46.101924200000006],[12.641748099999997,46.10176299999999],[12.6420334,46.1016604],[12.6423997,46.10153589999999],[12.6427062,46.101426],[12.6429844,46.10135269999999],[12.643241499999998,46.101279399999996],[12.643562,46.1012135],[12.6442559,46.1011182],[12.6448617,46.10102539999999],[12.6455203,46.1009277],[12.6459712,46.10086419999999],[12.646400899999996,46.100812999999995],[12.646798900000002,46.10076169999999],[12.6470313,46.1007397]]},"properties":{"class":"track","name":null,"name:it":null,"source":"overpass","osm_id":343911403,"highway":"track","sac_scale":null,"access":null,"trail_visibility":null,"surface":null,"mtb:scale":null,"smoothness":null,"ref":null,"slope":0.3289508638084796,"grade":-0.24405301244942054,"slope_class":"0-3: flat","length_m":670.4593517182265,"shade_pct":99.2}},{"type":"Feature","geometry":{"type":"LineString","coordinates":[[12.6483671,46.1119597],[12.6485763,46.111963199999984],[12.6487955,46.112032199999994],[12.648895099999999,46.11214269999999],[12.6490644,46.112311899999995],[12.6491292,46.11245009999999],[12.6491491,46.1125709],[12.649109299999997,46.1127816],[12.6490794,46.11294389999999],[12.6490595,46.1131579],[12.649094299999998,46.1133858],[12.6490794,46.11360340000001],[12.649089399999998,46.11378979999999],[12.649044499999999,46.1140626],[12.6490246,46.11417999999999],[12.6490395,46.114345799999995],[12.649059500000002,46.114494300000004],[12.649039499999999,46.11464959999999],[12.649044499999999,46.11478079999999],[12.649044499999999,46.1149017],[12.6490699,46.11497219999999],[12.6490943,46.11503979999999],[12.649164100000002,46.1152332],[12.6492117,46.1153251],[12.649303499999998,46.11550249999999],[12.6493832,46.11575109999998],[12.649423099999998,46.1160273],[12.6493708,46.116198],[12.649353299999998,46.11625519999999],[12.649253699999997,46.11648310000001],[12.6490744,46.11669030000001],[12.648944899999998,46.116876699999985],[12.6487656,46.1171115],[12.6486311,46.11729449999999],[12.648402,46.1174326],[12.648098100000002,46.11757419999999],[12.6478541,46.11767089999999],[12.647535300000001,46.11778480000001],[12.647136800000002,46.117888400000005],[12.6467134,46.1179713],[12.646544,46.1180162],[12.6461803,46.11814199999999]]},"properties":{"class":"track","name":null,"name:it":null,"source":"overpass","osm_id":343911407,"highway":"track","sac_scale":null,"access":null,"trail_visibility":null,"surface":null,"mtb:scale":null,"smoothness":null,"ref":null,"slope":1.2183673583745054,"grade":1.1756180893698158,"slope_class":"0-3: flat","length_m":859.5422938583322,"shade_pct":31.5}},{"type":"Feature","geometry":{"type":"LineString","coordinates":[[12.629166500000002,46.1116339],[12.6290178,46.111515499999996],[12.628853399999999,46.111416999999996],[12.628694000000001,46.11128750000001],[12.628512199999998,46.111109699999986],[12.6284549,46.11102859999999],[12.628425100000001,46.1109629],[12.6284151,46.1109267],[12.6284126,46.11086280000001],[12.6284375,46.11073329999999],[12.628582,46.110527799999986],[12.6286915,46.11038279999999],[12.6288136,46.1102222],[12.6289281,46.1100565],[12.629107499999998,46.10990279999999],[12.6292544,46.1097785],[12.629436200000002,46.10968530000001],[12.629503399999999,46.10964209999999],[12.6296728,46.109588599999995],[12.629887,46.1095454],[12.6300713,46.10947629999999],[12.630265499999998,46.109407299999994],[12.630500899999998,46.1093317],[12.630867199999999,46.109255999999995],[12.631043299999998,46.1092609],[12.631136100000003,46.109315200000005],[12.631388899999997,46.109567299999995],[12.6315276,46.1097408],[12.6317319,46.10999720000001],[12.6319538,46.1103293],[12.6321673,46.1106156],[12.632222099999998,46.1107744],[12.632359699999999,46.11099829999999],[12.6325992,46.1112132],[12.632719,46.1113987],[12.6329021,46.111613599999984],[12.6331768,46.11180890000001],[12.633430399999998,46.1120189],[12.6336488,46.1122436],[12.6338742,46.112477999999996],[12.6339728,46.112629299999995],[12.6340855,46.1128979],[12.6342969,46.1131763],[12.634536399999998,46.1134693],[12.6346907,46.113627],[12.634763,46.113710400000016],[12.634837100000002,46.11377639999999],[12.6348683,46.11373940000001]]},"properties":{"class":"track","name":null,"name:it":null,"source":"overpass","osm_id":343911408,"highway":"track","sac_scale":null,"access":null,"trail_visibility":null,"surface":null,"mtb:scale":null,"smoothness":null,"ref":null,"slope":0.8445005517102351,"grade":0.6396495050010249,"slope_class":"0-3: flat","length_m":989.0298379704817,"shade_pct":0.8}},{"type":"Feature","geometry":{"type":"LineString","coordinates":[[12.644747,46.130683999999995],[12.644655,46.13053959999999],[12.644493,46.13032359999999],[12.644350400000002,46.13011730000001],[12.6442148,46.129947699999995],[12.6441109,46.129788999999995],[12.6440128,46.1295847],[12.643816,46.12932930000001],[12.643698999999998,46.1291498],[12.643542100000001,46.12900820000001],[12.643265599999998,46.128830499999985],[12.642996600000002,46.12871479999999],[12.642605599999998,46.12857849999999],[12.642406399999999,46.12847489999999],[12.642127399999998,46.1282332],[12.6418684,46.127970899999994],[12.641637199999998,46.127610999999995],[12.6413085,46.127155299999984],[12.641119199999999,46.1266858],[12.64091,46.12637519999999],[12.640790499999998,46.1260506],[12.6406809,46.1255811],[12.640640999999999,46.125222099999995],[12.6405613,46.1249252],[12.6404517,46.1245869],[12.6403422,46.12429],[12.640192700000002,46.1239793],[12.640046699999997,46.12373699999999],[12.639972799999999,46.12361250000001],[12.639930499999998,46.12356129999999],[12.639927,46.12353439999998],[12.6399411,46.123505099999996],[12.6399904,46.123473399999995],[12.640108,46.123408]]},"properties":{"class":"track","name":null,"name:it":null,"source":"overpass","osm_id":343911409,"highway":"track","sac_scale":null,"access":null,"trail_visibility":null,"surface":"ground","mtb:scale":null,"smoothness":null,"ref":null,"slope":1.217426493771427,"grade":-1.1840720253343238,"slope_class":"0-3: flat","length_m":925.404727216649,"shade_pct":59.3}},{"type":"Feature","geometry":{"type":"LineString","coordinates":[[12.682711299999998,46.13328359999999],[12.6828042,46.133157700000005],[12.682921500000003,46.1330983],[12.683047799999999,46.13304509999999],[12.683187699999998,46.132992],[12.683232799999999,46.1329138],[12.6832873,46.1328065],[12.6833336,46.1327192],[12.6833798,46.1326319],[12.6834532,46.1325832],[12.683590399999998,46.132501399999995],[12.6836095,46.13241519999999],[12.6836478,46.1322803],[12.6837499,46.13202379999999],[12.683896599999999,46.13163469999999],[12.684037,46.13135169999999],[12.6841966,46.131090799999996],[12.6844033,46.130915699999996],[12.684613599999997,46.13084459999999],[12.684765699999998,46.13085939999999],[12.684900499999998,46.13089119999999],[12.6850121,46.1309277],[12.6851052,46.13097230000001],[12.6852416,46.13100440000001],[12.6853126,46.131043999999996],[12.6854594,46.1310705],[12.6855455,46.1310705],[12.685612499999998,46.1310617],[12.685638,46.13103949999999],[12.685657199999998,46.1310042],[12.6856763,46.1309533],[12.685652000000001,46.1308535]]},"properties":{"class":"track","name":null,"name:it":null,"source":"overpass","osm_id":345713051,"highway":"track","sac_scale":null,"access":null,"trail_visibility":null,"surface":null,"mtb:scale":null,"smoothness":null,"ref":null,"slope":1.2286741375794719,"grade":-0.951095312238456,"slope_class":"0-3: flat","length_m":430.1392176898021,"shade_pct":8.7}},{"type":"Feature","geometry":{"type":"LineString","coordinates":[[12.6295955,46.1356352],[12.629559799999997,46.135516999999986],[12.6294932,46.1353536],[12.6293961,46.135118199999994],[12.629325099999999,46.1349986],[12.629251699999998,46.1348641],[12.629147400000003,46.134657],[12.629003,46.1343504],[12.6288405,46.1341064],[12.6287096,46.1338937]]},"properties":{"class":"path","name":null,"name:it":null,"source":"overpass","osm_id":348390572,"highway":"path","sac_scale":null,"access":null,"trail_visibility":null,"surface":null,"mtb:scale":null,"smoothness":null,"ref":null,"slope":1.4860781020576528,"grade":0.9638650256933685,"slope_class":"0-3: flat","length_m":205.86419019199317,"shade_pct":100.0}},{"type":"Feature","geometry":{"type":"LineString","coordinates":[[12.6306575,46.1351788],[12.6306211,46.13511230000001],[12.6304583,46.13492419999999],[12.630324,46.134731300000006],[12.6301812,46.13452819999999],[12.630075600000001,46.13433669999999],[12.630044,46.13412720000001],[12.630089199999999,46.13395509999999],[12.630111699999999,46.1337424],[12.6300937,46.133614200000004],[12.6299402,46.1333796],[12.6297732,46.13311680000001],[12.629646799999998,46.1329041],[12.629543,46.132706999999996],[12.629389499999998,46.132506799999994],[12.629218,46.132381699999996]]},"properties":{"class":"path","name":null,"name:it":null,"source":"overpass","osm_id":348390576,"highway":"path","sac_scale":null,"access":null,"trail_visibility":null,"surface":null,"mtb:scale":null,"smoothness":null,"ref":null,"slope":1.709418193021401,"grade":1.3823924210736267,"slope_class":"0-3: flat","length_m":339.0529465351063,"shade_pct":100.0}},{"type":"Feature","geometry":{"type":"LineString","coordinates":[[12.630733199999998,46.1351284],[12.6307006,46.13515790000001],[12.6306575,46.1351788],[12.6304541,46.1353609],[12.630259400000002,46.13544719999999],[12.6299562,46.13552239999999],[12.629726400000001,46.1355888],[12.6295955,46.1356352],[12.6294296,46.135763499999996],[12.629244399999997,46.1358719],[12.629132699999998,46.13596479999999],[12.6290609,46.1360234]]},"properties":{"class":"path","name":null,"name:it":null,"source":"overpass","osm_id":348390577,"highway":"path","sac_scale":null,"access":null,"trail_visibility":null,"surface":null,"mtb:scale":null,"smoothness":null,"ref":null,"slope":7.015995206595729,"grade":6.915041210066841,"slope_class":"5-8: medium","length_m":167.1197051949788,"shade_pct":98.0}},{"type":"Feature","geometry":{"type":"LineString","coordinates":[[12.633902499999998,46.13430629999999],[12.633811199999998,46.134375],[12.633610300000003,46.134445400000004],[12.6334636,46.134486],[12.633098,46.1345548],[12.632673700000002,46.13464870000001],[12.632452499999998,46.134736299999986],[12.632359900000003,46.13477309999999],[12.6322786,46.1347946],[12.632145600000001,46.1348583],[12.6319289,46.1349709],[12.6317619,46.1350084],[12.631621899999999,46.13508029999999],[12.631473000000002,46.1351992],[12.6313647,46.1353149],[12.6312744,46.135433799999994],[12.6313008,46.1355515],[12.6312968,46.1358007],[12.6312279,46.13609849999999],[12.631168399999998,46.1364347],[12.631080699999998,46.13674949999999],[12.6309868,46.13710069999999],[12.6309584,46.1372319],[12.6309169,46.137446499999996],[12.6309137,46.13763],[12.6309105,46.137744999999995],[12.630932900000001,46.137908700000004],[12.6309329,46.1380126],[12.6309101,46.1380597]]},"properties":{"class":"path","name":null,"name:it":null,"source":"overpass","osm_id":348390581,"highway":"path","sac_scale":null,"access":null,"trail_visibility":null,"surface":null,"mtb:scale":null,"smoothness":null,"ref":null,"slope":0.9551887756065988,"grade":0.8423434755013445,"slope_class":"0-3: flat","length_m":541.6327875692489,"shade_pct":86.2}},{"type":"Feature","geometry":{"type":"LineString","coordinates":[[12.627059299999999,46.121787499999996],[12.627294600000003,46.1221839],[12.627461699999998,46.122455],[12.627551900000002,46.1225551],[12.627610599999999,46.12257069999999],[12.6277821,46.1225739],[12.6279717,46.1225864],[12.6281613,46.1226646],[12.6282696,46.122821],[12.6284096,46.1230275],[12.6285224,46.1231589],[12.6288384,46.123393500000006],[12.629140800000002,46.1236094],[12.629205899999999,46.12368380000001],[12.629354300000001,46.1238055],[12.629483599999999,46.1238431],[12.629681399999999,46.1238563],[12.6298889,46.1238143],[12.630042100000002,46.1237881],[12.630198500000002,46.12378470000001],[12.6302671,46.123788100000006],[12.6303549,46.123857699999995],[12.6304188,46.1239396],[12.630441099999999,46.1240491],[12.6304203,46.124183999999985],[12.6304203,46.1243101],[12.6304523,46.124383099999996],[12.630547999999997,46.12446939999999],[12.6306789,46.12465519999999],[12.630860799999999,46.12487419999999],[12.630943799999999,46.12501360000001]]},"properties":{"class":"track","name":null,"name:it":null,"source":"overpass","osm_id":348390586,"highway":"track","sac_scale":null,"access":null,"trail_visibility":null,"surface":null,"mtb:scale":null,"smoothness":null,"ref":null,"slope":2.1352587963861325,"grade":-1.7883915787502636,"slope_class":"0-3: flat","length_m":525.0894507197556,"shade_pct":94.0}},{"type":"Feature","geometry":{"type":"LineString","coordinates":[[12.6209647,46.12351679999999],[12.621138800000002,46.123476],[12.621286200000002,46.12345129999999],[12.621447799999999,46.12342249999999],[12.6216393,46.12337939999999],[12.6217781,46.1233495],[12.621991999999999,46.123303],[12.622170699999998,46.1232643],[12.622330299999996,46.1232223],[12.6225218,46.1231604],[12.622661699999998,46.12308840000001],[12.622846799999996,46.122972600000004],[12.623049900000002,46.12279430000001],[12.623122100000002,46.122713000000005],[12.623230500000002,46.12268170000001],[12.623325300000001,46.1226911],[12.6234155,46.12273489999999],[12.6235555,46.122856899999995],[12.623704400000001,46.1229883],[12.623736399999999,46.123044500000006],[12.623812999999998,46.123110899999986],[12.623881599999999,46.12313189999999],[12.624031600000002,46.123099799999984],[12.624283300000002,46.123052900000005],[12.6243515,46.1230345],[12.6245496,46.122980899999995],[12.6247685,46.1229653],[12.624913,46.12295590000001],[12.6251793,46.1229559],[12.625371100000002,46.1229653],[12.625497499999998,46.1230247],[12.6256284,46.12316239999999]]},"properties":{"class":"track","name":null,"name:it":null,"source":"overpass","osm_id":348390587,"highway":"track","sac_scale":null,"access":null,"trail_visibility":null,"surface":null,"mtb:scale":null,"smoothness":null,"ref":null,"slope":4.601416603536124,"grade":-4.247435168952503,"slope_class":"3-5: mild","length_m":426.7992451714121,"shade_pct":56.1}},{"type":"Feature","geometry":{"type":"LineString","coordinates":[[12.630820000000002,46.1350132],[12.6307861,46.13497600000001],[12.6306679,46.13489510000001],[12.6305306,46.134702700000005],[12.6304189,46.13454999999999],[12.6303359,46.13437749999999],[12.6303249,46.1341453],[12.6303881,46.13380119999999],[12.6304693,46.13329449999999],[12.6305506,46.1329848],[12.6305686,46.1328222],[12.630500899999998,46.132621999999984],[12.6302845,46.1321045],[12.630197599999999,46.13186909999999],[12.630080299999998,46.13155149999999],[12.629703599999997,46.130693300000004],[12.629429100000001,46.13005620000001],[12.629395099999998,46.12997429999999]]},"properties":{"class":"path","name":null,"name:it":null,"source":"overpass","osm_id":348390589,"highway":"path","sac_scale":null,"access":null,"trail_visibility":null,"surface":null,"mtb:scale":null,"smoothness":null,"ref":null,"slope":0.26928261319996893,"grade":0.23097842600312582,"slope_class":"0-3: flat","length_m":584.710634361842,"shade_pct":100.0}},{"type":"Feature","geometry":{"type":"LineString","coordinates":[[12.6288971,46.13586730000001],[12.628685400000002,46.1359773],[12.628584799999999,46.1360171],[12.6281826,46.136139899999996],[12.627909600000002,46.1362295],[12.6277133,46.136302500000006],[12.627507400000002,46.1363622],[12.6274164,46.13641200000001],[12.627219999999998,46.13650489999999],[12.6271985,46.13652559999999],[12.627127899999998,46.136634300000004],[12.627063199999998,46.136713900000004],[12.626957899999999,46.13682339999999],[12.6268717,46.136873200000004],[12.626725599999999,46.13693789999999],[12.626579499999998,46.137004299999994],[12.6263993,46.13707269999999],[12.6262073,46.1371255],[12.6258658,46.13722330000001],[12.6254622,46.1372996],[12.6251312,46.13742599999999],[12.624955499999999,46.137508999999994],[12.624811800000002,46.137547700000006],[12.6245484,46.13768329999999],[12.6243967,46.137888000000004],[12.624452599999998,46.13806769999999],[12.6245048,46.1382204],[12.6244682,46.1384082],[12.624451199999998,46.13850589999999],[12.624380700000001,46.1385842],[12.6243383,46.1386076],[12.6241492,46.13862720000001],[12.624070199999998,46.1385979],[12.623883899999997,46.138550900000006],[12.623703199999998,46.13854109999998],[12.6235706,46.13854109999999],[12.623471799999999,46.138576399999984],[12.623280200000002,46.1386427],[12.623024700000002,46.1387921],[12.6229209,46.1389083],[12.622849099999998,46.13907139999999],[12.6227653,46.1391904],[12.6228274,46.1393234],[12.622900699999999,46.1394642],[12.6228895,46.1396167],[12.6228838,46.1397536],[12.6229911,46.13988269999999],[12.6231661,46.139984399999996],[12.623363599999998,46.14004309999999]]},"properties":{"class":"path","name":null,"name:it":null,"source":"overpass","osm_id":350884802,"highway":"path","sac_scale":null,"access":null,"trail_visibility":null,"surface":null,"mtb:scale":null,"smoothness":null,"ref":null,"slope":12.157886234154681,"grade":10.44891074018861,"slope_class":"10-20: extreme","length_m":786.9487224521343,"shade_pct":91.5}},{"type":"Feature","geometry":{"type":"LineString","coordinates":[[12.626957899999999,46.13682339999999],[12.627155800000002,46.1367973],[12.627430100000002,46.136764500000005],[12.627612900000003,46.136762100000006],[12.627724600000002,46.136780900000005],[12.6282156,46.136874799999994],[12.628357899999997,46.1369217],[12.628622,46.137074199999994],[12.6289098,46.1372032],[12.629211199999999,46.1373698],[12.6295714,46.137555799999994],[12.6297558,46.1376437],[12.630059899999997,46.137793],[12.6303281,46.13782119999999],[12.630562700000002,46.137804599999996],[12.630598399999998,46.1377948],[12.6306689,46.1377755]]},"properties":{"class":"path","name":null,"name:it":null,"source":"overpass","osm_id":350884803,"highway":"path","sac_scale":null,"access":null,"trail_visibility":null,"surface":null,"mtb:scale":null,"smoothness":null,"ref":null,"slope":8.179921971087719,"grade":-7.959799388147354,"slope_class":"8-10: hard","length_m":323.24450659052445,"shade_pct":93.8}},{"type":"Feature","geometry":{"type":"LineString","coordinates":[[12.6265733,46.1326342],[12.626280300000001,46.13271599999999],[12.6257248,46.1328952],[12.6253274,46.1330147],[12.62504,46.13312079999999],[12.624848499999999,46.13329010000001],[12.6246043,46.1334427],[12.6244367,46.1336054],[12.624293,46.133698300000006],[12.6240775,46.133764600000006],[12.6239386,46.133914],[12.6237423,46.13404009999999],[12.6236705,46.134182799999984],[12.6235699,46.1344184],[12.623416600000002,46.1345146],[12.6232347,46.1346805],[12.623158099999998,46.13481989999999],[12.6231006,46.13487959999999],[12.623047899999998,46.134906199999996],[12.622932999999998,46.1348697],[12.6227893,46.13478010000001],[12.622621699999998,46.1346507],[12.6224924,46.1345578],[12.6224781,46.1344881],[12.6225164,46.134388499999986]]},"properties":{"class":"track","name":null,"name:it":null,"source":"overpass","osm_id":350884806,"highway":"track","sac_scale":null,"access":null,"trail_visibility":null,"surface":null,"mtb:scale":null,"smoothness":null,"ref":null,"slope":8.592273473124193,"grade":7.585871237628291,"slope_class":"8-10: hard","length_m":466.5125069668572,"shade_pct":65.9}},{"type":"Feature","geometry":{"type":"LineString","coordinates":[[12.630059899999997,46.137793],[12.629882199999999,46.137779099999996],[12.6298064,46.13774309999999],[12.629682599999999,46.1376878],[12.6295349,46.137653199999995],[12.629271499999998,46.13761029999999],[12.629093799999996,46.1376131],[12.6289002,46.13760759999999],[12.628628799999998,46.13759509999999],[12.6284971,46.1375716],[12.628263599999999,46.1375163],[12.62808,46.13747070000001],[12.6279482,46.13745819999999]]},"properties":{"class":"path","name":null,"name:it":null,"source":"overpass","osm_id":352075136,"highway":"path","sac_scale":null,"access":null,"trail_visibility":null,"surface":null,"mtb:scale":null,"smoothness":null,"ref":null,"slope":9.122516675869285,"grade":9.01495522513686,"slope_class":"8-10: hard","length_m":169.9615812455257,"shade_pct":100.0}},{"type":"Feature","geometry":{"type":"LineString","coordinates":[[12.6235357,46.14099799999999],[12.6234799,46.1409606],[12.6234213,46.140919000000004],[12.6233487,46.14087450000001],[12.6232569,46.1408345],[12.623129199999997,46.1408252],[12.623012799999998,46.14081929999999],[12.622903,46.140809600000004],[12.6227194,46.140799900000005],[12.6225897,46.1407861],[12.6224799,46.1407432],[12.622338199999998,46.14073079999999],[12.622220400000002,46.140711400000015],[12.622076699999997,46.140636799999996],[12.6219789,46.1405842],[12.6218512,46.1405759]]},"properties":{"class":"path","name":null,"name:it":null,"source":"overpass","osm_id":352075137,"highway":"path","sac_scale":null,"access":null,"trail_visibility":null,"surface":null,"mtb:scale":null,"smoothness":null,"ref":null,"slope":15.352645577925262,"grade":15.926554920602998,"slope_class":"10-20: extreme","length_m":143.69147271614042,"shade_pct":100.0}},{"type":"Feature","geometry":{"type":"LineString","coordinates":[[12.627219999999998,46.13650489999999],[12.627020800000002,46.136442400000014],[12.6268312,46.1363774],[12.626601700000002,46.1362944],[12.626304299999997,46.1361769],[12.626070799999999,46.13606209999998],[12.625779399999999,46.1359818],[12.625487999999999,46.135957000000005],[12.625208599999999,46.1359348],[12.6248373,46.1359514],[12.6245779,46.1359597],[12.624398199999998,46.1359625],[12.6242386,46.135918199999985],[12.624066899999999,46.1358463],[12.623875299999998,46.13575779999998],[12.6237237,46.1356665]]},"properties":{"class":"path","name":null,"name:it":null,"source":"overpass","osm_id":352075138,"highway":"path","sac_scale":null,"access":null,"trail_visibility":null,"surface":null,"mtb:scale":null,"smoothness":null,"ref":null,"slope":9.164198965356118,"grade":9.05790561864417,"slope_class":"8-10: hard","length_m":295.30056948201866,"shade_pct":76.2}},{"type":"Feature","geometry":{"type":"LineString","coordinates":[[12.6320486,46.1473257],[12.6320698,46.147189499999996],[12.6320698,46.14709820000001],[12.632061400000001,46.1470691],[12.6320298,46.14696],[12.631858199999998,46.1467387],[12.6317624,46.146570000000004],[12.631682600000001,46.14645660000001],[12.6315987,46.14626580000001],[12.631479,46.146122],[12.6313273,46.1459782],[12.631215499999998,46.14587859999999],[12.631123699999998,46.14579839999999],[12.6311018,46.1457532],[12.6311003,46.1457283],[12.631114200000003,46.14569129999999],[12.631115200000002,46.1456588],[12.631085800000001,46.145615600000006]]},"properties":{"class":"track","name":null,"name:it":null,"source":"overpass","osm_id":352075139,"highway":"track","sac_scale":null,"access":null,"trail_visibility":null,"surface":null,"mtb:scale":null,"smoothness":null,"ref":null,"slope":7.038032426407471,"grade":5.777429097189098,"slope_class":"5-8: medium","length_m":210.44419508448195,"shade_pct":79.6}},{"type":"Feature","geometry":{"type":"LineString","coordinates":[[12.626679399999999,46.1401882],[12.626431700000001,46.14020000000001],[12.626279999999998,46.140141899999996],[12.626196200000003,46.1401668],[12.626176200000002,46.14025529999999],[12.6261483,46.14033280000001],[12.6261084,46.14040749999999],[12.6260365,46.1404489],[12.625960700000002,46.1404268],[12.625904800000002,46.14039360000001],[12.625805,46.140327199999994],[12.6256892,46.14031889999999],[12.625633400000002,46.140366],[12.6256254,46.1404185],[12.6256413,46.14049870000001],[12.625633399999998,46.14059279999999],[12.6255455,46.1406232],[12.625429800000001,46.1405596],[12.625365899999998,46.14050699999999],[12.6252981,46.140523599999995],[12.6251943,46.1405845],[12.625034600000001,46.1407338],[12.6249667,46.1408196],[12.624855,46.1408915],[12.6247392,46.14089700000001],[12.6246235,46.1408555],[12.624515699999998,46.1407891],[12.624356000000002,46.140697900000006],[12.624196299999998,46.14063980000001],[12.6240207,46.14060659999999],[12.623777199999997,46.14058719999999],[12.6235856,46.14061489999999],[12.623529700000002,46.14068399999999],[12.6235457,46.1407587],[12.6235856,46.1408251],[12.623597599999997,46.140885899999994],[12.6235856,46.1409468],[12.623557699999997,46.140979999999985],[12.6235357,46.14099799999999],[12.6236215,46.1410256],[12.6237074,46.141044999999984],[12.6238351,46.1410588],[12.6239289,46.141056],[12.624010700000001,46.14106429999999],[12.624098500000004,46.1410906],[12.624192399999998,46.1411127],[12.624278199999997,46.14115009999999],[12.62438,46.14120399999999],[12.6245296,46.14131189999999]]},"properties":{"class":"path","name":null,"name:it":null,"source":"overpass","osm_id":352075140,"highway":"path","sac_scale":null,"access":null,"trail_visibility":null,"surface":null,"mtb:scale":null,"smoothness":null,"ref":null,"slope":15.71452560614334,"grade":13.131276979149478,"slope_class":"10-20: extreme","length_m":465.879315602365,"shade_pct":100.0}},{"type":"Feature","geometry":{"type":"LineString","coordinates":[[12.6303281,46.13782119999999],[12.6303327,46.13791789999999],[12.630349599999999,46.13802549999999],[12.6303665,46.1382856],[12.6303609,46.1386651],[12.6303553,46.13892709999999],[12.6302988,46.13912659999999],[12.630236700000001,46.1393144],[12.630067400000001,46.13961559999999],[12.6299226,46.13989719999999],[12.6298109,46.13995249999999],[12.6296113,46.140038200000006],[12.629451599999998,46.14014609999999],[12.629303899999998,46.14023459999999],[12.629112300000001,46.140312],[12.628976799999997,46.140376599999996],[12.6288244,46.1404392],[12.628728499999998,46.1404763],[12.6285845,46.1405135],[12.6283869,46.14055849999999],[12.628228899999998,46.14061319999999],[12.628178099999998,46.140650399999984],[12.628051,46.1407286],[12.627927,46.1408597],[12.6275496,46.14072060000001],[12.6274778,46.1406197],[12.6274518,46.14055880000001],[12.627316099999998,46.140461999999985],[12.627168400000002,46.1404205],[12.626976799999998,46.14036110000001],[12.626903,46.14030989999999],[12.626679399999999,46.1401882],[12.626651499999998,46.1400817],[12.6265916,46.13995449999999],[12.6264958,46.1397775],[12.626320199999999,46.139594900000006],[12.626040800000002,46.13939860000001],[12.6258851,46.13925749999999],[12.6256735,46.139088799999996],[12.6255298,46.138956],[12.625262399999997,46.13882879999999],[12.6251187,46.138720899999996],[12.6249031,46.1386241],[12.6246477,46.13857159999999],[12.624451199999998,46.13850589999999],[12.6242625,46.13848819999998],[12.6241157,46.1384628],[12.6240592,46.13844129999999],[12.623737499999999,46.1383415],[12.623607599999998,46.13829849999999],[12.6234637,46.1382965],[12.623345099999998,46.1383043],[12.623139099999998,46.13828669999999],[12.622902,46.1382242],[12.622619699999998,46.1381479],[12.6223911,46.1381479],[12.622232999999998,46.13817139999999],[12.6220863,46.138187],[12.621936699999997,46.13817329999999]]},"properties":{"class":"path","name":null,"name:it":null,"source":"overpass","osm_id":352075141,"highway":"path","sac_scale":null,"access":null,"trail_visibility":null,"surface":null,"mtb:scale":null,"smoothness":null,"ref":null,"slope":6.895650072907444,"grade":6.133535579621617,"slope_class":"5-8: medium","length_m":1020.9037163463261,"shade_pct":94.5}},{"type":"Feature","geometry":{"type":"LineString","coordinates":[[12.627443100000002,46.14963929999999],[12.627466600000002,46.1495693],[12.6274629,46.1495222],[12.627492999999998,46.14943340000001],[12.6275119,46.1493594],[12.6274905,46.14931499999998],[12.6274943,46.1492802],[12.627484199999998,46.1492306],[12.6274968,46.149181799999994],[12.6274993,46.1491531],[12.627506900000002,46.1491296],[12.6275345,46.14907040000001],[12.6275207,46.149008599999995],[12.627513099999998,46.1489563],[12.627510599999999,46.1488928],[12.627523199999999,46.14876039999999],[12.6274905,46.1485967],[12.6275182,46.14842429999999],[12.6275534,46.148311099999994],[12.627543299999997,46.148183999999986],[12.627575999999998,46.148093499999995],[12.627586000000003,46.1479472],[12.6276187,46.1478253],[12.6276212,46.14775039999999],[12.627593599999999,46.14769119999999],[12.6275896,46.147562099999995],[12.6275931,46.147426700000004],[12.627610899999999,46.1473233],[12.627564699999999,46.14719519999999],[12.6275363,46.14702770000001],[12.6274794,46.146852899999985],[12.6274296,46.1467347],[12.627426099999997,46.146638599999996],[12.627436699999999,46.1465303],[12.6274942,46.14643439999999],[12.6276501,46.14633680000001],[12.6276249,46.14615920000001],[12.62764,46.14591539999999],[12.6276651,46.1458005],[12.627730499999998,46.1456368],[12.6277607,46.1455253],[12.6278302,46.145413799999986],[12.6278705,46.1452954],[12.6279056,46.14518390000001],[12.627966,46.1450464],[12.6280087,46.144961],[12.6281369,46.1447973],[12.6282223,46.1446789],[12.6282921,46.144573099999995],[12.6283247,46.1445034],[12.6283587,46.1444503],[12.628381299999997,46.14437889999999],[12.628419000000001,46.1443502],[12.628507000000003,46.14433360000001],[12.628569799999998,46.14434149999999],[12.6286527,46.14434060000001],[12.628708,46.1443345],[12.628848199999998,46.144343099999986],[12.6289388,46.14437509999999],[12.629017,46.1444071],[12.629084599999999,46.1444071],[12.629171699999999,46.14437139999999],[12.629233900000001,46.144337],[12.6292605,46.1442914],[12.629255199999998,46.14423969999999],[12.6292196,46.1441966],[12.629171699999999,46.1441683],[12.6291456,46.1441234]]},"properties":{"class":"path","name":null,"name:it":null,"source":"overpass","osm_id":355280877,"highway":"path","sac_scale":null,"access":null,"trail_visibility":null,"surface":null,"mtb:scale":null,"smoothness":null,"ref":null,"slope":28.041956161665883,"grade":-28.16064378107141,"slope_class":">20: impossible","length_m":705.7362385218211,"shade_pct":92.8}},{"type":"Feature","geometry":{"type":"LineString","coordinates":[[12.629017,46.1444071],[12.6289897,46.144462999999995],[12.628938099999997,46.1445874],[12.628936300000001,46.144715500000004],[12.6289719,46.14483489999999],[12.6290714,46.1449322],[12.629185200000002,46.144981400000006],[12.6293042,46.14508609999999],[12.6294055,46.14522530000001],[12.6294482,46.145371799999985],[12.6294962,46.14549250000001],[12.629466,46.145682300000004],[12.629440899999999,46.14592429999999],[12.629551499999998,46.14610019999999],[12.6297199,46.146218600000005],[12.629955699999998,46.14647069999999],[12.630233,46.14688929999999],[12.630339599999997,46.1473179],[12.630624,46.1476676],[12.6307164,46.1479729],[12.630801700000001,46.148307799999984],[12.630702200000002,46.1487019],[12.6307946,46.14886440000001],[12.630977599999998,46.1490038]]},"properties":{"class":"path","name":null,"name:it":null,"source":"overpass","osm_id":355281710,"highway":"path","sac_scale":null,"access":null,"trail_visibility":null,"surface":null,"mtb:scale":null,"smoothness":null,"ref":null,"slope":9.47129054433008,"grade":11.920657619653511,"slope_class":"8-10: hard","length_m":558.4296065643348,"shade_pct":100.0}},{"type":"Feature","geometry":{"type":"LineString","coordinates":[[12.628381299999997,46.14437889999999],[12.6282938,46.14433879999999],[12.628228,46.1443006],[12.628165800000001,46.1442132],[12.6281374,46.14413809999999],[12.6280485,46.1440814],[12.627927599999998,46.143994],[12.627900999999998,46.143901699999994],[12.627970800000002,46.14367540000001],[12.628006400000002,46.14353260000001],[12.628027700000002,46.143392199999994],[12.6279708,46.14331589999999],[12.627913999999999,46.1433405],[12.6278855,46.14342419999999],[12.6277398,46.1436262],[12.6276047,46.14378130000001],[12.627362999999999,46.1439168],[12.6270893,46.1439217],[12.6268279,46.1438451],[12.626571499999999,46.143758],[12.6263855,46.143740599999994],[12.626279999999998,46.14360829999999],[12.626078900000001,46.1434097],[12.625988399999999,46.14335049999998],[12.625978799999999,46.14327529999999],[12.6260496,46.143188599999995]]},"properties":{"class":"path","name":null,"name:it":null,"source":"overpass","osm_id":355281711,"highway":"path","sac_scale":null,"access":null,"trail_visibility":null,"surface":null,"mtb:scale":null,"smoothness":null,"ref":null,"slope":14.009320935334845,"grade":12.050776077283802,"slope_class":"10-20: extreme","length_m":371.24129590062284,"shade_pct":100.0}},{"type":"Feature","geometry":{"type":"LineString","coordinates":[[12.6275931,46.147426700000004],[12.627557499999998,46.14739680000002],[12.6274873,46.1473469],[12.627369999999999,46.14732099999999],[12.6272234,46.1472841],[12.6270647,46.147173200000005],[12.627063499999998,46.1470287],[12.626973,46.1469329],[12.626838500000002,46.1468955],[12.6267204,46.146727399999996],[12.626278,46.146508000000004],[12.6260367,46.1463025],[12.625896,46.1460309],[12.6257502,46.14579749999999],[12.6255189,46.145599],[12.625337999999998,46.14539700000001],[12.6249006,46.14526459999999],[12.6245739,46.145038299999996],[12.624468299999998,46.1447979],[12.6242371,46.14459240000001],[12.624073699999999,46.1443347],[12.624131499999999,46.144195399999994],[12.624139,46.14405259999999],[12.6241692,46.1438889],[12.6242547,46.143775700000006],[12.6245437,46.1436521],[12.6247322,46.1435127],[12.6248277,46.14340479999999],[12.624970999999999,46.14340999999999],[12.625214799999998,46.14336639999999],[12.6254783,46.14331640000001],[12.6256898,46.1432117]]},"properties":{"class":"path","name":null,"name:it":null,"source":"overpass","osm_id":355282226,"highway":"path","sac_scale":null,"access":null,"trail_visibility":null,"surface":null,"mtb:scale":null,"smoothness":null,"ref":null,"slope":3.627285430083592,"grade":-6.43654932423067,"slope_class":"3-5: mild","length_m":657.4056590020888,"shade_pct":92.2}},{"type":"Feature","geometry":{"type":"LineString","coordinates":[[12.6260496,46.143188599999995],[12.626211099999999,46.14309149999999],[12.626410199999999,46.14301269999999],[12.626463499999998,46.1429019],[12.626527999999999,46.142867599999995],[12.6266378,46.1428485],[12.6269523,46.142907400000006],[12.6271485,46.142975500000006],[12.6273235,46.143054299999996],[12.6276667,46.1431021],[12.6279387,46.1431088],[12.628032899999997,46.143112499999994],[12.628221299999998,46.1430706],[12.6284132,46.143046],[12.628598,46.1430484],[12.628729699999997,46.143100800000006],[12.628971,46.143062500000006],[12.6291645,46.1430521],[12.6293933,46.1430312],[12.629492,46.143061700000004]]},"properties":{"class":"track","name":null,"name:it":null,"source":"overpass","osm_id":355285272,"highway":"track","sac_scale":null,"access":null,"trail_visibility":null,"surface":null,"mtb:scale":null,"smoothness":null,"ref":null,"slope":23.12117917609477,"grade":-21.9183648063932,"slope_class":">20: impossible","length_m":292.6137030865927,"shade_pct":84.0}},{"type":"Feature","geometry":{"type":"LineString","coordinates":[[12.6361401,46.1597362],[12.6363073,46.1598451],[12.6364557,46.15995439999999],[12.6366861,46.160109699999985],[12.6368439,46.16030419999999],[12.636869100000002,46.16043760000001],[12.6370427,46.16054909999999],[12.637108999999999,46.16063],[12.637265199999998,46.1607753],[12.6374438,46.160948399999995],[12.637617899999999,46.1611092],[12.637666999999999,46.16128849999999],[12.637765200000002,46.16143069999999],[12.637842000000001,46.16162969999999],[12.637933699999998,46.161664699999996]]},"properties":{"class":"path","name":null,"name:it":null,"source":"overpass","osm_id":360147004,"highway":"path","sac_scale":null,"access":null,"trail_visibility":null,"surface":"ground","mtb:scale":"0","smoothness":null,"ref":null,"slope":5.919359043528726,"grade":5.003608239261738,"slope_class":"5-8: medium","length_m":262.73032310158715,"shade_pct":83.2}},{"type":"Feature","geometry":{"type":"LineString","coordinates":[[12.613401699999999,46.1595064],[12.613269399999998,46.15963689999998],[12.613164499999998,46.15976529999999],[12.6130737,46.159945],[12.6129229,46.160119],[12.6128037,46.16024290000001],[12.612689099999999,46.1603636],[12.612547,46.1605001],[12.612409400000002,46.16063669999999],[12.6122536,46.160789099999995],[12.612166399999998,46.160890699999996],[12.612070199999998,46.1610114],[12.611914299999999,46.161147899999996],[12.611662100000002,46.161328899999994],[12.611442699999998,46.16154149999999],[12.6112129,46.16175],[12.611026799999998,46.1619187],[12.6108682,46.16206029999999],[12.610702799999999,46.16220199999999],[12.6105626,46.1623293],[12.610332799999998,46.162506],[12.610185699999999,46.1626222],[12.609988100000002,46.1627633],[12.609563,46.16311499999999],[12.6091264,46.16338239999999],[12.608735799999998,46.16364339999999],[12.6085381,46.16386309999999],[12.608005,46.1640795],[12.607343199999999,46.16463339999999],[12.607269699999998,46.1649708],[12.6072789,46.16531450000001],[12.607141,46.165607400000006],[12.606911199999999,46.16579829999999],[12.606727399999999,46.16611659999999],[12.6066079,46.1665622],[12.6066079,46.16672139999999],[12.606451600000002,46.166976],[12.6061851,46.1671352],[12.605605999999998,46.1672497],[12.6052107,46.16733249999999],[12.6047962,46.1674314],[12.604611000000002,46.16747639999999],[12.604455,46.1674764],[12.604234,46.16742909999999]]},"properties":{"class":"path","name":null,"name:it":null,"source":"overpass","osm_id":360147007,"highway":"path","sac_scale":null,"access":null,"trail_visibility":null,"surface":null,"mtb:scale":null,"smoothness":null,"ref":null,"slope":5.585506222882091,"grade":5.958244116496672,"slope_class":"5-8: medium","length_m":1204.4310043362266,"shade_pct":100.0}},{"type":"Feature","geometry":{"type":"LineString","coordinates":[[12.654848899999998,46.13407779999999],[12.6553477,46.1339695],[12.655645399999997,46.13381639999999],[12.6560631,46.133527],[12.6563848,46.1332076],[12.656605599999999,46.132957999999995],[12.656692,46.13287479999999],[12.656879299999998,46.13276840000001],[12.657167399999999,46.132585399999996],[12.657273,46.13248219999999],[12.6573162,46.1323824],[12.657450599999999,46.1322793],[12.657733899999998,46.13220270000001],[12.658290100000002,46.1320241]]},"properties":{"class":"track","name":null,"name:it":null,"source":"overpass","osm_id":363895919,"highway":"track","sac_scale":null,"access":null,"trail_visibility":null,"surface":null,"mtb:scale":null,"smoothness":null,"ref":null,"slope":0.6973077655839554,"grade":-0.49808239345851635,"slope_class":"0-3: flat","length_m":362.90916797331505,"shade_pct":50.4}},{"type":"Feature","geometry":{"type":"LineString","coordinates":[[12.6157889,46.1512098],[12.6157286,46.15121349999999],[12.61571,46.151214499999995],[12.615668,46.1512153],[12.6155493,46.151280099999994],[12.6155176,46.1513276],[12.615452599999998,46.151397],[12.615424400000002,46.1514433],[12.615338299999998,46.1515067],[12.6152785,46.1515578],[12.615217,46.15165199999999],[12.615129699999999,46.1517071],[12.6149851,46.1517271],[12.6148497,46.151760399999986],[12.614764199999998,46.1517919],[12.614536399999999,46.15193359999999]]},"properties":{"class":"path","name":null,"name:it":null,"source":"overpass","osm_id":364770392,"highway":"path","sac_scale":"hiking","access":null,"trail_visibility":null,"surface":"ground","mtb:scale":"0","smoothness":null,"ref":null,"slope":13.193270898486952,"grade":12.184553296535974,"slope_class":"10-20: extreme","length_m":132.9087373445524,"shade_pct":100.0}},{"type":"Feature","geometry":{"type":"LineString","coordinates":[[12.6128496,46.1532862],[12.612805899999998,46.1532825],[12.6127574,46.153294999999986],[12.6126421,46.1535012],[12.6125121,46.1536173],[12.6124531,46.153731599999986],[12.612415500000001,46.15379380000001],[12.6123485,46.153913599999996],[12.6122459,46.15406329999999],[12.6121549,46.15416839999999],[12.612082799999998,46.154331299999996],[12.6119132,46.1545163],[12.611853200000002,46.154633],[12.611764899999999,46.15479669999999],[12.611800699999998,46.1549149],[12.6118222,46.1550264],[12.611865099999997,46.1551249],[12.6118937,46.1552823],[12.611865099999997,46.15556879999999],[12.611808599999998,46.155707099999994],[12.611806099999999,46.15580849999999],[12.611746199999999,46.155976599999995],[12.611705399999998,46.156103300000005],[12.611693399999998,46.156193099999996],[12.6116908,46.156324],[12.611665,46.1564429],[12.6116905,46.156489400000005],[12.6116439,46.15656729999999],[12.611551299999999,46.156737299999996],[12.6115248,46.1567906],[12.611494299999999,46.1568305],[12.611471499999999,46.156931199999995],[12.6114491,46.157008700000006],[12.6114253,46.15704749999999],[12.6114333,46.15717380000001],[12.6114625,46.157246099999995],[12.6114698,46.157307100000004],[12.6114521,46.157355900000006],[12.611376999999997,46.157433899999994],[12.611296599999998,46.1574915],[12.6111705,46.1575528],[12.611031099999998,46.1576104],[12.6109184,46.15765309999999],[12.6107763,46.15772179999999],[12.6107528,46.15778479999999],[12.610644399999998,46.15781359999999],[12.610578400000001,46.157855500000004]]},"properties":{"class":"path","name":null,"name:it":null,"source":"overpass","osm_id":364770393,"highway":"path","sac_scale":"hiking","access":null,"trail_visibility":null,"surface":null,"mtb:scale":null,"smoothness":null,"ref":null,"slope":21.34580319756437,"grade":21.953591630634506,"slope_class":">20: impossible","length_m":574.5051372038514,"shade_pct":100.0}},{"type":"Feature","geometry":{"type":"LineString","coordinates":[[12.6325284,46.158976599999995],[12.632455799999999,46.1591383],[12.6323245,46.159308300000006],[12.6320772,46.1594927],[12.631845199999999,46.159666699999995],[12.631852799999999,46.15980369999999],[12.6318147,46.160091],[12.631715800000002,46.160286],[12.6316593,46.160401500000006],[12.6317723,46.16057849999999],[12.631931,46.16074059999999],[12.632014400000001,46.160824500000004],[12.6321543,46.1609419],[12.6323077,46.16106860000001],[12.632426,46.16115800000001],[12.632560599999998,46.161172900000004]]},"properties":{"class":"path","name":null,"name:it":null,"source":"overpass","osm_id":364772158,"highway":"path","sac_scale":null,"access":null,"trail_visibility":null,"surface":null,"mtb:scale":null,"smoothness":null,"ref":null,"slope":0.07657403999874414,"grade":-0.8079314685856065,"slope_class":"0-3: flat","length_m":292.69897520468726,"shade_pct":100.0}},{"type":"Feature","geometry":{"type":"LineString","coordinates":[[12.628568199999998,46.1613112],[12.628745299999999,46.1612094],[12.6289794,46.16104909999999],[12.6294098,46.1609056],[12.629764899999998,46.16084409999999],[12.629999,46.16083479999999],[12.630173300000001,46.16077129999999],[12.6303636,46.1606052],[12.630508199999998,46.160410199999994],[12.630614699999999,46.16028639999999],[12.6309609,46.160170400000005],[12.6311093,46.1601441],[12.631288100000003,46.15996489999999],[12.6314821,46.1598489],[12.6317294,46.15968549999999],[12.631847399999998,46.1595221],[12.632068,46.15930079999998],[12.632277299999998,46.159161099999984],[12.6325284,46.158976599999995],[12.632608300000001,46.1588343],[12.632652099999998,46.15874999999998],[12.632656199999998,46.158646399999995],[12.632674099999997,46.1585942]]},"properties":{"class":"path","name":null,"name:it":null,"source":"overpass","osm_id":364772159,"highway":"path","sac_scale":null,"access":null,"trail_visibility":null,"surface":null,"mtb:scale":null,"smoothness":null,"ref":null,"slope":7.8164811726738685,"grade":-7.75208480958712,"slope_class":"5-8: medium","length_m":463.0590273113495,"shade_pct":99.6}},{"type":"Feature","geometry":{"type":"LineString","coordinates":[[12.639171400000002,46.1522401],[12.6390128,46.15236929999999],[12.6388249,46.15248669999999],[12.6385755,46.1526424],[12.638344499999999,46.1527683],[12.6381412,46.15286],[12.6379164,46.15296669999999],[12.637716299999997,46.15299649999999],[12.637562299999999,46.15299649999999],[12.6374545,46.1529667],[12.637395999999999,46.15291329999999]]},"properties":{"class":"path","name":null,"name:it":null,"source":"overpass","osm_id":365987221,"highway":"path","sac_scale":null,"access":null,"trail_visibility":null,"surface":null,"mtb:scale":null,"smoothness":null,"ref":null,"slope":6.218816744422014,"grade":7.164796327175858,"slope_class":"5-8: medium","length_m":170.9484450199867,"shade_pct":100.0}},{"type":"Feature","geometry":{"type":"LineString","coordinates":[[12.6397411,46.1508079],[12.6395992,46.1507248],[12.639403199999999,46.15066139999999],[12.6393084,46.150616400000004],[12.6392508,46.150589],[12.639033,46.1504834],[12.6388675,46.1503265],[12.638780399999998,46.1502028],[12.6386106,46.1500549],[12.638432,46.14994029999999],[12.6383405,46.14991920000001],[12.6380008,46.14985579999999],[12.6378092,46.149777300000004],[12.637617499999998,46.1497411],[12.637395399999999,46.14972],[12.6370906,46.14976529999999],[12.6368815,46.1498739],[12.636620199999998,46.14998549999999],[12.6363937,46.15002170000001],[12.6360453,46.150094199999984],[12.635887000000002,46.150126199999995],[12.635649799999998,46.150117599999994],[12.6354589,46.1500963],[12.6352341,46.15002379999999],[12.635092399999998,46.1499277],[12.634947699999998,46.1499107],[12.634790599999999,46.1499747]]},"properties":{"class":"path","name":null,"name:it":null,"source":"overpass","osm_id":365987222,"highway":"path","sac_scale":null,"access":null,"trail_visibility":null,"surface":null,"mtb:scale":null,"smoothness":null,"ref":null,"slope":0.5248033262685525,"grade":2.403563260205035,"slope_class":"0-3: flat","length_m":447.1332843862603,"shade_pct":100.0}},{"type":"Feature","geometry":{"type":"LineString","coordinates":[[12.6514332,46.1557612],[12.651420199999999,46.15597519999999],[12.651442300000001,46.15626540000001],[12.6515116,46.156536],[12.6516754,46.1566691],[12.651952599999998,46.1568371],[12.6522424,46.1570335],[12.652320499999998,46.15706509999999],[12.6525448,46.15715569999999],[12.652781099999999,46.15721679999999],[12.6530961,46.15717529999999],[12.6532189,46.1571251],[12.653429999999998,46.1570247],[12.6536095,46.1569505],[12.653789100000001,46.156976699999994],[12.653949799999998,46.15709019999999],[12.6540254,46.157208],[12.654019099999998,46.157288799999996],[12.654041099999999,46.1574262],[12.654075799999998,46.1575528],[12.654163999999998,46.15767499999998],[12.654258499999997,46.1577033],[12.654416,46.157650999999994],[12.654635300000002,46.1576329],[12.654705,46.1576329],[12.654833800000002,46.15764779999999],[12.654925,46.1576664],[12.6549947,46.1576664],[12.6550054,46.15762180000001],[12.655005399999999,46.157532599999996],[12.654978599999998,46.1574063],[12.6549733,46.1572911],[12.654973299999998,46.1572019],[12.655010799999998,46.1571462],[12.6551244,46.15707389999999],[12.6551408,46.1570518],[12.6551583,46.1570282],[12.6551744,46.15699939999999],[12.6552173,46.1569725],[12.655279000000002,46.156959400000005],[12.655313899999998,46.15695939999999],[12.655364899999999,46.156970599999994],[12.6554158,46.1569873],[12.6554856,46.1570003],[12.655539200000002,46.157005899999994],[12.655613000000002,46.1570078],[12.6556532,46.156997499999996],[12.655694799999997,46.156964999999985],[12.6557235,46.1569247]]},"properties":{"class":"path","name":null,"name:it":null,"source":"overpass","osm_id":365990363,"highway":"path","sac_scale":null,"access":null,"trail_visibility":null,"surface":null,"mtb:scale":null,"smoothness":null,"ref":null,"slope":5.986001773070445,"grade":6.312101049804218,"slope_class":"5-8: medium","length_m":580.0596718560835,"shade_pct":100.0}},{"type":"Feature","geometry":{"type":"LineString","coordinates":[[12.6561989,46.15937949999999],[12.655942699999999,46.1592905],[12.6556933,46.159164],[12.6554171,46.15896959999999],[12.65525,46.1588585],[12.654955999999999,46.15871959999999],[12.6545595,46.15862709999999],[12.6541175,46.15844220000001],[12.6538929,46.1582558],[12.653784300000002,46.158124099999995],[12.653815299999998,46.15802769999999],[12.653708600000002,46.157964500000006],[12.6531874,46.157834],[12.652697300000002,46.157692099999984],[12.6522028,46.157590199999994],[12.6519533,46.1576396],[12.651712800000002,46.1577198],[12.6515479,46.157713699999995],[12.651547899999999,46.157584099999994],[12.651744000000003,46.157417400000014],[12.6516237,46.157241500000005],[12.6516047,46.157199500000004],[12.6513138,46.15702659999999],[12.651051899999999,46.15691949999999],[12.650762200000003,46.1568525],[12.650513200000002,46.1567362],[12.650379,46.15656]]},"properties":{"class":"path","name":null,"name:it":null,"source":"overpass","osm_id":365990365,"highway":"path","sac_scale":null,"access":null,"trail_visibility":null,"surface":null,"mtb:scale":null,"smoothness":null,"ref":null,"slope":10.314184475525797,"grade":-9.68258277930337,"slope_class":"10-20: extreme","length_m":623.7667148554999,"shade_pct":89.3}},{"type":"Feature","geometry":{"type":"LineString","coordinates":[[12.65432,46.15860850000001],[12.654180800000002,46.1586422],[12.6540472,46.158662199999995],[12.6539668,46.15871750000001],[12.6540126,46.1587823],[12.654130200000003,46.158868300000016],[12.654252199999998,46.1589815],[12.6543197,46.15902520000001],[12.6542936,46.159091599999996],[12.6542282,46.159161],[12.6542848,46.159231899999995],[12.654400299999999,46.15929980000001],[12.6545484,46.159360199999995],[12.6547091,46.1594718],[12.654746499999996,46.15949499999999]]},"properties":{"class":"path","name":null,"name:it":null,"source":"overpass","osm_id":365990370,"highway":"path","sac_scale":null,"access":null,"trail_visibility":null,"surface":null,"mtb:scale":null,"smoothness":null,"ref":null,"slope":29.018809486730053,"grade":28.276157558614056,"slope_class":">20: impossible","length_m":147.07726460378385,"shade_pct":100.0}},{"type":"Feature","geometry":{"type":"LineString","coordinates":[[12.6545595,46.15862709999999],[12.65432,46.15860850000001],[12.654068299999999,46.158556],[12.653620499999999,46.1584681],[12.6534334,46.158502],[12.6534196,46.15856930000001],[12.653460899999999,46.158681],[12.653506,46.1587426],[12.6535459,46.1587972],[12.653633000000001,46.158875599999995],[12.6537441,46.158951],[12.6538639,46.159028],[12.6542282,46.159161]]},"properties":{"class":"path","name":null,"name:it":null,"source":"overpass","osm_id":365990372,"highway":"path","sac_scale":null,"access":null,"trail_visibility":null,"surface":null,"mtb:scale":null,"smoothness":null,"ref":null,"slope":16.242989162360022,"grade":15.16413683182993,"slope_class":"10-20: extreme","length_m":192.16160313414673,"shade_pct":100.0}},{"type":"Feature","geometry":{"type":"LineString","coordinates":[[12.6575742,46.1600577],[12.657590399999998,46.1601153],[12.6575488,46.1601708],[12.657454099999999,46.16023289999999],[12.6574889,46.1603219],[12.6575007,46.1604033],[12.6574659,46.1604817],[12.6574289,46.1605888],[12.657455,46.16065220000001],[12.6575291,46.1607593],[12.657664099999998,46.160784899999996],[12.6577115,46.16079289999999]]},"properties":{"class":"path","name":null,"name:it":null,"source":"overpass","osm_id":367110158,"highway":"path","sac_scale":null,"access":null,"trail_visibility":null,"surface":null,"mtb:scale":null,"smoothness":null,"ref":null,"slope":40.47927032736277,"grade":-40.5864068990004,"slope_class":">20: impossible","length_m":99.41693548606392,"shade_pct":100.0}},{"type":"Feature","geometry":{"type":"LineString","coordinates":[[12.654736599999998,46.1595671],[12.654732700000002,46.15963490000001],[12.654689199999998,46.159694499999986],[12.6546696,46.1597707],[12.6546184,46.1598261],[12.6545204,46.159856299999994],[12.6545138,46.15990300000001],[12.6546794,46.16001169999999],[12.654814400000001,46.1601625],[12.6548493,46.1602772],[12.654864499999999,46.160352599999996],[12.654898199999998,46.16042199999999],[12.6549706,46.1604903],[12.654982999999998,46.16057669999999],[12.6550027,46.1606169]]},"properties":{"class":"path","name":null,"name:it":null,"source":"overpass","osm_id":367110159,"highway":"path","sac_scale":null,"access":null,"trail_visibility":null,"surface":null,"mtb:scale":null,"smoothness":null,"ref":null,"slope":22.034758012847604,"grade":20.676287474232446,"slope_class":">20: impossible","length_m":135.24017074739885,"shade_pct":100.0}},{"type":"Feature","geometry":{"type":"LineString","coordinates":[[12.657850599999998,46.15843209999999],[12.6579569,46.15845849999999],[12.6580632,46.15848089999999],[12.658211099999999,46.158557699999996],[12.6582665,46.1586558],[12.6582603,46.1587486],[12.6582603,46.1588393],[12.6583266,46.1589236],[12.658406699999999,46.15897160000001],[12.6585176,46.15902809999999],[12.6586546,46.15907829999999],[12.658808599999999,46.15914119999999],[12.6589195,46.15920740000001],[12.659030399999999,46.159284199999995],[12.659062599999999,46.1593747]]},"properties":{"class":"path","name":null,"name:it":null,"source":"overpass","osm_id":367110160,"highway":"path","sac_scale":null,"access":null,"trail_visibility":null,"surface":null,"mtb:scale":null,"smoothness":null,"ref":null,"slope":20.89042326347635,"grade":-19.267585516732172,"slope_class":">20: impossible","length_m":152.7501948207474,"shade_pct":67.1}},{"type":"Feature","geometry":{"type":"LineString","coordinates":[[12.6513863,46.161824100000004],[12.651385999999999,46.16176600000001],[12.6512821,46.1616292],[12.651244999999998,46.16152509999999],[12.6512276,46.161436099999996],[12.6511993,46.161294299999994],[12.651134,46.16117959999999],[12.651106599999999,46.16106860000001],[12.6510915,46.161025099999996],[12.6510684,46.16096319999999],[12.651059100000001,46.160906700000005],[12.6510453,46.16085329999999],[12.651022200000002,46.1607925],[12.6509991,46.1607616],[12.650971299999998,46.1607093],[12.6509482,46.1606773]]},"properties":{"class":"path","name":null,"name:it":null,"source":"overpass","osm_id":367110161,"highway":"path","sac_scale":null,"access":null,"trail_visibility":null,"surface":null,"mtb:scale":null,"smoothness":null,"ref":null,"slope":1.6910295896629113,"grade":0.4857341543391734,"slope_class":"0-3: flat","length_m":133.24506648199753,"shade_pct":100.0}},{"type":"Feature","geometry":{"type":"LineString","coordinates":[[12.663786999999997,46.16320580000001],[12.6637335,46.16323069999999],[12.6637201,46.16326620000001],[12.663697799999998,46.1633048],[12.663646599999998,46.163331],[12.663588699999998,46.16333559999999],[12.6635374,46.163293999999986],[12.6635307,46.16320759999999],[12.6635374,46.1631304],[12.663521800000002,46.1630378],[12.6634884,46.162960699999985],[12.663477299999998,46.16286349999999],[12.663466100000003,46.1627261],[12.6634461,46.1626104],[12.6634684,46.16250079999999],[12.663448299999999,46.1623851],[12.663475000000002,46.1622261],[12.663492899999998,46.1621459],[12.663486199999998,46.162102700000005],[12.663489699999998,46.16202820000001],[12.663466899999998,46.16197749999999],[12.66347,46.1619371],[12.663467500000001,46.1618986],[12.663486399999998,46.1618199],[12.6635087,46.1617419],[12.663520899999998,46.16168479999999],[12.663507599999999,46.161623099999986],[12.6634931,46.16158839999999],[12.6634329,46.16152360000001],[12.663401900000002,46.1615008]]},"properties":{"class":"path","name":null,"name:it":null,"source":"overpass","osm_id":367110162,"highway":"path","sac_scale":null,"access":null,"trail_visibility":null,"surface":"unpaved","mtb:scale":null,"smoothness":null,"ref":null,"slope":12.755425971441314,"grade":13.668584282662408,"slope_class":"10-20: extreme","length_m":232.93731625756755,"shade_pct":52.3}},{"type":"Feature","geometry":{"type":"LineString","coordinates":[[12.649495,46.16073149999999],[12.649549700000001,46.160756599999985],[12.649588199999998,46.160778399999984],[12.649661299999996,46.16079549999999],[12.6497175,46.160804000000006],[12.649778399999999,46.1608168],[12.649855399999998,46.160827],[12.649936199999999,46.1608328],[12.649987099999999,46.16083819999999],[12.6500417,46.1608483],[12.650081,46.1608579],[12.650127199999998,46.1608702],[12.6501734,46.16088669999999],[12.6502127,46.16090379999999],[12.6502828,46.160939],[12.650328199999999,46.1609662],[12.6503744,46.1609971],[12.650434499999998,46.161032299999995],[12.6504876,46.16106169999999],[12.650513000000002,46.1610825],[12.650622400000001,46.16114109999999],[12.650785599999999,46.1612585],[12.6508811,46.1613609],[12.650918099999997,46.161457999999996],[12.6509566,46.1615756],[12.6510398,46.16168969999998],[12.651122899999999,46.1617601],[12.6512384,46.1617868],[12.6513863,46.161824100000004],[12.6515357,46.1618668],[12.651715900000001,46.16190310000001],[12.6518884,46.16193289999999],[12.652079399999998,46.16198629999999]]},"properties":{"class":"path","name":null,"name:it":null,"source":"overpass","osm_id":367110163,"highway":"path","sac_scale":null,"access":null,"trail_visibility":null,"surface":null,"mtb:scale":null,"smoothness":null,"ref":null,"slope":9.098082634503406,"grade":8.204211698061236,"slope_class":"8-10: hard","length_m":259.71373464978495,"shade_pct":100.0}},{"type":"Feature","geometry":{"type":"LineString","coordinates":[[12.65359,46.16068],[12.6536077,46.160750199999995],[12.653599,46.1608211],[12.6536034,46.16090859999999],[12.6535555,46.1609795],[12.6534749,46.1610459],[12.6534073,46.16109420000001],[12.6532919,46.1611591],[12.6532135,46.16120879999998],[12.6530893,46.1612692],[12.652971700000002,46.1613054],[12.6528968,46.161333],[12.652829000000002,46.1613501],[12.6528629,46.1613074],[12.652791999999998,46.161327699999994],[12.6527412,46.1613501],[12.652713499999999,46.16135119999999],[12.6527227,46.16131600000001],[12.652658,46.161329800000004],[12.652590299999998,46.161364],[12.6525333,46.1614109],[12.652464,46.16145569999999],[12.6524024,46.161483399999995],[12.6523284,46.1614888],[12.6522653,46.161458899999985],[12.652231399999998,46.16141199999999],[12.6522068,46.1613768],[12.652159,46.161318099999995],[12.6521821,46.1612712],[12.652239100000001,46.16123269999999],[12.652292999999997,46.1612135],[12.65235,46.161161299999996],[12.652363899999997,46.161104699999996],[12.6523646,46.161078],[12.6523467,46.16105820000001]]},"properties":{"class":"path","name":null,"name:it":null,"source":"overpass","osm_id":367110164,"highway":"path","sac_scale":null,"access":null,"trail_visibility":null,"surface":null,"mtb:scale":null,"smoothness":null,"ref":null,"slope":29.30391595020575,"grade":23.514530352621414,"slope_class":">20: impossible","length_m":223.46049028614897,"shade_pct":86.0}},{"type":"Feature","geometry":{"type":"LineString","coordinates":[[12.6611843,46.1651601],[12.661260599999999,46.1651613],[12.6613468,46.165178899999994],[12.6614616,46.1652082],[12.661522400000003,46.16523540000001],[12.6616302,46.1652685],[12.6616957,46.16527859999999],[12.6617262,46.165278099999995],[12.661799200000003,46.16525999999999],[12.6618689,46.165225299999996],[12.661946199999997,46.1651989],[12.662013699999997,46.1651959],[12.6620758,46.16520640000001],[12.6621085,46.165269],[12.6621194,46.1653339],[12.6621409,46.16540859999999],[12.6622072,46.1655003],[12.6622965,46.165632599999995],[12.662344199999998,46.1657073],[12.662371999999998,46.1657681],[12.662373500000001,46.1658385],[12.6623827,46.16593550000001],[12.6624166,46.166018699999995],[12.662462799999998,46.166060300000005],[12.662530599999998,46.1660806],[12.6625691,46.16610190000001],[12.662586099999999,46.1661659],[12.662570599999999,46.1662801],[12.6625337,46.1664059],[12.662518299999999,46.16648589999999],[12.662524400000002,46.166604299999996],[12.6625183,46.166700299999995],[12.6625013,46.16676429999999],[12.662495199999999,46.1668497],[12.662461300000002,46.16699680000001],[12.6624474,46.167085400000005],[12.662401200000001,46.1671974],[12.662373499999998,46.16727629999999],[12.6623455,46.1673353]]},"properties":{"class":"path","name":null,"name:it":null,"source":"overpass","osm_id":367110165,"highway":"path","sac_scale":null,"access":null,"trail_visibility":null,"surface":null,"mtb:scale":null,"smoothness":null,"ref":null,"slope":14.0339066729466,"grade":-11.927916109060323,"slope_class":"10-20: extreme","length_m":323.82095245786604,"shade_pct":40.3}},{"type":"Feature","geometry":{"type":"LineString","coordinates":[[12.649059,46.16162690000001],[12.6489278,46.161616],[12.6487738,46.16159999999999],[12.6485982,46.161592600000006],[12.6484442,46.1616384],[12.648334899999998,46.16176],[12.6482625,46.1618465],[12.648226999999999,46.1619085]]},"properties":{"class":"path","name":null,"name:it":null,"source":"overpass","osm_id":367110172,"highway":"path","sac_scale":null,"access":null,"trail_visibility":null,"surface":null,"mtb:scale":null,"smoothness":null,"ref":null,"slope":10.3938906190553,"grade":-9.409684202086293,"slope_class":"10-20: extreme","length_m":83.28237928517554,"shade_pct":100.0}},{"type":"Feature","geometry":{"type":"LineString","coordinates":[[12.630555499999998,46.1376418],[12.6305886,46.13765539999999],[12.6306274,46.1376487],[12.6306484,46.13759149999999],[12.6306355,46.13753890000001],[12.630633799999998,46.137493],[12.630633799999998,46.137433599999994],[12.6306177,46.13736080000001],[12.630607999999999,46.1372802],[12.6306015,46.137204],[12.6305988,46.1371281],[12.630623999999997,46.137026799999994],[12.6306533,46.13687930000001],[12.630721099999999,46.136689999999994],[12.630779300000002,46.1365332],[12.630823000000001,46.13642349999999],[12.630843999999998,46.1363205]]},"properties":{"class":"path","name":null,"name:it":null,"source":"overpass","osm_id":368504850,"highway":"path","sac_scale":null,"access":null,"trail_visibility":null,"surface":null,"mtb:scale":null,"smoothness":null,"ref":null,"slope":0.15902895291129068,"grade":-0.5163288777572778,"slope_class":"0-3: flat","length_m":156.32660860149767,"shade_pct":76.9}},{"type":"Feature","geometry":{"type":"LineString","coordinates":[[12.6517804,46.128827099999995],[12.651925299999998,46.12879519999999],[12.652258999999999,46.128928300000005],[12.6525652,46.12908350000001],[12.6530635,46.129311599999994],[12.6535298,46.12953339999999],[12.653986899999998,46.12966639999999],[12.6545688,46.129832199999996],[12.6551571,46.130051699999996],[12.6555773,46.13022200000001],[12.6559135,46.130347400000005],[12.656159099999998,46.130499799999996],[12.6562855,46.1305574],[12.656306699999998,46.13057],[12.6564621,46.13063499999999],[12.656699800000002,46.1306746],[12.6568896,46.1307443],[12.6570998,46.13081869999999],[12.657365,46.1308932],[12.657593499999999,46.130916899999995],[12.6578838,46.1309486],[12.6581398,46.1309534],[12.658217499999997,46.130974],[12.6582695,46.131029299999994]]},"properties":{"class":"track","name":null,"name:it":null,"source":"overpass","osm_id":368504855,"highway":"track","sac_scale":null,"access":null,"trail_visibility":null,"surface":null,"mtb:scale":null,"smoothness":null,"ref":null,"slope":1.0959331254789035,"grade":1.0035933278546774,"slope_class":"0-3: flat","length_m":569.6540958744508,"shade_pct":8.5}},{"type":"Feature","geometry":{"type":"LineString","coordinates":[[12.627110199999999,46.130833299999985],[12.6270868,46.13074129999998],[12.6270351,46.1306293],[12.626954299999998,46.13049039999999],[12.6268832,46.13036269999999],[12.6267604,46.13022599999999],[12.626699,46.13010279999999],[12.6266666,46.129993099999986],[12.6266731,46.1298967],[12.626699,46.129829499999985],[12.6267862,46.12978470000001],[12.6269575,46.1297959],[12.6271095,46.1298206],[12.6272873,46.129843],[12.62752,46.12984519999999],[12.627701,46.129876599999996],[12.627878799999998,46.1298811],[12.628037199999998,46.12988779999999],[12.6283216,46.1298497],[12.6285161,46.1298246],[12.6286715,46.12980559999999],[12.6288567,46.12977709999999],[12.6289721,46.12978189999999],[12.6290384,46.1298064],[12.6290711,46.1298349]]},"properties":{"class":"path","name":null,"name:it":null,"source":"overpass","osm_id":368504860,"highway":"path","sac_scale":null,"access":null,"trail_visibility":null,"surface":null,"mtb:scale":null,"smoothness":null,"ref":null,"slope":3.9903369514026594,"grade":-3.6482058039629264,"slope_class":"3-5: mild","length_m":308.2578322400862,"shade_pct":100.0}},{"type":"Feature","geometry":{"type":"LineString","coordinates":[[12.6543123,46.113226499999996],[12.654309699999999,46.113323799999996],[12.654303200000001,46.1133775],[12.654199799999999,46.113335],[12.6540964,46.1132431],[12.6539671,46.113115400000005],[12.653811899999997,46.11299439999999],[12.653643800000001,46.1128554],[12.653456300000002,46.11272989999999],[12.6533561,46.1126246],[12.653233300000002,46.11253949999999],[12.6530264,46.1124162],[12.6529521,46.1123131],[12.652881,46.11222349999999],[12.6527743,46.112104699999996],[12.652632099999998,46.1120196],[12.652535099999998,46.1119904],[12.652428399999998,46.1119748],[12.6522862,46.1119658],[12.6521537,46.11196129999999],[12.652001799999999,46.1119613],[12.651891799999998,46.111972499999986],[12.6518143,46.1120039],[12.6517884,46.11205539999999],[12.651801299999999,46.11213159999999],[12.651824000000001,46.112234699999995],[12.651869199999998,46.112409500000005],[12.651911200000002,46.11267169999999],[12.6519177,46.1128958],[12.6518983,46.112998799999986],[12.6517949,46.11314],[12.651659099999998,46.11331929999999],[12.6514749,46.1134851],[12.651148399999999,46.11367779999999],[12.650818699999999,46.11396909999999],[12.6504663,46.1143388],[12.6501463,46.11458089999999],[12.649894199999999,46.114798199999996],[12.649661499999999,46.115004400000004],[12.649354400000002,46.11523069999999],[12.6492117,46.1153251]]},"properties":{"class":"track","name":null,"name:it":null,"source":"overpass","osm_id":368504863,"highway":"track","sac_scale":null,"access":null,"trail_visibility":null,"surface":null,"mtb:scale":null,"smoothness":null,"ref":null,"slope":0.5333203173190788,"grade":0.37478905455863354,"slope_class":"0-3: flat","length_m":728.3963920415905,"shade_pct":45.4}},{"type":"Feature","geometry":{"type":"LineString","coordinates":[[12.6239522,46.12841639999999],[12.624135499999998,46.1283427],[12.6244052,46.128215999999995],[12.6246384,46.12813520000001],[12.6248944,46.12804009999999],[12.6251001,46.127970399999995]]},"properties":{"class":"path","name":null,"name:it":null,"source":"overpass","osm_id":368504869,"highway":"path","sac_scale":null,"access":null,"trail_visibility":null,"surface":null,"mtb:scale":null,"smoothness":null,"ref":null,"slope":8.0306119771153,"grade":-8.111219863526378,"slope_class":"8-10: hard","length_m":101.82985658949448,"shade_pct":67.7}},{"type":"Feature","geometry":{"type":"LineString","coordinates":[[12.6587592,46.1027422],[12.658735100000001,46.102659],[12.6586466,46.102459],[12.658177399999998,46.1014506],[12.657657600000002,46.1004207],[12.6573434,46.09976309999999],[12.657172,46.09951749999999],[12.657080600000002,46.0993987],[12.65694,46.09914229999999]]},"properties":{"class":"track","name":null,"name:it":null,"source":"overpass","osm_id":370432533,"highway":"track","sac_scale":null,"access":null,"trail_visibility":null,"surface":null,"mtb:scale":null,"smoothness":null,"ref":null,"slope":1.513579757921907,"grade":-1.5866237999275006,"slope_class":"0-3: flat","length_m":424.93349384861745,"shade_pct":75.2}},{"type":"Feature","geometry":{"type":"LineString","coordinates":[[12.6568764,46.1041745],[12.656801299999998,46.10398339999998],[12.656708399999998,46.10373549999999],[12.6566216,46.1035801],[12.65666,46.1035254],[12.656744799999998,46.103460999999996],[12.6568438,46.103428799999996],[12.6574154,46.1033042],[12.6577847,46.103217199999996],[12.6582703,46.10309839999999],[12.658613099999998,46.1030212],[12.658880699999997,46.10295959999999]]},"properties":{"class":"path","name":null,"name:it":null,"source":"overpass","osm_id":370432534,"highway":"path","sac_scale":null,"access":null,"trail_visibility":null,"surface":null,"mtb:scale":null,"smoothness":null,"ref":null,"slope":0.3256433595479051,"grade":-0.6767022281856614,"slope_class":"0-3: flat","length_m":260.01865054748583,"shade_pct":96.4}},{"type":"Feature","geometry":{"type":"LineString","coordinates":[[12.6521727,46.10356410000001],[12.651925899999998,46.103686599999996],[12.6516455,46.10382619999999],[12.6513454,46.1038646],[12.6511124,46.1038892],[12.6508912,46.10383989999999],[12.650674,46.10375229999999],[12.6503344,46.103719399999996],[12.650101400000002,46.1037277],[12.649959199999998,46.1037742],[12.649911799999998,46.103902899999994],[12.649848599999999,46.103995999999995],[12.6496275,46.104048000000006]]},"properties":{"class":"track","name":null,"name:it":null,"source":"overpass","osm_id":370432535,"highway":"track","sac_scale":null,"access":null,"trail_visibility":null,"surface":null,"mtb:scale":null,"smoothness":null,"ref":null,"slope":0.2544551509013355,"grade":0.011895600614484159,"slope_class":"0-3: flat","length_m":230.37748193127598,"shade_pct":0.0}},{"type":"Feature","geometry":{"type":"LineString","coordinates":[[12.642478699999998,46.0949526],[12.642713299999999,46.09500409999998],[12.6429842,46.0950854],[12.6432327,46.0951823],[12.6435399,46.095255800000004],[12.643861,46.09531590000001],[12.6440928,46.095339100000004],[12.6444,46.0953565],[12.644660099999998,46.0953491],[12.645217000000002,46.0952861],[12.6457935,46.0952232],[12.6462517,46.0951687],[12.6464846,46.09514099999999],[12.647436399999998,46.0950123],[12.647910299999998,46.0949301],[12.6485737,46.09474389999999],[12.6492688,46.0945632],[12.649884800000002,46.0944153],[12.650446599999999,46.09424889999999]]},"properties":{"class":"track","name":null,"name:it":null,"source":"overpass","osm_id":370432536,"highway":"track","sac_scale":null,"access":null,"trail_visibility":null,"surface":null,"mtb:scale":null,"smoothness":null,"ref":null,"slope":0.06802047034858887,"grade":0.011546369600740984,"slope_class":"0-3: flat","length_m":643.1850783853447,"shade_pct":60.2}},{"type":"Feature","geometry":{"type":"LineString","coordinates":[[12.654556599999998,46.10533889999999],[12.654586300000002,46.10517349999999],[12.654569099999998,46.10495569999999],[12.6544806,46.104718],[12.6542721,46.104248600000005],[12.6541235,46.103967399999995]]},"properties":{"class":"path","name":null,"name:it":null,"source":"overpass","osm_id":370432541,"highway":"path","sac_scale":null,"access":null,"trail_visibility":null,"surface":null,"mtb:scale":null,"smoothness":null,"ref":null,"slope":1.63495484946799,"grade":-1.6481859338500826,"slope_class":"0-3: flat","length_m":158.0680354956904,"shade_pct":45.7}},{"type":"Feature","geometry":{"type":"LineString","coordinates":[[12.651806599999999,46.0949316],[12.6517365,46.09491499999999],[12.6516832,46.09487599999999],[12.6516753,46.0948109],[12.651689099999999,46.0947253],[12.651799699999998,46.0943086]]},"properties":{"class":"track","name":null,"name:it":null,"source":"overpass","osm_id":370432543,"highway":"track","sac_scale":null,"access":null,"trail_visibility":null,"surface":null,"mtb:scale":null,"smoothness":null,"ref":null,"slope":1.3349439739254296,"grade":-1.1931468998092174,"slope_class":"0-3: flat","length_m":75.68859894950074,"shade_pct":84.0}},{"type":"Feature","geometry":{"type":"LineString","coordinates":[[12.668631899999998,46.0833446],[12.6686657,46.0835092],[12.6687054,46.083644299999996],[12.6687996,46.0838825],[12.6688517,46.0840597],[12.6688492,46.084183599999996],[12.6687649,46.0845964],[12.6687351,46.0848287],[12.668755,46.0851452],[12.6687847,46.0853444],[12.6688243,46.0855327]]},"properties":{"class":"track","name":null,"name:it":null,"source":"overpass","osm_id":371606465,"highway":"track","sac_scale":null,"access":null,"trail_visibility":null,"surface":null,"mtb:scale":null,"smoothness":null,"ref":null,"slope":1.5476608921240953,"grade":1.5527973063743699,"slope_class":"0-3: flat","length_m":246.187938820106,"shade_pct":100.0}},{"type":"Feature","geometry":{"type":"LineString","coordinates":[[12.678136899999998,46.0798695],[12.678226200000001,46.0797312],[12.678310399999999,46.0794003],[12.6782683,46.07897700000001],[12.6782823,46.0786218],[12.678338400000001,46.077882100000004],[12.6785373,46.077254700000005],[12.6787056,46.076787599999996],[12.6787828,46.07629120000001],[12.6787688,46.0760771],[12.678775799999999,46.07596759999999],[12.6788494,46.07569999999999],[12.678933600000002,46.0754518],[12.6789091,46.075293599999995],[12.6788505,46.074790099999994],[12.6788381,46.0746911],[12.6788578,46.07460590000001],[12.6788554,46.0745208],[12.6788269,46.0744373],[12.6788108,46.074276499999996]]},"properties":{"class":"track","name":null,"name:it":null,"source":"overpass","osm_id":371606475,"highway":"track","sac_scale":null,"access":null,"trail_visibility":null,"surface":null,"mtb:scale":null,"smoothness":null,"ref":null,"slope":1.977700868762489,"grade":-1.8448251391659156,"slope_class":"0-3: flat","length_m":630.0409420796657,"shade_pct":9.7}},{"type":"Feature","geometry":{"type":"LineString","coordinates":[[12.663341900000002,46.09672890000001],[12.6653165,46.09644109999999],[12.6667967,46.09619539999999]]},"properties":{"class":"track","name":null,"name:it":null,"source":"overpass","osm_id":371606485,"highway":"track","sac_scale":null,"access":null,"trail_visibility":null,"surface":null,"mtb:scale":null,"smoothness":null,"ref":null,"slope":0.007025594964751154,"grade":-0.06356079866748957,"slope_class":"0-3: flat","length_m":273.8433287260834,"shade_pct":0.0}},{"type":"Feature","geometry":{"type":"LineString","coordinates":[[12.6631822,46.102337500000004],[12.6631575,46.1030355],[12.6631645,46.1032666],[12.6631786,46.1038089],[12.6631715,46.1044169],[12.6631295,46.1047914],[12.663192599999999,46.104917799999996],[12.6632908,46.1049519],[12.664971400000002,46.1048082],[12.6652339,46.1047622],[12.665437399999998,46.10472819999999],[12.665675900000002,46.1047184],[12.6672332,46.104485],[12.6684468,46.104334200000004],[12.668820199999999,46.1043116],[12.6691675,46.1042807],[12.6693411,46.10418440000001],[12.6695048,46.1039918],[12.669673400000002,46.103854199999994],[12.6699512,46.103802599999995],[12.6705811,46.103702899999995],[12.671027600000002,46.10358599999999],[12.671528599999998,46.103503399999994],[12.6718311,46.10346210000001],[12.672158499999998,46.1034243],[12.6723173,46.10344150000001],[12.6724611,46.10353440000001],[12.6726496,46.1036444],[12.6729001,46.1038085],[12.673006699999998,46.10387829999999],[12.673358899999998,46.104194699999994],[12.673518600000001,46.1043351]]},"properties":{"class":"track","name":null,"name:it":null,"source":"overpass","osm_id":371606492,"highway":"track","sac_scale":null,"access":null,"trail_visibility":null,"surface":null,"mtb:scale":null,"smoothness":null,"ref":null,"slope":0.12416222908206978,"grade":0.46163770861131953,"slope_class":"0-3: flat","length_m":1167.4433045601647,"shade_pct":54.0}},{"type":"Feature","geometry":{"type":"LineString","coordinates":[[12.6731309,46.09807020000001],[12.6726794,46.098108],[12.672218099999998,46.0981131],[12.6719007,46.098108],[12.6712906,46.098147499999996],[12.6708516,46.0981406],[12.6704969,46.098119999999994],[12.669745399999998,46.0981578],[12.668867399999998,46.09819399999999],[12.667736499999998,46.098238699999996],[12.6668485,46.09826710000001],[12.6663785,46.09829150000001],[12.6654069,46.0983912],[12.664722999999999,46.09846900000001],[12.6639338,46.09854440000001],[12.6631867,46.098627099999995],[12.662541299999999,46.0987001],[12.662457799999999,46.098705499999994],[12.662415599999997,46.09871239999999],[12.662397,46.0987356],[12.6623784,46.098790699999995],[12.662379699999999,46.09894549999999],[12.6624142,46.099131199999995],[12.6624055,46.0992455],[12.6624614,46.09973419999999],[12.662485899999998,46.10006009999999],[12.662507,46.1002328],[12.6625385,46.1002936],[12.662577100000002,46.100313099999994],[12.6626824,46.1003082],[12.662801600000002,46.100315499999994],[12.6628612,46.1003568],[12.6629244,46.10077030000001],[12.662941899999998,46.1009186],[12.6629945,46.10100129999999],[12.6630857,46.10107669999999],[12.6631348,46.10129319999999],[12.6631559,46.1016507],[12.6631669,46.10169799999999]]},"properties":{"class":"track","name":null,"name:it":null,"source":"overpass","osm_id":371606503,"highway":"track","sac_scale":null,"access":null,"trail_visibility":null,"surface":null,"mtb:scale":null,"smoothness":null,"ref":null,"slope":0.4269256308510158,"grade":0.5027624195732211,"slope_class":"0-3: flat","length_m":1192.04694487456,"shade_pct":60.4}},{"type":"Feature","geometry":{"type":"LineString","coordinates":[[12.6626912,46.081949200000004],[12.663029200000002,46.081949699999996],[12.6634361,46.081950899999995],[12.6636062,46.0819497],[12.663748200000002,46.081987399999996],[12.663881499999999,46.0820452],[12.6642489,46.0822143],[12.664496200000002,46.08229339999999],[12.6647443,46.0823597],[12.665541299999997,46.08248209999999],[12.665723599999998,46.0825389],[12.6659344,46.0826344],[12.6661328,46.0827006],[12.6663002,46.08274099999999],[12.6664255,46.0827712],[12.6672464,46.0831694],[12.667477000000002,46.0832829],[12.6676184,46.08331479999999],[12.6677858,46.0833397],[12.6680269,46.083349500000004],[12.6683145,46.0833531],[12.668631899999998,46.0833446],[12.668850199999998,46.0833601],[12.6691552,46.083404800000004],[12.6693561,46.083377299999995],[12.6695917,46.0833102],[12.669867,46.083287799999994],[12.670100099999999,46.083363500000004],[12.6703892,46.08356189999999],[12.6706207,46.08382220000001],[12.670776699999998,46.08394869999999],[12.671011699999998,46.084085],[12.671327399999997,46.084167699999995],[12.6716676,46.084170099999994],[12.6721587,46.0841361],[12.672491899999999,46.084111699999994],[12.672751400000001,46.0840947],[12.673028499999997,46.084119],[12.6735175,46.084217],[12.6741524,46.0844234],[12.674826999999999,46.0845954],[12.6756206,46.0846574],[12.6762655,46.08462980000001],[12.6768012,46.0846298],[12.677078900000001,46.0845369],[12.6773121,46.0844853],[12.677637,46.0844991],[12.6777316,46.08447509999999]]},"properties":{"class":"track","name":null,"name:it":null,"source":"overpass","osm_id":371606509,"highway":"track","sac_scale":null,"access":null,"trail_visibility":null,"surface":null,"mtb:scale":null,"smoothness":null,"ref":null,"slope":0.2686457097763808,"grade":0.22217588839668284,"slope_class":"0-3: flat","length_m":1261.4454177280593,"shade_pct":56.9}},{"type":"Feature","geometry":{"type":"LineString","coordinates":[[12.6782823,46.0786218],[12.6779603,46.07864120000001],[12.677746299999999,46.07864119999999],[12.6773429,46.078585299999986],[12.676841400000002,46.07850740000001],[12.6765082,46.0784709]]},"properties":{"class":"path","name":null,"name:it":null,"source":"overpass","osm_id":371606513,"highway":"path","sac_scale":null,"access":null,"trail_visibility":null,"surface":null,"mtb:scale":null,"smoothness":null,"ref":null,"slope":0.5645121561998144,"grade":-0.470985472472043,"slope_class":"0-3: flat","length_m":139.2933910039295,"shade_pct":0.0}},{"type":"Feature","geometry":{"type":"LineString","coordinates":[[12.663341900000002,46.09672890000001],[12.663127500000002,46.096144699999996],[12.66272,46.0949859],[12.662573699999998,46.094365100000005],[12.662588499999998,46.09434439999999],[12.662804299999998,46.0943135],[12.6629655,46.09427730000001],[12.663047400000002,46.094241200000006],[12.6630449,46.094181],[12.663005199999999,46.09410189999999],[12.662977899999998,46.0940211],[12.6629606,46.0939316],[12.662982900000001,46.09387490000001],[12.6631094,46.09386969999999],[12.663285499999999,46.09384219999999],[12.6634839,46.0938026],[12.663759199999998,46.093756199999994],[12.6641133,46.093693],[12.664180299999998,46.093665499999986],[12.664200099999999,46.09361210000001],[12.6641778,46.0935468],[12.6640092,46.09312370000001],[12.663996800000001,46.0930549],[12.664024,46.0930084],[12.6640861,46.0929809],[12.664187699999998,46.0929637],[12.664440699999998,46.092934500000005],[12.6647954,46.0928915],[12.6651029,46.092838199999996],[12.6654799,46.0927917],[12.665606399999998,46.09275219999999],[12.665691,46.0926967],[12.665870700000001,46.0926609],[12.6663162,46.092590400000006],[12.6668809,46.0925149],[12.6672737,46.092440800000006],[12.667491200000002,46.0924091],[12.667768200000001,46.092352000000005],[12.6681172,46.092283900000005],[12.668524099999999,46.09221819999999],[12.668603000000001,46.0922243],[12.6686293,46.0922498],[12.668648599999997,46.092308200000005],[12.668695999999999,46.0924043],[12.6687802,46.0925794],[12.668901200000002,46.092990500000006],[12.6689766,46.0930999],[12.669045,46.0931644],[12.669181799999999,46.09332619999999],[12.669250199999999,46.093420699999996],[12.669309799999999,46.0935837],[12.669337799999997,46.09374909999999],[12.669378199999999,46.09385369999999],[12.6694518,46.0939048],[12.669578099999999,46.0939267],[12.669676299999999,46.09392789999998],[12.6697728,46.0939145],[12.6698973,46.093878],[12.6699815,46.093847600000004],[12.6702673,46.0937381],[12.670439199999999,46.09367369999999],[12.670596999999999,46.0935983],[12.670781199999999,46.0935448],[12.671031899999997,46.09348999999999],[12.6712126,46.0934511],[12.671365199999999,46.093434099999996],[12.6714839,46.09346979999999],[12.671611900000002,46.0935033],[12.6717737,46.0935333],[12.671868599999998,46.093541900000005],[12.6720232,46.0935146]]},"properties":{"class":"track","name":null,"name:it":null,"source":"overpass","osm_id":371606516,"highway":"track","sac_scale":null,"access":null,"trail_visibility":null,"surface":null,"mtb:scale":null,"smoothness":null,"ref":null,"slope":0.2168294125422869,"grade":-0.32908951837134837,"slope_class":"0-3: flat","length_m":1305.6347630227042,"shade_pct":33.0}},{"type":"Feature","geometry":{"type":"LineString","coordinates":[[12.654505100000002,46.12744750000001],[12.654590999999998,46.12752589999999],[12.654743299999998,46.127645099999995],[12.654894500000001,46.127741099999994],[12.6550383,46.12782609999999],[12.6552346,46.1279331],[12.655376700000001,46.1280364],[12.655495900000002,46.128131199999984],[12.6556555,46.1282515]]},"properties":{"class":"path","name":null,"name:it":null,"source":"overpass","osm_id":371606526,"highway":"path","sac_scale":null,"access":null,"trail_visibility":null,"surface":null,"mtb:scale":null,"smoothness":null,"ref":null,"slope":1.7089518970142679,"grade":1.6620800239352633,"slope_class":"0-3: flat","length_m":126.51699619879602,"shade_pct":92.7}},{"type":"Feature","geometry":{"type":"LineString","coordinates":[[12.657476,46.1384453],[12.6574073,46.1385316],[12.657323600000002,46.1387973],[12.6572883,46.1391302],[12.6572795,46.1393562],[12.6572839,46.1395456],[12.657279499999998,46.1397716],[12.657301499999999,46.140021999999995],[12.657342799999999,46.14028139999999]]},"properties":{"class":"track","name":null,"name:it":null,"source":"overpass","osm_id":374987216,"highway":"track","sac_scale":null,"access":null,"trail_visibility":null,"surface":null,"mtb:scale":null,"smoothness":null,"ref":null,"slope":1.0088884923584784,"grade":1.0260938242718378,"slope_class":"0-3: flat","length_m":206.62318151877358,"shade_pct":0.0}},{"type":"Feature","geometry":{"type":"LineString","coordinates":[[12.680531699999998,46.132534500000006],[12.680288600000003,46.1324764],[12.6799266,46.132456],[12.6795483,46.1323905],[12.6792776,46.1323272],[12.678863499999999,46.13224809999999],[12.6786254,46.13220059999999],[12.678054699999999,46.13213509999999],[12.6776666,46.1320605],[12.6773438,46.1319905],[12.677011199999999,46.13195429999999],[12.6768057,46.131934],[12.676450300000003,46.13190910000001],[12.675657799999998,46.13181420000001],[12.675194699999999,46.13176450000001],[12.6749762,46.131726099999995],[12.674480499999998,46.1316605],[12.674142199999999,46.13160130000001]]},"properties":{"class":"track","name":null,"name:it":null,"source":"overpass","osm_id":374987217,"highway":"track","sac_scale":null,"access":null,"trail_visibility":null,"surface":null,"mtb:scale":null,"smoothness":null,"ref":null,"slope":0.044123688685763086,"grade":0.004944605826678233,"slope_class":"0-3: flat","length_m":506.09522658980694,"shade_pct":98.4}},{"type":"Feature","geometry":{"type":"LineString","coordinates":[[12.6513381,46.1352296],[12.651440299999999,46.135322099999996],[12.651551,46.1354659],[12.6516524,46.13562249999999],[12.6517032,46.135689599999985],[12.6517585,46.135718399999995],[12.651843799999998,46.1356944],[12.6519983,46.1356337],[12.652304999999998,46.135528199999996],[12.6524388,46.13548029999999],[12.6525425,46.135456299999994],[12.652627899999999,46.1354611],[12.6526809,46.1354819],[12.6527178,46.1355171],[12.6528054,46.13566089999999],[12.652874600000002,46.135774299999994],[12.652966799999998,46.135937299999995],[12.6530222,46.136028399999994],[12.653116700000002,46.1361291],[12.6531952,46.136199]]},"properties":{"class":"path","name":null,"name:it":null,"source":"overpass","osm_id":374987218,"highway":"path","sac_scale":null,"access":null,"trail_visibility":null,"surface":null,"mtb:scale":null,"smoothness":null,"ref":null,"slope":0.47157236504528743,"grade":0.6658325404372543,"slope_class":"0-3: flat","length_m":232.3265120930058,"shade_pct":100.0}},{"type":"Feature","geometry":{"type":"LineString","coordinates":[[12.646253599999998,46.1321377],[12.646208200000002,46.13205460000001],[12.6461225,46.131968199999996],[12.6460243,46.1319067],[12.645932300000002,46.13190449999999],[12.6458715,46.131906699999995],[12.6457999,46.13189699999998],[12.6457516,46.1318667],[12.645686099999999,46.13179980000001],[12.645572700000002,46.13166609999999],[12.6454405,46.13146439999999],[12.6453721,46.131319399999995],[12.645356699999999,46.131273499999985],[12.6452465,46.131023],[12.6451319,46.1307695],[12.6449776,46.130607600000005],[12.644660299999996,46.130237999999984],[12.644329700000002,46.129734],[12.644078399999998,46.1293674],[12.643858,46.12904360000001],[12.6436641,46.12875339999999],[12.6434746,46.12846319999999],[12.6432216,46.12809000000001],[12.643002499999998,46.1277464],[12.6426497,46.1272046],[12.6422761,46.12664050000001],[12.6419902,46.12620899999999],[12.6417762,46.1258977],[12.641497199999998,46.1255093],[12.641280400000001,46.1251929],[12.6410429,46.12482369999999],[12.640768499999998,46.12438099999999],[12.6406255,46.12414119999999],[12.640251899999999,46.12359779999999],[12.640108,46.123408]]},"properties":{"class":"track","name":null,"name:it":null,"source":"overpass","osm_id":374987220,"highway":"track","sac_scale":null,"access":null,"trail_visibility":null,"surface":"gravel","mtb:scale":null,"smoothness":null,"ref":null,"slope":1.2813203213468602,"grade":-1.271401347636411,"slope_class":"0-3: flat","length_m":1092.9117084298414,"shade_pct":65.7}},{"type":"Feature","geometry":{"type":"LineString","coordinates":[[12.6840831,46.1274801],[12.6839938,46.1275667],[12.683862100000002,46.12773369999999],[12.683710500000002,46.1279664],[12.6836625,46.128018200000014],[12.6836222,46.12805569999999],[12.683504800000001,46.1280648],[12.6833939,46.1280602],[12.683332,46.12806019999999],[12.6832798,46.128091899999994],[12.683253699999998,46.1281258],[12.6828558,46.1287111],[12.682448199999996,46.129312299999995],[12.682283499999999,46.129525900000004],[12.682236199999998,46.12959709999999],[12.682233,46.129641200000016],[12.682246000000001,46.129678500000004],[12.682276999999996,46.1296999],[12.6823145,46.12971569999999],[12.6823846,46.129735],[12.6824254,46.129755299999985],[12.682456299999998,46.129791499999996],[12.6824515,46.12982079999999],[12.682291700000002,46.13004120000001],[12.6821107,46.1303079],[12.6819867,46.130476200000004],[12.6816385,46.13099079999999],[12.681331899999998,46.1314239],[12.681158899999998,46.1316732],[12.6808707,46.13206949999999],[12.680637799999998,46.13240029999999],[12.680531699999998,46.132534500000006],[12.680146600000002,46.1330379],[12.679021300000002,46.13454000000001],[12.6789129,46.13468699999999],[12.6788253,46.134760500000006],[12.678751499999999,46.13479569999999],[12.6786247,46.134814799999994],[12.678493199999998,46.134819599999986],[12.678329499999998,46.13482919999999],[12.6782027,46.134842],[12.6781197,46.1348692],[12.6780251,46.1349123],[12.6779698,46.13494909999999],[12.6779283,46.13499539999999],[12.677713799999998,46.135364499999994],[12.677518399999999,46.13560439999999]]},"properties":{"class":"track","name":null,"name:it":null,"source":"overpass","osm_id":374987225,"highway":"track","sac_scale":null,"access":null,"trail_visibility":null,"surface":null,"mtb:scale":null,"smoothness":null,"ref":null,"slope":1.1274587452905698,"grade":1.1768231523168688,"slope_class":"0-3: flat","length_m":1090.541107141595,"shade_pct":30.3}},{"type":"Feature","geometry":{"type":"LineString","coordinates":[[12.6434746,46.12846319999999],[12.6435327,46.128405],[12.6436681,46.128344],[12.643816399999999,46.128274999999995],[12.643914299999999,46.128186899999996],[12.6439648,46.1280705],[12.6439664,46.12795409999999],[12.643924099999998,46.12778909999999],[12.6438409,46.127579999999995],[12.6437496,46.12736989999999],[12.643642000000002,46.12716420000001],[12.643557199999998,46.1269879],[12.6435103,46.126881499999996],[12.6435021,46.126814800000005],[12.643554299999998,46.12674809999999],[12.6436293,46.1266961],[12.6437728,46.1266227],[12.6440158,46.126532299999994],[12.644325599999998,46.12641359999999],[12.644635399999999,46.1263209],[12.644849000000002,46.12626780000001],[12.645220699999998,46.126179199999996],[12.6455208,46.12612049999999],[12.6459352,46.12600139999999],[12.646038999999998,46.125979099999995],[12.646108199999999,46.1259839],[12.6461335,46.12602059999999],[12.646182,46.12612450000001],[12.6462511,46.1262827],[12.6463318,46.1265145],[12.646460999999999,46.126731799999995],[12.6465394,46.12687249999998],[12.646592399999998,46.12694119999999],[12.646647800000002,46.1269524],[12.646760799999997,46.126954],[12.6469568,46.126929999999994],[12.647187399999998,46.126901199999985],[12.647240399999998,46.1268948],[12.647261099999996,46.1269092],[12.647321100000001,46.12697790000001],[12.6473649,46.1270514],[12.6474894,46.12733430000001],[12.647584,46.1275852],[12.647662399999998,46.12775619999999],[12.6476681,46.12778659999999],[12.647695799999997,46.1278274],[12.647717699999996,46.12784409999999],[12.647754599999997,46.12784969999999],[12.6478388,46.12784329999999],[12.6479034,46.127829699999985],[12.647999099999998,46.1277986],[12.6481213,46.12776180000001],[12.648313800000002,46.1277075],[12.6485329,46.127649199999986],[12.648634299999998,46.12762599999999],[12.648774999999999,46.127586],[12.6488649,46.127562899999994],[12.6489422,46.127546899999984],[12.649039,46.12754689999999],[12.649135899999997,46.12758519999999],[12.6492996,46.12765399999999],[12.6494518,46.12771789999999],[12.6496086,46.1278074],[12.649747,46.1279017],[12.6498577,46.1279752],[12.6500075,46.128056699999995],[12.6501436,46.12813020000001],[12.6502253,46.1281732]]},"properties":{"class":"path","name":null,"name:it":null,"source":"overpass","osm_id":374987226,"highway":"path","sac_scale":null,"access":null,"trail_visibility":null,"surface":null,"mtb:scale":null,"smoothness":null,"ref":null,"slope":0.2675792865833337,"grade":0.20704096199317426,"slope_class":"0-3: flat","length_m":931.5748132689375,"shade_pct":72.3}},{"type":"Feature","geometry":{"type":"LineString","coordinates":[[12.6500813,46.1358727],[12.649958299999998,46.1358108],[12.649712,46.1356597],[12.649497,46.1355322],[12.649310000000002,46.135316300000014],[12.6490856,46.134942599999995],[12.648970200000003,46.13471799999999]]},"properties":{"class":"path","name":null,"name:it":null,"source":"overpass","osm_id":374987227,"highway":"path","sac_scale":null,"access":null,"trail_visibility":null,"surface":null,"mtb:scale":null,"smoothness":null,"ref":null,"slope":1.060515502680562,"grade":-1.207396160600686,"slope_class":"0-3: flat","length_m":158.5812040505454,"shade_pct":58.4}},{"type":"Feature","geometry":{"type":"LineString","coordinates":[[12.6459997,46.13235790000001],[12.64605,46.1324783],[12.6461007,46.13261729999999],[12.6461668,46.13272729999999],[12.6462638,46.13282040000001],[12.6464136,46.132954800000014],[12.646532599999999,46.13312289999999],[12.6466164,46.1332603],[12.646700099999999,46.13345580000001],[12.646783899999999,46.1336299],[12.646827999999998,46.133816200000005],[12.6468604,46.13387300000001],[12.6469134,46.1340156],[12.6469882,46.1341451]]},"properties":{"class":"track","name":null,"name:it":null,"source":"overpass","osm_id":374987228,"highway":"track","sac_scale":null,"access":null,"trail_visibility":null,"surface":"ground","mtb:scale":null,"smoothness":null,"ref":null,"slope":1.1175181006338877,"grade":1.2039472684707666,"slope_class":"0-3: flat","length_m":215.08230525341946,"shade_pct":59.6}},{"type":"Feature","geometry":{"type":"LineString","coordinates":[[12.701641599999999,46.1069983],[12.7019951,46.107076799999994],[12.7024388,46.1072014],[12.702730800000001,46.1072832],[12.7029554,46.107314300000006],[12.703039699999998,46.1072968],[12.7031295,46.107250099999995],[12.7032419,46.107222799999995],[12.703382299999998,46.107220899999994],[12.703525500000001,46.1072462],[12.7036855,46.10727730000001],[12.703834399999998,46.107327899999994]]},"properties":{"class":"track","name":null,"name:it":null,"source":"overpass","osm_id":377856592,"highway":"track","sac_scale":null,"access":null,"trail_visibility":null,"surface":null,"mtb:scale":null,"smoothness":null,"ref":null,"slope":2.519611669393862,"grade":-2.433439168774245,"slope_class":"0-3: flat","length_m":180.44760765002894,"shade_pct":0.0}},{"type":"Feature","geometry":{"type":"LineString","coordinates":[[12.7120627,46.08852829999999],[12.7120815,46.0884392],[12.712131100000002,46.088307199999996],[12.712165999999998,46.0882021],[12.7122076,46.088106299999986],[12.712267899999999,46.08803279999999],[12.7123256,46.0879881],[12.7123705,46.0879839],[12.7124155,46.0879881],[12.7124611,46.0880235],[12.7124852,46.0880551],[12.7124906,46.08809320000001],[12.712449899999998,46.08815779999999],[12.7121676,46.088443000000005],[12.7120627,46.08852829999999],[12.711694999999999,46.08890289999999],[12.7113744,46.0892123],[12.7108872,46.0896897],[12.7105811,46.089985299999995],[12.7105248,46.0897973],[12.710443,46.08952609999999],[12.710387100000002,46.08939969999999],[12.710320199999998,46.08934549999999],[12.7101769,46.0893014],[12.7099497,46.0892755],[12.7096271,46.08924769999999],[12.7089514,46.0891875],[12.708194999999998,46.089112799999995]]},"properties":{"class":"track","name":null,"name:it":null,"source":"overpass","osm_id":377856593,"highway":"track","sac_scale":null,"access":null,"trail_visibility":null,"surface":null,"mtb:scale":null,"smoothness":null,"ref":null,"slope":2.1170873912011414,"grade":1.6680690780376568,"slope_class":"0-3: flat","length_m":584.092867498481,"shade_pct":67.4}},{"type":"Feature","geometry":{"type":"LineString","coordinates":[[12.7062482,46.09988709999999],[12.7063819,46.099846400000004],[12.7065289,46.099835299999995],[12.7066196,46.0997326],[12.706666,46.099681],[12.706687,46.09961959999999],[12.7066926,46.0995748],[12.7067151,46.0994794],[12.706750200000002,46.0993655],[12.7067628,46.099275],[12.7067699,46.099186399999994],[12.706757200000002,46.099124100000004],[12.7067277,46.099067600000005],[12.706712799999998,46.09903349999999]]},"properties":{"class":"path","name":null,"name:it":null,"source":"overpass","osm_id":377856594,"highway":"path","sac_scale":null,"access":null,"trail_visibility":null,"surface":null,"mtb:scale":null,"smoothness":null,"ref":null,"slope":0.3750446278230741,"grade":-0.6024294786097415,"slope_class":"0-3: flat","length_m":116.26658707876375,"shade_pct":21.6}},{"type":"Feature","geometry":{"type":"LineString","coordinates":[[12.7076624,46.083649900000005],[12.7078035,46.0836654],[12.708084699999999,46.083695099999986],[12.708291200000001,46.0837351],[12.7084679,46.0837475],[12.708614899999999,46.083769499999995],[12.7087955,46.083779099999994],[12.708946400000002,46.0837654],[12.709031799999998,46.0837736],[12.709095399999999,46.08381359999999],[12.709202599999998,46.0839182],[12.709341599999998,46.0840766],[12.709831999999999,46.0846812],[12.7107375,46.0857499],[12.7115317,46.08667260000001],[12.711895999999998,46.08710219999999]]},"properties":{"class":"path","name":null,"name:it":null,"source":"overpass","osm_id":377856595,"highway":"path","sac_scale":null,"access":null,"trail_visibility":null,"surface":null,"mtb:scale":null,"smoothness":null,"ref":null,"slope":0.3706632715198601,"grade":0.45441948822872713,"slope_class":"0-3: flat","length_m":539.370359725115,"shade_pct":53.8}},{"type":"Feature","geometry":{"type":"LineString","coordinates":[[12.6914455,46.07632449999999],[12.6915973,46.075817399999984],[12.691752599999996,46.07531269999999],[12.691875199999998,46.0746095],[12.6919021,46.07441620000001],[12.691919399999998,46.074347999999986],[12.6919426,46.0742277],[12.691861599999998,46.0740192],[12.6917287,46.07387090000001],[12.6916767,46.073662399999996],[12.6916825,46.0734218],[12.691734499999999,46.07320120000001],[12.691907899999999,46.07274410000001],[12.691971,46.072574700000004],[12.6911319,46.072414499999994],[12.690255499999997,46.0722572]]},"properties":{"class":"track","name":null,"name:it":null,"source":"overpass","osm_id":377856597,"highway":"track","sac_scale":null,"access":null,"trail_visibility":null,"surface":null,"mtb:scale":null,"smoothness":null,"ref":null,"slope":1.4049527855026462,"grade":-1.3562389163029942,"slope_class":"0-3: flat","length_m":564.6816290828941,"shade_pct":15.8}},{"type":"Feature","geometry":{"type":"LineString","coordinates":[[12.687202999999998,46.089371099999994],[12.6878199,46.089414100000006],[12.688317000000001,46.0894316],[12.688763399999997,46.0894667],[12.6894907,46.0894979],[12.690291,46.089534900000004],[12.691313100000002,46.08959130000001],[12.6924027,46.0896478],[12.6946964,46.08976250000001],[12.6947793,46.08976659999999],[12.6958351,46.0898212],[12.697621,46.0899146],[12.698851000000001,46.089988600000005],[12.699946100000002,46.0900237],[12.700709900000001,46.0900743],[12.7016141,46.0901016],[12.702501400000001,46.090156099999994],[12.7035235,46.09021450000001],[12.7045681,46.0902574],[12.7055341,46.090327499999994],[12.7068483,46.09039369999999],[12.7077952,46.090429399999984]]},"properties":{"class":"track","name":null,"name:it":null,"source":"overpass","osm_id":377856603,"highway":"track","sac_scale":null,"access":null,"trail_visibility":null,"surface":null,"mtb:scale":null,"smoothness":null,"ref":null,"slope":0.08913343702292363,"grade":0.12550033977771735,"slope_class":"0-3: flat","length_m":1598.0711449459898,"shade_pct":75.9}},{"type":"Feature","geometry":{"type":"LineString","coordinates":[[12.700313499999998,46.07640069999999],[12.7003174,46.076530299999995],[12.7003058,46.0766907],[12.7003058,46.0769458],[12.700363,46.07750999999999],[12.7003957,46.0780232],[12.7004651,46.079207200000006],[12.700488200000002,46.0796883],[12.700584500000001,46.0806475],[12.7005787,46.0807237],[12.7005498,46.080767800000004],[12.7004747,46.0807819],[12.6998967,46.0807819],[12.6998475,46.08080390000001],[12.6998129,46.080864],[12.6998042,46.08094820000001],[12.699816400000001,46.0813792],[12.6997838,46.08156339999999],[12.6998369,46.08193479999999],[12.6998573,46.082533],[12.6998124,46.0828902],[12.6998081,46.083062999999996]]},"properties":{"class":"track","name":null,"name:it":null,"source":"overpass","osm_id":377856604,"highway":"track","sac_scale":null,"access":null,"trail_visibility":null,"surface":null,"mtb:scale":null,"smoothness":null,"ref":null,"slope":1.678935888646467,"grade":1.6996322334252318,"slope_class":"0-3: flat","length_m":794.4672367752187,"shade_pct":30.8}},{"type":"Feature","geometry":{"type":"LineString","coordinates":[[12.687654499999999,46.0871672],[12.688589699999998,46.08718619999999],[12.6894515,46.0872275],[12.690356899999998,46.08729089999999],[12.690892999999999,46.08732119999999],[12.6916873,46.0873542],[12.692644299999998,46.08740379999999],[12.6933671,46.08744509999999],[12.694284400000003,46.0874782],[12.6951367,46.08752239999999],[12.6954519,46.0875388],[12.6964805,46.08759109999999],[12.697489200000001,46.0876545],[12.6985177,46.087695799999985],[12.699760699999999,46.08774809999999],[12.700687299999998,46.08782209999998],[12.7016252,46.08786109999999],[12.7027091,46.08789999999999],[12.703669499999998,46.08796619999999],[12.704534399999998,46.0880013],[12.7054228,46.088044599999996],[12.7068008,46.08809689999998],[12.7076189,46.0881355],[12.7084637,46.088197]]},"properties":{"class":"track","name":null,"name:it":null,"source":"overpass","osm_id":377856606,"highway":"track","sac_scale":null,"access":null,"trail_visibility":null,"surface":null,"mtb:scale":null,"smoothness":null,"ref":null,"slope":0.10114862536740699,"grade":0.11837946145817457,"slope_class":"0-3: flat","length_m":1614.7605135710708,"shade_pct":68.3}},{"type":"Feature","geometry":{"type":"LineString","coordinates":[[12.688583999999999,46.081516699999995],[12.688722299999998,46.08158759999999],[12.6892271,46.081862599999994],[12.689396699999998,46.081953299999995],[12.6898261,46.082211099999995],[12.690103599999999,46.08236139999999],[12.690369399999998,46.0825238],[12.690571699999998,46.082634000000006],[12.6906902,46.08270219999999],[12.690837600000002,46.08272829999999],[12.690970599999998,46.08273629999999],[12.6910775,46.082744299999995],[12.692826,46.0828485],[12.6947276,46.08296660000001],[12.696848800000001,46.0830658],[12.698686899999998,46.083153999999986],[12.6998884,46.08321409999999],[12.699929599999999,46.0832162],[12.701024999999998,46.0832803],[12.702152100000001,46.08333640000001],[12.703548,46.0834046],[12.704639799999999,46.08345319999999],[12.7060617,46.083533400000015],[12.707261099999998,46.083595499999994],[12.7076496,46.08360729999999]]},"properties":{"class":"track","name":null,"name:it":null,"source":"overpass","osm_id":377856607,"highway":"track","sac_scale":null,"access":null,"trail_visibility":null,"surface":null,"mtb:scale":null,"smoothness":null,"ref":null,"slope":0.11167835570712172,"grade":0.09297714908943898,"slope_class":"0-3: flat","length_m":1526.3852108003618,"shade_pct":27.2}},{"type":"Feature","geometry":{"type":"LineString","coordinates":[[12.690807299999998,46.082570399999994],[12.6908409,46.0825371],[12.6908512,46.082384],[12.6908655,46.0818454],[12.6908982,46.080974999999995],[12.6909227,46.0806036],[12.6909431,46.0805611],[12.6909636,46.0805356],[12.6910228,46.080524200000006],[12.6911311,46.0805257],[12.691347800000003,46.080537],[12.691468299999999,46.080532700000006],[12.691556200000003,46.0805186],[12.6916012,46.0804803],[12.691625700000001,46.08044339999999],[12.69164,46.0803584],[12.691817799999999,46.07985799999998],[12.6918832,46.07974740000001],[12.692001699999999,46.07969069999999],[12.6920099,46.07959150000001],[12.6920875,46.079421399999994],[12.692120199999998,46.07931649999998],[12.6921325,46.079186099999994],[12.6921856,46.0790301],[12.692226499999999,46.0788827],[12.6922479,46.0788212],[12.692291199999998,46.0786458],[12.6922594,46.07860569999999],[12.692211799999999,46.078578699999994]]},"properties":{"class":"path","name":null,"name:it":null,"source":"overpass","osm_id":377856608,"highway":"path","sac_scale":null,"access":null,"trail_visibility":null,"surface":null,"mtb:scale":null,"smoothness":null,"ref":null,"slope":1.6336097043598243,"grade":-1.5882249290769253,"slope_class":"0-3: flat","length_m":504.0672702796168,"shade_pct":38.3}},{"type":"Feature","geometry":{"type":"LineString","coordinates":[[12.7043667,46.103102],[12.7044313,46.1030234],[12.704490899999998,46.102905],[12.704554499999999,46.102760499999995],[12.704616,46.1025939],[12.704689499999999,46.10250440000001],[12.704806599999998,46.1024259],[12.7049218,46.102318499999996],[12.7050052,46.1022359],[12.7052037,46.10215060000001],[12.705326799999998,46.1020184],[12.705533399999998,46.10182009999999],[12.705684299999996,46.10163009999999],[12.7057121,46.1014787],[12.705727899999998,46.101368599999994],[12.7057438,46.1012639],[12.7058272,46.1009748],[12.7059742,46.10067190000001],[12.7060337,46.100490199999996],[12.706113099999998,46.100250599999995],[12.706148899999999,46.10007439999999],[12.7062482,46.09988709999999]]},"properties":{"class":"path","name":null,"name:it":null,"source":"overpass","osm_id":377856612,"highway":"path","sac_scale":null,"access":null,"trail_visibility":null,"surface":null,"mtb:scale":null,"smoothness":null,"ref":null,"slope":1.4586184576245593,"grade":-1.1558380777454802,"slope_class":"0-3: flat","length_m":396.5002615172308,"shade_pct":49.8}},{"type":"Feature","geometry":{"type":"LineString","coordinates":[[12.672579399999998,46.0895434],[12.672601,46.089476399999995],[12.672596600000002,46.0893726],[12.672625899999998,46.0892555],[12.672659699999999,46.0891487],[12.6726934,46.0890194],[12.672755,46.0888322],[12.672822499999999,46.0886693],[12.672875399999999,46.088551300000006],[12.672922299999998,46.0884373]]},"properties":{"class":"track","name":null,"name:it":null,"source":"overpass","osm_id":379094483,"highway":"track","sac_scale":null,"access":null,"trail_visibility":null,"surface":null,"mtb:scale":null,"smoothness":null,"ref":null,"slope":1.605102583414654,"grade":-1.5911026305617373,"slope_class":"0-3: flat","length_m":126.33385677011361,"shade_pct":100.0}},{"type":"Feature","geometry":{"type":"LineString","coordinates":[[12.6336421,46.1320743],[12.633721099999999,46.132084799999994],[12.6338194,46.13213549999999],[12.6339517,46.13223700000001],[12.634010699999997,46.13233019999999],[12.634078499999998,46.132464299999995],[12.634158299999998,46.1326158],[12.634206399999998,46.13278699999999],[12.634326700000003,46.13317790000001],[12.634385699999996,46.133335499999994],[12.6344784,46.1335347],[12.6345588,46.133824],[12.634571999999999,46.13395269999999]]},"properties":{"class":"track","name":null,"name:it":null,"source":"overpass","osm_id":379094484,"highway":"track","sac_scale":null,"access":null,"trail_visibility":null,"surface":null,"mtb:scale":null,"smoothness":null,"ref":null,"slope":0.47911678337884944,"grade":0.48048650935539766,"slope_class":"0-3: flat","length_m":228.37062387757408,"shade_pct":21.1}},{"type":"Feature","geometry":{"type":"LineString","coordinates":[[12.6765061,46.0910836],[12.676582199999999,46.0910501],[12.6765822,46.0910134],[12.6765822,46.09097069999999],[12.6766174,46.09091169999999],[12.676696699999999,46.09088319999999],[12.676878599999998,46.090848599999994],[12.6771105,46.0908058],[12.6772572,46.0907814],[12.677368699999999,46.09076509999999],[12.6774744,46.0907651],[12.6776064,46.0907773],[12.677764900000001,46.09076919999998],[12.677979199999998,46.090728500000004],[12.6781904,46.090681700000005],[12.6784516,46.090606399999984],[12.6786228,46.0905532],[12.6787979,46.09052520000001]]},"properties":{"class":"track","name":null,"name:it":null,"source":"overpass","osm_id":379094485,"highway":"track","sac_scale":null,"access":null,"trail_visibility":null,"surface":null,"mtb:scale":null,"smoothness":null,"ref":null,"slope":0.3921305238595029,"grade":0.273040252267409,"slope_class":"0-3: flat","length_m":198.87150816368447,"shade_pct":100.0}},{"type":"Feature","geometry":{"type":"LineString","coordinates":[[12.6361246,46.12975740000001],[12.6363038,46.1296785],[12.636522499999998,46.129599799999994],[12.636731399999997,46.1295176],[12.637144599999997,46.12940249999999],[12.6377021,46.1292403],[12.638159,46.12912369999999],[12.6385569,46.1290085],[12.6388608,46.12892370000001],[12.6389592,46.12890999999999],[12.6390226,46.1288979],[12.639066300000001,46.12891610000001],[12.639118800000002,46.128988799999995],[12.639177799999999,46.1291388],[12.639247799999998,46.129302499999994],[12.639298099999998,46.129358499999995],[12.6393658,46.12939029999998],[12.6394293,46.1293858],[12.6395145,46.1293631],[12.639588900000001,46.1293585],[12.6396479,46.129379699999994],[12.639663199999998,46.12942369999999],[12.639730999999998,46.12955399999999]]},"properties":{"class":"track","name":null,"name:it":null,"source":"overpass","osm_id":379094486,"highway":"track","sac_scale":null,"access":null,"trail_visibility":null,"surface":null,"mtb:scale":null,"smoothness":null,"ref":null,"slope":1.2212755005586493,"grade":-1.396958689364717,"slope_class":"0-3: flat","length_m":350.5714882245102,"shade_pct":96.7}},{"type":"Feature","geometry":{"type":"LineString","coordinates":[[12.6865258,46.077939900000004],[12.686605699999998,46.07791089999999],[12.6866835,46.0778559],[12.686714299999998,46.07777860000001],[12.6867481,46.077685900000006],[12.686768599999999,46.07757089999999],[12.6867841,46.07746160000001],[12.686795899999998,46.077319100000004],[12.686795899999998,46.077235599999995],[12.6867915,46.077178599999996],[12.686795899999998,46.0771206],[12.686814999999998,46.0770779],[12.686824499999998,46.0770648],[12.686779699999999,46.077028199999994],[12.686659,46.07690970000001],[12.686542799999998,46.076755699999985],[12.6864453,46.0766175],[12.686320800000003,46.076495099999995],[12.6862004,46.07638430000001],[12.686073799999999,46.0762619],[12.685986699999999,46.07618419999999],[12.685926499999999,46.07613380000001],[12.6858456,46.0761108],[12.6856318,46.0760546],[12.685326799999999,46.0759841],[12.685129600000002,46.0759337],[12.684978200000002,46.0758848],[12.684847400000002,46.0758689],[12.684635799999999,46.075844499999995],[12.684397099999998,46.0758373],[12.684119,46.0758013],[12.6838451,46.0757754],[12.6835712,46.07575949999999]]},"properties":{"class":"track","name":null,"name:it":null,"source":"overpass","osm_id":379094487,"highway":"track","sac_scale":null,"access":null,"trail_visibility":null,"surface":null,"mtb:scale":null,"smoothness":null,"ref":null,"slope":0.7366476415817502,"grade":-0.6902230269895872,"slope_class":"0-3: flat","length_m":418.3691271943759,"shade_pct":71.3}},{"type":"Feature","geometry":{"type":"LineString","coordinates":[[12.633610199999998,46.132108699999996],[12.6336421,46.1320743],[12.6336839,46.1320224],[12.633741099999996,46.131921699999985],[12.633795199999998,46.13174600000001],[12.633866300000001,46.1315949],[12.633917299999998,46.1314856],[12.6339776,46.13131639999999],[12.634033299999999,46.1311471],[12.634070399999999,46.13101],[12.634143,46.1309125],[12.6342574,46.130774300000006],[12.634453799999998,46.130605],[12.6346795,46.130422900000006],[12.6348202,46.1302825],[12.634971700000001,46.1300993],[12.6351154,46.1298925],[12.635246799999997,46.1297243],[12.635424599999999,46.12955929999999],[12.635506199999998,46.12946989999999],[12.635555699999998,46.12949489999999],[12.635639199999998,46.12949489999999],[12.6357196,46.1295067],[12.635851000000002,46.1295882],[12.6360009,46.12968779999999],[12.6361246,46.12975740000001],[12.6362544,46.1298895],[12.636494,46.13009739999999],[12.6365806,46.1301949],[12.636795399999999,46.1303781],[12.636959300000001,46.130516300000004],[12.6370072,46.1305463],[12.637038199999997,46.130556999999996],[12.637075299999998,46.130549499999994],[12.637476499999998,46.1304101],[12.637664299999999,46.1303448],[12.638070699999998,46.13022339999999],[12.6383599,46.13013699999999],[12.6388191,46.130006699999996],[12.6392213,46.129937000000005],[12.6396805,46.129867299999994],[12.6400696,46.1297885],[12.640153,46.12977099999999],[12.6401906,46.1297924],[12.640269699999997,46.1298984],[12.6403166,46.1299941],[12.640431999999999,46.1301856],[12.6406238,46.130558300000004],[12.6407391,46.130797999999984],[12.640865199999999,46.131049],[12.640964399999998,46.13120980000001],[12.6410046,46.13128509999999],[12.641011299999999,46.13132409999999],[12.641007299999998,46.13136589999999],[12.6410167,46.13141050000001],[12.641035499999997,46.131444],[12.641056000000003,46.131483100000004]]},"properties":{"class":"track","name":null,"name:it":null,"source":"overpass","osm_id":379094489,"highway":"track","sac_scale":null,"access":null,"trail_visibility":null,"surface":null,"mtb:scale":null,"smoothness":null,"ref":null,"slope":1.3733183880981892,"grade":-0.8733274117044929,"slope_class":"0-3: flat","length_m":967.753907982197,"shade_pct":51.0}},{"type":"Feature","geometry":{"type":"LineString","coordinates":[[12.685559,46.08072179999999],[12.685674899999999,46.080617],[12.685820100000003,46.0804875],[12.685899000000001,46.0803824],[12.686008999999999,46.08020969999999],[12.6860878,46.08006719999999],[12.6862435,46.0798081],[12.6863825,46.079541799999994],[12.686451000000002,46.0793748],[12.6864803,46.07927629999998],[12.6864686,46.0790544],[12.6864745,46.078804099999985],[12.686451,46.0785557],[12.6864392,46.0782768],[12.686445099999998,46.07809159999999],[12.686453899999998,46.0780529],[12.6864818,46.0779938],[12.6865258,46.077939900000004],[12.686392299999998,46.077897099999994],[12.6861839,46.077824899999996],[12.686069500000002,46.0777974],[12.6858501,46.07774659999999],[12.6855119,46.0776919],[12.6852234,46.0776645],[12.6850616,46.0776473],[12.6848001,46.07760840000001],[12.6844224,46.07755939999999],[12.684117400000002,46.0774947],[12.683953399999998,46.07747739999999],[12.6838663,46.07745719999999],[12.683847599999998,46.077437100000004],[12.6838414,46.077401099999996],[12.683845499999999,46.07735499999999],[12.6838891,46.0771765],[12.6839202,46.0770513],[12.6839513,46.07692320000001],[12.6839659,46.0768786],[12.6839596,46.07684110000001],[12.6839244,46.07680229999999],[12.6838766,46.076784999999994],[12.6837833,46.0767749],[12.683559100000002,46.0767591],[12.6834616,46.0767504]]},"properties":{"class":"track","name":null,"name:it":null,"source":"overpass","osm_id":379094490,"highway":"track","sac_scale":null,"access":null,"trail_visibility":null,"surface":null,"mtb:scale":null,"smoothness":null,"ref":null,"slope":1.0299045289276785,"grade":-1.170799498803415,"slope_class":"0-3: flat","length_m":652.7084053325493,"shade_pct":63.9}},{"type":"Feature","geometry":{"type":"LineString","coordinates":[[12.635150699999999,46.129090600000005],[12.6353053,46.1292341],[12.635428899999999,46.1293756],[12.635506199999998,46.12946989999999],[12.635617499999999,46.1293499],[12.6358649,46.1291163],[12.636136999999998,46.12881840000001],[12.636393600000002,46.128578499999996],[12.636532699999998,46.1284177],[12.6365637,46.1283749],[12.636560600000001,46.1282377],[12.6365729,46.1279956],[12.636622399999998,46.12778769999999],[12.6366966,46.127599200000006],[12.6367584,46.12748349999998],[12.6369316,46.1273463],[12.637030499999998,46.12722629999999],[12.6370924,46.127101999999994],[12.637284099999999,46.12671629999999],[12.6375809,46.126257700000004],[12.638112700000002,46.1256277],[12.638459000000001,46.125122],[12.638935100000001,46.1245134],[12.639287599999998,46.12414479999999],[12.6395597,46.1238941],[12.6398163,46.123669],[12.639930499999998,46.12356129999999],[12.6398512,46.1235261],[12.639796499999996,46.123459399999994],[12.6397353,46.12331689999999],[12.6396763,46.123163899999994],[12.6395845,46.12299269999999],[12.6395385,46.122882],[12.639501399999999,46.12285779999999],[12.639429199999999,46.12284869999999],[12.6393112,46.122851700000005],[12.639018199999999,46.1229017],[12.638957000000001,46.12291080000001],[12.638939500000001,46.1229002],[12.6389242,46.12286989999999],[12.6388389,46.12273199999999],[12.638734,46.12252899999999],[12.638650899999998,46.122339499999995],[12.638596199999999,46.122238],[12.638541599999998,46.1221835]]},"properties":{"class":"track","name":null,"name:it":null,"source":"overpass","osm_id":379094491,"highway":"track","sac_scale":null,"access":null,"trail_visibility":null,"surface":null,"mtb:scale":null,"smoothness":null,"ref":null,"slope":1.3887399603476724,"grade":-1.5251325026710347,"slope_class":"0-3: flat","length_m":1019.1285200146937,"shade_pct":98.8}},{"type":"Feature","geometry":{"type":"LineString","coordinates":[[12.635264000000001,46.1024293],[12.6353179,46.1024963],[12.6354159,46.10260220000001],[12.6355943,46.1027691],[12.635828800000002,46.102957599999996],[12.6359969,46.10306690000001],[12.636472,46.10342260000001],[12.6367406,46.10341599999999],[12.6373377,46.10323509999999],[12.639000500000002,46.1026402]]},"properties":{"class":"track","name":null,"name:it":null,"source":"overpass","osm_id":379094493,"highway":"track","sac_scale":null,"access":null,"trail_visibility":null,"surface":null,"mtb:scale":null,"smoothness":null,"ref":null,"slope":0.036432839858925196,"grade":0.1829851255545757,"slope_class":"0-3: flat","length_m":361.0372860896617,"shade_pct":0.0}},{"type":"Feature","geometry":{"type":"LineString","coordinates":[[12.686824499999998,46.0770648],[12.6869184,46.07708589999999],[12.6870409,46.0771032],[12.687252500000001,46.077114699999996],[12.6874528,46.077127],[12.6877391,46.07714709999999],[12.688125099999999,46.07716009999999],[12.6884115,46.07718309999999],[12.688557500000002,46.0772011]]},"properties":{"class":"track","name":null,"name:it":null,"source":"overpass","osm_id":379094494,"highway":"track","sac_scale":null,"access":null,"trail_visibility":null,"surface":null,"mtb:scale":null,"smoothness":null,"ref":null,"slope":0.14378275430056578,"grade":-0.0910129511746608,"slope_class":"0-3: flat","length_m":135.28093239063278,"shade_pct":41.1}},{"type":"Feature","geometry":{"type":"LineString","coordinates":[[12.6368135,46.1517027],[12.6367132,46.15169360000001],[12.6367493,46.15164279999999],[12.636773399999997,46.1515877],[12.6367755,46.15155320000001],[12.636768200000002,46.151469999999996],[12.636749699999998,46.1514261],[12.6367205,46.15133350000001],[12.6367014,46.151282299999984],[12.6366715,46.15120759999999],[12.636649200000003,46.15115649999999],[12.636620499999998,46.151122300000004],[12.636574400000002,46.1510872],[12.636536099999999,46.15105950000001],[12.6364775,46.1510379],[12.6363885,46.151012],[12.6362927,46.1509974],[12.6361588,46.15097949999999],[12.635987699999998,46.150956599999994],[12.635829299999997,46.150937299999995],[12.6356758,46.15091650000001],[12.6355702,46.15089929999999],[12.6354689,46.15087900000001],[12.635379,46.15085500000001],[12.635260599999999,46.150827699999994],[12.6351733,46.150803200000006],[12.635097299999998,46.150778499999994],[12.6350025,46.1507458],[12.634901299999997,46.15070399999999],[12.634824400000001,46.1506659],[12.634741799999999,46.1506206],[12.634645499999998,46.15055560000001],[12.6345146,46.150465999999994],[12.6344056,46.1503873],[12.634269499999998,46.1502944],[12.634186,46.150230399999984],[12.6341163,46.1501549],[12.634036599999998,46.1500675],[12.6339479,46.1499584],[12.633945999999998,46.1499423],[12.6339968,46.149859199999995],[12.6340484,46.1497721],[12.6340777,46.1497547],[12.634138,46.1497407],[12.6341835,46.149735599999985],[12.6342271,46.14972449999999],[12.6342683,46.14970919999999],[12.634307599999998,46.14968399999999],[12.634331100000002,46.14966209999999],[12.6343498,46.149636099999995],[12.6343658,46.1496039],[12.634370299999999,46.14954509999999],[12.6343645,46.14946749999999],[12.634346500000001,46.1494025],[12.6343381,46.149358299999996],[12.634328300000002,46.14932439999999],[12.634305,46.1492599],[12.6342778,46.14913419999999],[12.6342639,46.1490705],[12.634255199999998,46.1489983],[12.6342641,46.14898529999999],[12.634280399999998,46.1489768],[12.6344232,46.1490546],[12.6343395,46.14896230000001],[12.6344625,46.1490221],[12.6343831,46.148936899999995],[12.6345074,46.1489968],[12.634426100000002,46.14890870000001],[12.6345505,46.1489681],[12.634472499999998,46.148880199999994],[12.634597499999998,46.1489395],[12.6345155,46.14885329999999],[12.634624300000002,46.1489027],[12.6345566,46.1488247],[12.634669999999998,46.14887689999999],[12.634600299999999,46.148796899999994],[12.6347269,46.1488503],[12.634682599999998,46.1488114],[12.634640000000001,46.14877009999999],[12.6347664,46.1488267],[12.6346805,46.148740399999994],[12.634802899999999,46.148797],[12.6347274,46.1487137],[12.6348498,46.14877299999999],[12.6347632,46.14868439999999],[12.6348939,46.1487513],[12.6348102,46.14865679999999],[12.6349286,46.148716],[12.6348456,46.14862329999999],[12.634981800000002,46.1486839],[12.634902,46.148592199999996],[12.635029799999998,46.14864930000001],[12.6349553,46.148558699999995],[12.6350867,46.1486228],[12.635003200000002,46.148526000000004],[12.635138100000002,46.1485865],[12.6350518,46.1484914],[12.6351709,46.14855179999999],[12.635284700000001,46.1485232],[12.6355399,46.14834280000001]]},"properties":{"class":"path","name":null,"name:it":null,"source":"overpass","osm_id":380398594,"highway":"path","sac_scale":null,"access":null,"trail_visibility":null,"surface":null,"mtb:scale":null,"smoothness":null,"ref":null,"slope":6.42347399022825,"grade":-5.8303205666135,"slope_class":"5-8: medium","length_m":901.748514526367,"shade_pct":67.5}},{"type":"Feature","geometry":{"type":"LineString","coordinates":[[12.6316625,46.15537650000001],[12.6316212,46.1553274],[12.631545600000003,46.15527819999999],[12.631404199999999,46.1552296],[12.6312429,46.15520329999999],[12.6311374,46.155128],[12.6310722,46.1550533],[12.6309466,46.1549288],[12.630815700000001,46.1547408],[12.630642700000001,46.15465669999999],[12.630454600000002,46.154613]]},"properties":{"class":"path","name":null,"name:it":null,"source":"overpass","osm_id":380398595,"highway":"path","sac_scale":"demanding_mountain_hiking","access":null,"trail_visibility":"no","surface":null,"mtb:scale":null,"smoothness":null,"ref":null,"slope":31.676951839017963,"grade":32.84319099820376,"slope_class":">20: impossible","length_m":132.51974255663373,"shade_pct":100.0}},{"type":"Feature","geometry":{"type":"LineString","coordinates":[[12.6318221,46.154545],[12.6317509,46.15438459999999],[12.631616499999998,46.1543327],[12.6314846,46.15423600000001],[12.631381199999998,46.15419479999999],[12.6312047,46.15417390000001],[12.631005599999998,46.15414349999999],[12.630942300000001,46.154102300000005],[12.6308311,46.15396710000002],[12.6307174,46.15387390000001],[12.630500299999998,46.1537199],[12.630378700000001,46.15359999999999],[12.6302236,46.1534889],[12.629983200000002,46.153317],[12.629786799999998,46.15323099999999],[12.629442899999999,46.153143299999996],[12.629143100000002,46.1530788],[12.628959500000002,46.1530842],[12.628757900000002,46.1531057],[12.628564,46.15312],[12.6284425,46.153096699999985],[12.628372499999998,46.15305889999999]]},"properties":{"class":"path","name":null,"name:it":null,"source":"overpass","osm_id":380399715,"highway":"path","sac_scale":null,"access":null,"trail_visibility":"horrible","surface":null,"mtb:scale":null,"smoothness":null,"ref":null,"slope":4.597791127554635,"grade":8.155938807705718,"slope_class":"3-5: mild","length_m":338.10594661738554,"shade_pct":96.6}},{"type":"Feature","geometry":{"type":"LineString","coordinates":[[12.634229299999998,46.143276699999994],[12.634826099999996,46.14408939999999]]},"properties":{"class":"track","name":"Via Vittorio Alfieri","name:it":null,"source":"overpass","osm_id":380746104,"highway":"track","sac_scale":null,"access":null,"trail_visibility":null,"surface":null,"mtb:scale":null,"smoothness":null,"ref":null,"slope":0.5966397883137918,"grade":0.6091163623810834,"slope_class":"0-3: flat","length_m":101.48037109125468,"shade_pct":56.1}},{"type":"Feature","geometry":{"type":"LineString","coordinates":[[12.6453034,46.154888],[12.6453812,46.1548502],[12.6454123,46.15477469999999],[12.6453475,46.1547316],[12.645119100000002,46.1546345],[12.6449064,46.15453210000001],[12.644652100000002,46.15447640000001],[12.6445146,46.15439909999999],[12.6443926,46.15427509999999],[12.6443355,46.1541627],[12.6443303,46.1541088],[12.6443353,46.154053299999994],[12.6443578,46.15398679999999],[12.6445145,46.15368039999999]]},"properties":{"class":"track","name":"Vicolo Cavallotti","name:it":null,"source":"overpass","osm_id":380746105,"highway":"track","sac_scale":null,"access":null,"trail_visibility":null,"surface":null,"mtb:scale":null,"smoothness":null,"ref":null,"slope":2.6340492732005742,"grade":-2.273353411359395,"slope_class":"0-3: flat","length_m":183.89586970746788,"shade_pct":26.3}},{"type":"Feature","geometry":{"type":"LineString","coordinates":[[12.689833999999998,46.09176119999999],[12.689886499999998,46.091800299999996],[12.689888600000002,46.09189659999999],[12.6898613,46.09200309999999],[12.6898255,46.09214459999999],[12.6898318,46.092252599999995],[12.6898528,46.09232409999999],[12.6899391,46.0923956],[12.690029600000003,46.0924627],[12.690065300000002,46.092505],[12.6900653,46.092545900000005],[12.690059,46.092648000000004],[12.689947499999999,46.0932623],[12.6898528,46.093663500000005]]},"properties":{"class":"track","name":null,"name:it":null,"source":"overpass","osm_id":382316971,"highway":"track","sac_scale":null,"access":null,"trail_visibility":null,"surface":null,"mtb:scale":null,"smoothness":null,"ref":null,"slope":0.8550381073632981,"grade":1.0047983343008864,"slope_class":"0-3: flat","length_m":220.88530887554805,"shade_pct":0.1}},{"type":"Feature","geometry":{"type":"LineString","coordinates":[[12.664971400000002,46.1048082],[12.6650847,46.105091800000004],[12.6652404,46.10540189999998],[12.665631700000002,46.10611670000001],[12.665884199999999,46.10659809999999],[12.6661157,46.10700359999999],[12.6663176,46.10733029999999],[12.6665449,46.10758999999999],[12.6668815,46.1079605],[12.6669446,46.1079955],[12.6674243,46.10804509999999],[12.6680428,46.1081268],[12.668842299999998,46.108196799999995],[12.669373,46.1082685],[12.6701545,46.1083701],[12.671185399999999,46.10847509999999],[12.672578199999998,46.1086268],[12.6733356,46.1087085],[12.6744591,46.1088339],[12.6751576,46.1089243],[12.6754879,46.10894909999999],[12.675591999999998,46.108945],[12.675734899999998,46.10893050000001],[12.675880600000001,46.1089491],[12.676327,46.1090275],[12.6766552,46.1090858],[12.677261099999997,46.10915289999999],[12.6782499,46.1092492],[12.6789905,46.109330899999996],[12.6797395,46.10941549999999],[12.6806947,46.109505899999995],[12.6811744,46.10954379999999],[12.681462300000002,46.10957569999999]]},"properties":{"class":"track","name":null,"name:it":null,"source":"overpass","osm_id":382316972,"highway":"track","sac_scale":null,"access":null,"trail_visibility":null,"surface":null,"mtb:scale":null,"smoothness":null,"ref":null,"slope":0.6578447837272186,"grade":0.7650822059729241,"slope_class":"0-3: flat","length_m":1526.097879307587,"shade_pct":68.3}},{"type":"Feature","geometry":{"type":"LineString","coordinates":[[12.6724611,46.10353440000001],[12.6724815,46.1034539],[12.672511200000002,46.1033879],[12.672561800000002,46.10328069999999],[12.672564799999998,46.10317959999998],[12.6725529,46.10306199999999],[12.6725469,46.1029691],[12.6725261,46.10281229999999],[12.672535,46.102729800000006],[12.672532,46.10264519999999],[12.6725053,46.10256269999999],[12.6724577,46.10250289999999],[12.6723476,46.10245129999999],[12.6721839,46.10242859999999],[12.6719191,46.10243690000001],[12.671719800000002,46.10246160000001],[12.6715055,46.10247400000001],[12.6713091,46.1025194],[12.6711485,46.10253999999999],[12.6710384,46.1025359],[12.670993799999998,46.1025091],[12.670981899999997,46.10246779999999],[12.670964000000001,46.1023523],[12.6709223,46.10201389999999],[12.6708807,46.10171689999999],[12.6708569,46.10144869999999],[12.6708182,46.1012547],[12.6707617,46.10102369999999],[12.670752699999998,46.1009473],[12.6706605,46.10045629999999],[12.670598,46.100202499999995],[12.6705742,46.0999983],[12.670556400000002,46.0998889],[12.6705207,46.09981260000001],[12.670482,46.09973209999999],[12.670368899999998,46.09956089999999],[12.6702469,46.099422699999984],[12.6701904,46.0993773],[12.670101099999998,46.09938759999999],[12.6698691,46.0994062],[12.669613200000002,46.0994392],[12.6692859,46.099476300000006],[12.6691817,46.0995134],[12.669143100000001,46.09955260000002],[12.6691401,46.0996001],[12.6691609,46.099662],[12.669175800000001,46.0997259],[12.669181699999998,46.0997858],[12.6691282,46.0998229],[12.6690359,46.0998374],[12.6686343,46.09986209999999],[12.668057,46.09989099999999],[12.6679172,46.0998972],[12.667792200000001,46.09992810000001],[12.667762499999998,46.0999673],[12.6677922,46.10014890000001],[12.6678577,46.1003531],[12.667946899999999,46.1006358],[12.6680481,46.1008442],[12.668131399999998,46.101011299999996],[12.6681671,46.101087599999985],[12.668179000000002,46.101186599999984],[12.668196899999998,46.101296],[12.6682594,46.1014074],[12.668402199999997,46.1016013],[12.6684587,46.1017643],[12.668503299999998,46.102016],[12.668539,46.10220369999999],[12.6686075,46.102342],[12.668690799999998,46.102352299999986],[12.6687771,46.10234399999999],[12.668907999999998,46.102323399999996],[12.669000199999997,46.10234399999999],[12.669026999999998,46.102387399999984],[12.669053799999999,46.102461599999984],[12.6690657,46.10262869999999],[12.669080599999997,46.10276079999999],[12.669086499999999,46.1028392],[12.6691252,46.10289070000001],[12.6692234,46.10292170000001],[12.6693156,46.1029341],[12.6693603,46.102940199999985],[12.669393,46.10301859999999],[12.669467400000002,46.10326210000001],[12.669532800000002,46.1035241],[12.669619100000002,46.103755099999994],[12.669641400000001,46.1038088],[12.669673400000002,46.103854199999994]]},"properties":{"class":"track","name":null,"name:it":null,"source":"overpass","osm_id":382316973,"highway":"track","sac_scale":null,"access":null,"trail_visibility":null,"surface":null,"mtb:scale":null,"smoothness":null,"ref":null,"slope":0.017182852097399566,"grade":0.05185024229438098,"slope_class":"0-3: flat","length_m":1310.2780125144657,"shade_pct":73.3}},{"type":"Feature","geometry":{"type":"LineString","coordinates":[[12.6729001,46.1038085],[12.6729665,46.1038242],[12.6730572,46.103829299999994],[12.6731852,46.103818],[12.6733756,46.1037943],[12.673506499999998,46.1037695],[12.673710300000002,46.103749900000004],[12.6738487,46.103741699999986],[12.6740614,46.1037375],[12.6741802,46.10373609999999]]},"properties":{"class":"track","name":null,"name:it":null,"source":"overpass","osm_id":382317155,"highway":"track","sac_scale":null,"access":null,"trail_visibility":null,"surface":null,"mtb:scale":null,"smoothness":null,"ref":null,"slope":0.2343909813407403,"grade":-0.09568687718656364,"slope_class":"0-3: flat","length_m":100.22428579295196,"shade_pct":21.9}},{"type":"Feature","geometry":{"type":"LineString","coordinates":[[12.6304022,46.15178310000001],[12.6303073,46.1517791],[12.6301643,46.15177909999999],[12.6300561,46.1517791],[12.6299689,46.151769399999985],[12.6298817,46.1517477],[12.629787499999999,46.151723499999996],[12.629710700000002,46.1517114],[12.629637499999998,46.1517017],[12.629553699999999,46.1516848],[12.6294526,46.15166060000001],[12.629421199999996,46.151626799999995],[12.6293932,46.151588100000005],[12.6293967,46.1515084],[12.6293967,46.151445499999994],[12.629396699999997,46.1514044],[12.6294,46.1513048],[12.629414,46.1512347],[12.6294611,46.151182799999994],[12.629511700000002,46.15116339999999],[12.629564,46.15115260000001],[12.629611100000002,46.15115260000001],[12.6296791,46.151161],[12.6297402,46.1511538],[12.629782100000002,46.15112239999999],[12.6298047,46.1510982],[12.6298518,46.1510535],[12.629876299999998,46.151024499999984],[12.6298709,46.150993699999994]]},"properties":{"class":"path","name":null,"name:it":null,"source":"overpass","osm_id":387847852,"highway":"path","sac_scale":null,"access":null,"trail_visibility":"horrible","surface":null,"mtb:scale":null,"smoothness":null,"ref":null,"slope":32.93207859091145,"grade":25.201603138764096,"slope_class":">20: impossible","length_m":174.64970829370026,"shade_pct":14.0}},{"type":"Feature","geometry":{"type":"LineString","coordinates":[[12.640833299999999,46.15733029999999],[12.640841400000001,46.1572552],[12.640804400000002,46.157222700000005],[12.6407131,46.1571424],[12.640616899999998,46.1570808],[12.640459,46.157062100000005],[12.640271499999997,46.15703299999999],[12.640167899999998,46.1570245],[12.6400445,46.15702449999999],[12.6398225,46.156966399999995],[12.6395511,46.15686719999999],[12.639370999999999,46.15678689999999]]},"properties":{"class":"path","name":null,"name:it":null,"source":"overpass","osm_id":387847853,"highway":"path","sac_scale":null,"access":null,"trail_visibility":null,"surface":null,"mtb:scale":null,"smoothness":null,"ref":null,"slope":5.634736542411633,"grade":3.102209067019067,"slope_class":"5-8: medium","length_m":137.87860916007892,"shade_pct":26.7}},{"type":"Feature","geometry":{"type":"LineString","coordinates":[[12.6351097,46.1528387],[12.635182399999998,46.1529178],[12.6352177,46.1529703],[12.635243,46.152991699999994],[12.6352612,46.1530206],[12.6352612,46.153046],[12.635249900000002,46.1530641],[12.635206200000002,46.15306840000001],[12.635174,46.15306840000001],[12.6351164,46.1530641],[12.635084099999998,46.153063499999995],[12.635046600000003,46.15306230000001],[12.6349699,46.1530563],[12.6349001,46.153059899999995],[12.6348338,46.15306109999999],[12.634730899999997,46.153053899999996],[12.634666299999997,46.1530478],[12.634607,46.15304179999999],[12.6345111,46.1530297],[12.6344413,46.153017600000005],[12.634382,46.1530164],[12.6343149,46.1529508],[12.6342505,46.152891399999994],[12.6342157,46.1528226],[12.634132499999998,46.1527353],[12.6340038,46.152627499999994],[12.6339394,46.1525662],[12.633858799999999,46.1524899]]},"properties":{"class":"path","name":null,"name:it":null,"source":"overpass","osm_id":387847854,"highway":"path","sac_scale":null,"access":null,"trail_visibility":null,"surface":null,"mtb:scale":null,"smoothness":null,"ref":null,"slope":12.69492739451248,"grade":10.334392402843049,"slope_class":"10-20: extreme","length_m":167.64215939021463,"shade_pct":100.0}},{"type":"Feature","geometry":{"type":"LineString","coordinates":[[12.6434002,46.1547182],[12.643266299999997,46.15458379999998],[12.643088599999999,46.15450179999999],[12.642819699999999,46.1544505],[12.642523699999998,46.1543907],[12.6423929,46.1543702],[12.642156099999998,46.1543616],[12.641975999999998,46.1543582],[12.641746599999998,46.1543702],[12.641571399999998,46.15438379999999],[12.641453,46.15439409999999],[12.6412926,46.1544009],[12.6411767,46.1544129],[12.641078,46.154407799999994],[12.6409769,46.1543924],[12.6408856,46.154370199999995],[12.640836199999999,46.1543309],[12.640757299999999,46.154286400000004],[12.6406783,46.1542728],[12.640545099999999,46.1542779],[12.640345299999998,46.154272799999994],[12.640175099999999,46.1542728],[12.6399752,46.15432229999999],[12.6399118,46.1543513],[12.6398289,46.15440019999999],[12.6397549,46.1544547],[12.639687600000002,46.1544728],[12.6396059,46.15448769999999],[12.6395537,46.1545013],[12.6394614,46.1545023],[12.639370600000001,46.154478600000004],[12.6392249,46.1544464],[12.6391043,46.15441679999999],[12.6389427,46.154374999999995],[12.6389331,46.1542688],[12.6388999,46.15421680000001],[12.638847599999998,46.1540948],[12.6387377,46.15387969999999],[12.638683599999998,46.1537323],[12.638680099999997,46.15364159999999],[12.6386662,46.1534966],[12.638613900000001,46.153406000000004],[12.6385781,46.1533737]]},"properties":{"class":"path","name":null,"name:it":null,"source":"overpass","osm_id":387847855,"highway":"path","sac_scale":null,"access":null,"trail_visibility":null,"surface":null,"mtb:scale":null,"smoothness":null,"ref":null,"slope":2.482609627229922,"grade":-3.111181322093904,"slope_class":"0-3: flat","length_m":488.11546658237944,"shade_pct":87.6}},{"type":"Feature","geometry":{"type":"LineString","coordinates":[[12.6443353,46.154053299999994],[12.644246400000002,46.1543021],[12.6441971,46.154437099999996],[12.644192099999998,46.154514],[12.644204499999999,46.1545824],[12.6442069,46.1546319],[12.644145300000002,46.15465069999999],[12.644044100000002,46.1546473],[12.643910899999998,46.15464049999999],[12.643792499999998,46.154638799999994],[12.6436185,46.15463789999999],[12.643498900000003,46.154663600000006],[12.643429800000002,46.154695200000006],[12.6434002,46.1547182],[12.6433965,46.15475159999999],[12.643453300000001,46.15481139999999],[12.643497699999998,46.1548473],[12.643544499999999,46.154895999999994],[12.643601300000002,46.154948899999994],[12.6436296,46.1549874],[12.643665399999998,46.1550335],[12.643761600000001,46.15518559999999],[12.643825800000002,46.15535140000001],[12.6438603,46.155501799999996],[12.643872599999998,46.15562649999999],[12.643914599999999,46.15573929999999],[12.643941699999997,46.1558675],[12.643961500000001,46.15596149999999],[12.6439417,46.1559905],[12.6438751,46.15598369999999],[12.6437123,46.155911899999985],[12.6434853,46.155855499999994],[12.6432633,46.1557615],[12.642999300000001,46.1557325],[12.642762499999998,46.1557034],[12.6425207,46.15573929999999],[12.6424146,46.15582140000001],[12.642303600000002,46.15589309999999],[12.642172899999997,46.155899999999995],[12.642108700000001,46.1559239],[12.6419977,46.1559666],[12.641889100000002,46.1560401],[12.6417757,46.15615799999999],[12.641743599999998,46.15627249999999],[12.6416943,46.156417799999986],[12.6416868,46.15653910000001],[12.641642400000002,46.15663479999999],[12.6415709,46.1567271],[12.641492,46.156773199999996],[12.6413587,46.15683129999999],[12.641205799999998,46.156962899999996],[12.6411712,46.1570142],[12.6410183,46.157108199999996],[12.6409985,46.1571646],[12.640912199999997,46.157299599999995],[12.640833299999999,46.15733029999999],[12.640719799999998,46.1574175],[12.6406063,46.157496099999996],[12.640448399999999,46.1575559],[12.6401227,46.15758829999999],[12.6398292,46.157637900000005],[12.639654000000002,46.15777289999999],[12.6396071,46.157909599999996],[12.6395923,46.15799330000001],[12.639651299999999,46.15810979999999],[12.639672200000001,46.158230599999996],[12.6395955,46.158365999999994],[12.639459400000002,46.1585013],[12.6393677,46.15856990000001]]},"properties":{"class":"path","name":null,"name:it":null,"source":"overpass","osm_id":387847856,"highway":"path","sac_scale":null,"access":null,"trail_visibility":null,"surface":null,"mtb:scale":null,"smoothness":null,"ref":null,"slope":22.344285014625857,"grade":21.371233503714407,"slope_class":">20: impossible","length_m":839.1892435327451,"shade_pct":50.9}},{"type":"Feature","geometry":{"type":"LineString","coordinates":[[12.6534267,46.16420610000001],[12.6533632,46.164264300000006],[12.6533262,46.164312499999994],[12.6533196,46.1643925],[12.6533915,46.16448449999999],[12.653430699999998,46.1645267],[12.653517800000001,46.164621700000005],[12.6536694,46.1647944],[12.653808,46.16499919999999],[12.653922000000001,46.16516980000001],[12.6540359,46.165268],[12.6541314,46.1654557],[12.6542484,46.165615599999995],[12.6544117,46.165807599999994],[12.654517899999998,46.1659782],[12.654527199999999,46.1660657],[12.654524099999998,46.166188299999995],[12.654535,46.1662524],[12.654528399999998,46.166308199999996],[12.654474000000002,46.1662939],[12.654507800000001,46.1663346],[12.654448699999998,46.16632019999999]]},"properties":{"class":"path","name":"Troi degli Ellebori","name:it":null,"source":"overpass","osm_id":409025109,"highway":"path","sac_scale":null,"access":null,"trail_visibility":null,"surface":null,"mtb:scale":null,"smoothness":null,"ref":null,"slope":20.102767492216252,"grade":-17.95295760221726,"slope_class":">20: impossible","length_m":274.4130514906248,"shade_pct":66.5}},{"type":"Feature","geometry":{"type":"LineString","coordinates":[[12.654648800000002,46.156720400000005],[12.654571399999998,46.156744],[12.6544448,46.156792799999984],[12.6543455,46.1568261],[12.654194999999998,46.15685599999998],[12.654052400000001,46.156862699999984],[12.6539419,46.1568627],[12.6538026,46.156863799999996],[12.6537033,46.156890399999995],[12.6536095,46.1569505]]},"properties":{"class":"path","name":null,"name:it":null,"source":"overpass","osm_id":413330581,"highway":"path","sac_scale":null,"access":null,"trail_visibility":null,"surface":null,"mtb:scale":null,"smoothness":null,"ref":null,"slope":18.40153209185515,"grade":-17.12327372139476,"slope_class":"10-20: extreme","length_m":86.78167226097233,"shade_pct":100.0}},{"type":"Feature","geometry":{"type":"LineString","coordinates":[[12.629846799999997,46.157675699999984],[12.629808799999998,46.15758319999999],[12.629629899999998,46.1575063],[12.6294759,46.1574059],[12.6293309,46.157302400000006],[12.629183699999999,46.1571926],[12.6290704,46.157117299999996],[12.628982100000002,46.1570514],[12.6288054,46.15697920000001],[12.6287262,46.15692430000001],[12.628659500000001,46.15686420000001],[12.628546299999998,46.156824900000004],[12.6283741,46.156814],[12.628204199999999,46.15683589999999],[12.628048,46.1568846],[12.6278939,46.1569191],[12.627746700000001,46.156925300000005],[12.6275882,46.156944199999984],[12.6274205,46.156975599999996],[12.627343499999998,46.1570195],[12.627318599999999,46.15709009999999],[12.6273118,46.157165400000004],[12.6273277,46.15723439999999],[12.6273684,46.15729089999999],[12.6273904,46.157351799999994]]},"properties":{"class":"path","name":null,"name:it":null,"source":"overpass","osm_id":413330583,"highway":"path","sac_scale":null,"access":null,"trail_visibility":null,"surface":null,"mtb:scale":null,"smoothness":null,"ref":null,"slope":22.172939903886157,"grade":17.91022473495679,"slope_class":">20: impossible","length_m":276.54167701856727,"shade_pct":91.3}},{"type":"Feature","geometry":{"type":"LineString","coordinates":[[12.6420996,46.1611372],[12.642189500000002,46.16108740000001],[12.642200699999997,46.16102529999999],[12.6422424,46.160989799999996],[12.642309699999998,46.160977599999995],[12.642407399999998,46.161001999999996],[12.642481,46.16104970000001],[12.6425499,46.16109959999999],[12.642583499999999,46.16114850000001],[12.6426156,46.161191699999996],[12.642679599999997,46.1612516],[12.6427533,46.1612827],[12.642858999999998,46.1613437],[12.6429647,46.1613881],[12.643040000000001,46.16143580000001],[12.6430896,46.1614801],[12.643161699999999,46.16161439999999],[12.643225800000002,46.16172749999999],[12.643284999999999,46.1618085],[12.643329899999998,46.1618662],[12.643400400000003,46.161936100000005],[12.64345,46.16197489999999],[12.643496500000001,46.1620803],[12.643538100000002,46.162157900000004],[12.6436262,46.16222119999999],[12.643690300000001,46.1622711],[12.643720599999998,46.1623049]]},"properties":{"class":"path","name":null,"name:it":null,"source":"overpass","osm_id":413330587,"highway":"path","sac_scale":null,"access":null,"trail_visibility":null,"surface":null,"mtb:scale":null,"smoothness":null,"ref":null,"slope":17.09991932503622,"grade":12.526678085810323,"slope_class":"10-20: extreme","length_m":215.74365135099805,"shade_pct":19.6}},{"type":"Feature","geometry":{"type":"LineString","coordinates":[[12.6425617,46.13577620000001],[12.6423664,46.135868599999995],[12.642251100000001,46.1360394],[12.6424027,46.1362652],[12.642568899999999,46.13639190000001],[12.6426943,46.13649629999999],[12.642749,46.1365714],[12.6428021,46.1366229],[12.642831599999997,46.13670559999999],[12.642914099999999,46.1368252],[12.6430417,46.1369552],[12.6430644,46.13702839999999],[12.643069599999999,46.137106]]},"properties":{"class":"cycleway","name":null,"name:it":null,"source":"overpass","osm_id":418309985,"highway":"cycleway","sac_scale":null,"access":null,"trail_visibility":null,"surface":null,"mtb:scale":null,"smoothness":null,"ref":null,"slope":3.511267480885638,"grade":-3.197856326039123,"slope_class":"3-5: mild","length_m":176.26935814512694,"shade_pct":100.0}},{"type":"Feature","geometry":{"type":"LineString","coordinates":[[12.667006699999998,46.14489879999999],[12.6668431,46.1446683],[12.6665336,46.144274499999995],[12.666173499999998,46.14383920000001],[12.6654152,46.14284779999999],[12.664289999999998,46.141113999999995]]},"properties":{"class":"path","name":null,"name:it":null,"source":"overpass","osm_id":418309987,"highway":"path","sac_scale":null,"access":null,"trail_visibility":null,"surface":null,"mtb:scale":null,"smoothness":null,"ref":null,"slope":0.9463454925187605,"grade":-0.9601799642787848,"slope_class":"0-3: flat","length_m":470.76301186266045,"shade_pct":15.3}},{"type":"Feature","geometry":{"type":"LineString","coordinates":[[12.634415,46.166785899999994],[12.634453,46.1667637],[12.634525599999998,46.166775],[12.6345582,46.1667575],[12.6344031,46.1666864],[12.6344408,46.166646599999986],[12.6344502,46.166589],[12.634439499999997,46.16652959999999],[12.634427599999999,46.1664481],[12.6343764,46.16646269999999],[12.6343263,46.1665141],[12.634280299999999,46.1665764],[12.6341731,46.16656989999999],[12.634108,46.1665653],[12.6340851,46.166535999999994],[12.634059399999998,46.16651749999999],[12.634090299999999,46.166489899999995],[12.634061200000001,46.1664874],[12.63408,46.1664659],[12.634043099999998,46.1664371],[12.633948599999998,46.1664358],[12.633896299999998,46.1664088],[12.633850699999998,46.166366999999994],[12.633836299999999,46.1663329],[12.633848499999997,46.166285999999985],[12.633810899999999,46.1662248],[12.6337031,46.16619759999999],[12.633614399999999,46.1661616],[12.6335691,46.1661163],[12.633558399999998,46.16607629999999],[12.633494000000002,46.1660169],[12.6334176,46.1659286],[12.6333682,46.1658549],[12.6331967,46.16585439999999],[12.6331091,46.16587169999998],[12.6330464,46.165869699999995],[12.6329712,46.165844199999995],[12.6329685,46.1657721],[12.632951199999997,46.165732399999996],[12.632871,46.165738499999996],[12.632809699999997,46.16571779999999],[12.6327625,46.1657065],[12.632705500000002,46.16568610000001],[12.6326711,46.1656351]]},"properties":{"class":"path","name":null,"name:it":null,"source":"overpass","osm_id":422082110,"highway":"path","sac_scale":null,"access":null,"trail_visibility":null,"surface":null,"mtb:scale":null,"smoothness":null,"ref":null,"slope":23.106045092234538,"grade":-23.367560136590825,"slope_class":">20: impossible","length_m":268.6691838535615,"shade_pct":47.2}},{"type":"Feature","geometry":{"type":"LineString","coordinates":[[12.643004299999998,46.14146859999999],[12.6431653,46.14148350000001],[12.6433852,46.14147609999999],[12.6435247,46.141468599999996],[12.643688299999999,46.14145189999999],[12.643873400000002,46.141411000000005],[12.6440906,46.14136639999999],[12.644251599999999,46.1413311],[12.6444715,46.14129579999999],[12.6446458,46.141266099999996],[12.644745099999998,46.141236799999994]]},"properties":{"class":"path","name":null,"name:it":null,"source":"overpass","osm_id":423454741,"highway":"path","sac_scale":null,"access":null,"trail_visibility":null,"surface":null,"mtb:scale":null,"smoothness":null,"ref":null,"slope":3.547870222631533,"grade":4.985925814051484,"slope_class":"3-5: mild","length_m":138.41574082178047,"shade_pct":85.3}},{"type":"Feature","geometry":{"type":"LineString","coordinates":[[12.644986700000002,46.11613600000001],[12.6452279,46.116092200000004],[12.6454988,46.1160327],[12.645713400000002,46.115928499999995],[12.645978899999998,46.1158597],[12.6462069,46.11584859999999],[12.6466334,46.11584669999999],[12.646917700000001,46.115833699999996],[12.647199300000002,46.115833699999996],[12.6473361,46.115828099999995],[12.6474622,46.1157928],[12.6474863,46.1157203],[12.647448700000002,46.115579],[12.6474085,46.115448799999996],[12.6474085,46.11540229999999],[12.6474863,46.11537069999999],[12.6479155,46.11525919999999],[12.648438499999997,46.11513459999998],[12.6487764,46.1150323],[12.6490699,46.11497219999999],[12.649397399999998,46.114902199999996],[12.6497461,46.11484920000001],[12.649894199999999,46.114798199999996]]},"properties":{"class":"track","name":null,"name:it":null,"source":"overpass","osm_id":423454743,"highway":"track","sac_scale":null,"access":null,"trail_visibility":null,"surface":null,"mtb:scale":null,"smoothness":null,"ref":null,"slope":0.12626576182615135,"grade":-0.14042881441233954,"slope_class":"0-3: flat","length_m":447.4775734606347,"shade_pct":19.7}},{"type":"Feature","geometry":{"type":"LineString","coordinates":[[12.6549353,46.1151093],[12.655178899999997,46.115050899999986],[12.6556697,46.114946800000006],[12.6561552,46.11484449999999],[12.6564073,46.1147906],[12.656506599999998,46.11474789999999],[12.6565334,46.114712499999996],[12.656506599999998,46.11462509999999],[12.656383200000002,46.11415099999999],[12.656275900000002,46.1137643],[12.6562142,46.11350949999999],[12.656058599999998,46.113016800000004],[12.656005,46.11283079999999],[12.655996899999998,46.112778799999994],[12.656018399999999,46.1125278],[12.656080100000002,46.11231389999999],[12.6561069,46.1121949],[12.656233,46.11196989999999],[12.6563188,46.111819299999986],[12.656324199999998,46.1117208],[12.6562571,46.11159250000001],[12.6561418,46.1114158],[12.656831099999998,46.11123169999999],[12.657005499999999,46.1111797],[12.657002799999999,46.11110339999999],[12.656900899999998,46.1109286],[12.656782499999998,46.1106237],[12.656589399999998,46.11021089999999],[12.656522299999999,46.110104899999996],[12.656495499999998,46.1100789],[12.6563238,46.1101123],[12.656138799999999,46.110168099999996],[12.6560234,46.1101904],[12.655948299999999,46.110168099999996],[12.655910799999997,46.1100826],[12.655693499999998,46.1097572],[12.6555004,46.10944659999999],[12.655382399999999,46.1092532],[12.6553287,46.1091677],[12.6552509,46.1091547],[12.6551597,46.109180699999996],[12.654714499999999,46.1093406],[12.6543095,46.1094448],[12.6539313,46.1095396],[12.653692599999998,46.109625099999995],[12.653552899999998,46.1096519]]},"properties":{"class":"track","name":null,"name:it":null,"source":"overpass","osm_id":423454744,"highway":"track","sac_scale":null,"access":null,"trail_visibility":null,"surface":null,"mtb:scale":null,"smoothness":null,"ref":null,"slope":1.136385181131332,"grade":-0.8718552871868996,"slope_class":"0-3: flat","length_m":1026.399144614306,"shade_pct":67.5}},{"type":"Feature","geometry":{"type":"LineString","coordinates":[[12.645094799999999,46.1436283],[12.644970399999998,46.1435835],[12.644774600000002,46.1435705],[12.6446137,46.14355929999999],[12.644417899999999,46.143540800000004],[12.6442864,46.14349430000001],[12.644168399999998,46.14346830000001],[12.6440263,46.14334],[12.6439002,46.14319319999999],[12.6437741,46.1429647],[12.643602499999998,46.1426803],[12.6435314,46.14260409999999],[12.643492499999999,46.14250559999999],[12.643355699999999,46.14227329999999],[12.643253800000002,46.1420782],[12.6431653,46.141935100000005],[12.6430848,46.1418217],[12.6430365,46.14168229999999],[12.643007,46.1415374],[12.643004299999998,46.14146859999999],[12.6429909,46.141397999999995],[12.642942600000001,46.141293899999994],[12.642754899999998,46.14097799999998],[12.642669099999999,46.140838599999995],[12.6424867,46.140571],[12.642425,46.1404167],[12.642355199999999,46.140214199999996],[12.642355199999999,46.14017880000001]]},"properties":{"class":"path","name":null,"name:it":null,"source":"overpass","osm_id":423454745,"highway":"path","sac_scale":null,"access":null,"trail_visibility":null,"surface":null,"mtb:scale":null,"smoothness":null,"ref":null,"slope":1.9929433927996878,"grade":-1.8594268689453217,"slope_class":"0-3: flat","length_m":469.86117063432283,"shade_pct":43.9}},{"type":"Feature","geometry":{"type":"LineString","coordinates":[[12.6408632,46.14369820000001],[12.6411818,46.1435333],[12.641692699999998,46.143293599999986],[12.642088399999999,46.143137499999995],[12.6426543,46.1429331],[12.6431988,46.1427193],[12.6435314,46.14260409999999]]},"properties":{"class":"track","name":null,"name:it":null,"source":"overpass","osm_id":423454749,"highway":"track","sac_scale":null,"access":null,"trail_visibility":null,"surface":null,"mtb:scale":null,"smoothness":null,"ref":null,"slope":1.6062512866284044,"grade":1.6442344751510878,"slope_class":"0-3: flat","length_m":239.90931284279884,"shade_pct":60.5}},{"type":"Feature","geometry":{"type":"LineString","coordinates":[[12.622609199999998,46.155701400000005],[12.622751000000001,46.1557346],[12.622785900000002,46.155901799999995],[12.6230327,46.155987299999985],[12.623148,46.1561062],[12.6232526,46.15620470000001],[12.6234055,46.156383000000005],[12.6237327,46.1566914],[12.6241029,46.1570296],[12.6242155,46.15728229999999],[12.624338899999998,46.1574643],[12.6244891,46.1576018],[12.6245964,46.1576687],[12.6248002,46.1577096],[12.624961199999998,46.15770959999998],[12.6250363,46.157639],[12.6251221,46.15752749999999],[12.6252468,46.15729249999998],[12.6252629,46.157216299999995],[12.6253434,46.15713639999999],[12.6254051,46.1570788],[12.6254928,46.1570272]]},"properties":{"class":"path","name":null,"name:it":null,"source":"overpass","osm_id":433128489,"highway":"path","sac_scale":null,"access":null,"trail_visibility":null,"surface":null,"mtb:scale":null,"smoothness":null,"ref":null,"slope":14.433260788914524,"grade":-14.913768747483482,"slope_class":"10-20: extreme","length_m":393.1258678152233,"shade_pct":100.0}},{"type":"Feature","geometry":{"type":"LineString","coordinates":[[12.6122667,46.1495111],[12.6123581,46.1494236],[12.6124547,46.149310299999996],[12.6124923,46.1492471],[12.6125593,46.1491728],[12.612613,46.14912259999999],[12.6126934,46.1490743],[12.612830199999998,46.148962799999985],[12.6129268,46.14896099999999],[12.612993799999998,46.1491337],[12.6130984,46.14912269999999],[12.613127899999999,46.149055699999984],[12.6131923,46.1490186],[12.613272799999999,46.149011099999996],[12.6133479,46.149027800000006],[12.613455199999999,46.14914489999999],[12.613463199999998,46.1492378],[12.613489999999999,46.1493196],[12.6135115,46.149392],[12.613541,46.14949800000001],[12.6135678,46.14958899999999],[12.6136188,46.14968009999999],[12.613669699999999,46.14974319999999],[12.6137288,46.1498064],[12.6138173,46.14985849999999],[12.6138776,46.149904],[12.6139862,46.149930899999994],[12.6140989,46.1499579],[12.614225,46.14999130000001],[12.614369800000002,46.150036799999995],[12.6144556,46.1500601],[12.614556199999999,46.1500972]]},"properties":{"class":"path","name":null,"name:it":null,"source":"overpass","osm_id":433128490,"highway":"path","sac_scale":null,"access":null,"trail_visibility":null,"surface":null,"mtb:scale":null,"smoothness":null,"ref":null,"slope":19.139883451451066,"grade":-19.26782817810804,"slope_class":"10-20: extreme","length_m":303.2601291898045,"shade_pct":100.0}},{"type":"Feature","geometry":{"type":"LineString","coordinates":[[12.6326822,46.1169093],[12.632761199999997,46.116852300000005],[12.6328631,46.1167547],[12.6329154,46.1166719],[12.6329637,46.11659099999999],[12.6330147,46.11649809999999],[12.633115199999999,46.116312099999995],[12.633188999999998,46.116174599999994],[12.633248,46.1160686],[12.633359299999999,46.1158408],[12.6334478,46.1156856],[12.6335082,46.115546099999996],[12.6335752,46.1153881],[12.633603399999998,46.115283],[12.633634199999998,46.11518629999998],[12.633646299999999,46.11509060000001],[12.633661100000001,46.1149948],[12.633670499999997,46.11489910000001],[12.633701299999998,46.11482469999999],[12.6337469,46.11478940000001],[12.6338783,46.11472710000001],[12.633868899999998,46.11465729999999],[12.6338676,46.11455599999999],[12.633873,46.114489999999996],[12.633885,46.114417499999995],[12.6339347,46.1143589],[12.634048599999998,46.11425479999999],[12.634229699999999,46.11413019999999],[12.634382599999999,46.1140512],[12.6345623,46.1139471],[12.6346991,46.11386709999999],[12.6347943,46.113813199999996],[12.634837100000002,46.11377639999999]]},"properties":{"class":"track","name":null,"name:it":null,"source":"overpass","osm_id":437447803,"highway":"track","sac_scale":null,"access":null,"trail_visibility":null,"surface":null,"mtb:scale":null,"smoothness":null,"ref":null,"slope":1.2227685982269532,"grade":-1.2305081814832743,"slope_class":"0-3: flat","length_m":402.91243552904626,"shade_pct":71.2}},{"type":"Feature","geometry":{"type":"LineString","coordinates":[[12.6376634,46.1172404],[12.6378668,46.11718689999999],[12.638038399999997,46.11712469999999],[12.638227499999998,46.117067],[12.6384274,46.116997299999994],[12.6385507,46.116971299999996]]},"properties":{"class":"path","name":null,"name:it":null,"source":"overpass","osm_id":437447808,"highway":"path","sac_scale":null,"access":null,"trail_visibility":null,"surface":null,"mtb:scale":null,"smoothness":null,"ref":null,"slope":1.1836577743787597,"grade":-1.2173692889655026,"slope_class":"0-3: flat","length_m":75.01863177078776,"shade_pct":100.0}},{"type":"Feature","geometry":{"type":"LineString","coordinates":[[12.610065699999998,46.1581705],[12.6099403,46.158253200000004],[12.609883999999996,46.158305699999985],[12.609765299999998,46.158393999999994],[12.609523899999997,46.158537],[12.6092986,46.158596499999994],[12.608941899999998,46.15862249999999]]},"properties":{"class":"path","name":null,"name:it":null,"source":"overpass","osm_id":442070784,"highway":"path","sac_scale":null,"access":null,"trail_visibility":null,"surface":null,"mtb:scale":null,"smoothness":null,"ref":null,"slope":9.314689139027815,"grade":11.298819806992961,"slope_class":"8-10: hard","length_m":104.94281710156037,"shade_pct":100.0}},{"type":"Feature","geometry":{"type":"LineString","coordinates":[[12.641154099999998,46.15160519999999],[12.6411934,46.1515749],[12.6412202,46.1515503],[12.6412491,46.1515113],[12.6412766,46.151473599999996],[12.641296700000002,46.1514304],[12.6413161,46.15140390000001],[12.641324799999998,46.1513793],[12.641350299999997,46.1512493],[12.6413953,46.1510114],[12.6414704,46.1508888],[12.641593700000001,46.1507253],[12.6417788,46.15057290000001],[12.641923599999998,46.1504503],[12.642084599999999,46.1503035],[12.642334,46.1500861],[12.6426666,46.1498408],[12.643028700000002,46.1496345],[12.6432594,46.14951469999998],[12.643400199999999,46.149421799999985],[12.6435169,46.149312099999996],[12.643602700000002,46.1492062],[12.6436403,46.14915599999999],[12.6436885,46.1490529],[12.6437167,46.148948899999986],[12.6437449,46.148849399999996],[12.6437771,46.1486999],[12.6437914,46.14861729999999]]},"properties":{"class":"cycleway","name":"MV 06","name:it":null,"source":"overpass","osm_id":444279351,"highway":"cycleway","sac_scale":null,"access":null,"trail_visibility":null,"surface":"paved","mtb:scale":null,"smoothness":null,"ref":null,"slope":0.4375768295851525,"grade":-0.19871764142358195,"slope_class":"0-3: flat","length_m":403.72691904993513,"shade_pct":83.4}},{"type":"Feature","geometry":{"type":"LineString","coordinates":[[12.6229445,46.148641899999994],[12.6230094,46.1485442],[12.623078200000002,46.1484888],[12.623120399999998,46.14840860000001],[12.623222600000002,46.148379200000015],[12.623284000000002,46.148386200000004],[12.6233401,46.14838399999999],[12.623401999999999,46.14835089999999],[12.623474399999997,46.148310999999985],[12.623517299999998,46.1482496],[12.6234999,46.1480861],[12.6234947,46.148043400000006]]},"properties":{"class":"path","name":null,"name:it":null,"source":"overpass","osm_id":447990309,"highway":"path","sac_scale":null,"access":null,"trail_visibility":null,"surface":null,"mtb:scale":null,"smoothness":null,"ref":null,"slope":28.09314843884963,"grade":-26.829313366617974,"slope_class":">20: impossible","length_m":91.07779442989255,"shade_pct":100.0}},{"type":"Feature","geometry":{"type":"LineString","coordinates":[[12.6256898,46.1432117],[12.625569199999997,46.1431588],[12.625429800000001,46.1431532],[12.625279599999999,46.143151399999994],[12.625113300000002,46.1431235],[12.624954999999998,46.143099299999996],[12.624799399999999,46.1431086],[12.6246814,46.1431105],[12.624547299999998,46.14310119999999],[12.624367600000001,46.14307699999999],[12.6242228,46.14301379999999],[12.624107400000002,46.14295069999999],[12.624008199999999,46.142892999999994],[12.6239224,46.14282059999999],[12.6236219,46.14270719999999],[12.623525399999998,46.14267379999998],[12.6234422,46.142640300000004],[12.6233215,46.1425901],[12.6231391,46.1425251],[12.623072100000002,46.14246380000001],[12.6229514,46.14244329999999],[12.6228495,46.142424699999985],[12.622752899999998,46.142435899999995],[12.6226993,46.142502799999995],[12.6226724,46.1425715],[12.622661699999998,46.1426552],[12.6226295,46.14271839999999],[12.6226108,46.142779700000006],[12.6226081,46.1428503],[12.6225947,46.14291909999999],[12.6225839,46.14298229999999],[12.6225276,46.14303799999998],[12.6224713,46.1431049],[12.6223559,46.1431142],[12.622307699999999,46.14307329999999],[12.6222326,46.14303799999998],[12.6221306,46.1430361],[12.622085,46.1430752],[12.622077,46.14312160000001],[12.6220233,46.14316620000001],[12.621937499999998,46.14316989999999],[12.621806099999999,46.1431458],[12.621693399999998,46.1431161],[12.6216049,46.143067699999996],[12.6215191,46.1430584],[12.621451999999998,46.14308629999999],[12.621385,46.14315139999999],[12.6213287,46.1432313],[12.6213206,46.143286999999994],[12.6212992,46.1433669],[12.6212401,46.143444999999986],[12.6211382,46.14353049999999],[12.621052399999998,46.1436494],[12.6209853,46.14376649999999],[12.6209827,46.1438724],[12.6209478,46.14398020000001],[12.621009499999998,46.144084299999996],[12.6210899,46.1441828],[12.621124799999999,46.144259],[12.6211275,46.144307299999994],[12.6211382,46.1444206],[12.621159700000002,46.1445321],[12.621208,46.1446065],[12.6212536,46.144673400000016],[12.6212884,46.14476440000001],[12.621382299999999,46.1448276],[12.621446699999998,46.144868499999994],[12.621594200000002,46.1450227],[12.621615700000001,46.145151],[12.6216264,46.145255],[12.621610299999999,46.1453851],[12.621615699999998,46.14546130000001],[12.6216613,46.145526299999986],[12.621790000000003,46.1457029],[12.6218919,46.1458515],[12.622012599999998,46.145976000000005],[12.6220529,46.1460708],[12.6222031,46.1462195],[12.6222916,46.146318],[12.6224284,46.1464406],[12.622487399999999,46.146520499999994],[12.622546399999996,46.146550299999994],[12.622621499999997,46.1465726],[12.622664400000001,46.1466172],[12.6226456,46.14667479999999],[12.622637599999997,46.146724],[12.6227019,46.14686149999999],[12.622819999999999,46.1469842],[12.6229702,46.14717],[12.6230453,46.147303799999996],[12.623109600000001,46.14742639999999],[12.6232384,46.14759549999999],[12.623332299999998,46.1477163],[12.6234154,46.147826],[12.6234878,46.14796719999999],[12.6234947,46.148043400000006]]},"properties":{"class":"path","name":null,"name:it":null,"source":"overpass","osm_id":447990310,"highway":"path","sac_scale":null,"access":null,"trail_visibility":null,"surface":null,"mtb:scale":null,"smoothness":null,"ref":null,"slope":21.346768742072932,"grade":20.601102220675184,"slope_class":">20: impossible","length_m":1043.1945539318438,"shade_pct":100.0}},{"type":"Feature","geometry":{"type":"LineString","coordinates":[[12.6450384,46.143214699999994],[12.645080099999998,46.1432147],[12.645220899999998,46.143202599999995],[12.645341599999998,46.1432016],[12.645432799999998,46.14319699999999],[12.6455039,46.1431951],[12.645577699999999,46.14318399999999],[12.645632699999998,46.143173800000014],[12.645714499999997,46.14315609999999],[12.6457467,46.1431357],[12.6457654,46.14309479999999],[12.645764099999997,46.1430437],[12.6457681,46.1429981],[12.6457963,46.14296190000001],[12.645844600000002,46.14291080000001],[12.645867400000002,46.1428839],[12.645859299999998,46.142852299999994],[12.645926999999999,46.142821599999984],[12.646012900000002,46.1427863],[12.646096,46.142743499999995],[12.6462248,46.1426822],[12.6463991,46.1426543],[12.646490299999998,46.14261529999998],[12.646603199999998,46.142618099999986],[12.6466693,46.1426088],[12.6467686,46.1426014],[12.6468437,46.14259949999999],[12.6469188,46.14260229999999],[12.646955,46.1426032],[12.647009999999998,46.14260229999999],[12.647040799999997,46.1425995],[12.6470703,46.14258470000001],[12.6471039,46.142546599999996],[12.647149499999998,46.142521499999994],[12.647208499999998,46.142481499999995],[12.647256699999998,46.1424555],[12.6473198,46.142423],[12.6473801,46.142396],[12.647443199999998,46.14236809999999],[12.6474874,46.14235789999999],[12.647512300000002,46.1423502]]},"properties":{"class":"path","name":null,"name:it":null,"source":"overpass","osm_id":457675583,"highway":"path","sac_scale":null,"access":null,"trail_visibility":null,"surface":null,"mtb:scale":null,"smoothness":null,"ref":null,"slope":7.6471876136077395,"grade":3.0255683502448836,"slope_class":"5-8: medium","length_m":235.6331478276585,"shade_pct":100.0}},{"type":"Feature","geometry":{"type":"LineString","coordinates":[[12.6470313,46.1007397],[12.6471701,46.100679199999995],[12.6473713,46.1006457],[12.6477441,46.1005936],[12.6481974,46.1005434],[12.6488492,46.1004671],[12.649275599999998,46.1003965],[12.6496565,46.10034069999999],[12.650147399999998,46.100281200000005],[12.6506114,46.100203],[12.651032500000001,46.100126799999984],[12.651212999999998,46.10009759999999],[12.651533300000002,46.1000545],[12.651711299999999,46.1000406],[12.651996299999997,46.099984499999984],[12.652309499999998,46.09992549999999],[12.6523534,46.09984560000001],[12.6524145,46.099793],[12.6529134,46.099720399999995],[12.6538361,46.09957159999999],[12.6544208,46.09950469999999],[12.6553757,46.0993726],[12.6561374,46.09925549999999],[12.656644300000002,46.099184799999996],[12.65694,46.09914229999999]]},"properties":{"class":"path","name":null,"name:it":null,"source":"overpass","osm_id":476958258,"highway":"path","sac_scale":null,"access":null,"trail_visibility":null,"surface":null,"mtb:scale":null,"smoothness":null,"ref":null,"slope":0.05252752211317611,"grade":-0.13389129435131597,"slope_class":"0-3: flat","length_m":794.0214600973521,"shade_pct":98.8}},{"type":"Feature","geometry":{"type":"LineString","coordinates":[[12.687771,46.1187802],[12.688247799999997,46.11878579999999],[12.6888862,46.1187895],[12.689588899999999,46.11886009999998],[12.690146800000003,46.1189494],[12.690404300000003,46.118994],[12.690903199999997,46.1190833],[12.6911314,46.1191615]]},"properties":{"class":"track","name":null,"name:it":null,"source":"overpass","osm_id":476959067,"highway":"track","sac_scale":null,"access":null,"trail_visibility":null,"surface":null,"mtb:scale":null,"smoothness":null,"ref":null,"slope":0.25360457646212453,"grade":0.15694572359974157,"slope_class":"0-3: flat","length_m":265.4975249796715,"shade_pct":86.8}},{"type":"Feature","geometry":{"type":"LineString","coordinates":[[12.688968,46.11303029999999],[12.6889244,46.113205999999984],[12.6889351,46.1135258],[12.6889405,46.1136932],[12.688908299999998,46.1137713],[12.6885757,46.11377130000001],[12.6882378,46.113760099999986],[12.688033899999999,46.113775],[12.688007099999998,46.11383450000001],[12.687974899999999,46.114544699999996],[12.6879588,46.1152401],[12.6879052,46.1160136],[12.687883699999997,46.1163743],[12.687873,46.116761100000005],[12.6878622,46.1174341],[12.6877871,46.118162899999994],[12.6877818,46.11866119999999],[12.687771,46.1187802],[12.6877603,46.11953499999999],[12.6877462,46.1205409],[12.687749599999998,46.1206964]]},"properties":{"class":"track","name":null,"name:it":null,"source":"overpass","osm_id":476959068,"highway":"track","sac_scale":null,"access":null,"trail_visibility":null,"surface":null,"mtb:scale":null,"smoothness":null,"ref":null,"slope":1.381870711906655,"grade":1.328613802412601,"slope_class":"0-3: flat","length_m":921.3784974549603,"shade_pct":92.5}},{"type":"Feature","geometry":{"type":"LineString","coordinates":[[12.6829634,46.1129967],[12.6836384,46.1129875],[12.684212399999998,46.1129987],[12.6848132,46.1130005],[12.6853148,46.1130005],[12.686119500000002,46.1130117],[12.686894600000002,46.11301540000001],[12.6876966,46.113019099999995],[12.688512,46.1130247],[12.688968,46.11303029999999],[12.6893381,46.1131195],[12.6901589,46.1132794],[12.6911459,46.1134914],[12.691972099999997,46.11364390000001],[12.6925031,46.11374430000001],[12.6932971,46.11389679999999],[12.694010499999997,46.114045499999996],[12.694697199999998,46.114197999999995],[12.695047,46.114272699999994]]},"properties":{"class":"track","name":null,"name:it":null,"source":"overpass","osm_id":476959069,"highway":"track","sac_scale":null,"access":null,"trail_visibility":null,"surface":null,"mtb:scale":null,"smoothness":null,"ref":null,"slope":0.05239001027227409,"grade":-0.06998867382012053,"slope_class":"0-3: flat","length_m":954.7225220373332,"shade_pct":53.0}},{"type":"Feature","geometry":{"type":"LineString","coordinates":[[12.682991299999998,46.111937],[12.6829357,46.1119053],[12.682816299999999,46.111864399999995],[12.6826353,46.1118347],[12.6824797,46.111808599999996],[12.682283899999998,46.11174449999999],[12.6820626,46.1116989],[12.6818655,46.111673800000005],[12.6815986,46.1116292],[12.681236499999999,46.11157059999999],[12.681023299999996,46.111551099999986],[12.6807891,46.111535999999994]]},"properties":{"class":"track","name":null,"name:it":null,"source":"overpass","osm_id":476959070,"highway":"track","sac_scale":null,"access":null,"trail_visibility":null,"surface":null,"mtb:scale":null,"smoothness":null,"ref":null,"slope":0.42286205819619643,"grade":0.6341756100050605,"slope_class":"0-3: flat","length_m":177.5352113835852,"shade_pct":28.7}},{"type":"Feature","geometry":{"type":"LineString","coordinates":[[12.6243564,46.15557489999998],[12.624348300000001,46.1555467],[12.6243456,46.155517],[12.6243161,46.15548069999999],[12.6242678,46.1554352],[12.6242169,46.15538600000001],[12.624175299999997,46.155363699999995],[12.624133699999998,46.155346],[12.624066699999998,46.155324699999994],[12.6240224,46.155304199999996],[12.623958000000002,46.1552764],[12.623919099999998,46.1552392],[12.623864199999998,46.15522059999999],[12.623775699999998,46.15519929999999],[12.6237126,46.1551714],[12.6236818,46.155163999999985],[12.623649599999998,46.1551695],[12.6235866,46.1551807],[12.6235101,46.1551751],[12.6234377,46.15518159999999],[12.6233143,46.1551742],[12.6232473,46.1551714],[12.623189600000002,46.15514439999999],[12.623144,46.1551268],[12.6231158,46.1550971],[12.6230743,46.1550599],[12.623056800000002,46.155032000000006],[12.623052000000001,46.154981400000004]]},"properties":{"class":"path","name":null,"name:it":null,"source":"overpass","osm_id":480020604,"highway":"path","sac_scale":null,"access":null,"trail_visibility":null,"surface":null,"mtb:scale":null,"smoothness":null,"ref":null,"slope":22.211393033686306,"grade":20.267483062483212,"slope_class":">20: impossible","length_m":134.60570748098212,"shade_pct":100.0}},{"type":"Feature","geometry":{"type":"LineString","coordinates":[[12.6273682,46.1601823],[12.627379100000002,46.1603371],[12.6273701,46.1604614],[12.6274105,46.1605733],[12.6274509,46.1607069],[12.6274554,46.1608716],[12.6274554,46.1610084],[12.627491299999999,46.16116689999999],[12.627423999999998,46.161281899999985],[12.6273467,46.1615024],[12.6273198,46.16167949999999],[12.6273153,46.1617914],[12.6273243,46.1618365]]},"properties":{"class":"path","name":null,"name:it":null,"source":"overpass","osm_id":481547127,"highway":"path","sac_scale":null,"access":null,"trail_visibility":null,"surface":null,"mtb:scale":null,"smoothness":null,"ref":null,"slope":25.326027263682395,"grade":-24.92338089853159,"slope_class":">20: impossible","length_m":186.84044414355452,"shade_pct":100.0}},{"type":"Feature","geometry":{"type":"LineString","coordinates":[[12.6271682,46.12576750000001],[12.6270184,46.125577099999994],[12.6268118,46.1253242],[12.6265812,46.1250956],[12.6263961,46.124907799999995],[12.626181499999998,46.12469960000001],[12.6261279,46.124616],[12.626085,46.12456759999999],[12.6260796,46.124519299999996],[12.626117199999998,46.124497],[12.626165400000001,46.1244784],[12.6261923,46.12443379999999],[12.6261708,46.12440219999999],[12.626087699999998,46.124357499999995],[12.6260474,46.124290599999995],[12.6260367,46.1242293],[12.6260689,46.124153099999994],[12.626103699999998,46.124101],[12.6261359,46.12405269999999],[12.6261601,46.12398759999999],[12.6261198,46.123941099999996],[12.626026,46.1238946],[12.625948200000002,46.123840699999995],[12.625830200000001,46.1237738],[12.6257121,46.123708699999995],[12.6256719,46.1236585],[12.625508299999998,46.12352839999999],[12.625427799999999,46.12345589999999],[12.6253688,46.123387099999995],[12.625304399999997,46.12332390000001],[12.6252132,46.1232514],[12.6251301,46.1232235],[12.625038900000002,46.12318079999999],[12.6249423,46.123098999999996],[12.6248512,46.12300599999999],[12.6247685,46.1229653]]},"properties":{"class":"path","name":null,"name:it":null,"source":"overpass","osm_id":483077045,"highway":"path","sac_scale":null,"access":null,"trail_visibility":null,"surface":null,"mtb:scale":null,"smoothness":null,"ref":null,"slope":0.737463567512556,"grade":-0.8853853023610886,"slope_class":"0-3: flat","length_m":390.9341146875913,"shade_pct":94.3}},{"type":"Feature","geometry":{"type":"LineString","coordinates":[[12.6272054,46.1258016],[12.627270500000002,46.125842],[12.627340199999999,46.12589679999999],[12.6274046,46.1259684],[12.627465,46.12603059999999],[12.627502499999999,46.1260743],[12.627579,46.1261022],[12.627637999999997,46.12609569999999],[12.627711700000003,46.126067800000015],[12.627782799999999,46.1260334],[12.6278512,46.125999],[12.6279263,46.1259749],[12.6279665,46.12594790000001],[12.6280027,46.1259145],[12.6280175,46.12588469999999],[12.6280188,46.12585959999999],[12.628005400000001,46.1257592],[12.627967899999998,46.125690500000005],[12.627922300000002,46.12561980000001],[12.6278713,46.12554550000001],[12.627815,46.1254599],[12.627772100000001,46.12540229999998],[12.627715799999999,46.125341]]},"properties":{"class":"path","name":null,"name:it":null,"source":"overpass","osm_id":483077046,"highway":"path","sac_scale":null,"access":null,"trail_visibility":null,"surface":null,"mtb:scale":null,"smoothness":null,"ref":null,"slope":2.929038800813527,"grade":-2.5931523477878624,"slope_class":"0-3: flat","length_m":153.8993545815758,"shade_pct":16.8}},{"type":"Feature","geometry":{"type":"LineString","coordinates":[[12.6326849,46.183613199999996],[12.632545400000001,46.1835854],[12.632395199999998,46.18359649999999],[12.6322316,46.1835854],[12.6320948,46.18360760000001],[12.6319714,46.183589100000006],[12.6317998,46.18358719999999],[12.631703199999999,46.1836132],[12.6316067,46.183642899999995],[12.6315262,46.183642899999995],[12.6314404,46.18366710000001],[12.6313492,46.1836782],[12.631233800000002,46.183655900000005],[12.631091699999999,46.1836244],[12.630922699999998,46.183629899999985],[12.630794,46.183657799999985],[12.630657799999998,46.183706099999995],[12.6304694,46.1837785],[12.6303252,46.18384719999999],[12.630287,46.1838713],[12.6302146,46.1838621],[12.630107300000002,46.1838342],[12.6299893,46.183817499999996],[12.6297157,46.183813799999996],[12.629584999999999,46.183810099999995],[12.629509199999998,46.18382489999998],[12.6294555,46.1838639],[12.629417999999998,46.183882499999996],[12.6293697,46.18388989999998],[12.629294599999998,46.1838676],[12.629187300000002,46.18382309999999],[12.6290773,46.18379889999999],[12.628964700000001,46.1837896],[12.628889599999999,46.183804499999994],[12.628822499999998,46.1838342],[12.628747399999998,46.183876899999994],[12.6286509,46.18389549999999],[12.6285443,46.183891799999984],[12.6280715,46.1837284],[12.6279508,46.1837358],[12.627733599999996,46.18372649999999],[12.627527,46.18373759999999],[12.6274385,46.1837655],[12.627342,46.18379339999999],[12.627235299999999,46.1837878],[12.6271622,46.1837748],[12.6270744,46.183735799999994],[12.626892,46.183706099999995],[12.6267438,46.183672599999994],[12.6265272,46.1836986],[12.626344799999998,46.1837135],[12.6262262,46.1837135],[12.6259606,46.1836838],[12.6257655,46.1836912],[12.6255724,46.1837432],[12.6254222,46.18382489999998],[12.6253947,46.18382489999999],[12.6253598,46.1838193],[12.625193499999998,46.1837748],[12.625068099999998,46.18376549999999],[12.624875,46.1837581],[12.6246819,46.1837581],[12.624474700000002,46.183787800000005],[12.6243111,46.18382679999999],[12.6241662,46.18385649999999],[12.623975799999998,46.1838658],[12.6236834,46.183852800000004],[12.6235466,46.183811899999995],[12.6229539,46.1837822],[12.622428800000002,46.18376550000001],[12.622246400000002,46.1837581],[12.622007,46.18370420000001],[12.6218193,46.1836838],[12.621604700000002,46.18368009999999],[12.6213928,46.1837061],[12.6211005,46.183745099999996],[12.620875099999997,46.1837655],[12.620762500000001,46.1837321],[12.6205747,46.1837005],[12.6203897,46.1836782],[12.620121400000002,46.1836429],[12.619832399999998,46.183572399999996],[12.6195153,46.18349619999999],[12.6194248,46.1834877],[12.6194073,46.18348689999999],[12.6188145,46.18341449999999],[12.618320299999999,46.18339319999998],[12.6182325,46.183405199999996],[12.6182023,46.183425699999994],[12.6181943,46.1834554],[12.6182164,46.183472099999996],[12.618258700000002,46.1834814],[12.6183378,46.18347669999999],[12.6185765,46.18348879999999],[12.6186885,46.1835037],[12.6188501,46.18354169999999],[12.619066699999998,46.18361139999998],[12.619253199999998,46.18365440000001],[12.619621899999997,46.1837469],[12.6198445,46.1838546],[12.62011,46.18397349999999],[12.620529799999998,46.1841053],[12.620781900000003,46.1842168],[12.6211494,46.18441920000001],[12.6216698,46.1845696],[12.6221002,46.18473109999999],[12.6224007,46.184851800000004],[12.6227678,46.1849732]]},"properties":{"class":"track","name":null,"name:it":null,"source":"overpass","osm_id":483663787,"highway":"track","sac_scale":null,"access":"no","trail_visibility":null,"surface":null,"mtb:scale":null,"smoothness":null,"ref":null,"slope":9.245480823367421,"grade":-8.410383431028636,"slope_class":"8-10: hard","length_m":1563.8838177463992,"shade_pct":4.8}},{"type":"Feature","geometry":{"type":"LineString","coordinates":[[12.6316709,46.1311996],[12.6317352,46.1313093],[12.6318103,46.131502600000005],[12.6318935,46.13169769999999],[12.631930999999998,46.131813],[12.6320088,46.13199889999999],[12.632091999999998,46.13215309999999]]},"properties":{"class":"path","name":null,"name:it":null,"source":"overpass","osm_id":485454252,"highway":"path","sac_scale":null,"access":null,"trail_visibility":null,"surface":null,"mtb:scale":null,"smoothness":null,"ref":null,"slope":0.3260853505828594,"grade":-0.48637231804046316,"slope_class":"0-3: flat","length_m":111.07173412854613,"shade_pct":100.0}},{"type":"Feature","geometry":{"type":"LineString","coordinates":[[12.632248899999999,46.1308371],[12.632172399999998,46.13092079999999],[12.632038299999998,46.1310453],[12.631823699999998,46.131145700000005],[12.6316709,46.1311996],[12.6314938,46.1312647],[12.631324899999997,46.13131479999999],[12.6310647,46.1313966],[12.6308689,46.131457999999995],[12.6306945,46.131523],[12.6305282,46.131660600000004],[12.630436999999999,46.1317665],[12.6303002,46.1318334],[12.630197599999999,46.13186909999999],[12.630114500000001,46.13187069999999],[12.6300796,46.13187169999999]]},"properties":{"class":"path","name":null,"name:it":null,"source":"overpass","osm_id":485454253,"highway":"path","sac_scale":null,"access":null,"trail_visibility":null,"surface":null,"mtb:scale":null,"smoothness":null,"ref":null,"slope":4.580317387062598,"grade":4.689914508228522,"slope_class":"3-5: mild","length_m":209.90620126329748,"shade_pct":100.0}},{"type":"Feature","geometry":{"type":"LineString","coordinates":[[12.631975899999999,46.12958219999999],[12.6319404,46.1294616],[12.6319351,46.1293185],[12.6319404,46.1292051],[12.631961899999999,46.12908800000001],[12.631986,46.12899689999999],[12.6320477,46.128890899999995],[12.6320692,46.128790499999994],[12.632050400000002,46.1287218],[12.6320316,46.1285954],[12.6319994,46.12849870000001],[12.6319672,46.1283742],[12.6319243,46.1282961],[12.6318224,46.1281306],[12.631744599999998,46.128002399999986],[12.6316293,46.12790759999999],[12.631589000000002,46.1278499]]},"properties":{"class":"path","name":null,"name:it":null,"source":"overpass","osm_id":485454254,"highway":"path","sac_scale":null,"access":null,"trail_visibility":null,"surface":null,"mtb:scale":null,"smoothness":null,"ref":null,"slope":0.6502158464299718,"grade":-0.5865211146963125,"slope_class":"0-3: flat","length_m":202.42337907813166,"shade_pct":100.0}},{"type":"Feature","geometry":{"type":"LineString","coordinates":[[12.667781999999999,46.1168398],[12.667879000000001,46.1163475],[12.6682009,46.115440199999995],[12.668383299999999,46.11480799999999],[12.668587099999996,46.11423529999999],[12.668705099999999,46.11380389999999],[12.668777599999999,46.113614699999985]]},"properties":{"class":"path","name":null,"name:it":null,"source":"overpass","osm_id":501394457,"highway":"path","sac_scale":null,"access":null,"trail_visibility":null,"surface":null,"mtb:scale":null,"smoothness":null,"ref":null,"slope":1.4361691725580348,"grade":-1.3935553121190432,"slope_class":"0-3: flat","length_m":367.1479170767746,"shade_pct":100.0}},{"type":"Feature","geometry":{"type":"LineString","coordinates":[[12.667517299999998,46.130714700000006],[12.6678817,46.13080539999999],[12.668174,46.13085370000001],[12.6688419,46.1309411],[12.6692818,46.1310061],[12.669783400000002,46.1310768],[12.6702045,46.13113439999999],[12.670622900000001,46.131192000000006],[12.671422199999999,46.13131469999999],[12.672433400000001,46.1314467],[12.673077099999999,46.13155069999999],[12.6733453,46.1316028],[12.6734526,46.131692],[12.6736189,46.131926199999995],[12.6737638,46.1322422],[12.673805699999999,46.132337299999996]]},"properties":{"class":"track","name":null,"name:it":null,"source":"overpass","osm_id":501394458,"highway":"track","sac_scale":null,"access":null,"trail_visibility":null,"surface":null,"mtb:scale":null,"smoothness":null,"ref":null,"slope":0.5404144356121952,"grade":0.612664631054543,"slope_class":"0-3: flat","length_m":551.6493968927372,"shade_pct":93.0}},{"type":"Feature","geometry":{"type":"LineString","coordinates":[[12.6693153,46.1289614],[12.6679072,46.12879410000001],[12.6660618,46.1285487],[12.6646483,46.12837399999999],[12.662722399999998,46.128121199999995],[12.6619486,46.1280301],[12.6618548,46.12800039999999],[12.661771599999998,46.1279539],[12.661691100000002,46.1279279],[12.661578500000001,46.127903700000005],[12.661452399999998,46.12788319999999],[12.6612995,46.12785160000001],[12.661194900000002,46.127829299999995],[12.661068899999998,46.12778659999999],[12.660982999999998,46.12774379999998],[12.660867700000003,46.12769360000001],[12.660736300000002,46.127662],[12.660580699999999,46.127636],[12.660291,46.12759880000001],[12.6601551,46.12759109999999]]},"properties":{"class":"track","name":null,"name:it":null,"source":"overpass","osm_id":501394459,"highway":"track","sac_scale":null,"access":null,"trail_visibility":null,"surface":null,"mtb:scale":null,"smoothness":null,"ref":null,"slope":0.6902803384068906,"grade":-0.6893793386111788,"slope_class":"0-3: flat","length_m":728.0170070422845,"shade_pct":88.0}},{"type":"Feature","geometry":{"type":"LineString","coordinates":[[12.6599426,46.12951919999998],[12.659979899999998,46.1295562],[12.6601167,46.12960079999999],[12.660341999999998,46.1296231],[12.660578,46.1296492],[12.660612899999999,46.1297068],[12.6606075,46.129773699999994],[12.660543200000001,46.129844399999996],[12.660484100000001,46.12990940000002],[12.660457300000001,46.12999119999999],[12.66046,46.13005249999999],[12.660502900000001,46.1300916],[12.6606156,46.130121300000006],[12.660736299999998,46.1301325],[12.6608623,46.1301306],[12.6609482,46.1300916],[12.661009900000002,46.130047],[12.661082299999999,46.12998929999999],[12.661135900000001,46.1299503],[12.66127,46.129944699999996],[12.6614149,46.129941],[12.6615678,46.12995589999999],[12.6618574,46.130009799999996],[12.6630296,46.13016780000001],[12.664239199999999,46.1303165],[12.6652612,46.1304429],[12.666478900000001,46.130599],[12.6673707,46.13070869999999],[12.6674673,46.130666],[12.6678052,46.1303667],[12.668183400000002,46.1300265],[12.6686179,46.129608299999994],[12.669173199999996,46.1290971],[12.6693153,46.1289614],[12.669478500000002,46.128993]]},"properties":{"class":"track","name":null,"name:it":null,"source":"overpass","osm_id":501394460,"highway":"track","sac_scale":null,"access":null,"trail_visibility":null,"surface":null,"mtb:scale":null,"smoothness":null,"ref":null,"slope":0.20880267388444085,"grade":0.18622142796450447,"slope_class":"0-3: flat","length_m":913.9470954737069,"shade_pct":81.9}},{"type":"Feature","geometry":{"type":"LineString","coordinates":[[12.637854399999998,46.130789699999994],[12.6378819,46.13084169999999],[12.637918100000002,46.130917000000004],[12.6379503,46.1309663],[12.6379623,46.1309979],[12.637961,46.1310276],[12.637963699999998,46.131099199999994],[12.637985099999998,46.1311494],[12.638003900000001,46.1312033],[12.638017299999998,46.13124419999998],[12.6380415,46.13128319999999],[12.6380924,46.13130550000001],[12.638176900000001,46.1313157],[12.638317700000002,46.13135849999999],[12.6384438,46.13138730000001],[12.638569899999998,46.13140769999999],[12.638714700000001,46.13144580000001],[12.638923900000002,46.13149699999999],[12.6390822,46.131532299999996],[12.639259200000001,46.1315843],[12.6394335,46.1316196],[12.6396266,46.1316494],[12.6399733,46.1316382],[12.640072600000002,46.1316531],[12.640177199999998,46.13165959999999],[12.640263,46.131652200000005],[12.6403394,46.131640999999995],[12.640393100000002,46.1316447],[12.6404736,46.1316438],[12.640508099999998,46.131648799999994]]},"properties":{"class":"path","name":null,"name:it":null,"source":"overpass","osm_id":513321509,"highway":"path","sac_scale":null,"access":null,"trail_visibility":null,"surface":null,"mtb:scale":null,"smoothness":null,"ref":null,"slope":0.2882205064721178,"grade":0.39354888248143516,"slope_class":"0-3: flat","length_m":255.5636331436083,"shade_pct":96.2}},{"type":"Feature","geometry":{"type":"LineString","coordinates":[[12.637476499999998,46.1304101],[12.637533199999998,46.130536899999996],[12.637586799999998,46.13066139999999],[12.6376405,46.13076180000001],[12.6376727,46.1308008],[12.6376921,46.13081660000001],[12.6377297,46.130812899999995],[12.637779299999998,46.1308046],[12.637854399999998,46.130789699999994],[12.6379858,46.1307479],[12.6380904,46.130714399999995],[12.6381695,46.130696699999994],[12.6382071,46.1306735],[12.638236599999999,46.130653099999996],[12.638252700000002,46.13062610000001],[12.638262099999999,46.1306084],[12.6382379,46.13052669999999],[12.638207099999999,46.13047829999999],[12.638164199999999,46.1303938],[12.638127999999998,46.1303296],[12.638094399999998,46.1302683],[12.638070699999998,46.13022339999999]]},"properties":{"class":"path","name":null,"name:it":null,"source":"overpass","osm_id":513321510,"highway":"path","sac_scale":null,"access":null,"trail_visibility":null,"surface":null,"mtb:scale":null,"smoothness":null,"ref":null,"slope":1.273550994848501,"grade":-1.0251365789860185,"slope_class":"0-3: flat","length_m":145.73848844270697,"shade_pct":100.0}},{"type":"Feature","geometry":{"type":"LineString","coordinates":[[12.6392949,46.1521285],[12.639290700000002,46.1520986],[12.6392773,46.152069799999985],[12.6392585,46.1520466],[12.639222299999998,46.15201499999999],[12.6390935,46.151937],[12.638947300000002,46.15187100000001],[12.638846799999998,46.15181989999999],[12.6387757,46.15176700000001],[12.638558399999999,46.151616499999996],[12.638422999999998,46.15152359999998],[12.638334499999997,46.15145389999999],[12.638279499999998,46.1514474],[12.638262000000001,46.15144179999999],[12.638231200000002,46.15141859999999],[12.638208399999998,46.1513805],[12.638199,46.1513498],[12.6381574,46.15129410000001],[12.638125300000002,46.1512318],[12.638117199999998,46.1511965],[12.6381467,46.1511761],[12.638202999999999,46.15115569999999],[12.6384699,46.15103770000001],[12.638663,46.150919699999996],[12.638760299999998,46.1508779],[12.6388716,46.150816500000005],[12.638958700000002,46.150798],[12.6390245,46.150782199999995],[12.6390848,46.15074129999999],[12.6391666,46.1507013],[12.639231000000002,46.150666],[12.639268500000002,46.1506437],[12.6393084,46.150616400000004]]},"properties":{"class":"path","name":null,"name:it":null,"source":"overpass","osm_id":517025217,"highway":"path","sac_scale":null,"access":null,"trail_visibility":null,"surface":null,"mtb:scale":null,"smoothness":null,"ref":null,"slope":3.5209587081846454,"grade":-2.685199285366823,"slope_class":"3-5: mild","length_m":256.40591382342944,"shade_pct":100.0}},{"type":"Feature","geometry":{"type":"LineString","coordinates":[[12.676760399999997,46.1399853],[12.6767358,46.1399633],[12.676679499999997,46.13990379999999],[12.6766527,46.1398071],[12.6765883,46.1396176],[12.6765373,46.1394076],[12.6764354,46.139015400000005],[12.676379100000002,46.13879420000001],[12.6762343,46.1384467],[12.6761082,46.1381605],[12.676009000000002,46.137930000000004],[12.675799699999999,46.13750809999999],[12.6756495,46.13727389999999],[12.675528800000002,46.137010000000004],[12.675413499999998,46.136701499999994],[12.675300799999999,46.136437599999994],[12.675190899999999,46.13617359999999],[12.675067500000003,46.1359339],[12.6750058,46.1358149],[12.674978999999999,46.13573309999999],[12.6749897,46.135690399999994],[12.6749978,46.135649499999985],[12.6749388,46.135543600000005],[12.6748529,46.1353373],[12.6747456,46.1350826],[12.674662499999998,46.13494689999999],[12.674622199999998,46.1348912],[12.674587500000001,46.1348489]]},"properties":{"class":"path","name":null,"name:it":null,"source":"overpass","osm_id":519404401,"highway":"path","sac_scale":null,"access":null,"trail_visibility":null,"surface":null,"mtb:scale":null,"smoothness":null,"ref":null,"slope":1.0887962163812186,"grade":-1.027201800925871,"slope_class":"0-3: flat","length_m":598.4162151128739,"shade_pct":100.0}},{"type":"Feature","geometry":{"type":"LineString","coordinates":[[12.674742600000002,46.1432114],[12.674506900000003,46.14316159999999],[12.674235999999999,46.1431022],[12.673975800000001,46.1430464],[12.6737827,46.14298879999999],[12.673704899999999,46.14296279999999],[12.6736325,46.14292189999998],[12.6734877,46.14287730000001],[12.6732302,46.142830800000006],[12.672870799999998,46.14276019999999],[12.672562299999997,46.14270259999999],[12.6722807,46.1426506],[12.672004399999999,46.1425855],[12.6718753,46.1425583]]},"properties":{"class":"path","name":null,"name:it":null,"source":"overpass","osm_id":519404403,"highway":"path","sac_scale":null,"access":null,"trail_visibility":null,"surface":null,"mtb:scale":null,"smoothness":null,"ref":null,"slope":0.007253688856679546,"grade":0.06062391348765282,"slope_class":"0-3: flat","length_m":234.07716545740968,"shade_pct":80.5}},{"type":"Feature","geometry":{"type":"LineString","coordinates":[[12.6731278,46.098003799999994],[12.673232399999998,46.097999099999996],[12.6733491,46.0980075],[12.6734859,46.0980251],[12.673619999999998,46.0980428],[12.673733999999998,46.09804750000001],[12.6738989,46.09805769999999],[12.6740237,46.098058599999995],[12.6741859,46.098069800000005],[12.6744595,46.09808749999999],[12.674678100000001,46.0981079],[12.6749463,46.09813400000001],[12.6751193,46.09815259999999],[12.675284300000001,46.0981851],[12.6754466,46.098197200000016],[12.675602099999999,46.09820839999999],[12.6757845,46.09821759999999],[12.6759066,46.09821019999999],[12.675976300000002,46.098192499999996],[12.6760849,46.09817859999998],[12.6762016,46.0981516],[12.676335700000001,46.09812560000001],[12.6765074,46.098086499999994],[12.6766683,46.09804470000001],[12.67684,46.09799819999999],[12.6769258,46.09797679999999],[12.6770452,46.09796010000001],[12.677108200000001,46.0979619],[12.677151399999998,46.09796789999999]]},"properties":{"class":"path","name":null,"name:it":null,"source":"overpass","osm_id":544599857,"highway":"path","sac_scale":null,"access":null,"trail_visibility":null,"surface":null,"mtb:scale":null,"smoothness":null,"ref":null,"slope":0.033012209281542,"grade":-0.07167145942393136,"slope_class":"0-3: flat","length_m":317.7306138302421,"shade_pct":81.1}},{"type":"Feature","geometry":{"type":"LineString","coordinates":[[12.6305291,46.1509693],[12.6306349,46.150999799999994],[12.6308012,46.1510277],[12.6309487,46.1510593],[12.6311526,46.15108339999999],[12.6312867,46.1510946],[12.631399299999998,46.151103899999995],[12.631519999999998,46.1511262],[12.631699700000002,46.15114659999999],[12.6318204,46.15115960000001],[12.6319304,46.1511671],[12.6320752,46.1511708],[12.6321933,46.1511708],[12.632319299999999,46.1511671],[12.6323975,46.1511658]]},"properties":{"class":"path","name":null,"name:it":null,"source":"overpass","osm_id":556485464,"highway":"path","sac_scale":null,"access":null,"trail_visibility":null,"surface":null,"mtb:scale":null,"smoothness":null,"ref":null,"slope":18.62975600962616,"grade":-18.26013222475304,"slope_class":"10-20: extreme","length_m":147.03433140359553,"shade_pct":100.0}},{"type":"Feature","geometry":{"type":"LineString","coordinates":[[12.634382,46.1530164],[12.634441,46.153058599999994],[12.634553599999998,46.15314959999999],[12.6346381,46.1531979],[12.634713200000002,46.15328250000001],[12.634799,46.153339199999984],[12.634857999999998,46.15340979999999],[12.6349559,46.1535268],[12.6350257,46.15364759999999],[12.635111500000002,46.153725599999994],[12.6352537,46.1538315],[12.6353368,46.1539635],[12.635361,46.15405079999999],[12.6354629,46.1542477],[12.635478999999998,46.154396399999996],[12.6355004,46.154589599999994],[12.635548699999998,46.1547717],[12.635602399999998,46.15488319999999],[12.6356667,46.155057799999994]]},"properties":{"class":"path","name":null,"name:it":null,"source":"overpass","osm_id":556485902,"highway":"path","sac_scale":null,"access":null,"trail_visibility":null,"surface":null,"mtb:scale":null,"smoothness":null,"ref":null,"slope":8.089373774519117,"grade":-6.976320701171621,"slope_class":"8-10: hard","length_m":255.2304480080423,"shade_pct":100.0}},{"type":"Feature","geometry":{"type":"LineString","coordinates":[[12.5976593,46.1501075],[12.597540599999999,46.150205],[12.5974491,46.1503202],[12.597404,46.1504677],[12.5974097,46.150572999999994],[12.5974054,46.150664299999995],[12.5973101,46.1507359],[12.597225000000002,46.150794700000006],[12.597134799999997,46.1508945],[12.597062600000001,46.151026299999984],[12.597006000000002,46.1511407],[12.596928299999998,46.151209699999995],[12.596840799999999,46.1513212],[12.5966966,46.15143009999999],[12.5965471,46.1514882],[12.596428,46.1515469],[12.596310400000002,46.1515911],[12.5961623,46.1516133],[12.5960318,46.15159299999999],[12.5959015,46.151529499999995],[12.595762600000002,46.15150830000001],[12.595650299999999,46.15156279999999],[12.595550399999999,46.151644199999986],[12.5954714,46.1517304],[12.595295600000002,46.1519038]]},"properties":{"class":"path","name":null,"name:it":null,"source":"overpass","osm_id":586349274,"highway":"path","sac_scale":"mountain_hiking","access":null,"trail_visibility":null,"surface":null,"mtb:scale":null,"smoothness":null,"ref":null,"slope":12.119889642917842,"grade":13.547413435032515,"slope_class":"10-20: extreme","length_m":307.82729794685645,"shade_pct":18.7}},{"type":"Feature","geometry":{"type":"LineString","coordinates":[[12.623077299999999,46.14884159999999],[12.623058599999998,46.1490238],[12.6229966,46.1493425],[12.6229335,46.14955],[12.622902,46.14984110000001],[12.622723399999998,46.150219699999994],[12.6226027,46.1504936],[12.6225815,46.15078019999999],[12.622799599999999,46.151286099999986],[12.622684,46.151502699999995],[12.622686599999998,46.1516737],[12.622878399999998,46.15193029999999],[12.6229283,46.15208319999999],[12.6230938,46.1523944],[12.6233722,46.15293119999999],[12.623585,46.153246],[12.6236697,46.1534353],[12.623760700000002,46.15358779999999],[12.623758899999999,46.153737099999994],[12.6237366,46.1539635],[12.6237444,46.154122699999995],[12.623721199999999,46.15418],[12.6236299,46.15421349999999]]},"properties":{"class":"path","name":null,"name:it":null,"source":"overpass","osm_id":588926938,"highway":"path","sac_scale":"hiking","access":null,"trail_visibility":null,"surface":"ground;gravel","mtb:scale":"2","smoothness":null,"ref":null,"slope":13.618054189779372,"grade":12.772017229330002,"slope_class":"10-20: extreme","length_m":626.8792397794067,"shade_pct":100.0}},{"type":"Feature","geometry":{"type":"LineString","coordinates":[[12.614536399999999,46.15193359999999],[12.614504499999999,46.151963099999996],[12.614499500000003,46.15197280000001],[12.6144739,46.15199359999999],[12.6144334,46.152019499999994],[12.6144167,46.1520828],[12.614390399999998,46.1521807],[12.6144034,46.1522751],[12.614448799999998,46.15234689999998],[12.6144942,46.1524278],[12.614520099999998,46.15251759999999],[12.6145266,46.152607399999994],[12.6145078,46.1527034],[12.614492299999998,46.152790499999995],[12.614461699999998,46.152841],[12.614421,46.152872499999994],[12.6143526,46.152888600000004],[12.6142929,46.15287039999999],[12.614212000000002,46.1528467],[12.614136,46.1528004],[12.6140281,46.1527309],[12.613917899999999,46.152674799999986],[12.6138044,46.152607399999994],[12.6136488,46.1525221],[12.613574299999998,46.15249509999999],[12.613447799999998,46.15247719999999],[12.613285700000002,46.15243900000001],[12.6130745,46.1524045],[12.6128703,46.15235560000001],[12.6127774,46.15236610000001],[12.6127534,46.1523805],[12.6126921,46.152414],[12.612678900000002,46.152494299999994],[12.6127013,46.15255789999999],[12.6127409,46.1526716],[12.6127851,46.1528109],[12.612841599999998,46.15306879999999],[12.6128496,46.1532862]]},"properties":{"class":"track","name":null,"name:it":null,"source":"overpass","osm_id":588926949,"highway":"track","sac_scale":"hiking","access":null,"trail_visibility":null,"surface":null,"mtb:scale":null,"smoothness":null,"ref":null,"slope":8.927585173424823,"grade":8.820326053820155,"slope_class":"8-10: hard","length_m":362.5015189106374,"shade_pct":100.0}},{"type":"Feature","geometry":{"type":"LineString","coordinates":[[12.6144451,46.150902300000006],[12.6144358,46.15095449999999],[12.614452099999998,46.1510388],[12.614448799999998,46.1511342],[12.6144164,46.151233],[12.614416399999998,46.1513408],[12.614422799999998,46.1514351],[12.6144682,46.1515295],[12.614513599999999,46.15161030000001],[12.614558999999998,46.1517046],[12.614572,46.1518304],[12.614536399999999,46.15193359999999]]},"properties":{"class":"track","name":null,"name:it":null,"source":"overpass","osm_id":588926954,"highway":"track","sac_scale":null,"access":null,"trail_visibility":null,"surface":null,"mtb:scale":null,"smoothness":null,"ref":null,"slope":1.3242287305654685,"grade":2.434286156165108,"slope_class":"0-3: flat","length_m":117.28705484487213,"shade_pct":100.0}},{"type":"Feature","geometry":{"type":"LineString","coordinates":[[12.6582564,46.11637090000001],[12.6584226,46.1165803],[12.658615700000002,46.1169967],[12.6588947,46.117495],[12.6590395,46.1178037],[12.659152099999998,46.1180156],[12.6592165,46.118190399999996],[12.659356,46.1184321]]},"properties":{"class":"path","name":null,"name:it":null,"source":"overpass","osm_id":609672196,"highway":"path","sac_scale":null,"access":null,"trail_visibility":null,"surface":null,"mtb:scale":null,"smoothness":null,"ref":null,"slope":1.431548638781505,"grade":1.5049364520294295,"slope_class":"0-3: flat","length_m":245.00769305146102,"shade_pct":99.8}},{"type":"Feature","geometry":{"type":"LineString","coordinates":[[12.6462517,46.0951687],[12.6462722,46.0954324],[12.646306999999998,46.09595689999999],[12.646293599999998,46.0962954],[12.6463312,46.0965781],[12.6463419,46.09688690000001],[12.6463473,46.097143499999994],[12.646357999999998,46.097433699999996],[12.6463741,46.09753039999998],[12.646309699999998,46.0976197],[12.6462668,46.0977573],[12.6463044,46.09792099999999],[12.6463526,46.0980921],[12.646363400000002,46.0983041],[12.646374099999997,46.09838229999999],[12.646360699999999,46.0984473],[12.6463272,46.09847899999998],[12.646230599999999,46.09850039999999],[12.6457827,46.09855889999999],[12.6455869,46.0985822],[12.645150999999998,46.098631499999996],[12.644829099999999,46.09864259999999],[12.644689699999999,46.09865009999999],[12.6445475,46.0986329],[12.644387899999998,46.098615699999996],[12.6442109,46.0986208],[12.643935299999999,46.09863889999999],[12.6436718,46.0986603],[12.643245300000002,46.0986882],[12.6430629,46.098702199999984],[12.6429637,46.09870959999999],[12.6429073,46.0987049],[12.642860399999998,46.0986901],[12.6428336,46.09866309999999],[12.642841599999999,46.098610099999995],[12.6428376,46.0985413],[12.642828199999999,46.09851239999999],[12.6428081,46.09849199999999],[12.6427826,46.098475199999996],[12.642708899999997,46.098467799999995],[12.6426338,46.09846040000001],[12.642483600000002,46.0984678],[12.6423334,46.0984873],[12.642224699999998,46.09848639999999],[12.6421107,46.09849109999999],[12.641964599999998,46.098520799999996],[12.641922999999998,46.098532],[12.641808999999999,46.09856820000001],[12.641599800000002,46.0985868],[12.641304699999997,46.098572],[12.6411384,46.09855889999999],[12.6410177,46.09856169999999],[12.6409467,46.09855799999999],[12.640882299999998,46.09854309999999],[12.640833699999998,46.0985186]]},"properties":{"class":"track","name":null,"name:it":null,"source":"overpass","osm_id":613985772,"highway":"track","sac_scale":null,"access":null,"trail_visibility":null,"surface":null,"mtb:scale":null,"smoothness":null,"ref":null,"slope":0.4353928320753895,"grade":0.5302256735538924,"slope_class":"0-3: flat","length_m":822.9389966434968,"shade_pct":40.1}},{"type":"Feature","geometry":{"type":"LineString","coordinates":[[12.655354600000003,46.1163765],[12.6545763,46.1164985],[12.653841399999997,46.1166249],[12.653224499999999,46.11669179999999],[12.6530635,46.116710399999995],[12.652929400000001,46.1167253],[12.6528865,46.11669929999999],[12.652827499999999,46.116565400000006],[12.6526934,46.1161266],[12.652634399999998,46.11589229999999],[12.652623599999998,46.115817899999996],[12.652623599999998,46.11575100000001],[12.6525646,46.11568410000001],[12.652489499999998,46.115631999999984],[12.6523608,46.1155985],[12.6522589,46.11552050000001],[12.6521838,46.1153866],[12.6521569,46.1152825],[12.652114,46.11521549999999],[12.652028200000002,46.115167199999995],[12.651926299999996,46.1152118],[12.651599,46.1154163],[12.651072,46.11570729999999],[12.651017,46.115759399999995],[12.651009,46.115804],[12.651033099999998,46.115849600000004],[12.6510787,46.1159193],[12.651141700000002,46.1159686],[12.6511431,46.11599919999999],[12.651118899999998,46.11602800000001],[12.651069299999998,46.11605689999999],[12.6509915,46.116071700000006],[12.6503357,46.11610989999999],[12.6500621,46.1161377],[12.649826099999999,46.11615449999999],[12.6495981,46.1161619],[12.6493708,46.116198]]},"properties":{"class":"track","name":null,"name:it":null,"source":"overpass","osm_id":613985774,"highway":"track","sac_scale":null,"access":null,"trail_visibility":null,"surface":null,"mtb:scale":null,"smoothness":null,"ref":null,"slope":0.33001376207702204,"grade":-0.1925712933917299,"slope_class":"0-3: flat","length_m":661.003735272974,"shade_pct":93.7}},{"type":"Feature","geometry":{"type":"LineString","coordinates":[[12.6080219,46.18802159999999],[12.6079708,46.188050000000004],[12.607822199999998,46.1882912],[12.6074522,46.1885439],[12.6069481,46.18939600000001],[12.6065669,46.1897785],[12.606514300000002,46.1899821],[12.606632299999998,46.1901197],[12.606637,46.19036899999999],[12.6066948,46.1906809],[12.6065965,46.190880299999996],[12.606270499999999,46.19102859999999],[12.6057259,46.19107919999999],[12.6053221,46.19115849999999],[12.604583999999997,46.19165099999999],[12.604073699999999,46.1918483],[12.603644,46.1919245],[12.602766399999998,46.1918526],[12.602567800000001,46.19191009999999],[12.602037200000002,46.1918861],[12.602007799999999,46.1919738],[12.6012678,46.192403799999994],[12.601043299999997,46.192668],[12.6004826,46.192901400000004],[12.599961199999997,46.19326339999999],[12.599910800000002,46.193814700000004],[12.5994953,46.1943114],[12.5995055,46.194676699999995]]},"properties":{"class":"path","name":null,"name:it":null,"source":"overpass","osm_id":636897881,"highway":"path","sac_scale":"mountain_hiking","access":null,"trail_visibility":null,"surface":null,"mtb:scale":null,"smoothness":null,"ref":null,"slope":26.211697093967395,"grade":-30.00733929407956,"slope_class":">20: impossible","length_m":1136.833392744175,"shade_pct":5.6}},{"type":"Feature","geometry":{"type":"LineString","coordinates":[[12.6080219,46.18802159999999],[12.608031799999997,46.18800559999998],[12.6080025,46.1879515],[12.6080207,46.1879059],[12.6081021,46.187807799999995],[12.6081557,46.187696100000004],[12.608259399999998,46.187596199999994],[12.6082713,46.187558100000004],[12.608437399999998,46.18740429999999],[12.608672699999998,46.187287299999994],[12.608756499999998,46.187198699999996],[12.6089926,46.187016],[12.6090062,46.18691760000001],[12.6091829,46.1868041],[12.6092065,46.18675809999999],[12.6092714,46.186710099999985],[12.609310899999999,46.18651979999999],[12.609452399999999,46.186328399999994],[12.6095076,46.186189],[12.609564100000002,46.1861578],[12.6095981,46.18611049999999],[12.609653499999999,46.186087699999995],[12.609804599999999,46.1859796],[12.6098807,46.1858955],[12.609985799999999,46.18584929999999],[12.6100854,46.1857343],[12.6100931,46.185702299999996],[12.610137,46.18568040000001],[12.6101657,46.1855343],[12.610196199999999,46.1854842],[12.6102964,46.185411],[12.610325600000001,46.18535529999999],[12.610405,46.1853076],[12.6105096,46.185197599999995],[12.610510999999999,46.18517169999999],[12.6105537,46.1851337],[12.610553,46.18510049999999],[12.6104636,46.18486029999999],[12.610584999999999,46.1846719],[12.6105746,46.18465719999999],[12.6105998,46.18459769999999],[12.610768799999999,46.184385699999986],[12.610779299999999,46.1843366],[12.6107506,46.1842307],[12.610917099999998,46.18411300000001],[12.6109929,46.184099100000005],[12.6112075,46.18379450000001],[12.6112204,46.18371259999999],[12.611291199999998,46.1836835],[12.6113053,46.18363149999998],[12.6113523,46.1835894],[12.611491,46.18352449999999],[12.611562299999997,46.183434399999996],[12.6116351,46.1834181],[12.6116866,46.18332639999999],[12.611702699999999,46.183133999999995],[12.6117628,46.1831237],[12.611821399999998,46.183082399999996],[12.6118379,46.183010799999984],[12.611895100000002,46.1829538],[12.6120474,46.182912300000005],[12.612086099999999,46.182915799999996],[12.6122697,46.18287819999999],[12.612392099999997,46.18270699999999],[12.612463900000002,46.1826684],[12.6126044,46.1825406],[12.6126105,46.182475499999995],[12.612640700000002,46.18245809999999],[12.612907,46.18241659999999],[12.613014,46.182379000000005],[12.613234899999998,46.18222959999999],[12.613366799999998,46.1820348],[12.613675700000002,46.181908],[12.6137061,46.1819135],[12.6138233,46.1818781],[12.613936500000001,46.1818671],[12.6140284,46.18183369999999],[12.6140578,46.1818338],[12.6141875,46.1819545],[12.614346699999999,46.1820334],[12.6144189,46.182106299999994],[12.614453699999999,46.18211850000001],[12.6145015,46.182193299999994],[12.6146785,46.18229329999999],[12.6148672,46.18235],[12.6149043,46.18233920000001],[12.615024499999999,46.1823354],[12.6151116,46.18234979999999],[12.615157900000002,46.18234000000001],[12.6154119,46.1821516],[12.6154347,46.182114000000006],[12.6155289,46.182045499999994],[12.615573700000002,46.181973799999994],[12.6156773,46.1819002],[12.615698,46.181842599999996],[12.616001899999999,46.181605999999995],[12.6161629,46.18159469999999],[12.616348199999997,46.181617399999986],[12.6164931,46.18161319999999],[12.6166017,46.18156599999999],[12.6166252,46.1815466],[12.6166159,46.1815228],[12.616652499999999,46.1814391],[12.616706299999999,46.18137989999999],[12.6167023,46.18135720000001],[12.6166453,46.1813406],[12.6166792,46.181257800000004],[12.6167654,46.181222],[12.616851700000002,46.181208000000005],[12.6170073,46.1812443],[12.617077999999998,46.18124219999999],[12.6171351,46.18122770000001],[12.617371600000002,46.1811124],[12.6174173,46.181135499999996],[12.617474800000002,46.18120889999999],[12.6175077,46.181290999999995],[12.617574099999999,46.1813111],[12.617595299999998,46.181271499999994],[12.6176595,46.18127419999999],[12.617672399999998,46.1812605],[12.617679199999998,46.18118479999999],[12.6177217,46.18112240000001],[12.6177295,46.181045000000005],[12.6177655,46.180996199999996],[12.61785,46.18098380000001],[12.6178578,46.1809838],[12.6178812,46.1809795],[12.617895799999996,46.180951799999995],[12.617838700000002,46.1809204],[12.6178485,46.1808992],[12.617795799999998,46.18078849999999],[12.6178089,46.18072689999999],[12.617846699999998,46.18067479999999],[12.6179503,46.1806837],[12.618124700000001,46.18061070000001],[12.6180619,46.18055079999999],[12.618147999999998,46.180527899999994],[12.6181434,46.18049139999999],[12.618184100000002,46.18042910000001],[12.618265099999999,46.180400999999996],[12.6182597,46.180339],[12.6183475,46.1801825],[12.618312500000002,46.1801487],[12.6183692,46.1799794],[12.618356700000001,46.1798566],[12.618409599999998,46.1797997],[12.6184946,46.179777499999986],[12.618599699999999,46.17969899999999],[12.618686299999998,46.17962779999999],[12.6187764,46.17951879999999],[12.618762899999998,46.179465],[12.6187991,46.1793674],[12.618736899999998,46.179184299999996],[12.618806599999997,46.1790635],[12.6187465,46.17900689999999],[12.6188253,46.178994599999996],[12.618824499999999,46.178967500000006],[12.618912400000001,46.178930900000005],[12.618937500000001,46.1788868],[12.6189096,46.1788711],[12.618923400000002,46.17885270000001],[12.6189786,46.17884699999999],[12.619014199999999,46.17882529999999],[12.619016700000001,46.178796199999994],[12.618943999999997,46.178753099999994],[12.619038200000002,46.1786731],[12.6190489,46.17866860000001],[12.619123399999998,46.178645800000005],[12.619132899999999,46.1786136],[12.619156199999999,46.17860579999999],[12.6191492,46.17857349999999],[12.619195499999998,46.17853099999999],[12.619213599999998,46.178427599999985],[12.6192568,46.1783584],[12.619319099999997,46.178321899999986],[12.619381399999998,46.178245999999994],[12.619439200000002,46.178246300000005],[12.6195253,46.17821129999999],[12.6196587,46.178105],[12.619671500000003,46.17800810000001],[12.6197331,46.177992799999984],[12.6197367,46.17791439999999],[12.6197369,46.17788839999999],[12.619666199999998,46.1778555],[12.619652899999998,46.177787],[12.6197042,46.1777213],[12.619725299999999,46.1776373],[12.619772,46.1775732],[12.619742000000002,46.17748889999999],[12.619720000000001,46.1773895],[12.6196923,46.1770948],[12.619704099999998,46.177024],[12.619783899999998,46.176867200000004],[12.619899999999998,46.17678229999999],[12.619892999999998,46.17673609999999],[12.6199841,46.1765957],[12.620005199999998,46.176443400000004],[12.6199828,46.17633790000001],[12.619936,46.17626190000001],[12.6198997,46.176122199999995],[12.6198579,46.17604359999999],[12.619837499999997,46.1759031],[12.619858,46.1758307],[12.619977499999997,46.175716599999994],[12.6201183,46.1756231],[12.620218599999998,46.175531],[12.6202682,46.1755143],[12.6204288,46.1755773],[12.6204296,46.175509999999996],[12.620467700000003,46.1754703],[12.6205037,46.175458199999994],[12.6205868,46.1754812],[12.620625799999997,46.175469500000005],[12.6206364,46.17542650000001],[12.620692299999998,46.175401699999995],[12.6207227,46.17533920000001],[12.620828900000001,46.175296],[12.620983,46.175263599999994],[12.620993699999998,46.17524430000001],[12.6210852,46.17521669999999],[12.6210865,46.1751528],[12.62106,46.175107],[12.6210732,46.17509119999999],[12.6211547,46.175072199999995],[12.621169599999998,46.174999699999994],[12.6212147,46.174967900000006],[12.621456899999997,46.1749103],[12.621325999999998,46.1747995],[12.6213544,46.17478590000001],[12.6214029,46.1747691],[12.621483799999998,46.17475629999999],[12.621587699999997,46.1747304],[12.6215975,46.174704199999994],[12.6216084,46.17468279999999],[12.621700300000002,46.1746646],[12.6217577,46.174609000000004],[12.621832100000002,46.1745879],[12.6217772,46.17450049999999],[12.6215927,46.174331],[12.6215471,46.17426469999999],[12.621475100000001,46.1741017],[12.621503899999999,46.1740668],[12.6214975,46.1740391],[12.621598599999999,46.17396939999999],[12.6216794,46.1739756],[12.621716299999997,46.1738705],[12.6217917,46.17385769999999],[12.621782999999999,46.1737703],[12.621979899999998,46.1736933],[12.621967999999999,46.17366940000001],[12.622003099999999,46.17359489999999],[12.622053699999999,46.17357479999999],[12.622100500000002,46.17358180000001],[12.622187099999998,46.173536299999995],[12.6223199,46.1735332],[12.622460000000002,46.173433700000004],[12.622461300000001,46.17339909999999],[12.622410400000001,46.1733441],[12.622405,46.17330739999999],[12.6224642,46.17325449999999],[12.6224808,46.1732059],[12.622545999999998,46.1731319],[12.6226116,46.17309809999999],[12.6227287,46.17306979999999],[12.6227811,46.1730784],[12.6228737,46.1730638],[12.6229062,46.1730505],[12.6229486,46.1729696],[12.622974300000001,46.1729892],[12.6229945,46.172981500000006],[12.6230157,46.17286899999999],[12.623051999999998,46.172860699999994],[12.623155000000002,46.17277380000001],[12.6232199,46.17263239999999],[12.6232593,46.1725159],[12.623215200000002,46.172324199999984],[12.623251099999997,46.17224439999999],[12.6233613,46.172180999999995],[12.6234375,46.17216679999999],[12.623532099999998,46.17212269999999],[12.623732600000002,46.1721208],[12.623804300000002,46.1720206],[12.623812899999999,46.171974],[12.623963200000002,46.171939],[12.623991199999999,46.1719083],[12.6239564,46.1717318],[12.623963699999997,46.171612599999996],[12.6239967,46.17158700000001],[12.6240148,46.17150719999999],[12.6239801,46.1713788],[12.6239917,46.1713368],[12.624235,46.17110559999999],[12.6243268,46.1708802],[12.6243735,46.17082109999999],[12.624425699999998,46.17079189999999],[12.6246831,46.170803199999995],[12.6248014,46.170777599999994],[12.6249011,46.1707153],[12.625169300000001,46.170615199999986],[12.6252369,46.17056970000001],[12.625274499999998,46.17047749999999],[12.6252717,46.170353],[12.6252426,46.170293099999995],[12.625207699999999,46.170110799999996],[12.6252272,46.1699815],[12.6253028,46.169875700000006],[12.625544799999998,46.169743399999994],[12.6257634,46.169582399999996],[12.6259995,46.1694922],[12.6260455,46.16948990000001],[12.6261345,46.16951629999999],[12.626256399999999,46.16964909999999],[12.6263469,46.16981280000001],[12.6263746,46.169920299999994],[12.6264191,46.169933],[12.6265081,46.16993980000001],[12.626574800000002,46.169933300000004],[12.6266222,46.16993699999999],[12.6266876,46.16987019999999],[12.6268096,46.1697774],[12.6269413,46.1696165],[12.6270412,46.1696575],[12.627205100000001,46.1697823],[12.6272656,46.16980430000001],[12.627282900000003,46.169775900000005],[12.627282,46.169619000000004],[12.6273096,46.169582399999996],[12.627275700000002,46.1695486],[12.627328800000003,46.1694859],[12.6272857,46.169439800000006],[12.6273308,46.1693874],[12.627347,46.1693173],[12.627373799999999,46.1692918],[12.627412,46.16928899999999],[12.627432300000002,46.16925700000001],[12.627407000000002,46.169245700000005],[12.6273874,46.16916280000001],[12.627438,46.1689799],[12.627445700000003,46.168846],[12.6273805,46.1687106],[12.627385499999999,46.16853739999999],[12.6274581,46.168505999999994],[12.6275188,46.16850339999999],[12.6276224,46.16845510000001],[12.6276867,46.1684039],[12.6276909,46.1683701],[12.6277004,46.1683452],[12.627722699999998,46.16831419999999],[12.627738,46.1683113],[12.627753,46.1683184],[12.627762299999999,46.168312799999995],[12.6277721,46.16827159999999],[12.627835399999999,46.168226],[12.627879399999998,46.16812780000001],[12.6279389,46.1680529],[12.628013499999998,46.1680216],[12.628047699999998,46.16794229999999],[12.6282292,46.1677688],[12.6282376,46.1677392],[12.6281816,46.16759630000001],[12.628191000000001,46.1675153],[12.6282279,46.16746059999999],[12.6285142,46.1673233],[12.628634099999998,46.167226499999984],[12.628815200000002,46.16712530000001],[12.6290503,46.166942899999995],[12.629128799999998,46.16684009999999],[12.629544100000002,46.166673800000005],[12.629689699999998,46.16665509999999],[12.629899,46.1667119],[12.6299518,46.1667386],[12.630267699999997,46.1667541],[12.6304358,46.16678529999999],[12.630581299999998,46.1667659],[12.630787599999998,46.16661239999999],[12.630928899999999,46.1665935],[12.6310092,46.1665923],[12.631158400000002,46.16662260000001],[12.6312839,46.1666674],[12.6314303,46.1666959],[12.6316965,46.16662289999999],[12.6319581,46.166598399999984],[12.632120799999997,46.1666296],[12.632172,46.16665209999999],[12.632248000000002,46.1666515],[12.6323813,46.166701700000004],[12.6324619,46.16670839999999],[12.6325061,46.1667816],[12.632596099999999,46.16679609999999],[12.6326835,46.16675649999999],[12.633018499999999,46.16676759999999],[12.633261,46.16673509999999],[12.6337127,46.1668903],[12.633775,46.166882699999995],[12.633819899999999,46.166853499999995],[12.6338839,46.166858700000006],[12.634017400000001,46.1668845],[12.6340241,46.166917500000004],[12.6340866,46.1669302],[12.6341639,46.16692859999999],[12.634415,46.166785899999994],[12.6344254,46.166884],[12.6343315,46.167003699999995],[12.634280399999998,46.1671312],[12.634313099999998,46.1672102],[12.634374899999997,46.1671571],[12.634560600000002,46.16705449999999],[12.6346462,46.16705439999999],[12.6346936,46.167073499999994],[12.634810000000002,46.167015600000006],[12.634854499999998,46.1671042],[12.6348175,46.167155699999995],[12.6348646,46.1671682],[12.634822999999999,46.16729109999999],[12.6348507,46.1673073],[12.634866,46.1673964],[12.6348948,46.1674438],[12.634887499999998,46.167486100000005],[12.634692499999998,46.1677583],[12.6347235,46.1678024],[12.6347439,46.167847599999995],[12.634717999999998,46.1678668],[12.6346795,46.1678854],[12.6346662,46.1679111],[12.6346756,46.16794250000001],[12.6346549,46.16796570000001],[12.634689600000002,46.1680254],[12.634619999999998,46.168104500000005],[12.6345975,46.168205799999996],[12.6345598,46.168267500000006],[12.634574699999998,46.1682887],[12.6345938,46.168300099999996],[12.6346105,46.168344],[12.634584299999998,46.1684296],[12.6346081,46.1684741],[12.634634399999998,46.16848159999999],[12.6346589,46.1685116],[12.634630399999999,46.16859209999999],[12.6348011,46.1685451],[12.6349149,46.168480499999994],[12.634981500000002,46.16846650000001],[12.6350774,46.16846960000001],[12.6352148,46.1684115],[12.635281299999999,46.168400299999995],[12.6354268,46.168396099999995],[12.635555500000002,46.1683751],[12.6356799,46.16830759999999],[12.635734,46.168229899999986],[12.635955299999997,46.1680693],[12.6360475,46.16803159999999],[12.6361336,46.1679734],[12.636291100000001,46.16793560000001],[12.6364129,46.167941299999995],[12.6365162,46.167993],[12.636676699999999,46.1680189],[12.6367239,46.16801629999999],[12.636744699999998,46.1679772],[12.6367261,46.16793079999999],[12.6367598,46.167888500000004],[12.6368021,46.16785459999999],[12.6368648,46.1678389],[12.6369208,46.167891399999995],[12.6371142,46.16789539999999],[12.6372395,46.167925],[12.6375062,46.1678796],[12.6376537,46.1678923],[12.6378314,46.167882999999996],[12.637860999999997,46.167874999999995],[12.638005,46.1679126],[12.638266100000001,46.16801769999999],[12.638298799999998,46.16806919999999],[12.6383869,46.16813679999999],[12.6386058,46.16817609999999],[12.6387065,46.1682343],[12.638776500000002,46.1682487],[12.639027499999996,46.16824229999999],[12.6395996,46.16845899999999],[12.6397523,46.16857950000001],[12.6400416,46.1686621],[12.6401468,46.16866199999999],[12.6403277,46.16870829999999],[12.640471699999999,46.16869919999999],[12.6408493,46.1687202],[12.640926799999999,46.168790399999985],[12.640953100000003,46.16886780000001],[12.640917600000002,46.1691664],[12.641055699999999,46.1693306],[12.6412539,46.16946780000001],[12.6413744,46.1694871],[12.6414091,46.16953319999999],[12.641404100000003,46.1695544],[12.641453799999999,46.16960350000001],[12.6414859,46.169687],[12.641518099999999,46.1697099],[12.641725199999998,46.1697814],[12.6419652,46.1699302],[12.642254199999998,46.17005919999999],[12.6423877,46.170085400000005],[12.642528299999999,46.170133],[12.642633,46.1702282],[12.643032699999997,46.1701168],[12.643362599999998,46.16984740000001],[12.6433881,46.169857699999994],[12.6434083,46.1699217],[12.6434331,46.16992989999999],[12.6435296,46.1698519],[12.643575,46.16984339999999],[12.6435807,46.1698823],[12.6436292,46.169919099999994],[12.643729999999998,46.16990319999999],[12.643773999999999,46.1699249],[12.6438808,46.169939],[12.6439118,46.1699621],[12.6439398,46.170030899999986],[12.6439087,46.170065900000004],[12.6439351,46.17011910000001],[12.643937399999999,46.170130599999986],[12.643913499999996,46.17017579999999],[12.643882500000002,46.170182],[12.6438834,46.1702127],[12.64385,46.17023549999999],[12.643835699999999,46.1702924],[12.643784800000002,46.17034490000001],[12.6437032,46.170582499999995],[12.643679599999999,46.170605899999984],[12.643626400000002,46.17059929999999],[12.643615300000002,46.1706223],[12.6436809,46.1706745],[12.6436635,46.1706913],[12.6436095,46.1706937],[12.643627899999998,46.170709599999995],[12.643642900000001,46.17073860000001],[12.643627899999998,46.17075510000001],[12.6435213,46.170804999999994],[12.643562799999998,46.1708747],[12.6436865,46.17090279999999],[12.643714900000003,46.17100819999999],[12.643793799999997,46.171080399999994],[12.6438472,46.1710989],[12.6441703,46.1713148],[12.6443104,46.1714517],[12.6444564,46.17149869999999],[12.644591,46.17148699999999],[12.6446459,46.171496],[12.644866699999998,46.17161399999999],[12.644991,46.17162919999998],[12.645057,46.1716526],[12.645269900000002,46.17165310000001],[12.6453051,46.171667400000004],[12.645796599999999,46.171614999999996],[12.646001400000001,46.171570700000004],[12.646124199999997,46.17151359999999],[12.6461797,46.1715057],[12.6462361,46.17150709999999],[12.6464222,46.17156730000001],[12.6464759,46.1715562],[12.646548199999998,46.17150060000001],[12.646784299999998,46.17143780000001],[12.6468911,46.171318299999996],[12.6470186,46.1712847],[12.6472013,46.17111229999999],[12.6472683,46.1711041],[12.6474132,46.171158600000005],[12.647770099999999,46.1712226],[12.6478315,46.171250199999996],[12.6478913,46.171311700000004],[12.6479168,46.1714294],[12.6481677,46.17157530000001],[12.6483815,46.1716486],[12.648544,46.1716788],[12.6486988,46.17165129999999],[12.6488396,46.171645099999985],[12.648914699999999,46.17165219999999],[12.648983399999999,46.1716788],[12.6494416,46.17169959999999],[12.649516700000001,46.171721500000004],[12.6496382,46.1717907],[12.6497316,46.171921700000006],[12.649796099999998,46.171970099999996],[12.649889899999998,46.1719977],[12.6501164,46.1721028],[12.6505092,46.17220050000001],[12.6506228,46.1722615],[12.6506807,46.1723029],[12.6507212,46.17245379999999],[12.650835200000001,46.17259640000001],[12.6508879,46.172635099999994],[12.6511488,46.172718800000006],[12.6514182,46.17283389999999],[12.6514946,46.1728547],[12.651630800000001,46.172847700000005],[12.651767299999998,46.17281380000001],[12.6518877,46.17281010000001],[12.6519945,46.17278060000001],[12.652084200000001,46.17277639999999],[12.6522122,46.1727358],[12.652382799999998,46.1727839],[12.652594899999999,46.172906999999995],[12.6529238,46.1730556],[12.652924800000001,46.1730555],[12.6530603,46.173085500000006],[12.6530855,46.173088500000006],[12.6531412,46.173114999999996],[12.6531474,46.173159800000015],[12.6531909,46.17320629999999],[12.653208499999998,46.17319049999999],[12.653236,46.1731935],[12.6532696,46.1732571],[12.6530579,46.1732829],[12.6530951,46.173469600000004],[12.6530857,46.1735303],[12.653157799999999,46.1736316],[12.6532349,46.1736726],[12.653400799999998,46.1736862],[12.6535006,46.17372559999999],[12.6536866,46.1737579],[12.6537969,46.1738102],[12.6541515,46.173887],[12.6544044,46.1738875],[12.654474199999997,46.173869399999994],[12.6546201,46.1738638],[12.6546977,46.173903],[12.654765800000002,46.173965900000006],[12.654819799999999,46.17408179999999],[12.654815899999997,46.17413259999999],[12.6548525,46.17416570000001],[12.6549345,46.17431959999999],[12.655073899999998,46.174393499999994],[12.655251,46.17445789999999],[12.655305299999998,46.1745707],[12.6553729,46.1746373],[12.6553882,46.1747614],[12.6554978,46.1750164],[12.655532799999998,46.175248700000004],[12.655569099999997,46.1753199],[12.655724999999999,46.17548099999999],[12.655790600000001,46.1755804],[12.656117099999998,46.17555659999999],[12.6562002,46.17551050000001],[12.6563304,46.1753829],[12.656420899999999,46.1753195],[12.656539599999999,46.17529510000001],[12.6568169,46.17519409999999],[12.6569335,46.1750968],[12.657275900000002,46.1748858],[12.6574111,46.17465249999999],[12.657476899999999,46.17459339999999],[12.657694299999998,46.17456599999999],[12.6577934,46.1745822],[12.6579207,46.1746412],[12.658047900000001,46.174726500000006],[12.6580802,46.1747899],[12.6582076,46.17489509999999],[12.658235700000002,46.17495539999999],[12.6582414,46.17509909999999],[12.6583,46.1753426],[12.658404099999998,46.1754975],[12.658563,46.17565590000001],[12.658558499999998,46.175743399999995],[12.6586116,46.1757976],[12.658676899999998,46.17583569999999],[12.6590361,46.1759239],[12.6593604,46.1760668],[12.659422,46.176210399999995],[12.659398199999998,46.17626039999999],[12.659433499999999,46.17632829999999],[12.6595269,46.17637270000001],[12.6595923,46.17642969999999],[12.6600267,46.17665109999999],[12.6601098,46.17675469999999],[12.6602071,46.176782499999995],[12.660323399999998,46.17672519999999],[12.6604024,46.17665179999998],[12.660458,46.17650199999999],[12.6607589,46.17622409999999],[12.660871799999999,46.176075700000005],[12.660960500000002,46.17592150000001],[12.661017199999998,46.175725499999984],[12.6609972,46.17565679999999],[12.661007899999998,46.1756237]]},"properties":{"class":"path","name":null,"name:it":null,"source":"overpass","osm_id":636897882,"highway":"path","sac_scale":"demanding_mountain_hiking","access":null,"trail_visibility":null,"surface":null,"mtb:scale":null,"smoothness":null,"ref":null,"slope":3.7767893329198055,"grade":-4.096688258404665,"slope_class":"3-5: mild","length_m":7443.084845047458,"shade_pct":75.2}},{"type":"Feature","geometry":{"type":"LineString","coordinates":[[12.6185033,46.1547319],[12.6181193,46.1544864],[12.6178148,46.1543365],[12.6175103,46.1542033],[12.617341999999999,46.15407559999999],[12.617157699999998,46.15394239999999],[12.616973399999997,46.1537592],[12.616780999999998,46.1535982],[12.6165887,46.153492699999994],[12.616414999999998,46.15336289999998],[12.616226099999999,46.15320789999999]]},"properties":{"class":"path","name":null,"name:it":null,"source":"overpass","osm_id":656849073,"highway":"path","sac_scale":"hiking","access":null,"trail_visibility":"excellent","surface":"gravel","mtb:scale":null,"smoothness":null,"ref":null,"slope":7.320192791605323,"grade":6.266997366645678,"slope_class":"5-8: medium","length_m":246.1674423387144,"shade_pct":100.0}},{"type":"Feature","geometry":{"type":"LineString","coordinates":[[12.6034215,46.1529686],[12.603381999999998,46.1530053],[12.6034329,46.1533713],[12.603382,46.153414],[12.6029233,46.153133499999996],[12.6026578,46.153027599999994],[12.602362799999998,46.152930899999994],[12.6018129,46.1525816],[12.6017056,46.1523921],[12.601593,46.15212449999999],[12.6015286,46.1517975],[12.601319400000001,46.1512568],[12.6010162,46.15075409999999]]},"properties":{"class":"path","name":null,"name:it":null,"source":"overpass","osm_id":656852216,"highway":"path","sac_scale":"mountain_hiking","access":null,"trail_visibility":"excellent","surface":"gravel","mtb:scale":null,"smoothness":null,"ref":null,"slope":16.733200220092883,"grade":16.311995616440594,"slope_class":"10-20: extreme","length_m":419.08997577011127,"shade_pct":100.0}},{"type":"Feature","geometry":{"type":"LineString","coordinates":[[12.6565302,46.1632335],[12.656590599999998,46.1632732],[12.656663099999998,46.163271399999985],[12.656762300000002,46.1632807],[12.6569125,46.1633476],[12.656952699999998,46.16336609999999],[12.6570466,46.1634293],[12.6571646,46.163486899999995],[12.657263899999998,46.163559299999996],[12.6573524,46.1636244],[12.6574329,46.163694899999996],[12.6574729,46.16374119999999]]},"properties":{"class":"path","name":null,"name:it":null,"source":"overpass","osm_id":693873224,"highway":"path","sac_scale":null,"access":null,"trail_visibility":null,"surface":null,"mtb:scale":null,"smoothness":null,"ref":null,"slope":8.667364473969993,"grade":7.663695257107482,"slope_class":"8-10: hard","length_m":95.62607808734165,"shade_pct":100.0}},{"type":"Feature","geometry":{"type":"LineString","coordinates":[[12.6469882,46.1341451],[12.647112900000002,46.13434819999999],[12.647190799999999,46.13449719999999],[12.6472376,46.134652700000004],[12.6472812,46.13477579999999],[12.6473217,46.134851399999995],[12.647436999999998,46.134996099999995],[12.6475524,46.135112799999995],[12.647639599999998,46.13521],[12.647755,46.1353287],[12.647807899999998,46.13540649999999],[12.6478578,46.13549940000001],[12.6479201,46.13560739999999],[12.648010499999998,46.1357326],[12.648163300000002,46.1360026],[12.6482942,46.136244500000004],[12.6484126,46.13644749999999],[12.6484567,46.136536199999995],[12.648491899999998,46.1366401],[12.6485316,46.13680500000001],[12.6486462,46.137125700000006],[12.6487388,46.137449499999995],[12.6489151,46.137849599999996],[12.649109,46.13817639999999],[12.649399999999998,46.1386429],[12.6494319,46.138702599999995],[12.6495578,46.1389025],[12.6496653,46.1390861],[12.6497573,46.139310699999996],[12.6500004,46.13973609999999],[12.6501437,46.1400061],[12.650447099999996,46.14056819999999],[12.6505221,46.140727000000005],[12.650693999999998,46.14098969999999],[12.650830599999999,46.14118509999999],[12.6510069,46.1413806],[12.651214099999999,46.141710399999994],[12.6513507,46.1419945],[12.6514169,46.142272399999996],[12.651535899999999,46.142532],[12.6517034,46.142919899999995],[12.651848799999998,46.14326189999999],[12.6518885,46.14360090000001],[12.651923799999999,46.14381769999999],[12.651963399999998,46.144156699999996],[12.652003099999998,46.1443949],[12.6519947,46.14451809999999],[12.6519506,46.144660099999996],[12.651946199999998,46.14480209999999],[12.6519462,46.1448678],[12.651963800000003,46.144965500000005],[12.652014499999998,46.1450357],[12.652085,46.14510899999999],[12.6523473,46.145310599999995],[12.652528000000002,46.1454556],[12.652622799999998,46.14552280000001],[12.6528366,46.1456633],[12.653063599999998,46.145779399999995],[12.653385300000002,46.1459473],[12.653517599999999,46.14601139999999],[12.653795300000002,46.1461305],[12.654079600000001,46.146261900000006],[12.6542728,46.1463159]]},"properties":{"class":"track","name":null,"name:it":null,"source":"overpass","osm_id":695770261,"highway":"track","sac_scale":null,"access":null,"trail_visibility":null,"surface":"grass","mtb:scale":null,"smoothness":null,"ref":null,"slope":1.3675974387428549,"grade":1.3755819380803394,"slope_class":"0-3: flat","length_m":1513.189033169843,"shade_pct":71.2}},{"type":"Feature","geometry":{"type":"LineString","coordinates":[[12.6317576,46.10860709999999],[12.6318781,46.1084648],[12.632060499999998,46.10835699999999],[12.6321892,46.1082998],[12.632297899999998,46.108249099999995],[12.632392800000002,46.1081806],[12.632483800000001,46.1081065],[12.632560899999998,46.10802699999999],[12.6326597,46.1079338],[12.6327467,46.107862499999996],[12.6328515,46.107798100000004],[12.632950399999999,46.1077419],[12.6331362,46.10761309999998],[12.6332786,46.10750199999999],[12.6333577,46.10741289999999],[12.6334545,46.10731289999999],[12.6335554,46.107215499999995],[12.633672,46.1071251],[12.633828199999998,46.107022300000004],[12.6340062,46.10692219999999],[12.634205899999998,46.106822099999995],[12.634449,46.10670970000001],[12.6346487,46.10663569999999],[12.6352775,46.10643829999999],[12.635392100000002,46.1064123],[12.6354851,46.1063999],[12.635560199999999,46.10640269999999],[12.6356175,46.10641770000001],[12.635667,46.106439699999996],[12.635696599999998,46.1064739],[12.635726299999998,46.106513699999994],[12.635759899999998,46.10662339999998],[12.635787599999999,46.1066617],[12.635835,46.1066988],[12.6358904,46.1067179],[12.6359438,46.1067289],[12.636008999999998,46.1067289],[12.6361533,46.10671519999999],[12.6367584,46.1066151],[12.6368473,46.1066069],[12.636912600000002,46.106616499999994],[12.6369798,46.106639799999996],[12.6370174,46.10668780000001],[12.637048999999998,46.10674539999999],[12.6370885,46.10679739999999],[12.637138,46.1068317],[12.6372151,46.1068523],[12.637286299999998,46.10685229999999],[12.6375222,46.10680649999999]]},"properties":{"class":"track","name":null,"name:it":null,"source":"overpass","osm_id":695774646,"highway":"track","sac_scale":null,"access":null,"trail_visibility":null,"surface":null,"mtb:scale":null,"smoothness":null,"ref":null,"slope":0.018976835807255454,"grade":-0.0024925523927200274,"slope_class":"0-3: flat","length_m":581.5664959225282,"shade_pct":0.0}},{"type":"Feature","geometry":{"type":"LineString","coordinates":[[12.6657993,46.1600628],[12.665994499999998,46.159983099999984],[12.666118,46.159985999999996],[12.6664638,46.159994299999994],[12.6666409,46.160001699999995],[12.6669547,46.1600946],[12.6672015,46.16051629999999],[12.667378499999998,46.16069099999999],[12.6683602,46.16083029999999],[12.6693821,46.16085069999999],[12.6694802,46.160856499999994],[12.6701412,46.16089529999999]]},"properties":{"class":"track","name":null,"name:it":null,"source":"overpass","osm_id":697625859,"highway":"track","sac_scale":null,"access":null,"trail_visibility":null,"surface":"gravel","mtb:scale":null,"smoothness":null,"ref":null,"slope":0.7654580533110853,"grade":-1.24509547969699,"slope_class":"0-3: flat","length_m":383.57531483547524,"shade_pct":0.0}},{"type":"Feature","geometry":{"type":"LineString","coordinates":[[12.6709262,46.1537898],[12.671316000000001,46.1538278],[12.6719034,46.1538836],[12.672319099999998,46.15394120000001],[12.672654399999999,46.1538668]]},"properties":{"class":"track","name":null,"name:it":null,"source":"overpass","osm_id":700632275,"highway":"track","sac_scale":null,"access":null,"trail_visibility":null,"surface":null,"mtb:scale":null,"smoothness":null,"ref":null,"slope":4.67705908022564,"grade":-3.908815421154346,"slope_class":"3-5: mild","length_m":136.2175706580359,"shade_pct":0.0}},{"type":"Feature","geometry":{"type":"LineString","coordinates":[[12.6657993,46.1600628],[12.6657878,46.16021279999998],[12.665761799999999,46.16045489999999],[12.665732,46.160731899999995],[12.6656795,46.161123799999984],[12.665518399999998,46.161494099999985],[12.6653607,46.161937599999995],[12.664841599999999,46.163330699999996],[12.6645959,46.163946799999984]]},"properties":{"class":"track","name":null,"name:it":null,"source":"overpass","osm_id":700637350,"highway":"track","sac_scale":null,"access":null,"trail_visibility":null,"surface":"ground","mtb:scale":null,"smoothness":null,"ref":null,"slope":0.7426670954728547,"grade":0.6940720793106975,"slope_class":"0-3: flat","length_m":443.3646878388515,"shade_pct":20.4}},{"type":"Feature","geometry":{"type":"LineString","coordinates":[[12.6557235,46.1569247],[12.6557887,46.1569344],[12.6558503,46.1568991],[12.655938899999999,46.156895299999995],[12.656075699999997,46.156958499999995],[12.6562017,46.1570161],[12.6563305,46.1570737],[12.6564592,46.15713319999999],[12.6565638,46.15717399999999],[12.6566765,46.1572075],[12.656811500000002,46.157222499999996]]},"properties":{"class":"path","name":null,"name:it":null,"source":"overpass","osm_id":710491456,"highway":"path","sac_scale":null,"access":null,"trail_visibility":null,"surface":null,"mtb:scale":null,"smoothness":null,"ref":null,"slope":1.1834165299439134,"grade":-0.602856698617821,"slope_class":"0-3: flat","length_m":95.63435012986302,"shade_pct":38.0}},{"type":"Feature","geometry":{"type":"LineString","coordinates":[[12.6376011,46.147464799999995],[12.6376677,46.1474944],[12.637781599999999,46.1475538],[12.6378943,46.1476486],[12.638028399999998,46.1477722],[12.6381102,46.14787439999999],[12.6381357,46.1479087],[12.638222899999999,46.1480156],[12.6383302,46.148114099999994],[12.6383865,46.14823299999999],[12.638410599999998,46.148288699999995],[12.638542100000002,46.14838540000001],[12.638743200000002,46.148524699999996],[12.638837100000002,46.1486548],[12.6388344,46.14874029999999],[12.638786099999999,46.14880899999999],[12.6389605,46.148849899999995],[12.6391,46.148849899999995],[12.6392931,46.14880899999999],[12.6394817,46.14876910000001],[12.639644599999999,46.14873459999999]]},"properties":{"class":"path","name":null,"name:it":null,"source":"overpass","osm_id":711060476,"highway":"path","sac_scale":null,"access":null,"trail_visibility":null,"surface":null,"mtb:scale":null,"smoothness":null,"ref":null,"slope":2.3402991528845813,"grade":1.9896516863348386,"slope_class":"0-3: flat","length_m":253.07795870153487,"shade_pct":100.0}},{"type":"Feature","geometry":{"type":"LineString","coordinates":[[12.6381456,46.1489322],[12.638196,46.14890379999999],[12.6383328,46.148855499999996],[12.638614499999997,46.1488128],[12.638786099999999,46.14880899999999],[12.638853199999998,46.1488536],[12.6389256,46.14892429999999],[12.6390007,46.14895580000001]]},"properties":{"class":"path","name":null,"name:it":null,"source":"overpass","osm_id":711060477,"highway":"path","sac_scale":null,"access":null,"trail_visibility":null,"surface":null,"mtb:scale":null,"smoothness":null,"ref":null,"slope":0.314644757383752,"grade":0.5177014434353188,"slope_class":"0-3: flat","length_m":76.04320266139757,"shade_pct":100.0}},{"type":"Feature","geometry":{"type":"LineString","coordinates":[[12.636306299999998,46.148040900000005],[12.636605499999996,46.1478725],[12.6369113,46.147727599999996],[12.6372653,46.1476068],[12.637408800000001,46.147558499999995],[12.637541599999999,46.1475269],[12.6376011,46.147464799999995],[12.637663599999998,46.14739960000001],[12.637951999999999,46.147194199999994],[12.638241600000002,46.14704930000001],[12.638429399999998,46.1469601],[12.6388586,46.14675569999999],[12.6394111,46.146484400000006],[12.639649800000003,46.1463729],[12.6398429,46.1462893],[12.640049,46.146200699999994]]},"properties":{"class":"track","name":null,"name:it":null,"source":"overpass","osm_id":711060478,"highway":"track","sac_scale":null,"access":null,"trail_visibility":null,"surface":null,"mtb:scale":null,"smoothness":null,"ref":null,"slope":0.7585128601422553,"grade":0.8455586076630885,"slope_class":"0-3: flat","length_m":357.19152339093915,"shade_pct":54.1}},{"type":"Feature","geometry":{"type":"LineString","coordinates":[[12.648777399999998,46.149421899999986],[12.6487532,46.149466800000006],[12.648715700000002,46.14948540000001],[12.6486379,46.1494668],[12.648530600000003,46.1494223],[12.6484019,46.149411099999995],[12.6483375,46.1493832],[12.648109499999999,46.14935539999998],[12.6479003,46.1492847],[12.6477876,46.1491807],[12.6476938,46.14906179999999],[12.647616,46.1489912],[12.6475516,46.14892429999999],[12.647465799999999,46.1488295],[12.6473612,46.14875889999999],[12.647283400000001,46.14873289999999],[12.6471895,46.148745899999994],[12.6471171,46.14879599999999],[12.646991,46.148818299999995],[12.646883699999998,46.14880349999999],[12.6468006,46.1487867],[12.6467711,46.14874590000001],[12.6467577,46.14866599999999],[12.646765699999998,46.1485768],[12.6467872,46.1485192],[12.646816699999999,46.14843179999999],[12.646781800000001,46.1483464],[12.6467469,46.148285],[12.646690600000001,46.1482665],[12.6465914,46.14826829999999],[12.646518899999998,46.14827199999999],[12.646459899999998,46.148281299999994],[12.646422400000002,46.1482665],[12.646379499999998,46.14826649999999],[12.6463231,46.1482776],[12.6462883,46.1482479],[12.646253399999999,46.1481958],[12.646218499999998,46.148184699999995],[12.646159500000001,46.1481605],[12.6460898,46.148117799999994],[12.645995899999999,46.1480751],[12.645928899999998,46.1480249],[12.6458591,46.1479821],[12.645773300000002,46.14790779999999],[12.645700899999998,46.147853899999994],[12.645609699999998,46.1478112],[12.6454943,46.1477536],[12.6453978,46.14774990000001],[12.6452798,46.14773129999999],[12.645215999999998,46.14771189999998]]},"properties":{"class":"path","name":null,"name:it":null,"source":"overpass","osm_id":711061012,"highway":"path","sac_scale":null,"access":null,"trail_visibility":null,"surface":null,"mtb:scale":null,"smoothness":null,"ref":null,"slope":8.967560206272426,"grade":-8.868669859568785,"slope_class":"8-10: hard","length_m":397.79831140346306,"shade_pct":100.0}},{"type":"Feature","geometry":{"type":"LineString","coordinates":[[12.6468623,46.15621349999999],[12.647173400000002,46.1560165],[12.647495299999997,46.155815899999986],[12.647774200000002,46.155630099999996],[12.648074599999998,46.155355099999994]]},"properties":{"class":"path","name":null,"name:it":null,"source":"overpass","osm_id":730963066,"highway":"path","sac_scale":null,"access":null,"trail_visibility":null,"surface":null,"mtb:scale":null,"smoothness":null,"ref":null,"slope":4.06131160245602,"grade":-4.475002440017942,"slope_class":"3-5: mild","length_m":134.2083929097879,"shade_pct":100.0}},{"type":"Feature","geometry":{"type":"LineString","coordinates":[[12.646873000000001,46.1562915],[12.6469506,46.15637739999999],[12.6471163,46.15655449999999],[12.647269999999999,46.156744899999985],[12.6475007,46.156952899999986],[12.6476708,46.15707909999999],[12.647881500000002,46.1572539],[12.6480478,46.15738030000001],[12.648176499999998,46.1573208],[12.6484555,46.1572539],[12.6486961,46.157196199999994],[12.648873900000002,46.15711640000001],[12.649076299999999,46.1570256],[12.6492977,46.1569604],[12.6495069,46.1568823],[12.6496893,46.156793199999996],[12.649893199999998,46.1566482],[12.6500112,46.1565405],[12.650129199999999,46.15646619999999],[12.6503169,46.1563918],[12.650454,46.156357899999996]]},"properties":{"class":"path","name":null,"name:it":null,"source":"overpass","osm_id":730963067,"highway":"path","sac_scale":null,"access":null,"trail_visibility":null,"surface":null,"mtb:scale":null,"smoothness":null,"ref":null,"slope":1.6632603247734583,"grade":-1.5196696143883521,"slope_class":"0-3: flat","length_m":373.339237390903,"shade_pct":100.0}},{"type":"Feature","geometry":{"type":"LineString","coordinates":[[12.6441971,46.154437099999996],[12.644330200000002,46.15455990000001],[12.6444322,46.15471599999999],[12.6444966,46.15485719999999],[12.644560899999998,46.1549538],[12.6446789,46.1550058],[12.6448184,46.155069],[12.6449257,46.1551767],[12.6450276,46.1552919],[12.645140299999998,46.1553885],[12.645295899999999,46.15546659999999],[12.6455265,46.15552979999999],[12.6457733,46.1555966],[12.6458752,46.155622699999995],[12.6459932,46.15570439999999],[12.6461917,46.15587529999999],[12.6462239,46.15598309999999],[12.6463124,46.15611869999999],[12.6464492,46.156239500000005],[12.6465619,46.15633239999999],[12.6466799,46.1563621],[12.646700900000003,46.1563544],[12.646873000000001,46.1562915],[12.6468623,46.15621349999999],[12.646765699999998,46.15603509999999],[12.646722800000001,46.15591619999999],[12.646663799999999,46.15577869999999],[12.6467764,46.1552399],[12.646755000000002,46.15513209999999],[12.6467228,46.1550355],[12.6467282,46.15492030000001],[12.6467603,46.1547308],[12.6467764,46.1545785],[12.6467603,46.15438149999999],[12.646765699999998,46.154199399999996],[12.646814,46.1540099],[12.646831400000002,46.1538395]]},"properties":{"class":"path","name":null,"name:it":null,"source":"overpass","osm_id":730963068,"highway":"path","sac_scale":null,"access":null,"trail_visibility":null,"surface":null,"mtb:scale":null,"smoothness":null,"ref":null,"slope":0.4769246526971815,"grade":-0.146878563148587,"slope_class":"0-3: flat","length_m":594.5459155693518,"shade_pct":98.0}},{"type":"Feature","geometry":{"type":"LineString","coordinates":[[12.6370226,46.1545889],[12.6371607,46.15461559999999],[12.6371956,46.1546788],[12.637195599999998,46.1547643],[12.637187499999998,46.15484419999999],[12.6372063,46.15494259999999],[12.637187499999998,46.154992799999995],[12.6371688,46.155082],[12.637155399999997,46.15518229999999]]},"properties":{"class":"path","name":null,"name:it":null,"source":"overpass","osm_id":736727798,"highway":"path","sac_scale":null,"access":null,"trail_visibility":null,"surface":null,"mtb:scale":null,"smoothness":null,"ref":null,"slope":9.359501761869605,"grade":9.151500305760846,"slope_class":"8-10: hard","length_m":75.06293543257317,"shade_pct":100.0}},{"type":"Feature","geometry":{"type":"LineString","coordinates":[[12.6391043,46.15441679999999],[12.6387405,46.154500399999996],[12.638381099999998,46.15461929999999],[12.6381504,46.154742],[12.6379681,46.1549278],[12.637732,46.155094999999996],[12.637512,46.1552508],[12.637243899999998,46.155396],[12.6370293,46.1554443],[12.6366484,46.155418299999994],[12.636498900000001,46.15531639999999]]},"properties":{"class":"path","name":null,"name:it":null,"source":"overpass","osm_id":736727799,"highway":"path","sac_scale":null,"access":null,"trail_visibility":null,"surface":null,"mtb:scale":null,"smoothness":null,"ref":null,"slope":9.717144568968417,"grade":7.84745968597386,"slope_class":"8-10: hard","length_m":247.6492312374666,"shade_pct":100.0}},{"type":"Feature","geometry":{"type":"LineString","coordinates":[[12.640757299999999,46.154286400000004],[12.640966799999998,46.1542849],[12.641162599999998,46.154258899999995],[12.641312799999998,46.1542236],[12.641556900000001,46.15419390000001],[12.641774,46.15416739999999],[12.642066500000002,46.1541586],[12.642222,46.15413629999999],[12.642509000000002,46.1541623],[12.6428041,46.154221699999994],[12.643011800000002,46.1542636],[12.643150099999998,46.154331299999996],[12.6433378,46.15436479999999],[12.6435095,46.15440749999999],[12.6437321,46.154428],[12.643919899999998,46.154465099999996],[12.644013799999998,46.1545209],[12.644107599999998,46.15461],[12.644145300000002,46.15465069999999]]},"properties":{"class":"path","name":null,"name:it":null,"source":"overpass","osm_id":736727800,"highway":"path","sac_scale":null,"access":null,"trail_visibility":null,"surface":null,"mtb:scale":null,"smoothness":null,"ref":null,"slope":0.9891048942530573,"grade":1.6473803759380408,"slope_class":"0-3: flat","length_m":279.58724929529296,"shade_pct":67.8}},{"type":"Feature","geometry":{"type":"LineString","coordinates":[[12.6500131,46.125831999999996],[12.6498156,46.1257388],[12.649440099999998,46.12559009999999],[12.648538799999999,46.12527029999999],[12.647680499999998,46.12490599999999],[12.647251399999998,46.124682899999996],[12.646819,46.1244144],[12.6459746,46.123909499999996],[12.645803,46.1237682],[12.6455026,46.123574899999994],[12.6451775,46.123417999999994],[12.6445874,46.12312799999999],[12.6441722,46.1227495],[12.643882499999998,46.1225636],[12.6435499,46.1222735],[12.6435167,46.1222283]]},"properties":{"class":"track","name":null,"name:it":null,"source":"overpass","osm_id":743622533,"highway":"track","sac_scale":null,"access":null,"trail_visibility":null,"surface":"ground","mtb:scale":null,"smoothness":null,"ref":null,"slope":1.0401614253838594,"grade":-1.0147392427361106,"slope_class":"0-3: flat","length_m":649.3283180855565,"shade_pct":52.4}},{"type":"Feature","geometry":{"type":"LineString","coordinates":[[12.640108,46.123408],[12.640211,46.12335060000001],[12.640426599999998,46.123241799999995],[12.640571,46.123170999999985],[12.6407894,46.123100199999996],[12.640976100000001,46.12308800000001],[12.6414551,46.1229977],[12.641733299999999,46.1229269],[12.641986899999997,46.12284139999999],[12.6422018,46.1227877],[12.642444800000002,46.1227023],[12.642606800000001,46.122668100000006],[12.642818100000001,46.1225827],[12.643050600000002,46.1224875],[12.6432091,46.1224069],[12.6433535,46.122311700000004],[12.643438,46.1222653],[12.6435167,46.1222283]]},"properties":{"class":"track","name":null,"name:it":null,"source":"overpass","osm_id":743622534,"highway":"track","sac_scale":null,"access":null,"trail_visibility":null,"surface":"ground","mtb:scale":null,"smoothness":null,"ref":null,"slope":0.7185660446443748,"grade":-0.5718226324260224,"slope_class":"0-3: flat","length_m":298.5246041692555,"shade_pct":79.2}},{"type":"Feature","geometry":{"type":"LineString","coordinates":[[12.645696599999999,46.15368769999999],[12.645850599999997,46.15380189999999],[12.646140299999999,46.153991399999995],[12.646220699999999,46.1540694],[12.6462529,46.154110300000006],[12.6462851,46.15422920000001],[12.646242199999998,46.15426589999999],[12.646193900000002,46.1543072],[12.646150999999998,46.15441130000001],[12.6461027,46.154492999999995],[12.646033,46.1546305],[12.6460115,46.154742],[12.6460169,46.154834900000004],[12.645995399999999,46.15492039999999],[12.6459579,46.155046699999986],[12.6459158,46.15516929999999],[12.6459203,46.1552845],[12.6459471,46.155429500000004],[12.645973999999999,46.1555744],[12.6459932,46.15570439999999]]},"properties":{"class":"path","name":null,"name:it":null,"source":"overpass","osm_id":794893031,"highway":"path","sac_scale":null,"access":null,"trail_visibility":null,"surface":null,"mtb:scale":null,"smoothness":null,"ref":null,"slope":3.1079664813647274,"grade":3.420947132162617,"slope_class":"3-5: mild","length_m":247.45401402161593,"shade_pct":94.1}},{"type":"Feature","geometry":{"type":"LineString","coordinates":[[12.642104699999999,46.16088969999999],[12.641959999999997,46.160787199999994],[12.641870700000002,46.16066740000001],[12.641748,46.16051279999999],[12.641619599999999,46.1603389],[12.6417815,46.160219100000006],[12.641971200000002,46.16010700000001],[12.6420912,46.160000700000005],[12.6421804,46.159881899999995],[12.642226499999998,46.159776499999985],[12.6422627,46.1596673]]},"properties":{"class":"path","name":null,"name:it":null,"source":"overpass","osm_id":837180201,"highway":"path","sac_scale":null,"access":null,"trail_visibility":null,"surface":null,"mtb:scale":null,"smoothness":null,"ref":null,"slope":13.136053222452414,"grade":-17.824341995423133,"slope_class":"10-20: extreme","length_m":164.51490864965172,"shade_pct":77.8}},{"type":"Feature","geometry":{"type":"LineString","coordinates":[[12.6992086,46.11023930000001],[12.6993188,46.11010009999999],[12.699962600000001,46.10922240000001],[12.7003703,46.10869799999998],[12.700938899999999,46.10797649999999],[12.7011642,46.10765289999999],[12.701282199999996,46.10745949999999],[12.701641599999999,46.1069983],[12.7021352,46.106221],[12.702569699999998,46.1055069],[12.7029685,46.10488409999999],[12.703267,46.104431999999996],[12.7037981,46.1037291],[12.7042238,46.10312849999999],[12.704265199999998,46.1030645],[12.7043936,46.102650399999995],[12.704551,46.1019495],[12.704508899999999,46.1018773],[12.70438,46.1018037]]},"properties":{"class":"track","name":null,"name:it":null,"source":"overpass","osm_id":903005243,"highway":"track","sac_scale":null,"access":null,"trail_visibility":null,"surface":null,"mtb:scale":null,"smoothness":null,"ref":null,"slope":0.20103577982409923,"grade":0.6282895529375199,"slope_class":"0-3: flat","length_m":1036.8766075904484,"shade_pct":29.4}},{"type":"Feature","geometry":{"type":"LineString","coordinates":[[12.6992086,46.11023930000001],[12.6991222,46.110529799999995],[12.699106099999998,46.1106302],[12.6989935,46.110786399999995],[12.698762800000003,46.11105789999999],[12.6985697,46.111348],[12.698462400000002,46.1114856],[12.6982854,46.11175339999999],[12.6981244,46.1119765],[12.6978777,46.1122666],[12.697748900000002,46.1123856],[12.697550499999998,46.1126385],[12.6974217,46.1127835],[12.6972608,46.1130141],[12.6971267,46.113233500000014],[12.696955,46.113475199999996],[12.696842299999998,46.1136351],[12.696659999999998,46.11376899999999],[12.696529299999998,46.11380409999999]]},"properties":{"class":"track","name":null,"name:it":null,"source":"overpass","osm_id":903005244,"highway":"track","sac_scale":null,"access":null,"trail_visibility":null,"surface":null,"mtb:scale":null,"smoothness":null,"ref":null,"slope":1.088833334082471,"grade":1.2279406435705318,"slope_class":"0-3: flat","length_m":453.4577104744624,"shade_pct":14.6}},{"type":"Feature","geometry":{"type":"LineString","coordinates":[[12.712675599999999,46.08682939999999],[12.712696,46.0866668],[12.712653899999998,46.0865511],[12.7124121,46.0864617],[12.7116971,46.08627249999999],[12.711594499999999,46.08623879999998]]},"properties":{"class":"track","name":null,"name:it":null,"source":"overpass","osm_id":903005249,"highway":"track","sac_scale":null,"access":null,"trail_visibility":null,"surface":null,"mtb:scale":null,"smoothness":null,"ref":null,"slope":0.5776628954992444,"grade":-0.7398820868794773,"slope_class":"0-3: flat","length_m":120.59870401392234,"shade_pct":59.8}},{"type":"Feature","geometry":{"type":"LineString","coordinates":[[12.7134678,46.0874277],[12.713267199999999,46.087427699999985],[12.713011099999997,46.087407],[12.7127232,46.0873891],[12.7126537,46.0873836],[12.712616,46.087378099999995],[12.7126001,46.08736429999999],[12.7126021,46.0873134],[12.712608,46.08722250000001],[12.7126418,46.08699659999999],[12.712675599999999,46.08682939999999]]},"properties":{"class":"track","name":null,"name:it":null,"source":"overpass","osm_id":903005250,"highway":"track","sac_scale":null,"access":null,"trail_visibility":null,"surface":null,"mtb:scale":null,"smoothness":null,"ref":null,"slope":0.15196044220543684,"grade":-0.13568747917768142,"slope_class":"0-3: flat","length_m":128.03046716571112,"shade_pct":0.0}},{"type":"Feature","geometry":{"type":"LineString","coordinates":[[12.688294299999999,46.10601849999999],[12.687934900000002,46.10598869999999],[12.687546,46.10596079999999],[12.687234899999998,46.105949700000004],[12.6869318,46.105940399999994],[12.6865938,46.1059367],[12.6863685,46.10593849999999],[12.686253199999998,46.105946],[12.6861861,46.105955300000005],[12.6861593,46.1060408],[12.686033199999999,46.10645920000001],[12.685942100000002,46.106689800000005],[12.685885699999998,46.1068256],[12.6858669,46.10691109999999],[12.685824,46.106959499999995],[12.6857489,46.106970600000004],[12.685569199999998,46.10695020000001],[12.685397599999998,46.106922299999994],[12.685309,46.1068646],[12.685242,46.106807],[12.6851079,46.1067902],[12.6849309,46.106773499999996],[12.684847700000002,46.10678089999999],[12.684837000000002,46.1068274],[12.6848021,46.1069148],[12.6846948,46.10722169999999],[12.6846519,46.1073853],[12.6846036,46.10754339999998],[12.6845527,46.10762890000001],[12.684507099999998,46.107656799999994],[12.6843864,46.10766419999999],[12.684203999999998,46.1076605],[12.683898200000002,46.1076085],[12.683538799999997,46.10756749999999],[12.6833323,46.1075211],[12.683318899999998,46.10748569999999],[12.683367099999998,46.1073351],[12.6834208,46.1070952],[12.6834691,46.1069409],[12.6835012,46.1068237],[12.6835656,46.10666379999999],[12.6836461,46.1065187],[12.683691700000002,46.1063774],[12.683737299999999,46.10621369999999],[12.683793600000001,46.10607610000001],[12.6838016,46.1060259],[12.6837587,46.106012899999996],[12.683404699999999,46.10600169999999],[12.683173999999998,46.10596459999999],[12.682983600000002,46.1059534],[12.682889699999999,46.1059515],[12.682870899999998,46.106020300000004],[12.6828656,46.1060929],[12.6829272,46.106133799999995],[12.683085500000002,46.106159799999986],[12.683168600000002,46.1061654]]},"properties":{"class":"path","name":null,"name:it":null,"source":"overpass","osm_id":911442875,"highway":"path","sac_scale":null,"access":null,"trail_visibility":null,"surface":null,"mtb:scale":null,"smoothness":null,"ref":null,"slope":0.4542724297222692,"grade":0.31225934061517696,"slope_class":"0-3: flat","length_m":839.9681569662646,"shade_pct":74.6}},{"type":"Feature","geometry":{"type":"LineString","coordinates":[[12.6997694,46.108310599999996],[12.6990272,46.108096],[12.6978618,46.1078335],[12.6966119,46.1075397],[12.6956221,46.1073351],[12.693725800000001,46.1069223],[12.6916659,46.106476],[12.690732499999998,46.106230499999995],[12.6900968,46.106148700000006],[12.689614,46.1061059],[12.689026599999998,46.106065],[12.688621599999998,46.1060464],[12.688294299999999,46.10601849999999],[12.6883695,46.10574699999999],[12.6885277,46.1052969],[12.6886779,46.105058899999996],[12.6887825,46.1048785],[12.6888844,46.1046386],[12.6889375,46.1045219],[12.688963199999998,46.1043982],[12.6889919,46.1042381],[12.6888764,46.10414769999999],[12.6889166,46.1039617],[12.6889998,46.103632499999996],[12.6890051,46.1035414],[12.689029300000001,46.103481900000006],[12.6890963,46.103467],[12.689512099999998,46.103478199999984],[12.6898179,46.1035042],[12.6899198,46.103507900000004],[12.6899386,46.1034856],[12.689949300000002,46.1034224],[12.689957300000001,46.10329219999999],[12.689957700000003,46.1032036],[12.6900061,46.103118],[12.690087999999998,46.1030792],[12.690136999999998,46.103026199999995],[12.6903244,46.103109599999996],[12.690491100000001,46.1031267],[12.6910865,46.1031378],[12.6915264,46.1031434],[12.691872399999998,46.10316759999999],[12.692154,46.103195500000005],[12.6923552,46.10326800000001],[12.692513499999999,46.10336099999999],[12.692781700000001,46.10338519999999],[12.6932028,46.1034261],[12.693699,46.1034651],[12.694045,46.10350789999999],[12.6945332,46.1035823],[12.6951045,46.10369570000002],[12.695646300000002,46.1037831],[12.6959128,46.1038285],[12.6962256,46.103881699999995],[12.6966333,46.1039561],[12.697183199999998,46.104077],[12.697816199999998,46.104223899999994],[12.698481400000002,46.1043522],[12.6989052,46.10445450000001],[12.6992324,46.1044898],[12.699567700000001,46.10456239999999],[12.6998037,46.1046237],[12.699994099999998,46.10466649999999],[12.700200700000002,46.1047056],[12.7004126,46.10471859999999],[12.7007586,46.10477060000001],[12.7010643,46.10482270000001],[12.701294999999998,46.1048562],[12.701565899999999,46.104897099999995],[12.7018315,46.10494919999999],[12.7020246,46.104997499999996],[12.7021057,46.105020999999994]]},"properties":{"class":"track","name":null,"name:it":null,"source":"overpass","osm_id":911442876,"highway":"track","sac_scale":null,"access":null,"trail_visibility":null,"surface":null,"mtb:scale":null,"smoothness":null,"ref":null,"slope":0.3303106834123936,"grade":-0.2539841887302214,"slope_class":"0-3: flat","length_m":2309.63959374516,"shade_pct":61.4}},{"type":"Feature","geometry":{"type":"LineString","coordinates":[[12.633468,46.152460799999986],[12.6332719,46.1524296],[12.633053300000002,46.1524168],[12.632914699999999,46.15239869999999],[12.6326699,46.152362399999994],[12.632448100000001,46.15229630000001],[12.6321813,46.152213599999996],[12.631780599999999,46.15209300000001],[12.6314757,46.1520055],[12.631062,46.15197529999999],[12.6307397,46.1518667],[12.6305785,46.1518231],[12.6304022,46.15178310000001],[12.6304387,46.15173119999999]]},"properties":{"class":"path","name":null,"name:it":null,"source":"overpass","osm_id":930646626,"highway":"path","sac_scale":null,"access":null,"trail_visibility":null,"surface":null,"mtb:scale":null,"smoothness":null,"ref":null,"slope":18.922166625105664,"grade":18.0222521379859,"slope_class":"10-20: extreme","length_m":257.20478830324885,"shade_pct":97.2}},{"type":"Feature","geometry":{"type":"LineString","coordinates":[[12.639379,46.15206309999999],[12.6393451,46.1520719],[12.6392949,46.1521285],[12.639231499999998,46.1521998],[12.639171400000002,46.1522401],[12.6390034,46.1522959],[12.638846499999998,46.152289799999984],[12.6387115,46.152226899999995],[12.6386113,46.1521514],[12.638398099999998,46.15209329999999],[12.6382376,46.1521184],[12.6381266,46.1520745],[12.637966699999998,46.1520524],[12.6378107,46.152065199999996],[12.6376573,46.1520034],[12.637556199999999,46.15197439999999],[12.637444799999999,46.151924799999996],[12.637324499999998,46.15187800000001],[12.637243399999996,46.151836499999995],[12.637131,46.15178199999999],[12.636994799999998,46.15171069999999],[12.6369052,46.15169730000001],[12.6368135,46.1517027],[12.636744499999999,46.15175299999999],[12.6366921,46.15174499999999]]},"properties":{"class":"path","name":null,"name:it":null,"source":"overpass","osm_id":930646628,"highway":"path","sac_scale":"hiking","access":null,"trail_visibility":null,"surface":null,"mtb:scale":null,"smoothness":null,"ref":null,"slope":14.128246602850544,"grade":14.390144893512439,"slope_class":"10-20: extreme","length_m":242.19854925631452,"shade_pct":100.0}},{"type":"Feature","geometry":{"type":"LineString","coordinates":[[12.6951367,46.08752239999999],[12.6950347,46.0880328],[12.6949435,46.0884606],[12.694852299999999,46.0888885],[12.6947665,46.0893982],[12.6946964,46.08976250000001]]},"properties":{"class":"track","name":null,"name:it":null,"source":"overpass","osm_id":935462728,"highway":"track","sac_scale":null,"access":null,"trail_visibility":null,"surface":null,"mtb:scale":null,"smoothness":null,"ref":null,"slope":1.7674143742328046,"grade":1.8544605389496607,"slope_class":"0-3: flat","length_m":251.48039758071758,"shade_pct":80.2}},{"type":"Feature","geometry":{"type":"LineString","coordinates":[[12.632723,46.14908499999999],[12.6326761,46.1491203],[12.6326211,46.149141699999994],[12.632539299999998,46.14913979999999],[12.632436000000002,46.14910909999998],[12.6322456,46.1490841],[12.632126199999998,46.1490711],[12.6319291,46.149059],[12.6318137,46.14908030000001],[12.6317333,46.14912679999998],[12.6316685,46.149144899999996]]},"properties":{"class":"path","name":null,"name:it":null,"source":"overpass","osm_id":945462579,"highway":"path","sac_scale":null,"access":null,"trail_visibility":null,"surface":null,"mtb:scale":null,"smoothness":null,"ref":null,"slope":2.353000735467712,"grade":-1.800000247502502,"slope_class":"0-3: flat","length_m":87.55491960170185,"shade_pct":100.0}},{"type":"Feature","geometry":{"type":"LineString","coordinates":[[12.631085800000001,46.145615600000006],[12.631069399999998,46.1455998],[12.631031899999998,46.1455645],[12.630916499999998,46.14550229999999],[12.6308702,46.14542310000001],[12.6308012,46.14536759999999],[12.6307502,46.14532299999999],[12.630707299999997,46.1452644],[12.6306885,46.145201199999995],[12.630652299999998,46.1451371],[12.6305397,46.1450693],[12.6304311,46.1449792],[12.6302983,46.14486949999999],[12.6302004,46.14478499999999],[12.6301414,46.144706],[12.6300649,46.1446214],[12.6300395,46.144560099999985],[12.6300113,46.14448209999999],[12.6300059,46.1444096],[12.629996499999999,46.14433619999999],[12.629999200000002,46.1442628],[12.6300086,46.1442052],[12.6300032,46.14415779999999],[12.6299898,46.1441187],[12.630026,46.1440565],[12.6301146,46.14400069999999],[12.6302125,46.1439794],[12.630368,46.143937599999994],[12.630471300000002,46.143918000000006],[12.630620200000001,46.1439013],[12.630746200000003,46.1439097],[12.6308924,46.143948699999996],[12.631013099999999,46.143997],[12.6311418,46.144050899999996],[12.631296099999998,46.1441187],[12.631449,46.1441894],[12.631529399999998,46.144220999999995],[12.6315678,46.1442329]]},"properties":{"class":"path","name":null,"name:it":null,"source":"overpass","osm_id":945462580,"highway":"path","sac_scale":null,"access":null,"trail_visibility":null,"surface":null,"mtb:scale":null,"smoothness":null,"ref":null,"slope":25.855596951298864,"grade":-21.727723998482947,"slope_class":">20: impossible","length_m":335.21389811018804,"shade_pct":83.9}},{"type":"Feature","geometry":{"type":"LineString","coordinates":[[12.632061400000001,46.1470691],[12.6321396,46.14701399999999],[12.6322067,46.14691179999999],[12.6322925,46.1468375],[12.6323408,46.146757599999994],[12.632370299999998,46.14665159999999],[12.632429299999998,46.146575399999996],[12.6325339,46.14649179999999],[12.632574099999998,46.1464101],[12.632624499999999,46.1463077],[12.6326809,46.1461932],[12.6326814,46.1460514],[12.632682,46.145906499999995],[12.632667999999999,46.14579869999999],[12.632668,46.1456983],[12.632639199999998,46.14559329999999],[12.632596299999998,46.145519],[12.6325567,46.1454698],[12.632540599999999,46.14539820000001],[12.632540599999999,46.1453752],[12.632577200000002,46.145382]]},"properties":{"class":"path","name":null,"name:it":null,"source":"overpass","osm_id":945462581,"highway":"path","sac_scale":null,"access":null,"trail_visibility":null,"surface":null,"mtb:scale":null,"smoothness":null,"ref":null,"slope":25.27946428820604,"grade":-22.822483979104312,"slope_class":">20: impossible","length_m":206.08890327914105,"shade_pct":100.0}},{"type":"Feature","geometry":{"type":"LineString","coordinates":[[12.686270299999999,46.0939718],[12.6868004,46.0940187],[12.687280499999998,46.094069000000005],[12.687570200000001,46.094102400000004],[12.687706900000002,46.0941527],[12.687816900000001,46.09421030000001],[12.6878947,46.09423640000001],[12.687975199999999,46.0942438],[12.6881468,46.094225200000004],[12.6886591,46.094027999999994],[12.688760199999999,46.09399629999999],[12.688801300000002,46.09398339999999],[12.6889729,46.0939815],[12.6891983,46.0940057],[12.689445,46.0940225],[12.689686399999996,46.0940448],[12.6901558,46.09405589999999],[12.690909499999998,46.0940783],[12.6914709,46.094086699999984]]},"properties":{"class":"track","name":null,"name:it":null,"source":"overpass","osm_id":975792084,"highway":"track","sac_scale":null,"access":null,"trail_visibility":null,"surface":null,"mtb:scale":null,"smoothness":null,"ref":null,"slope":0.2727815005288868,"grade":-0.1708024782383272,"slope_class":"0-3: flat","length_m":415.15275061408397,"shade_pct":63.4}},{"type":"Feature","geometry":{"type":"LineString","coordinates":[[12.697609200000002,46.0943981],[12.6977183,46.0944168],[12.697953,46.0944326],[12.698293599999998,46.09445399999999],[12.6985846,46.0944698],[12.6989213,46.0944921],[12.7004635,46.0945879],[12.7019226,46.09466979999999],[12.703810899999999,46.094781399999995],[12.705087699999998,46.0948334],[12.705806100000002,46.09485459999999]]},"properties":{"class":"track","name":null,"name:it":null,"source":"overpass","osm_id":975792797,"highway":"track","sac_scale":null,"access":null,"trail_visibility":null,"surface":null,"mtb:scale":null,"smoothness":null,"ref":null,"slope":0.10463395310216744,"grade":0.3161185811781967,"slope_class":"0-3: flat","length_m":636.4775896064989,"shade_pct":58.2}},{"type":"Feature","geometry":{"type":"LineString","coordinates":[[12.7175546,46.0833299],[12.7178174,46.083733599999995],[12.7181607,46.084163299999986],[12.718348500000001,46.084416299999994],[12.718391399999998,46.0845242],[12.7184266,46.08460490000001]]},"properties":{"class":"path","name":null,"name:it":null,"source":"overpass","osm_id":975794488,"highway":"path","sac_scale":null,"access":null,"trail_visibility":null,"surface":null,"mtb:scale":null,"smoothness":null,"ref":null,"slope":0.11850202108554196,"grade":0.20963536812391992,"slope_class":"0-3: flat","length_m":157.47528879384714,"shade_pct":0.0}},{"type":"Feature","geometry":{"type":"LineString","coordinates":[[12.7174672,46.0831525],[12.7175546,46.0833299],[12.717742300000001,46.083404300000005],[12.718021299999997,46.08344519999999],[12.7182573,46.08344519999999],[12.7185363,46.083452699999995],[12.718884899999999,46.0834527]]},"properties":{"class":"path","name":null,"name:it":null,"source":"overpass","osm_id":975794489,"highway":"path","sac_scale":null,"access":null,"trail_visibility":null,"surface":null,"mtb:scale":null,"smoothness":null,"ref":null,"slope":1.0317581942430316,"grade":-1.0618531936426463,"slope_class":"0-3: flat","length_m":126.49733036776601,"shade_pct":0.7}},{"type":"Feature","geometry":{"type":"LineString","coordinates":[[12.658141099999998,46.160295299999994],[12.6582697,46.160312000000005],[12.658385,46.1603343],[12.658532599999997,46.160338],[12.658886600000002,46.1603491],[12.659197700000002,46.1603621],[12.659387999999998,46.1603574]]},"properties":{"class":"path","name":null,"name:it":null,"source":"overpass","osm_id":975795954,"highway":"path","sac_scale":null,"access":null,"trail_visibility":null,"surface":"grass","mtb:scale":null,"smoothness":null,"ref":null,"slope":3.974532814207274,"grade":-4.855087123917469,"slope_class":"3-5: mild","length_m":96.9643286837704,"shade_pct":86.3}},{"type":"Feature","geometry":{"type":"LineString","coordinates":[[12.6674026,46.09805399999998],[12.668837599999998,46.0979898],[12.670803699999999,46.097902399999995],[12.6725659,46.097854000000005],[12.6729199,46.0978615],[12.673164699999997,46.0978712],[12.6732052,46.0978833]]},"properties":{"class":"path","name":null,"name:it":null,"source":"overpass","osm_id":984023802,"highway":"path","sac_scale":null,"access":null,"trail_visibility":null,"surface":null,"mtb:scale":null,"smoothness":null,"ref":null,"slope":0.19516499692299594,"grade":-0.24307554445678184,"slope_class":"0-3: flat","length_m":449.9253307072503,"shade_pct":70.2}},{"type":"Feature","geometry":{"type":"LineString","coordinates":[[12.660172999999999,46.09871189999999],[12.661010899999999,46.09863049999999],[12.6618813,46.098546899999995],[12.6630789,46.0984185],[12.664178600000001,46.098305999999994],[12.665361500000001,46.098182300000005],[12.666543000000003,46.09809210000001],[12.6674026,46.09805399999998]]},"properties":{"class":"path","name":null,"name:it":null,"source":"overpass","osm_id":984023803,"highway":"path","sac_scale":null,"access":null,"trail_visibility":null,"surface":null,"mtb:scale":null,"smoothness":null,"ref":null,"slope":0.1646644283707228,"grade":-0.006151080818322741,"slope_class":"0-3: flat","length_m":564.3519593139266,"shade_pct":62.2}},{"type":"Feature","geometry":{"type":"LineString","coordinates":[[12.677161799999999,46.09780109999999],[12.6774247,46.097815],[12.677741199999998,46.097855],[12.678006699999997,46.09792469999999],[12.678393000000002,46.0980251],[12.6788141,46.09815629999999],[12.679094399999999,46.09824],[12.6792713,46.0982987],[12.6793338,46.098319499999995],[12.679376399999999,46.0983336],[12.6794638,46.0983557],[12.679693799999999,46.098400399999996],[12.679854800000001,46.0984492],[12.680012399999999,46.0985073],[12.680195399999999,46.09856169999998],[12.6803,46.09858309999999],[12.6803369,46.09858100000001]]},"properties":{"class":"path","name":null,"name:it":null,"source":"overpass","osm_id":984024179,"highway":"path","sac_scale":null,"access":null,"trail_visibility":null,"surface":null,"mtb:scale":null,"smoothness":null,"ref":null,"slope":0.011881371301821944,"grade":0.10354313992406941,"slope_class":"0-3: flat","length_m":262.3860349000849,"shade_pct":63.6}},{"type":"Feature","geometry":{"type":"LineString","coordinates":[[12.680671,46.095558000000004],[12.6808499,46.095564399999994],[12.681115400000001,46.09556440000001],[12.681291099999997,46.0955644],[12.6815312,46.0955747],[12.681722900000002,46.09558019999999],[12.6819415,46.0956007],[12.682105199999999,46.0956119],[12.682164199999999,46.0956165],[12.682174899999998,46.09564999999999],[12.682176199999999,46.0957328],[12.682172200000002,46.0958388],[12.6821803,46.095915],[12.682180299999997,46.09599969999999],[12.682186999999999,46.09608149999999],[12.682195000000002,46.0961261],[12.6821981,46.0961394]]},"properties":{"class":"track","name":null,"name:it":null,"source":"overpass","osm_id":984025324,"highway":"track","sac_scale":null,"access":null,"trail_visibility":null,"surface":null,"mtb:scale":null,"smoothness":null,"ref":null,"slope":0.4278488675620853,"grade":0.4594779790407512,"slope_class":"0-3: flat","length_m":174.19431572223152,"shade_pct":6.7}},{"type":"Feature","geometry":{"type":"LineString","coordinates":[[12.5943637,46.15795979999999],[12.5941938,46.15796819999999],[12.594024800000001,46.1579459],[12.5939622,46.1579416],[12.593874499999998,46.157965100000006],[12.593824000000001,46.15792390000001],[12.5936677,46.15786729999999],[12.5935258,46.157784199999995],[12.5933938,46.1576922],[12.5932363,46.157567],[12.593099999999998,46.157506799999986],[12.5930487,46.1573948],[12.593013,46.157294799999995],[12.5929873,46.157215799999996],[12.5929928,46.15713060000001],[12.592949299999999,46.15707629999999],[12.592850000000002,46.1570203],[12.592741500000002,46.15696810000001],[12.5926053,46.15695010000001],[12.592492400000001,46.15680979999999],[12.592412599999998,46.1566876],[12.5922947,46.15658570000001],[12.5922522,46.15652029999999]]},"properties":{"class":"path","name":null,"name:it":null,"source":"overpass","osm_id":1000459259,"highway":"path","sac_scale":"mountain_hiking","access":null,"trail_visibility":null,"surface":null,"mtb:scale":null,"smoothness":null,"ref":null,"slope":16.47348389456438,"grade":-14.30786287924943,"slope_class":"10-20: extreme","length_m":254.04826185356768,"shade_pct":100.0}},{"type":"Feature","geometry":{"type":"LineString","coordinates":[[12.660231700000002,46.166580399999994],[12.6602492,46.16657239999999],[12.660272000000003,46.1665652],[12.6603068,46.1665652],[12.6603377,46.1665891],[12.660344400000001,46.16662280000001],[12.6603538,46.1666411],[12.660369899999997,46.16668569999999],[12.660386,46.1667433],[12.660407399999999,46.166800899999984],[12.660445,46.1668845],[12.6604932,46.166997800000004],[12.6605469,46.16710739999999],[12.6605871,46.16717049999999],[12.6606461,46.167207700000006],[12.6606783,46.167211399999985],[12.660714499999997,46.167209799999995],[12.6607467,46.167194900000005],[12.6607628,46.1671801],[12.6607789,46.1671504],[12.6607883,46.1671259],[12.6607883,46.167094399999996],[12.6607883,46.167053499999994],[12.660774900000002,46.16695320000001],[12.660766799999998,46.16686219999999],[12.6607534,46.166772999999985],[12.66074,46.1667098],[12.6608035,46.166704]]},"properties":{"class":"track","name":null,"name:it":null,"source":"overpass","osm_id":1000479915,"highway":"track","sac_scale":null,"access":null,"trail_visibility":null,"surface":"gravel","mtb:scale":null,"smoothness":null,"ref":null,"slope":3.2715642216229113,"grade":-3.193569138964874,"slope_class":"3-5: mild","length_m":151.75895334397777,"shade_pct":55.9}},{"type":"Feature","geometry":{"type":"LineString","coordinates":[[12.6236299,46.15421349999999],[12.6234834,46.1543877],[12.6232792,46.15460759999999],[12.623218,46.154697999999996],[12.623079300000002,46.15492969999999],[12.623052000000001,46.154981400000004],[12.6229733,46.155130299999996],[12.622944700000001,46.1554043],[12.622936599999997,46.155500399999994],[12.6227653,46.15565010000001],[12.622609199999998,46.155701400000005],[12.622451200000002,46.1557603],[12.622337899999998,46.15584159999999],[12.622259699999999,46.155913399999996],[12.6222151,46.15596540000001],[12.6221055,46.156109400000005],[12.622019,46.1562803],[12.6220238,46.156401300000006],[12.6220489,46.156537],[12.622112,46.156720899999996],[12.6220331,46.1568195],[12.6217783,46.156887499999996],[12.6215376,46.1569214],[12.621241,46.1569856],[12.621023799999998,46.156977899999994],[12.620689299999999,46.1569299],[12.6203987,46.1567696]]},"properties":{"class":"path","name":null,"name:it":null,"source":"overpass","osm_id":1000529136,"highway":"path","sac_scale":"mountain_hiking","access":null,"trail_visibility":null,"surface":null,"mtb:scale":null,"smoothness":null,"ref":null,"slope":24.300507065878833,"grade":21.620963699712682,"slope_class":">20: impossible","length_m":469.89103776384894,"shade_pct":100.0}},{"type":"Feature","geometry":{"type":"LineString","coordinates":[[12.6216767,46.13499629999999],[12.6218821,46.134943],[12.622102899999998,46.13492519999999],[12.6222209,46.1348113],[12.6223238,46.1347307],[12.622339,46.13471880000001],[12.6225444,46.1346512],[12.6224924,46.1345578],[12.6225164,46.134388499999986]]},"properties":{"class":"path","name":null,"name:it":null,"source":"overpass","osm_id":1017236494,"highway":"path","sac_scale":null,"access":null,"trail_visibility":null,"surface":null,"mtb:scale":null,"smoothness":null,"ref":null,"slope":8.201296801181869,"grade":-8.190244834471327,"slope_class":"8-10: hard","length_m":111.13394676157944,"shade_pct":0.0}},{"type":"Feature","geometry":{"type":"LineString","coordinates":[[12.651712800000002,46.1577198],[12.6521065,46.158127599999986],[12.652816099999999,46.1583866],[12.652803799999997,46.1585936],[12.653506,46.1587426]]},"properties":{"class":"path","name":null,"name:it":null,"source":"overpass","osm_id":1019986364,"highway":"path","sac_scale":null,"access":null,"trail_visibility":null,"surface":null,"mtb:scale":null,"smoothness":null,"ref":null,"slope":15.403008972515874,"grade":17.38937731378257,"slope_class":"10-20: extreme","length_m":196.34965253489392,"shade_pct":100.0}},{"type":"Feature","geometry":{"type":"LineString","coordinates":[[12.654830400000002,46.1544725],[12.6552709,46.154883999999996],[12.6557248,46.155352099999995],[12.656033199999998,46.15558599999999],[12.6564679,46.155933499999996],[12.6568024,46.15617309999998],[12.657041799999998,46.1562807],[12.657076599999998,46.1563729]]},"properties":{"class":"path","name":null,"name:it":null,"source":"overpass","osm_id":1019986365,"highway":"path","sac_scale":null,"access":null,"trail_visibility":null,"surface":null,"mtb:scale":null,"smoothness":null,"ref":null,"slope":2.2888959812914567,"grade":3.486535130844877,"slope_class":"0-3: flat","length_m":276.0804210456381,"shade_pct":55.5}},{"type":"Feature","geometry":{"type":"LineString","coordinates":[[12.6248002,46.1577096],[12.6251062,46.157937000000004],[12.625388499999998,46.158066399999996],[12.6255004,46.1583989]]},"properties":{"class":"path","name":null,"name:it":null,"source":"overpass","osm_id":1019986369,"highway":"path","sac_scale":null,"access":null,"trail_visibility":null,"surface":null,"mtb:scale":null,"smoothness":null,"ref":null,"slope":5.555440295649316,"grade":-8.143829310099463,"slope_class":"5-8: medium","length_m":98.73977491763688,"shade_pct":100.0}},{"type":"Feature","geometry":{"type":"LineString","coordinates":[[12.6262146,46.15905180000001],[12.626362699999998,46.159316999999994],[12.6266433,46.1596034],[12.6268387,46.1597483],[12.6271735,46.1598005]]},"properties":{"class":"path","name":null,"name:it":null,"source":"overpass","osm_id":1019986371,"highway":"path","sac_scale":null,"access":null,"trail_visibility":null,"surface":null,"mtb:scale":null,"smoothness":null,"ref":null,"slope":6.516354663449422,"grade":-7.276448034004698,"slope_class":"5-8: medium","length_m":118.77468353530497,"shade_pct":100.0}},{"type":"Feature","geometry":{"type":"LineString","coordinates":[[12.629222899999998,46.1422628],[12.629015100000002,46.14209110000001],[12.6288412,46.1419105],[12.628721300000002,46.141621300000004],[12.628524299999999,46.141249999999985],[12.6282103,46.1409737],[12.627927,46.1408597]]},"properties":{"class":"path","name":null,"name:it":null,"source":"overpass","osm_id":1019986377,"highway":"path","sac_scale":null,"access":null,"trail_visibility":null,"surface":null,"mtb:scale":null,"smoothness":null,"ref":null,"slope":0.8860519486180176,"grade":1.3134697256870405,"slope_class":"0-3: flat","length_m":191.07906150537346,"shade_pct":70.9}},{"type":"Feature","geometry":{"type":"LineString","coordinates":[[12.690115499999997,46.12643549999999],[12.692161499999997,46.1260397],[12.6938432,46.125618800000005],[12.6947617,46.1254078],[12.6950205,46.1253484],[12.6955436,46.12525260000001],[12.6961852,46.12528729999999],[12.697773299999998,46.1254807]]},"properties":{"class":"path","name":null,"name:it":null,"source":"overpass","osm_id":1022601503,"highway":"path","sac_scale":null,"access":null,"trail_visibility":null,"surface":null,"mtb:scale":null,"smoothness":null,"ref":null,"slope":0.6660639411892569,"grade":-0.47428165239942843,"slope_class":"0-3: flat","length_m":614.6251508026027,"shade_pct":0.0}},{"type":"Feature","geometry":{"type":"LineString","coordinates":[[12.685638,46.13103949999999],[12.6858683,46.1311077],[12.68627,46.1310928],[12.686692099999998,46.13105039999999],[12.6870369,46.131022400000006],[12.6873451,46.1310169],[12.687534500000002,46.131011099999995],[12.6875968,46.1309507],[12.687610300000001,46.13087639999999]]},"properties":{"class":"track","name":null,"name:it":null,"source":"overpass","osm_id":1022601504,"highway":"track","sac_scale":null,"access":null,"trail_visibility":null,"surface":null,"mtb:scale":null,"smoothness":null,"ref":null,"slope":0.6976125022334404,"grade":-0.8985055964773945,"slope_class":"0-3: flat","length_m":165.37978851763583,"shade_pct":0.0}},{"type":"Feature","geometry":{"type":"LineString","coordinates":[[12.684190500000001,46.132948299999995],[12.6842872,46.13289580000001],[12.684254999999999,46.13284669999999],[12.6841558,46.1328112],[12.6837595,46.1326797],[12.683640699999998,46.132614499999995],[12.683590399999998,46.132501399999995]]},"properties":{"class":"track","name":null,"name:it":null,"source":"overpass","osm_id":1022601505,"highway":"track","sac_scale":null,"access":null,"trail_visibility":null,"surface":null,"mtb:scale":null,"smoothness":null,"ref":null,"slope":2.037562071978779,"grade":1.841512317208396,"slope_class":"0-3: flat","length_m":82.94047205203775,"shade_pct":0.0}},{"type":"Feature","geometry":{"type":"LineString","coordinates":[[12.6199807,46.1376312],[12.6203791,46.13766220000001],[12.620744999999998,46.137718499999984],[12.6212288,46.1377242],[12.621594700000001,46.1377467],[12.6218996,46.1377495],[12.6222045,46.13776359999999],[12.622395600000003,46.13771289999999],[12.6227167,46.13761149999999],[12.622944399999998,46.1375495],[12.6231517,46.137493199999994],[12.6233713,46.1373833],[12.623586700000002,46.137265],[12.623664,46.137166400000005],[12.623749400000001,46.13699450000001],[12.623826600000001,46.1368255],[12.623903799999999,46.136603],[12.6239852,46.13636629999999],[12.6239689,46.136228299999985],[12.6239404,46.1361466],[12.6237738,46.13616069999999],[12.623436300000002,46.1362818],[12.623086699999996,46.13638890000001],[12.622871199999999,46.136493099999996],[12.622655699999997,46.136600099999995],[12.6224321,46.1366508],[12.622224799999998,46.13659729999999],[12.6220785,46.1365635]]},"properties":{"class":"track","name":null,"name:it":null,"source":"overpass","osm_id":1022827272,"highway":"track","sac_scale":null,"access":null,"trail_visibility":null,"surface":null,"mtb:scale":null,"smoothness":null,"ref":null,"slope":4.974486863775304,"grade":-4.067890814592952,"slope_class":"3-5: mild","length_m":583.874405031008,"shade_pct":27.0}},{"type":"Feature","geometry":{"type":"LineString","coordinates":[[12.6321149,46.1556147],[12.632211599999998,46.155717599999996],[12.6321228,46.155723599999995],[12.632143700000002,46.155783099999994],[12.631979100000002,46.1557599],[12.631998099999997,46.15581629999999],[12.6318284,46.1558349],[12.6318749,46.15593319999999],[12.6316129,46.15584619999999],[12.631409,46.1557131],[12.631286799999998,46.1556482],[12.631258899999999,46.15570350000001],[12.6310729,46.1556165],[12.631079899999998,46.15576899999999],[12.631238,46.1559531],[12.631003099999997,46.1558823],[12.630954299999999,46.15597029999999],[12.630818599999998,46.15592749999998],[12.6308782,46.15608520000001],[12.630960999999996,46.1562028],[12.6310518,46.15631499999999],[12.6310207,46.15638109999999],[12.6310579,46.156433199999995],[12.6311626,46.15650160000001],[12.6312671,46.1565462],[12.631336499999998,46.15658929999999],[12.6312884,46.156589],[12.6312392,46.1565834],[12.631262099999999,46.15661149999999],[12.6312518,46.156631499999996]]},"properties":{"class":"path","name":null,"name:it":null,"source":"overpass","osm_id":1056272107,"highway":"path","sac_scale":"mountain_hiking","access":null,"trail_visibility":"good","surface":null,"mtb:scale":null,"smoothness":null,"ref":null,"slope":25.826638793046968,"grade":24.42550985483701,"slope_class":">20: impossible","length_m":336.50971609466933,"shade_pct":100.0}},{"type":"Feature","geometry":{"type":"LineString","coordinates":[[12.6321149,46.1556147],[12.6320011,46.1555753],[12.631843400000001,46.155507199999995],[12.631708999999999,46.1554356],[12.6316625,46.15537650000001],[12.631631499999997,46.1552207],[12.631528,46.1551491],[12.6314479,46.155102500000005],[12.631404,46.15498259999999],[12.6313885,46.1549091],[12.6313212,46.154889399999995],[12.6313761,46.1548033],[12.631493099999998,46.1547324],[12.6314419,46.154651400000006],[12.631595399999998,46.1545931],[12.631767299999998,46.1545703],[12.6318221,46.154545],[12.6318646,46.1545458],[12.6319542,46.1546068],[12.6320506,46.1546994],[12.6320901,46.154770699999986],[12.6321711,46.154842],[12.6322259,46.15489059999999],[12.6323114,46.154924],[12.632409999999997,46.15493609999999],[12.632462599999998,46.1549194],[12.632539299999998,46.15491489999999],[12.6325656,46.1549574],[12.632585299999999,46.1549984],[12.632624700000001,46.1550363],[12.632670699999998,46.15506519999999],[12.6327299,46.1550667],[12.632817499999998,46.1550728],[12.632819699999999,46.15514559999999],[12.6329118,46.1552185],[12.633036400000002,46.1552808],[12.633086000000002,46.1553645],[12.6331913,46.155433200000004],[12.633290499999998,46.155415999999995],[12.6334175,46.155413800000005],[12.633436100000003,46.155448199999995],[12.6334268,46.1554954],[12.6333927,46.15555549999999],[12.6334206,46.1556564],[12.633482600000002,46.15571870000001],[12.6335353,46.15574869999999],[12.6336344,46.155783099999994],[12.633850399999998,46.15584210000001],[12.6340958,46.1558846],[12.6342579,46.1558921],[12.634356499999999,46.1559058],[12.6345296,46.15592550000001],[12.634674199999997,46.15597999999999]]},"properties":{"class":"path","name":null,"name:it":null,"source":"overpass","osm_id":1056272108,"highway":"path","sac_scale":"demanding_mountain_hiking","access":null,"trail_visibility":"horrible","surface":null,"mtb:scale":null,"smoothness":null,"ref":null,"slope":14.818004667693657,"grade":-9.050081527456193,"slope_class":"10-20: extreme","length_m":485.9824896605098,"shade_pct":92.2}},{"type":"Feature","geometry":{"type":"LineString","coordinates":[[12.6331266,46.143445899999996],[12.6328678,46.1430799],[12.6326358,46.1427445],[12.6323622,46.1423812],[12.6321423,46.1421516],[12.631904899999999,46.1419138],[12.631372499999998,46.1414185],[12.6310641,46.14111930000001],[12.630822700000001,46.140933399999994],[12.630650999999999,46.1407327],[12.630592,46.14062859999999],[12.6305464,46.1405339],[12.630535700000001,46.1404168],[12.630547699999997,46.140189099999986],[12.6305437,46.13997820000001],[12.6305464,46.139790500000004],[12.630524899999998,46.1393649],[12.630519599999998,46.13901729999999],[12.630557099999999,46.13867719999999],[12.630532999999998,46.13841699999999],[12.630562500000002,46.13823669999999],[12.630582599999999,46.13805549999999],[12.630622799999998,46.13795519999999],[12.630669799999998,46.1378994],[12.630598399999998,46.1377948]]},"properties":{"class":"path","name":null,"name:it":null,"source":"overpass","osm_id":1067298338,"highway":"path","sac_scale":null,"access":null,"trail_visibility":null,"surface":null,"mtb:scale":null,"smoothness":null,"ref":null,"slope":0.26311239259201125,"grade":0.2733849180189995,"slope_class":"0-3: flat","length_m":690.0210837847497,"shade_pct":30.9}},{"type":"Feature","geometry":{"type":"LineString","coordinates":[[12.6753519,46.1433141],[12.675417099999999,46.1433447],[12.675498899999997,46.1433689],[12.675603499999998,46.14339400000001],[12.6757,46.1434135],[12.675799299999998,46.143423699999985],[12.675917299999998,46.14342929999999],[12.675980299999999,46.143408799999996],[12.676034000000001,46.14338380000001],[12.6760621,46.1433754],[12.6761493,46.143373499999996],[12.676298199999998,46.14338279999999],[12.6764086,46.14337379999999]]},"properties":{"class":"path","name":null,"name:it":null,"source":"overpass","osm_id":1078008500,"highway":"path","sac_scale":null,"access":null,"trail_visibility":null,"surface":null,"mtb:scale":null,"smoothness":null,"ref":null,"slope":19.747364456135294,"grade":-20.19983959580917,"slope_class":"10-20: extreme","length_m":85.81701760612097,"shade_pct":72.8}},{"type":"Feature","geometry":{"type":"LineString","coordinates":[[12.6743797,46.14530419999999],[12.674459499999998,46.145267200000006],[12.6745319,46.1452291],[12.674586899999998,46.1451845],[12.674608399999999,46.1451213],[12.674619099999997,46.145044199999994],[12.674615099999999,46.1449541],[12.674608399999999,46.1448416],[12.6746231,46.1447933],[12.6745802,46.144736599999995],[12.674525199999998,46.144789599999996],[12.674529299999998,46.1448714],[12.6744622,46.144982899999995],[12.6744515,46.14509069999999],[12.674458199999998,46.1452077],[12.674459499999998,46.145267200000006]]},"properties":{"class":"path","name":null,"name:it":null,"source":"overpass","osm_id":1078008627,"highway":"path","sac_scale":null,"access":null,"trail_visibility":null,"surface":null,"mtb:scale":null,"smoothness":null,"ref":null,"slope":2.131732336516968,"grade":-1.158712752931439,"slope_class":"0-3: flat","length_m":133.44412814543915,"shade_pct":0.0}},{"type":"Feature","geometry":{"type":"LineString","coordinates":[[12.6645742,46.16564270000001],[12.6646145,46.1654439],[12.6646815,46.1652526],[12.6647419,46.16501759999999],[12.6647687,46.16493680000001],[12.6647204,46.1648876],[12.6645957,46.1648114],[12.66453,46.16475569999999],[12.6645005,46.1646099],[12.6644374,46.16453930000001],[12.6643248,46.1645718],[12.6642658,46.1646108],[12.664197399999999,46.164614499999985],[12.664151799999999,46.164569],[12.664067300000001,46.1645337],[12.6639721,46.16456339999999],[12.6639077,46.1645913],[12.6636985,46.164634],[12.663517399999998,46.1647009],[12.663438299999997,46.1647715],[12.663415500000001,46.1648448],[12.6634558,46.1648978],[12.663495999999999,46.1649006],[12.6635671,46.1648476],[12.6636636,46.164799300000006],[12.663754800000001,46.16477979999999],[12.663835300000002,46.1647687],[12.663872799999998,46.1647863],[12.6638728,46.16484390000001],[12.663842,46.164888499999996],[12.6637508,46.16491080000001],[12.6636636,46.1649396],[12.6636583,46.1649916],[12.663671699999998,46.1650427],[12.66372,46.1650873],[12.663772300000002,46.1651254],[12.6638205,46.16518849999999],[12.663789699999999,46.1652591],[12.663734700000001,46.1653018],[12.6636462,46.165325100000004],[12.663505399999998,46.16536219999999],[12.663419499999998,46.165390099999996],[12.6633364,46.1654514],[12.6633176,46.1655108],[12.663356499999999,46.16558229999998],[12.663439699999998,46.16564549999999],[12.663551,46.1657133],[12.663576500000001,46.16574670000001],[12.6635563,46.1657774],[12.6635134,46.16578950000001],[12.663450399999999,46.165769],[12.6633874,46.16573],[12.663305500000002,46.1656901],[12.6632076,46.16571419999999],[12.6631486,46.1657532],[12.6631232,46.1657681],[12.663141899999998,46.16585630000001],[12.663144599999999,46.16599939999999],[12.663066800000001,46.16607650000001],[12.662991700000001,46.16611180000001],[12.6628415,46.166199999999996],[12.662821399999999,46.166329100000006],[12.662864299999999,46.166463799999995],[12.662875099999999,46.16653339999999],[12.6628509,46.166574299999986],[12.6627772,46.1665799],[12.6626524,46.16655200000002],[12.6625921,46.166528]]},"properties":{"class":"path","name":null,"name:it":null,"source":"overpass","osm_id":1081851527,"highway":"path","sac_scale":null,"access":null,"trail_visibility":null,"surface":null,"mtb:scale":null,"smoothness":null,"ref":null,"slope":0.2796585921603898,"grade":0.31403189948392807,"slope_class":"0-3: flat","length_m":592.2141075456827,"shade_pct":0.3}},{"type":"Feature","geometry":{"type":"LineString","coordinates":[[12.6635956,46.1639091],[12.6634933,46.16395039999999],[12.6634222,46.1640015],[12.663410199999998,46.1640544],[12.6634517,46.1641018],[12.6635188,46.164142600000005],[12.663575099999997,46.164208599999995],[12.663600599999999,46.16426529999999],[12.6636274,46.1643461],[12.663654200000002,46.1643758],[12.6637293,46.1643925],[12.6637964,46.164370199999986],[12.663827199999998,46.1642745],[12.663856700000002,46.16422440000001],[12.6639158,46.1641733],[12.6639922,46.16414820000001],[12.664090099999997,46.1641714],[12.6641826,46.1642114],[12.664213499999999,46.1642495],[12.664209499999998,46.16430429999998],[12.664202699999999,46.164381399999996],[12.664246999999998,46.164420400000004],[12.664322099999998,46.164433399999986],[12.664425399999999,46.16443339999999],[12.664504499999998,46.1644018],[12.6646064,46.16436089999999],[12.6646493,46.164326599999995],[12.664743200000002,46.1642875],[12.664853199999998,46.164339599999984],[12.6649109,46.16439809999999],[12.664951100000001,46.16447699999999],[12.664979199999996,46.1645281],[12.665004700000003,46.16454110000001],[12.665150899999999,46.164523499999994],[12.6652877,46.164511399999995],[12.6653802,46.164501200000004],[12.6654661,46.1645049],[12.665584099999998,46.1645606],[12.665519699999999,46.1646832],[12.665476799999999,46.1647743],[12.6654071,46.16490799999998],[12.6653615,46.165013899999984],[12.6652998,46.1650771],[12.6652086,46.16510679999999],[12.665150899999999,46.16509469999999],[12.665053,46.1650733],[12.6649779,46.165085399999995],[12.664912200000002,46.16512540000001],[12.6649055,46.1651727],[12.6649524,46.1652192],[12.6649766,46.165270299999996],[12.6649846,46.16535939999999],[12.6649444,46.1654216],[12.6648626,46.16547739999999],[12.6647982,46.1655257],[12.6647526,46.165547999999994],[12.664703000000001,46.165586],[12.6645742,46.16564270000001],[12.6645528,46.16572719999999],[12.6645355,46.16577929999999]]},"properties":{"class":"path","name":null,"name:it":null,"source":"overpass","osm_id":1081851528,"highway":"path","sac_scale":null,"access":null,"trail_visibility":null,"surface":null,"mtb:scale":null,"smoothness":null,"ref":null,"slope":0.4126835697702414,"grade":-0.43049880780614,"slope_class":"0-3: flat","length_m":458.5092728093839,"shade_pct":10.3}},{"type":"Feature","geometry":{"type":"LineString","coordinates":[[12.680969199999998,46.1411379],[12.680628600000002,46.14108949999999],[12.680392599999998,46.141059799999994],[12.680086799999998,46.1410152],[12.6797891,46.1410208],[12.679443100000002,46.14111559999999],[12.6791373,46.1411416],[12.679308899999999,46.141258699999995],[12.679483299999998,46.1414111],[12.6797113,46.141522599999995],[12.6798508,46.141559699999995],[12.6799554,46.1415746]]},"properties":{"class":"path","name":null,"name:it":null,"source":"overpass","osm_id":1085287857,"highway":"path","sac_scale":null,"access":null,"trail_visibility":null,"surface":null,"mtb:scale":null,"smoothness":null,"ref":null,"slope":0.7548307563774453,"grade":0.894855492130268,"slope_class":"0-3: flat","length_m":226.77540135090845,"shade_pct":0.0}},{"type":"Feature","geometry":{"type":"LineString","coordinates":[[12.6779549,46.1408932],[12.6780724,46.1409855],[12.6783246,46.14110809999999],[12.678619599999998,46.141165699999995],[12.6789442,46.1411806],[12.6791373,46.1411416],[12.679169499999999,46.14101149999999],[12.679231199999998,46.14086089999999],[12.6791695,46.14072339999999],[12.679110499999998,46.14066950000001],[12.6788503,46.1405915],[12.678515,46.1405097],[12.6783933,46.140451399999996]]},"properties":{"class":"path","name":null,"name:it":null,"source":"overpass","osm_id":1085287858,"highway":"path","sac_scale":null,"access":null,"trail_visibility":null,"surface":null,"mtb:scale":null,"smoothness":null,"ref":null,"slope":0.481597415248973,"grade":-0.2752799964376555,"slope_class":"0-3: flat","length_m":218.34458287529924,"shade_pct":0.0}},{"type":"Feature","geometry":{"type":"LineString","coordinates":[[12.667482799999998,46.15650589999999],[12.667415999999998,46.15638630000001],[12.667445499999998,46.15627109999999],[12.667461599999998,46.156096399999996],[12.667418699999999,46.1559812],[12.6674134,46.15588089999999],[12.667525999999999,46.1557286],[12.667630600000003,46.15565050000001],[12.6676923,46.15558179999999],[12.6677245,46.1554777],[12.667759399999998,46.15531979999999],[12.6678157,46.155232500000004],[12.667965899999999,46.1551191],[12.668078499999998,46.1550411],[12.668137499999998,46.154985399999994],[12.668142899999998,46.15491479999999],[12.6681563,46.154838600000005],[12.6682582,46.154730799999996],[12.6682851,46.154597],[12.668336,46.1544224],[12.668478199999997,46.15431829999999],[12.668588199999999,46.1542589],[12.668647199999999,46.15421609999999],[12.6686257,46.154188299999994],[12.6685452,46.15413809999999],[12.6685238,46.1541177],[12.668537200000001,46.154097199999995],[12.668580100000002,46.15407869999999],[12.6687035,46.1540508],[12.668797400000003,46.15401550000001],[12.668842999999999,46.15398759999999],[12.668824199999998,46.153943],[12.668746399999998,46.15387059999999],[12.6687062,46.15381479999999],[12.6687035,46.15375349999999],[12.668773199999999,46.15370889999999],[12.6689208,46.15364759999999],[12.669052200000001,46.1535417],[12.669162199999999,46.1534246],[12.669269399999996,46.153383799999986],[12.669368699999998,46.1533336],[12.669443799999998,46.1532425],[12.669551099999998,46.15314029999998],[12.6696208,46.1530493],[12.669660999999998,46.15292109999999],[12.669682500000002,46.1528561],[12.6696691,46.15275570000001],[12.6696369,46.15268699999999],[12.6696637,46.1525774],[12.6697308,46.1525012],[12.6698193,46.1524046],[12.6698863,46.15234319999999],[12.6699085,46.152321900000004],[12.6699098,46.1522889],[12.6699058,46.1522568],[12.6698964,46.15223730000001],[12.6699051,46.15222569999999],[12.669934000000001,46.152225699999995],[12.669962799999999,46.1522582],[12.670015799999998,46.1523019],[12.670087500000001,46.15235069999999],[12.670139700000002,46.1523824]]},"properties":{"class":"path","name":null,"name:it":null,"source":"overpass","osm_id":1085288289,"highway":"path","sac_scale":null,"access":null,"trail_visibility":null,"surface":null,"mtb:scale":null,"smoothness":null,"ref":null,"slope":0.5723730924578609,"grade":-0.41449619474826227,"slope_class":"0-3: flat","length_m":593.0035850907362,"shade_pct":20.4}},{"type":"Feature","geometry":{"type":"LineString","coordinates":[[12.609438200000001,46.177870000000006],[12.6090067,46.17813339999999],[12.608567199999998,46.17839049999999],[12.608454000000002,46.1784433],[12.6083027,46.17847540000001],[12.608114000000002,46.1785023],[12.607897999999999,46.17850899999999],[12.607766099999997,46.17853]]},"properties":{"class":"track","name":"Vecchia strada della Valcellina","name:it":null,"source":"overpass","osm_id":1095179399,"highway":"track","sac_scale":null,"access":"no","trail_visibility":null,"surface":null,"mtb:scale":null,"smoothness":null,"ref":null,"slope":2.146497293604938,"grade":2.135633581443155,"slope_class":"0-3: flat","length_m":153.565765179861,"shade_pct":7.4}},{"type":"Feature","geometry":{"type":"LineString","coordinates":[[12.607485200000001,46.179523899999985],[12.6075062,46.1796253],[12.6075418,46.179757],[12.607571499999999,46.17986669999999],[12.607582,46.179962700000004],[12.607541799999998,46.18013439999999],[12.607411299999999,46.1803428],[12.6072239,46.1805669],[12.6071564,46.180681799999995],[12.607110300000002,46.180798799999984],[12.607059200000002,46.1810111],[12.607031100000002,46.181136099999996],[12.607008299999999,46.1812868]]},"properties":{"class":"track","name":"Vecchia strada della Valcellina","name:it":null,"source":"overpass","osm_id":1095179406,"highway":"track","sac_scale":null,"access":"no","trail_visibility":null,"surface":null,"mtb:scale":null,"smoothness":null,"ref":null,"slope":0.17026249576131913,"grade":-5.204093254558551,"slope_class":"0-3: flat","length_m":205.01827156286566,"shade_pct":26.3}},{"type":"Feature","geometry":{"type":"LineString","coordinates":[[12.606759,46.1822608],[12.6067166,46.1823948],[12.6066621,46.18253099999998],[12.6066125,46.1826134],[12.606534899999998,46.182732599999994],[12.6064851,46.1828118],[12.606434699999998,46.182925499999996],[12.6063701,46.1831712],[12.6063719,46.1832452],[12.6063982,46.1833091],[12.6064487,46.1833765],[12.606474400000002,46.18346],[12.6064484,46.183643999999994],[12.606432,46.18374659999999],[12.606430300000001,46.1838347],[12.606446800000002,46.18393600000001],[12.606457,46.184036],[12.606451899999998,46.184114],[12.606417099999998,46.1842057],[12.6061515,46.18459610000001],[12.6058777,46.18477949999999],[12.605806599999998,46.18484500000001],[12.6057704,46.1849067],[12.605751,46.1849871],[12.605753399999998,46.185063899999996],[12.6057393,46.18527389999999],[12.6055872,46.18556419999999],[12.605524699999998,46.18572459999999],[12.605495199999998,46.185814999999984],[12.605474599999999,46.1859621],[12.6054593,46.186091299999994],[12.605411299999998,46.18618469999999],[12.6052942,46.186282],[12.605173000000002,46.18634560000001],[12.6049511,46.18642259999999],[12.604560699999999,46.1865298],[12.6042781,46.18659179999999],[12.60412,46.18662049999999],[12.6040131,46.186663499999995],[12.603931,46.1867223],[12.6038046,46.186836],[12.6037051,46.18695929999999],[12.6035766,46.1871482],[12.603495199999998,46.18728660000001],[12.603467299999998,46.18733859999999],[12.603404599999998,46.187405899999995],[12.6032705,46.18750609999999],[12.603066800000002,46.187614800000006],[12.602874799999997,46.187677799999996],[12.6025121,46.18766020000001],[12.6019266,46.187634599999996],[12.6013986,46.18761889999999],[12.600547,46.18762280000001],[12.599590199999998,46.187596299999996]]},"properties":{"class":"track","name":"Vecchia strada della Valcellina","name:it":null,"source":"overpass","osm_id":1095179407,"highway":"track","sac_scale":null,"access":"no","trail_visibility":null,"surface":null,"mtb:scale":null,"smoothness":null,"ref":null,"slope":1.743666545563155,"grade":1.4442995902156153,"slope_class":"0-3: flat","length_m":986.8423630135034,"shade_pct":5.8}},{"type":"Feature","geometry":{"type":"LineString","coordinates":[[12.6074542,46.17879769999998],[12.607485200000001,46.179523899999985]]},"properties":{"class":"track","name":"Vecchia strada della Valcellina","name:it":null,"source":"overpass","osm_id":1095179408,"highway":"track","sac_scale":null,"access":"no","trail_visibility":null,"surface":null,"mtb:scale":null,"smoothness":null,"ref":null,"slope":14.73644801883188,"grade":14.94697403170428,"slope_class":"10-20: extreme","length_m":80.80077266606068,"shade_pct":0.0}},{"type":"Feature","geometry":{"type":"LineString","coordinates":[[12.6340025,46.1641197],[12.6337886,46.1640236],[12.6336946,46.16398759999999],[12.633597,46.1639619],[12.633491,46.1639426],[12.6333685,46.1639287],[12.633257699999998,46.16393119999999],[12.6331259,46.1639383],[12.633029299999999,46.163930199999996],[12.6329394,46.163905899999996],[12.632870100000002,46.16387830000001],[12.632769400000003,46.163840799999996],[12.6322225,46.163707699999996],[12.6317003,46.16359510000001],[12.631281599999998,46.1635032],[12.6310283,46.1634966],[12.6308474,46.1635024],[12.6307099,46.16349889999999],[12.630528599999998,46.16347799999999],[12.630352099999996,46.16349069999999],[12.6301623,46.16350639999999],[12.630026999999998,46.16350829999999],[12.6298328,46.16349300000001],[12.629580200000001,46.1634938],[12.6293985,46.16351340000001],[12.6292212,46.163567300000004],[12.628694699999999,46.163723999999995],[12.6285668,46.163736],[12.6284265,46.1638051],[12.628307499999996,46.163949499999994],[12.628245000000001,46.1639861],[12.6276585,46.164562600000004],[12.627402499999999,46.16482529999999],[12.627177399999999,46.1650733],[12.627098499999999,46.165136099999984],[12.6269983,46.165220700000006],[12.6268996,46.165270799999995],[12.626780099999998,46.16531309999999],[12.626676999999999,46.165366299999995],[12.626574199999999,46.1654424],[12.626413,46.16556159999998],[12.6263722,46.165579199999996],[12.6263468,46.16559019999998],[12.626272199999999,46.1656148],[12.6262188,46.165626399999994],[12.626086699999998,46.165639399999996],[12.625936,46.1656506],[12.6258681,46.16565490000001],[12.6257153,46.1657007]]},"properties":{"class":"track","name":"Vecchia strada della Valcellina","name:it":null,"source":"overpass","osm_id":1095179414,"highway":"track","sac_scale":null,"access":"no","trail_visibility":null,"surface":null,"mtb:scale":null,"smoothness":null,"ref":null,"slope":0.5591277825150333,"grade":-0.18706706381756483,"slope_class":"0-3: flat","length_m":761.6055470646941,"shade_pct":7.8}},{"type":"Feature","geometry":{"type":"LineString","coordinates":[[12.6252159,46.1663332],[12.6247573,46.16703369999999]]},"properties":{"class":"track","name":"Vecchia strada della Valcellina","name:it":null,"source":"overpass","osm_id":1095946780,"highway":"track","sac_scale":null,"access":"no","trail_visibility":null,"surface":null,"mtb:scale":null,"smoothness":null,"ref":null,"slope":22.79870390074954,"grade":7.678749082279896,"slope_class":">20: impossible","length_m":85.5887265525307,"shade_pct":32.9}},{"type":"Feature","geometry":{"type":"LineString","coordinates":[[12.6247573,46.16703369999999],[12.624731,46.16723209999999],[12.6247197,46.167289199999985],[12.624688299999999,46.167368],[12.624647099999999,46.1674459],[12.624581000000001,46.16751840000001],[12.624524999999998,46.16756139999999],[12.6244613,46.1675963],[12.6243309,46.1676548],[12.624213,46.1676953],[12.624120500000002,46.1677224],[12.624007899999999,46.167762599999996],[12.623840499999998,46.16787089999999],[12.623622200000002,46.1680298],[12.6234348,46.168129],[12.6231946,46.1681621],[12.6230819,46.16817249999999]]},"properties":{"class":"track","name":"Vecchia strada della Valcellina","name:it":null,"source":"overpass","osm_id":1095946784,"highway":"track","sac_scale":null,"access":"no","trail_visibility":null,"surface":null,"mtb:scale":null,"smoothness":null,"ref":null,"slope":0.4579948748557876,"grade":-5.1684961194026275,"slope_class":"0-3: flat","length_m":196.8702635839417,"shade_pct":2.8}},{"type":"Feature","geometry":{"type":"LineString","coordinates":[[12.622393500000001,46.1684857],[12.6224044,46.1686046],[12.6224374,46.16872049999999],[12.6224402,46.16883570000001],[12.622404299999998,46.16891139999999],[12.622356,46.1689902],[12.622266000000002,46.1690554],[12.6221896,46.16910759999999],[12.622118099999998,46.169170699999995],[12.622037299999999,46.1692536],[12.6219642,46.1693501],[12.6219039,46.16946540000001],[12.6218536,46.16958739999999],[12.621783999999998,46.1697505],[12.621667899999997,46.169945999999996],[12.6215788,46.1700915],[12.621482199999999,46.17022239999999],[12.621438499999998,46.17027259999999],[12.621359599999998,46.1703354],[12.621188599999998,46.17047779999999],[12.6209527,46.1706698],[12.620918899999998,46.170724400000005],[12.620889199999997,46.17079849999999],[12.6208271,46.1709578],[12.620772899999999,46.171103699999996],[12.620693199999998,46.17123149999999],[12.620515299999997,46.1714104],[12.6199956,46.1718722],[12.6194708,46.1722727]]},"properties":{"class":"track","name":"Vecchia strada della Valcellina","name:it":null,"source":"overpass","osm_id":1095946790,"highway":"track","sac_scale":null,"access":"no","trail_visibility":null,"surface":null,"mtb:scale":null,"smoothness":null,"ref":null,"slope":2.9390668829142865,"grade":1.3619554720150555,"slope_class":"0-3: flat","length_m":492.1378041816155,"shade_pct":5.3}},{"type":"Feature","geometry":{"type":"LineString","coordinates":[[12.614426599999998,46.1778434],[12.6143006,46.17788859999999],[12.6141876,46.177907000000005],[12.6136894,46.1779098],[12.6133323,46.1778965],[12.6129146,46.177862],[12.612696999999999,46.17782409999999],[12.612403,46.177767],[12.6117814,46.17764419999999],[12.611513400000002,46.1776162],[12.611158499999998,46.177587],[12.6106759,46.17758299999999],[12.6100968,46.17763019999999],[12.6098448,46.177672199999996],[12.609630700000002,46.1777494]]},"properties":{"class":"track","name":"Vecchia strada della Valcellina","name:it":null,"source":"overpass","osm_id":1095946792,"highway":"track","sac_scale":null,"access":"no","trail_visibility":null,"surface":null,"mtb:scale":null,"smoothness":null,"ref":null,"slope":0.30216534645404997,"grade":-2.28652682828621,"slope_class":"0-3: flat","length_m":378.9247071456668,"shade_pct":2.6}},{"type":"Feature","geometry":{"type":"LineString","coordinates":[[12.615410400000002,46.1771945],[12.615314599999998,46.17726069999999],[12.614426599999998,46.1778434]]},"properties":{"class":"track","name":"Vecchia strada della Valcellina","name:it":null,"source":"overpass","osm_id":1095946793,"highway":"track","sac_scale":null,"access":"no","trail_visibility":null,"surface":null,"mtb:scale":null,"smoothness":null,"ref":null,"slope":4.478657706318278,"grade":8.59660231956114,"slope_class":"3-5: mild","length_m":104.81393318865001,"shade_pct":35.7}},{"type":"Feature","geometry":{"type":"LineString","coordinates":[[12.6360456,46.164792],[12.6359,46.1647968],[12.6357363,46.164774200000004],[12.6355132,46.16471289999999],[12.6350368,46.164558099999994],[12.6345551,46.16437079999999],[12.634189199999998,46.16420659999999]]},"properties":{"class":"track","name":"Vecchia strada della Valcellina","name:it":null,"source":"overpass","osm_id":1096947390,"highway":"track","sac_scale":null,"access":"no","trail_visibility":null,"surface":null,"mtb:scale":null,"smoothness":null,"ref":null,"slope":3.9883649989185326,"grade":1.4307290264144237,"slope_class":"3-5: mild","length_m":159.6599856184669,"shade_pct":0.2}},{"type":"Feature","geometry":{"type":"LineString","coordinates":[[12.6407235,46.1649796],[12.6403197,46.164885999999996],[12.640067699999998,46.164865400000004],[12.6398869,46.16486329999999],[12.6397513,46.16484329999999],[12.639396599999998,46.16473369999999],[12.638910299999997,46.1645772],[12.6386928,46.164553],[12.6384209,46.164543599999995],[12.6381053,46.1645542],[12.637855700000001,46.164593599999996],[12.6376189,46.1646418],[12.6374083,46.16471299999999],[12.6372672,46.164777099999995],[12.637086800000002,46.164807],[12.6369047,46.1648314],[12.636699,46.1648398],[12.6364924,46.1648149],[12.6362985,46.16477969999999],[12.6362014,46.164773999999994]]},"properties":{"class":"track","name":"Vecchia strada della Valcellina","name:it":null,"source":"overpass","osm_id":1096947393,"highway":"track","sac_scale":null,"access":"no","trail_visibility":null,"surface":null,"mtb:scale":null,"smoothness":null,"ref":null,"slope":4.169026655574619,"grade":-1.9316172875985218,"slope_class":"3-5: mild","length_m":364.86158709780295,"shade_pct":1.6}},{"type":"Feature","geometry":{"type":"LineString","coordinates":[[12.6288985,46.11675149999999],[12.628934,46.1168146],[12.6291582,46.1171828],[12.6293465,46.11747249999999],[12.6295742,46.1179345],[12.629655,46.1181366],[12.629919600000001,46.118730600000006],[12.6301716,46.11918709999999],[12.630457500000002,46.11965550000001],[12.6305326,46.119796799999996],[12.6305541,46.11993809999999],[12.630552100000001,46.1200916]]},"properties":{"class":"track","name":null,"name:it":null,"source":"overpass","osm_id":1097988071,"highway":"track","sac_scale":null,"access":null,"trail_visibility":null,"surface":null,"mtb:scale":null,"smoothness":null,"ref":null,"slope":4.384821479627071,"grade":3.872429402601613,"slope_class":"3-5: mild","length_m":394.77384007479776,"shade_pct":7.1}},{"type":"Feature","geometry":{"type":"LineString","coordinates":[[12.690136999999998,46.103026199999995],[12.690107499999998,46.102968600000004],[12.6899882,46.1028217],[12.6898031,46.1026924],[12.6893431,46.102379],[12.689047999999998,46.1021707],[12.688753000000002,46.1019271],[12.688466,46.1017151],[12.6881763,46.10148629999999],[12.687993899999999,46.1013766],[12.687774,46.1012316],[12.687639900000002,46.1011069],[12.687551400000002,46.1009954],[12.6874951,46.1008763],[12.687379699999997,46.100684799999996],[12.6872895,46.1005881],[12.687202700000002,46.1004951],[12.6868835,46.10032019999999],[12.6867172,46.1003035],[12.686357799999998,46.100243999999996],[12.6859555,46.1001715],[12.685679199999997,46.10013239999999],[12.6853305,46.10009709999999],[12.6852125,46.10008030000001],[12.685070299999998,46.10003009999999],[12.6849738,46.099974299999985],[12.684890600000001,46.0998757],[12.684861100000001,46.099740000000004],[12.6848584,46.099650700000005],[12.6848397,46.099559599999985],[12.684807499999998,46.09949449999999],[12.684737699999998,46.099451699999996],[12.6846251,46.0993996],[12.6844018,46.099360600000004],[12.684189,46.09934119999999]]},"properties":{"class":"track","name":null,"name:it":null,"source":"overpass","osm_id":1120380247,"highway":"track","sac_scale":null,"access":null,"trail_visibility":null,"surface":null,"mtb:scale":null,"smoothness":null,"ref":null,"slope":0.8410241967430325,"grade":-0.7254487655859276,"slope_class":"0-3: flat","length_m":659.2031047527332,"shade_pct":49.7}},{"type":"Feature","geometry":{"type":"LineString","coordinates":[[12.6841513,46.09920189999999],[12.684439999999999,46.099262],[12.6847887,46.09930659999999],[12.6855692,46.09940519999999],[12.685671100000002,46.0993996],[12.685783799999996,46.099340099999985],[12.685848199999999,46.09925079999999],[12.685937599999999,46.099070999999995]]},"properties":{"class":"path","name":null,"name:it":null,"source":"overpass","osm_id":1149389796,"highway":"path","sac_scale":null,"access":null,"trail_visibility":null,"surface":null,"mtb:scale":null,"smoothness":null,"ref":null,"slope":0.08687611963042977,"grade":-1.4274914018193072,"slope_class":"0-3: flat","length_m":163.24918237841456,"shade_pct":0.0}},{"type":"Feature","geometry":{"type":"LineString","coordinates":[[12.7050052,46.1022359],[12.705007200000002,46.1021494],[12.705001799999998,46.1020499],[12.7049884,46.10200709999999],[12.7049455,46.10195409999999],[12.704891899999998,46.101915],[12.704948199999999,46.1018425],[12.704991100000003,46.1017542],[12.705015200000002,46.10166669999999],[12.705030300000002,46.10159999999999],[12.7050233,46.10159420000001],[12.7049844,46.10169460000001],[12.7049308,46.1018006],[12.7048583,46.1018722],[12.7048208,46.1019057],[12.7048107,46.1018983],[12.7048543,46.10183039999999],[12.704902599999999,46.1017532],[12.7049348,46.1016909],[12.7049227,46.1016454],[12.704831500000001,46.10160069999999],[12.704783200000001,46.1015793],[12.70458,46.1015252]]},"properties":{"class":"path","name":null,"name:it":null,"source":"overpass","osm_id":1161312504,"highway":"path","sac_scale":null,"access":null,"trail_visibility":null,"surface":null,"mtb:scale":null,"smoothness":null,"ref":null,"slope":6.099967046606928,"grade":6.973025044416797,"slope_class":"5-8: medium","length_m":175.8349750302467,"shade_pct":35.9}},{"type":"Feature","geometry":{"type":"LineString","coordinates":[[12.6217924,46.1645752],[12.621869499999999,46.164694],[12.6218951,46.16485920000001],[12.621844000000001,46.16502429999999],[12.621690700000002,46.1651187],[12.6214863,46.16518949999999],[12.621452299999998,46.16529559999999],[12.6215544,46.1654136],[12.6216396,46.16551969999999],[12.6216396,46.1656377],[12.621631099999998,46.1657261],[12.6215289,46.165844099999994],[12.621426699999999,46.165903099999994],[12.6213416,46.16596789999999],[12.6212819,46.166209699999996],[12.621205300000002,46.166427999999996]]},"properties":{"class":"path","name":null,"name:it":null,"source":"overpass","osm_id":1165103035,"highway":"path","sac_scale":"mountain_hiking","access":null,"trail_visibility":null,"surface":null,"mtb:scale":null,"smoothness":null,"ref":null,"slope":19.104723418287872,"grade":-20.563622676215846,"slope_class":"10-20: extreme","length_m":236.73995957932715,"shade_pct":100.0}},{"type":"Feature","geometry":{"type":"LineString","coordinates":[[12.621205300000002,46.166427999999996],[12.621036899999998,46.1671519],[12.6209896,46.167367199999994],[12.6210166,46.167615299999994],[12.620895,46.167699500000005],[12.620604400000001,46.1676761],[12.620432399999999,46.16773729999999],[12.6201312,46.16784460000001],[12.619931,46.1681],[12.619795899999998,46.16845579999998],[12.6197283,46.1686804],[12.6194647,46.1688162],[12.6193092,46.169050199999994],[12.6191808,46.169167200000004],[12.619160599999999,46.1695089],[12.6189781,46.16960720000001],[12.618714500000001,46.1699676],[12.6184255,46.17016979999999],[12.6179749,46.17021810000001],[12.6179159,46.170470699999996],[12.6176853,46.170522699999985],[12.617524299999998,46.1706304],[12.6175994,46.17094620000002],[12.617797899999998,46.171135699999994],[12.617610200000001,46.1714849],[12.6177979,46.171692900000004],[12.6176638,46.17196779999999],[12.6176423,46.17214979999999],[12.6176102,46.172395],[12.6174975,46.1724061],[12.617417,46.1724619],[12.617245399999998,46.1726216],[12.6173419,46.17272189999999],[12.617393799999999,46.172796299999995]]},"properties":{"class":"path","name":null,"name:it":null,"source":"overpass","osm_id":1168462973,"highway":"path","sac_scale":"mountain_hiking","access":null,"trail_visibility":null,"surface":null,"mtb:scale":null,"smoothness":null,"ref":null,"slope":16.005691617192337,"grade":-18.98823687319735,"slope_class":"10-20: extreme","length_m":884.5609286196985,"shade_pct":98.9}},{"type":"Feature","geometry":{"type":"LineString","coordinates":[[12.6315035,46.1441641],[12.631578999999999,46.14414479999999],[12.6316702,46.144171699999994],[12.6317534,46.1442079],[12.6318835,46.14423299999999],[12.631998799999998,46.14421539999999],[12.632141,46.1441856],[12.632244199999999,46.1441513],[12.632315299999997,46.14412339999999],[12.6323824,46.1441113],[12.6323998,46.14412060000001],[12.632482900000001,46.144292499999985],[12.632579499999999,46.1444179],[12.632769900000001,46.1445462],[12.632979199999998,46.14472089999999],[12.633185699999999,46.14487789999999],[12.6333117,46.1449346],[12.6334365,46.14496990000001],[12.6335319,46.1449939]]},"properties":{"class":"path","name":null,"name:it":null,"source":"overpass","osm_id":1186546395,"highway":"path","sac_scale":null,"access":null,"trail_visibility":null,"surface":null,"mtb:scale":null,"smoothness":null,"ref":null,"slope":6.8030098926298574,"grade":-7.843327586402,"slope_class":"5-8: medium","length_m":210.01543420022418,"shade_pct":100.0}},{"type":"Feature","geometry":{"type":"LineString","coordinates":[[12.689974700000002,46.1224384],[12.690108099999998,46.122367799999985],[12.6902387,46.12232149999999],[12.690335300000001,46.1222508],[12.6904801,46.1221021],[12.690673299999998,46.12185300000001],[12.690778699999997,46.1217171],[12.690902100000002,46.1215944],[12.691052299999999,46.12137499999999],[12.691526199999998,46.12074489999999]]},"properties":{"class":"track","name":null,"name:it":null,"source":"overpass","osm_id":1208243087,"highway":"track","sac_scale":null,"access":null,"trail_visibility":null,"surface":null,"mtb:scale":null,"smoothness":null,"ref":null,"slope":0.8674075905513582,"grade":-0.7362029650213912,"slope_class":"0-3: flat","length_m":226.53676567218508,"shade_pct":12.8}},{"type":"Feature","geometry":{"type":"LineString","coordinates":[[12.690115499999997,46.12643549999999],[12.6903113,46.1262961],[12.690509799999997,46.12613809999999],[12.6907109,46.12594660000001],[12.6909309,46.1256957],[12.691183000000002,46.12539820000001],[12.691349299999997,46.125219799999996],[12.691620199999997,46.12498549999999],[12.6919179,46.1247624],[12.6921888,46.12456539999999],[12.6924383,46.1243758],[12.692601899999998,46.1242363],[12.6926442,46.1241856]]},"properties":{"class":"track","name":null,"name:it":null,"source":"overpass","osm_id":1208243089,"highway":"track","sac_scale":null,"access":null,"trail_visibility":null,"surface":null,"mtb:scale":null,"smoothness":null,"ref":null,"slope":0.331487611903722,"grade":-0.3812601733773369,"slope_class":"0-3: flat","length_m":318.83114386351923,"shade_pct":0.0}},{"type":"Feature","geometry":{"type":"LineString","coordinates":[[12.646196899999998,46.161564799999994],[12.6461855,46.16153220000001],[12.646203100000001,46.1614968],[12.646314100000001,46.1614773],[12.6463775,46.161477299999994],[12.646416300000002,46.16147610000001],[12.6464427,46.16145410000001],[12.646407499999999,46.16137479999999],[12.6463123,46.1612747],[12.646211900000003,46.161182],[12.6461819,46.16116119999999],[12.6461731,46.1611075],[12.6461097,46.160983099999996],[12.6461167,46.1609233],[12.646109700000002,46.1608281],[12.6461115,46.1607378],[12.6461273,46.160653599999996],[12.646115,46.16059859999999],[12.6460762,46.16055109999999],[12.646025999999999,46.160521199999984],[12.6460331,46.1605059],[12.646068299999998,46.160490599999996],[12.646103499999999,46.160493699999996],[12.646121999999998,46.1604913],[12.646114099999998,46.160472999999996],[12.6460771,46.1604034],[12.646024199999998,46.1603381],[12.6459917,46.160294799999996],[12.645981099999998,46.160266699999994],[12.6460013,46.160245999999994],[12.646074500000001,46.1602405],[12.646125600000001,46.160246],[12.646264699999998,46.160274],[12.646314099999998,46.160282],[12.646344000000001,46.16028750000001],[12.646366,46.160283199999995],[12.646373999999998,46.160271],[12.646368699999998,46.1602435],[12.6463475,46.16020329999999],[12.6463317,46.1601605],[12.6463264,46.1601349],[12.646318499999996,46.160101999999995],[12.646310500000002,46.16007510000001],[12.646294699999999,46.16006049999999],[12.6462753,46.160026899999984],[12.6462612,46.1599683],[12.646241,46.159923199999994],[12.6461881,46.1598518],[12.646174899999998,46.1598231],[12.6461573,46.159771899999996],[12.6461537,46.1597517],[12.6461176,46.1597298],[12.6460965,46.15970659999999],[12.6460842,46.15969319999999],[12.646079699999998,46.159681],[12.6460639,46.15967239999999],[12.6460454,46.1596663],[12.646019,46.15964129999999],[12.6459793,46.1596077],[12.645963499999999,46.15957420000001],[12.645953800000001,46.1595571],[12.6459714,46.1595321],[12.645993399999998,46.159510099999984],[12.646022499999999,46.1594967],[12.646048900000002,46.15949],[12.6460507,46.15948139999999],[12.6460269,46.15947169999999],[12.645985500000002,46.15946370000001],[12.6458683,46.15943750000001],[12.645783799999998,46.15936979999999],[12.6457573,46.159336799999984],[12.6457732,46.159283099999996],[12.645811,46.15924510000001]]},"properties":{"class":"path","name":null,"name:it":null,"source":"overpass","osm_id":1210966444,"highway":"path","sac_scale":null,"access":null,"trail_visibility":null,"surface":null,"mtb:scale":null,"smoothness":null,"ref":null,"slope":35.08509129870556,"grade":-34.92207840896408,"slope_class":">20: impossible","length_m":351.52016657132526,"shade_pct":81.9}},{"type":"Feature","geometry":{"type":"LineString","coordinates":[[12.667193699999999,46.157851],[12.667147799999997,46.157865199999996],[12.667025799999998,46.157893],[12.666907800000002,46.1579618],[12.666858099999999,46.158012899999996],[12.6667723,46.1580463],[12.6666851,46.1580863],[12.666654299999998,46.158115099999996],[12.666668999999997,46.158149399999985],[12.666709300000003,46.158174499999994],[12.6667991,46.1582033],[12.666879600000001,46.15822369999999],[12.6669842,46.1582628],[12.6670445,46.15828319999999],[12.667108899999999,46.15832309999999],[12.667130399999998,46.15837049999999],[12.6671223,46.15840399999999],[12.6670754,46.158433699999996],[12.6670445,46.1584551],[12.666952,46.1584467],[12.6668581,46.158430899999985],[12.666762899999998,46.1584105],[12.666701199999999,46.1583993],[12.666638199999998,46.1583789],[12.6665752,46.1583584],[12.666541600000002,46.1583362],[12.666479899999999,46.15830089999999],[12.6664156,46.15826179999999],[12.666340499999999,46.158225599999994],[12.666281499999998,46.15821349999999],[12.6662318,46.1582117],[12.6661608,46.15823399999999],[12.666116499999998,46.15827019999998],[12.6660682,46.1583018],[12.6660267,46.15833889999999],[12.665978399999998,46.1583798],[12.665900599999999,46.15842069999999],[12.6658577,46.15846619999999],[12.6658268,46.15851169999999],[12.6658376,46.158573000000004],[12.665862999999998,46.1586018],[12.665901899999998,46.158613900000006],[12.665969,46.158612],[12.6660267,46.158582300000006],[12.666060200000002,46.1585461],[12.6660897,46.1584978],[12.666113799999998,46.158478300000006],[12.666094999999999,46.15843370000001],[12.666085700000002,46.15839840000001],[12.66615,46.15838539999999],[12.666229200000002,46.1583863],[12.6662989,46.15838820000001],[12.6663566,46.158398399999996],[12.6664115,46.1584374],[12.666442399999998,46.1584792],[12.6664478,46.158511700000005],[12.666446400000002,46.1585526],[12.6664035,46.1585749],[12.666348500000002,46.15858980000001],[12.6663391,46.158612],[12.666356599999999,46.15863809999998],[12.666380699999998,46.15869099999999],[12.6663458,46.158795],[12.666301600000002,46.1588554],[12.666266699999998,46.1589242],[12.666235900000002,46.158992000000005],[12.6662184,46.15904029999999],[12.666210399999999,46.159108100000005],[12.6661983,46.1591991],[12.666186200000002,46.15925489999999],[12.666151399999999,46.1593496],[12.666128600000002,46.159411899999995],[12.666113800000002,46.159458300000004],[12.6661071,46.15949079999999],[12.6661111,46.1595503],[12.666120499999998,46.159602299999996],[12.666113799999998,46.1596859],[12.666116499999998,46.15975649999999],[12.666144700000002,46.1598159],[12.6661393,46.1599293],[12.666118,46.159985999999996]]},"properties":{"class":"path","name":null,"name:it":null,"source":"overpass","osm_id":1215803704,"highway":"path","sac_scale":null,"access":null,"trail_visibility":null,"surface":null,"mtb:scale":null,"smoothness":null,"ref":null,"slope":0.1631747864327162,"grade":0.36647342902523117,"slope_class":"0-3: flat","length_m":486.46797767799654,"shade_pct":45.9}},{"type":"Feature","geometry":{"type":"LineString","coordinates":[[12.6682588,46.1567748],[12.6682582,46.15685820000001],[12.668212600000002,46.1569771],[12.6681295,46.1570737],[12.668097300000001,46.15717959999999],[12.668097299999998,46.15724089999999],[12.6682717,46.157318999999994],[12.6684862,46.1573375],[12.6686284,46.157358],[12.668720800000001,46.15739730000001]]},"properties":{"class":"path","name":null,"name:it":null,"source":"overpass","osm_id":1215803705,"highway":"path","sac_scale":null,"access":null,"trail_visibility":null,"surface":null,"mtb:scale":null,"smoothness":null,"ref":null,"slope":0.5316061764054288,"grade":0.6399718180651488,"slope_class":"0-3: flat","length_m":106.67316956553135,"shade_pct":0.0}},{"type":"Feature","geometry":{"type":"LineString","coordinates":[[12.6694896,46.1549178],[12.6694679,46.154957499999995],[12.6694773,46.1550169],[12.669535000000002,46.15508100000001],[12.669653,46.1551526],[12.669734799999999,46.155192500000005],[12.6698139,46.1552343],[12.669871599999999,46.15529939999999],[12.6699105,46.155342100000006],[12.669937300000003,46.1554118],[12.6699467,46.15548139999999],[12.669950699999998,46.155543699999996],[12.6699185,46.155596599999996],[12.6698957,46.15564309999999],[12.6698957,46.155696000000006],[12.669950699999998,46.1557248],[12.6700459,46.155791699999995],[12.670088900000001,46.155804700000004],[12.6701707,46.15582049999999],[12.6702216,46.155876299999996],[12.670236400000002,46.1559255],[12.6701747,46.1559775],[12.6701076,46.156018399999994],[12.6699842,46.1560342],[12.669876999999998,46.1560426],[12.6697294,46.1560426],[12.669653,46.15603229999999],[12.669549699999997,46.156009999999995],[12.669453199999998,46.15597850000001],[12.6693378,46.155971],[12.669229200000002,46.155960799999995],[12.6691313,46.15595149999999],[12.6690093,46.1559441],[12.6689364,46.15592959999999]]},"properties":{"class":"path","name":null,"name:it":null,"source":"overpass","osm_id":1215803706,"highway":"path","sac_scale":null,"access":null,"trail_visibility":null,"surface":null,"mtb:scale":null,"smoothness":null,"ref":null,"slope":0.13330635698459403,"grade":0.22933381675219233,"slope_class":"0-3: flat","length_m":247.64430163386308,"shade_pct":0.0}},{"type":"Feature","geometry":{"type":"LineString","coordinates":[[12.670576599999999,46.1536534],[12.670560300000002,46.15369960000001],[12.6705395,46.1537196],[12.670514,46.15372190000001],[12.6704463,46.1537005],[12.670379899999999,46.1536796],[12.6703242,46.15366849999999],[12.670231700000002,46.15366660000001],[12.6701794,46.15367220000001],[12.670137800000001,46.1536885],[12.6701237,46.1537182],[12.670112299999998,46.1537484],[12.670112299999998,46.15376739999999],[12.670127699999998,46.153772499999995],[12.6701955,46.1537684],[12.670249799999999,46.153755399999994],[12.670334300000002,46.1537577],[12.670377900000002,46.15376739999999],[12.6704013,46.1537828],[12.670455599999999,46.1538092],[12.670497899999999,46.1538306],[12.6705167,46.153857999999985],[12.6705442,46.1539012],[12.6705482,46.1539263],[12.670540800000001,46.1539398],[12.6705234,46.15394669999999],[12.670466999999999,46.1539472],[12.6704188,46.1539472],[12.6703745,46.15394299999999],[12.6702907,46.1539453],[12.670237699999998,46.15394529999999],[12.6701955,46.153943000000005],[12.670161300000002,46.1539449],[12.6701271,46.15394259999999],[12.670078099999998,46.15392949999999],[12.6700305,46.1539156],[12.669984300000001,46.15390489999999],[12.669937999999998,46.153898399999996],[12.669881,46.1538915],[12.669832699999999,46.153890499999996],[12.669796499999997,46.15389559999999],[12.669788399999998,46.15391279999999],[12.6697838,46.1539444],[12.669818,46.1539913],[12.6698488,46.15401690000001],[12.6698964,46.1540303],[12.6699648,46.1540461],[12.670027199999998,46.15405169999999],[12.670078099999998,46.15405589999999],[12.6701284,46.154065199999984],[12.6701425,46.1540796],[12.6701552,46.154112999999995],[12.6701593,46.15413389999999],[12.670145199999999,46.154170199999996],[12.6701226,46.1542043]]},"properties":{"class":"path","name":null,"name:it":null,"source":"overpass","osm_id":1215803707,"highway":"path","sac_scale":null,"access":null,"trail_visibility":null,"surface":null,"mtb:scale":null,"smoothness":null,"ref":null,"slope":0.09680868459108531,"grade":0.12357686156978856,"slope_class":"0-3: flat","length_m":208.4276587891345,"shade_pct":0.0}},{"type":"Feature","geometry":{"type":"LineString","coordinates":[[12.673126899999998,46.153120599999994],[12.6730701,46.1531366],[12.672993700000001,46.15313660000001],[12.6729052,46.153124600000005],[12.6728059,46.15308179999999],[12.6727389,46.1530447],[12.6726758,46.153017699999985],[12.6725538,46.1529843],[12.672434400000002,46.1529601],[12.672308399999999,46.152932199999995],[12.672222599999998,46.152896000000005],[12.672116600000003,46.152852300000006],[12.672013300000001,46.15281980000001],[12.671902,46.15278270000001],[12.671793399999999,46.152765],[12.671699500000003,46.15274269999999],[12.6715855,46.1527028],[12.6715104,46.1526749],[12.671432599999997,46.1526433],[12.671354899999999,46.15260989999999],[12.6712891,46.1525969],[12.671150999999998,46.1525318],[12.6710974,46.1525179],[12.6709928,46.15249929999999],[12.670928399999998,46.152526300000005],[12.670850599999998,46.1525606],[12.6708359,46.15260339999999],[12.6708466,46.15267490000001],[12.670811700000002,46.15273440000001],[12.6707688,46.1527808],[12.6707058,46.1528254],[12.670625299999998,46.152873699999994],[12.6705757,46.15295359999999],[12.6705033,46.1530233],[12.6704389,46.1530939],[12.670412099999998,46.15314130000001],[12.6703557,46.153194199999994],[12.670322199999998,46.15322949999999],[12.6702552,46.153249999999986],[12.6701881,46.1532676],[12.6701023,46.153280599999995],[12.670070099999998,46.1532936],[12.670072799999998,46.15331959999999],[12.670091499999998,46.153359599999995],[12.670122399999999,46.15340509999998],[12.670192,46.15346539999999]]},"properties":{"class":"path","name":null,"name:it":null,"source":"overpass","osm_id":1215803708,"highway":"path","sac_scale":null,"access":null,"trail_visibility":null,"surface":null,"mtb:scale":null,"smoothness":null,"ref":null,"slope":2.284326351631819,"grade":-0.20749846384065743,"slope_class":"0-3: flat","length_m":325.4153891530856,"shade_pct":27.2}},{"type":"Feature","geometry":{"type":"LineString","coordinates":[[12.672852799999998,46.152219099999996],[12.672869,46.15224570000001],[12.672887699999999,46.15227819999999],[12.6728824,46.15230509999999],[12.6728421,46.15232929999999],[12.672781800000001,46.152333000000006],[12.672725499999999,46.15230699999999],[12.672667799999997,46.152273599999994],[12.672600699999998,46.15224289999999],[12.672518899999998,46.15221869999999],[12.672434399999998,46.152215],[12.6723298,46.152215],[12.672284200000002,46.15223449999999],[12.672261399999998,46.1522661],[12.6722614,46.1522912],[12.672276199999997,46.15231629999999],[12.672328499999999,46.152330199999994],[12.672421,46.15233859999999],[12.6724975,46.1523479],[12.672575299999998,46.152355299999996],[12.672669099999998,46.1523813],[12.6727241,46.152399],[12.6728207,46.152399],[12.672909199999998,46.1523823],[12.6729937,46.15237479999998],[12.6730567,46.152371999999986],[12.673118400000002,46.1523962],[12.67316,46.15243060000001],[12.6731801,46.15245559999999],[12.673178799999999,46.15248820000001],[12.6731573,46.15252159999999],[12.6731466,46.152562499999995],[12.6731922,46.152608],[12.6732673,46.15262839999998],[12.6733035,46.1526443]]},"properties":{"class":"path","name":null,"name:it":null,"source":"overpass","osm_id":1215803709,"highway":"path","sac_scale":null,"access":null,"trail_visibility":null,"surface":null,"mtb:scale":null,"smoothness":null,"ref":null,"slope":0.24479100213481522,"grade":-0.1216872586521244,"slope_class":"0-3: flat","length_m":175.35024505729126,"shade_pct":0.0}},{"type":"Feature","geometry":{"type":"LineString","coordinates":[[12.6707166,46.151581400000005],[12.6708788,46.151639],[12.6710665,46.151711500000005],[12.6711819,46.1517189],[12.6712838,46.1517096],[12.671495699999998,46.1517765],[12.6715842,46.15182109999999],[12.671696799999998,46.1519122],[12.6717934,46.1519809],[12.6719677,46.1520311],[12.6721689,46.1520757],[12.6723245,46.15209800000001],[12.6724999,46.1521406]]},"properties":{"class":"path","name":null,"name:it":null,"source":"overpass","osm_id":1215803710,"highway":"path","sac_scale":null,"access":null,"trail_visibility":null,"surface":null,"mtb:scale":null,"smoothness":null,"ref":null,"slope":1.7148213565734125,"grade":0.97831982379904,"slope_class":"0-3: flat","length_m":155.61060378536703,"shade_pct":0.0}},{"type":"Feature","geometry":{"type":"LineString","coordinates":[[12.663816399999998,46.1674306],[12.663905,46.1675644],[12.6639158,46.16779469999999],[12.663864799999999,46.1681328],[12.663837999999998,46.168220099999985],[12.663878199999997,46.16831110000001],[12.6639506,46.1683854],[12.664006899999999,46.1684616],[12.6640069,46.16849499999999],[12.663980099999998,46.16852289999999],[12.6639211,46.16854699999999],[12.6638004,46.1685749],[12.663733400000002,46.1685898],[12.6636985,46.1686139],[12.663711899999997,46.168677100000004],[12.663781600000002,46.1687551],[12.663872800000002,46.16882569999999],[12.663937199999998,46.1688721],[12.6639453,46.1689204],[12.6639345,46.16898359999999],[12.6639345,46.16906159999999],[12.663947899999998,46.1691006],[12.663969399999997,46.169113599999996],[12.6639989,46.1691043],[12.664036499999998,46.1690671],[12.6640606,46.1690003],[12.664095500000002,46.1689501],[12.664116900000002,46.1689093],[12.6640847,46.1688424],[12.664068599999998,46.1687718],[12.664071299999998,46.168704899999994],[12.6641196,46.16862319999999],[12.6640955,46.1685638],[12.664066,46.1685099],[12.664066,46.168439299999996],[12.6640633,46.1683873],[12.6640981,46.1682944],[12.664132999999998,46.16822749999999],[12.6641786,46.16815879999999],[12.664261799999998,46.168064099999995],[12.664326500000001,46.1679618],[12.664470999999999,46.167859699999994],[12.6645809,46.16781330000001],[12.6647446,46.1677149],[12.665020799999999,46.16757929999999],[12.665222000000002,46.167451099999994],[12.6653802,46.16729689999999],[12.665492900000002,46.1671539],[12.6655787,46.167010799999986],[12.6657638,46.16679349999999],[12.6659033,46.16650740000001],[12.6661125,46.166161900000006],[12.6661393,46.16605229999999],[12.6662198,46.16583309999999],[12.6662064,46.165578599999996],[12.6662734,46.16536500000001],[12.6663539,46.16518289999999],[12.666479900000002,46.1650232],[12.666541599999997,46.16487639999999],[12.666598,46.16480399999999],[12.6667133,46.164696199999995],[12.6667616,46.1646182],[12.6667133,46.1645458],[12.6666141,46.16449559999999],[12.666402200000002,46.1643786],[12.6662654,46.1643191],[12.666117800000002,46.1642207],[12.6660481,46.164157499999995],[12.6660025,46.1640052],[12.666056200000002,46.1637711],[12.666152699999998,46.1635519],[12.666200999999997,46.163380999999994],[12.666088300000002,46.163232400000005],[12.666029299999998,46.163169200000006],[12.665911300000001,46.16318780000001],[12.6658308,46.163251],[12.665782600000002,46.16332150000001],[12.665739699999998,46.16337360000001],[12.665675299999998,46.16335500000001],[12.6656216,46.1632249],[12.665626999999999,46.163083799999995],[12.6656538,46.16297229999999],[12.665696699999998,46.1628831],[12.6656967,46.1628237],[12.665514300000002,46.16280509999999],[12.6654124,46.162794],[12.6653641,46.16274189999999],[12.6654285,46.162611899999995],[12.665541199999998,46.16248189999999],[12.6656592,46.162385300000004],[12.665734300000002,46.16222180000001],[12.6657879,46.1620026],[12.6657665,46.1618985],[12.665761099999997,46.16172019999999],[12.665777199999999,46.16163839999999],[12.665836199999998,46.1615195],[12.665868399999999,46.161404399999995],[12.665884499999999,46.16129659999999],[12.6658577,46.161177699999996],[12.6656795,46.161123799999984]]},"properties":{"class":"path","name":null,"name:it":null,"source":"overpass","osm_id":1218029869,"highway":"path","sac_scale":null,"access":null,"trail_visibility":null,"surface":null,"mtb:scale":null,"smoothness":null,"ref":null,"slope":0.646706742304191,"grade":-0.4431543909520224,"slope_class":"0-3: flat","length_m":1303.5418352618292,"shade_pct":4.2}},{"type":"Feature","geometry":{"type":"LineString","coordinates":[[12.688968,46.11303029999999],[12.689092799999997,46.11296229999999],[12.689578,46.1118889],[12.6895056,46.111765299999995],[12.6889617,46.111680899999996],[12.6889426,46.1115244],[12.6889755,46.110605099999994],[12.6888812,46.110514699999996],[12.6889692,46.11023529999999],[12.690732499999998,46.106230499999995]]},"properties":{"class":"track","name":null,"name:it":null,"source":"overpass","osm_id":1220310161,"highway":"track","sac_scale":null,"access":null,"trail_visibility":null,"surface":null,"mtb:scale":null,"smoothness":null,"ref":null,"slope":1.606437183422791,"grade":-1.609885137144898,"slope_class":"0-3: flat","length_m":825.169833084047,"shade_pct":63.4}},{"type":"Feature","geometry":{"type":"LineString","coordinates":[[12.6856874,46.09903189999999],[12.685976200000002,46.09841970000001],[12.6860226,46.09834],[12.686172299999999,46.0982697],[12.6863037,46.0982561],[12.6866455,46.0982882],[12.692460699999998,46.098813899999996],[12.6937916,46.09888939999999],[12.6942774,46.098852]]},"properties":{"class":"path","name":null,"name:it":null,"source":"overpass","osm_id":1220310162,"highway":"path","sac_scale":null,"access":null,"trail_visibility":null,"surface":null,"mtb:scale":null,"smoothness":null,"ref":null,"slope":0.017594709484877506,"grade":-0.07028566344270754,"slope_class":"0-3: flat","length_m":727.013594374796,"shade_pct":53.5}},{"type":"Feature","geometry":{"type":"LineString","coordinates":[[12.6956504,46.0987883],[12.7019923,46.098361700000005],[12.702197499999999,46.0982357],[12.702745399999998,46.0978992],[12.703297799999996,46.097287],[12.7033778,46.0969725]]},"properties":{"class":"track","name":null,"name:it":null,"source":"overpass","osm_id":1220310163,"highway":"track","sac_scale":null,"access":null,"trail_visibility":null,"surface":null,"mtb:scale":null,"smoothness":null,"ref":null,"slope":0.12323143296618941,"grade":-0.3008475976953197,"slope_class":"0-3: flat","length_m":686.6180231949166,"shade_pct":54.3}},{"type":"Feature","geometry":{"type":"LineString","coordinates":[[12.696906699999998,46.099095899999995],[12.6968849,46.0995246],[12.6969876,46.0995705],[12.697640400000001,46.09964730000001]]},"properties":{"class":"track","name":null,"name:it":null,"source":"overpass","osm_id":1220310164,"highway":"track","sac_scale":null,"access":null,"trail_visibility":null,"surface":null,"mtb:scale":null,"smoothness":null,"ref":null,"slope":1.96619795620924,"grade":2.0513019587560892,"slope_class":"0-3: flat","length_m":108.37947568505864,"shade_pct":30.4}},{"type":"Feature","geometry":{"type":"LineString","coordinates":[[12.6872895,46.1005881],[12.688869999999996,46.1008627],[12.6899943,46.10090039999999],[12.691714100000002,46.100914399999986],[12.6943501,46.1009169],[12.6950068,46.10096849999999],[12.6968116,46.1010969],[12.696384,46.1024292],[12.6959128,46.1038285]]},"properties":{"class":"track","name":null,"name:it":null,"source":"overpass","osm_id":1220310165,"highway":"track","sac_scale":null,"access":null,"trail_visibility":null,"surface":null,"mtb:scale":null,"smoothness":null,"ref":null,"slope":0.3510468488973579,"grade":0.4913731162833958,"slope_class":"0-3: flat","length_m":1053.3022156453148,"shade_pct":10.3}},{"type":"Feature","geometry":{"type":"LineString","coordinates":[[12.6968116,46.1010969],[12.697594799999997,46.10118609999999],[12.697648499999998,46.101163199999995],[12.6976465,46.101131999999986],[12.6976262,46.100800400000004]]},"properties":{"class":"track","name":null,"name:it":null,"source":"overpass","osm_id":1220310166,"highway":"track","sac_scale":null,"access":null,"trail_visibility":null,"surface":null,"mtb:scale":null,"smoothness":null,"ref":null,"slope":0.40977255588738604,"grade":-0.41122952888756614,"slope_class":"0-3: flat","length_m":106.66285360810025,"shade_pct":0.0}},{"type":"Feature","geometry":{"type":"LineString","coordinates":[[12.6976465,46.101131999999986],[12.7019336,46.10175],[12.702006599999999,46.101444599999994]]},"properties":{"class":"track","name":null,"name:it":null,"source":"overpass","osm_id":1220310167,"highway":"track","sac_scale":null,"access":null,"trail_visibility":null,"surface":null,"mtb:scale":null,"smoothness":null,"ref":null,"slope":0.19671406575596972,"grade":0.3118112041032831,"slope_class":"0-3: flat","length_m":373.16626325094535,"shade_pct":10.8}},{"type":"Feature","geometry":{"type":"LineString","coordinates":[[12.706712799999998,46.09903349999999],[12.7067604,46.0989096],[12.706822000000003,46.098798],[12.7069173,46.09872089999999],[12.7070781,46.09865070000001],[12.7072588,46.0985667],[12.707499100000001,46.09844830000001],[12.707737399999997,46.09834229999999],[12.7079756,46.0982872],[12.708259599999998,46.09824179999999],[12.7083927,46.0982227],[12.708724100000001,46.0981935],[12.708881299999998,46.098193499999994],[12.709047399999998,46.09818949999999]]},"properties":{"class":"path","name":null,"name:it":null,"source":"overpass","osm_id":1220310168,"highway":"path","sac_scale":null,"access":null,"trail_visibility":null,"surface":null,"mtb:scale":null,"smoothness":null,"ref":null,"slope":2.7473881783655014,"grade":-2.697869802146768,"slope_class":"0-3: flat","length_m":218.39502948275165,"shade_pct":52.5}},{"type":"Feature","geometry":{"type":"LineString","coordinates":[[12.702197499999999,46.0982357],[12.702451599999998,46.0984239],[12.7040234,46.0982695]]},"properties":{"class":"track","name":null,"name:it":null,"source":"overpass","osm_id":1220310169,"highway":"track","sac_scale":null,"access":null,"trail_visibility":null,"surface":null,"mtb:scale":null,"smoothness":null,"ref":null,"slope":0.46638038846824387,"grade":-0.21907703132743686,"slope_class":"0-3: flat","length_m":151.53823822663566,"shade_pct":21.3}},{"type":"Feature","geometry":{"type":"LineString","coordinates":[[12.667926799999998,46.145401],[12.667746200000002,46.14528709999998],[12.6674473,46.14493629999999],[12.667341899999998,46.1448489],[12.6672409,46.1447855],[12.6671512,46.14474460000001],[12.6671049,46.144706799999994],[12.667075999999998,46.144624999999984],[12.6670635,46.144543999999996],[12.667014599999998,46.14443819999999],[12.6666247,46.1439368],[12.666371100000001,46.1436541],[12.666017499999997,46.14313519999999],[12.6657708,46.142861800000006],[12.665265100000001,46.1420502],[12.6650391,46.1416867],[12.6649585,46.14152889999999],[12.664892100000001,46.141375999999994],[12.6647451,46.1410592],[12.6646296,46.14078640000001],[12.6645011,46.1405078],[12.6644202,46.1403102],[12.6643656,46.1401673],[12.664355199999997,46.14010889999999],[12.6643849,46.140066899999994],[12.6643238,46.140017199999996],[12.664237100000001,46.139741900000004],[12.6641662,46.139548700000006],[12.6641364,46.13943470000001],[12.664153200000001,46.1393865],[12.664194799999999,46.139361099999995],[12.6642642,46.1393377],[12.6643532,46.1393202],[12.6649962,46.13920039999999],[12.665357200000003,46.1391417],[12.6655011,46.1391162],[12.6655962,46.13908239999999],[12.665634200000001,46.139026699999995],[12.665618199999999,46.1389612],[12.6655759,46.1388812],[12.665513199999998,46.13875689999999],[12.665434999999999,46.13865259999999],[12.6653816,46.138545900000004],[12.665356099999999,46.13842069999999],[12.665271299999999,46.1381785],[12.6651962,46.1379582],[12.6651799,46.1378353],[12.665167,46.137681099999995],[12.665141300000002,46.1375171],[12.6651082,46.13741209999999],[12.6650699,46.1373169],[12.6649578,46.13710319999999],[12.664880199999999,46.1370318],[12.664797799999999,46.1369884],[12.6647446,46.136948],[12.664615800000002,46.1364328],[12.664581899999998,46.136345199999994],[12.664527900000001,46.1362963],[12.664457399999998,46.136281],[12.6643041,46.1363022],[12.663876599999998,46.1363899],[12.663483,46.136461999999995],[12.6632392,46.1365054],[12.6630425,46.1365358],[12.662977599999998,46.13652309999999],[12.6629297,46.1364952],[12.662881900000002,46.13643590000001],[12.6627837,46.1362518],[12.6626003,46.13589269999999],[12.662196799999998,46.13516939999998],[12.6621269,46.13505489999999],[12.6620955,46.1349878],[12.662098899999998,46.1349291],[12.662146600000002,46.13488269999999],[12.662225900000001,46.13484819999999],[12.662362200000002,46.1348004],[12.662429799999998,46.13476789999999],[12.6624722,46.13473469999999],[12.662514499999999,46.13469409999999],[12.6625347,46.13461699999999],[12.662513799999997,46.134548],[12.662512599999998,46.134490299999996],[12.662551999999996,46.13443089999999],[12.662738799999996,46.134309],[12.6627736,46.1342703],[12.662779,46.13423939999999],[12.6627698,46.1341936]]},"properties":{"class":"track","name":null,"name:it":null,"source":"overpass","osm_id":1274895039,"highway":"track","sac_scale":null,"access":null,"trail_visibility":null,"surface":null,"mtb:scale":null,"smoothness":null,"ref":null,"slope":0.9699650000831003,"grade":-1.0108627864897646,"slope_class":"0-3: flat","length_m":1608.398066192958,"shade_pct":19.9}},{"type":"Feature","geometry":{"type":"LineString","coordinates":[[12.6288666,46.1303588],[12.6288712,46.1303905],[12.6287764,46.13050669999999],[12.628654499999998,46.13057700000001],[12.6284559,46.1305453],[12.6282144,46.1305516],[12.6280181,46.1305969],[12.627846500000002,46.13065009999999]]},"properties":{"class":"path","name":null,"name:it":null,"source":"overpass","osm_id":1298044402,"highway":"path","sac_scale":null,"access":null,"trail_visibility":null,"surface":null,"mtb:scale":null,"smoothness":null,"ref":null,"slope":6.2303086387625735,"grade":5.959936343828956,"slope_class":"5-8: medium","length_m":95.61218382590646,"shade_pct":100.0}},{"type":"Feature","geometry":{"type":"LineString","coordinates":[[12.6323296,46.1308908],[12.632248899999999,46.1308371],[12.6322676,46.1307479],[12.6322274,46.13064200000001],[12.6321738,46.130509999999994],[12.632146899999999,46.13039469999999],[12.632154999999997,46.1303241],[12.632160399999998,46.1302628],[12.632157699999999,46.1301549],[12.632168399999998,46.13007319999999],[12.632171099999999,46.1299821],[12.6321362,46.12988349999999],[12.632087900000002,46.129783200000006],[12.6320343,46.129690200000006],[12.6320048,46.1296568]]},"properties":{"class":"path","name":null,"name:it":null,"source":"overpass","osm_id":1298044985,"highway":"path","sac_scale":null,"access":null,"trail_visibility":null,"surface":null,"mtb:scale":null,"smoothness":null,"ref":null,"slope":2.0847792265903466,"grade":-2.1199972777677325,"slope_class":"0-3: flat","length_m":143.61561916733967,"shade_pct":100.0}},{"type":"Feature","geometry":{"type":"LineString","coordinates":[[12.6335117,46.13185359999999],[12.6333566,46.131863200000005],[12.6332306,46.1318948],[12.633099099999999,46.1319078],[12.6329838,46.131915199999995],[12.632900599999997,46.1319245],[12.6328095,46.1319264],[12.6326968,46.13189849999999],[12.632669999999997,46.13183899999999],[12.632661899999999,46.1317721],[12.6326566,46.131708900000014],[12.6326432,46.131603000000005],[12.6326271,46.13151189999999],[12.6326271,46.131443100000006],[12.632619,46.131381799999986],[12.632613700000002,46.1313316],[12.632602899999998,46.131262799999995],[12.6325466,46.13116239999999],[12.632509,46.13105269999999],[12.6324661,46.1309803],[12.632401800000002,46.13093010000001]]},"properties":{"class":"path","name":null,"name:it":null,"source":"overpass","osm_id":1298044987,"highway":"path","sac_scale":null,"access":null,"trail_visibility":null,"surface":null,"mtb:scale":null,"smoothness":null,"ref":null,"slope":0.7773658395213614,"grade":-1.171642520578382,"slope_class":"0-3: flat","length_m":176.41260132892637,"shade_pct":48.4}},{"type":"Feature","geometry":{"type":"LineString","coordinates":[[12.6258439,46.13147700000001],[12.6259835,46.1314892],[12.626150399999997,46.131459099999994],[12.626305800000003,46.131409999999995],[12.6264864,46.13136250000001],[12.626694400000002,46.1313181],[12.6268932,46.131226299999994],[12.6269961,46.1311423],[12.6270486,46.13107419999999],[12.6270989,46.130987100000006],[12.6271256,46.1309351]]},"properties":{"class":"path","name":null,"name:it":null,"source":"overpass","osm_id":1298045189,"highway":"path","sac_scale":null,"access":null,"trail_visibility":null,"surface":null,"mtb:scale":null,"smoothness":null,"ref":null,"slope":6.468703169684881,"grade":-6.372160959566818,"slope_class":"5-8: medium","length_m":125.06239714690915,"shade_pct":100.0}},{"type":"Feature","geometry":{"type":"LineString","coordinates":[[12.6243515,46.1230345],[12.624280700000002,46.122972100000005],[12.624192199999998,46.1228848],[12.6240957,46.1227565],[12.6240635,46.122665399999995],[12.6240447,46.12254080000001],[12.6240635,46.1224218],[12.624117099999998,46.12232519999999],[12.624159999999998,46.12226570000001],[12.624224399999997,46.12221179999999],[12.6243022,46.122157800000004]]},"properties":{"class":"path","name":null,"name:it":null,"source":"overpass","osm_id":1312771542,"highway":"path","sac_scale":null,"access":null,"trail_visibility":null,"surface":null,"mtb:scale":null,"smoothness":null,"ref":null,"slope":3.1358867094492267,"grade":-4.620239055056502,"slope_class":"3-5: mild","length_m":109.7155851471658,"shade_pct":98.7}},{"type":"Feature","geometry":{"type":"LineString","coordinates":[[12.6558182,46.1630249],[12.655725299999999,46.1628922],[12.6556392,46.1628106],[12.655555399999999,46.16273379999999],[12.6554988,46.1626851],[12.655446699999997,46.162606699999984],[12.6553991,46.16252510000001],[12.6553402,46.1624749],[12.655265499999999,46.1624122],[12.655184,46.16237609999999],[12.6551137,46.1623431],[12.6550548,46.16233999999999],[12.655023100000001,46.162391799999995],[12.654984599999999,46.16246709999999],[12.6548872,46.1625251],[12.6547603,46.162555600000005]]},"properties":{"class":"path","name":null,"name:it":null,"source":"overpass","osm_id":1317921919,"highway":"path","sac_scale":null,"access":null,"trail_visibility":null,"surface":null,"mtb:scale":null,"smoothness":null,"ref":null,"slope":27.262306843157134,"grade":30.63751277511987,"slope_class":">20: impossible","length_m":135.0288341681402,"shade_pct":100.0}},{"type":"Feature","geometry":{"type":"LineString","coordinates":[[12.6504582,46.1632266],[12.650413,46.16313720000001],[12.650290499999999,46.16305859999999],[12.650166099999998,46.16301549999999],[12.6500803,46.1629858],[12.6500192,46.1629546],[12.649957099999998,46.162924200000006],[12.649847699999999,46.162864799999994],[12.6498224,46.16281850000001],[12.649749600000002,46.16276599999999],[12.6496465,46.1626988],[12.6495859,46.1626295],[12.649482799999998,46.1625413],[12.649355400000001,46.1624657],[12.6492372,46.162381700000005],[12.649137100000003,46.162287199999994],[12.6490583,46.16223050000001],[12.6490233,46.162182699999995]]},"properties":{"class":"path","name":null,"name:it":null,"source":"overpass","osm_id":1317921921,"highway":"path","sac_scale":null,"access":null,"trail_visibility":null,"surface":"ground","mtb:scale":"0","smoothness":null,"ref":null,"slope":4.477229876462544,"grade":3.990896351221065,"slope_class":"3-5: mild","length_m":164.02611053890212,"shade_pct":100.0}},{"type":"Feature","geometry":{"type":"LineString","coordinates":[[12.655402399999998,46.160344],[12.6553949,46.160308300000004],[12.6553661,46.1602746],[12.655352399999998,46.16024629999999],[12.6553206,46.160198],[12.655299399999999,46.16016230000001],[12.6552721,46.1601329],[12.655246300000002,46.1601003],[12.6551978,46.1600468],[12.655122,46.1599628],[12.655082600000002,46.1599155],[12.655038599999997,46.15985779999999],[12.6549673,46.159803200000006],[12.6549446,46.1597727],[12.654893,46.159722300000006],[12.654862699999997,46.1596792],[12.6548255,46.159646699999996],[12.6547814,46.1596159],[12.654736599999998,46.1595671],[12.654746499999996,46.15949499999999],[12.654830499999997,46.1595066],[12.654885099999998,46.15950320000001],[12.654991399999998,46.1595327],[12.6550624,46.15956229999998],[12.655146,46.1595796],[12.6553057,46.159631299999994],[12.655361199999998,46.15964899999999],[12.655463,46.15968339999999],[12.655529000000001,46.1597168],[12.6555693,46.15973850000001],[12.655627000000003,46.1597621],[12.655683900000001,46.1597953],[12.6557468,46.159841799999995],[12.655807299999998,46.159891099999996],[12.655874000000003,46.15992520000001],[12.655948799999999,46.1599732],[12.656003899999998,46.160008999999995],[12.6560492,46.160047999999996],[12.656074799999999,46.1600732],[12.656174099999998,46.1602274],[12.6561832,46.16026519999999],[12.656199900000003,46.1603041],[12.6562166,46.1603471],[12.6562196,46.1604164],[12.6562408,46.1604521],[12.656245399999998,46.16050989999999],[12.6562302,46.160543499999996],[12.6562393,46.1605781],[12.6562363,46.160598099999994],[12.6562439,46.160638999999996],[12.656245399999998,46.1606768],[12.6562641,46.16070059999999]]},"properties":{"class":"path","name":null,"name:it":null,"source":"overpass","osm_id":1317921922,"highway":"path","sac_scale":null,"access":null,"trail_visibility":null,"surface":"ground","mtb:scale":"0","smoothness":null,"ref":null,"slope":9.489903485196049,"grade":-9.036444365209281,"slope_class":"8-10: hard","length_m":306.84023924849856,"shade_pct":100.0}},{"type":"Feature","geometry":{"type":"LineString","coordinates":[[12.614504499999999,46.151963099999996],[12.6144353,46.15197269999999],[12.6143818,46.151990000000005],[12.614315199999998,46.15209089999999],[12.6142535,46.1521976],[12.614167799999999,46.1522767],[12.6141066,46.152516899999995],[12.614053599999998,46.152596],[12.6139435,46.1525367],[12.6137763,46.1524123],[12.61345,46.152228699999995],[12.6133317,46.15208460000001],[12.6131563,46.15193489999999],[12.612903499999998,46.1518812],[12.612756,46.151794800000005],[12.6125605,46.15168389999999],[12.6124004,46.1515877],[12.6122026,46.15150810000001],[12.611947999999996,46.15140879999999],[12.6118092,46.1513296],[12.6117589,46.15128889999999],[12.611691299999999,46.151170199999996],[12.611627499999999,46.15110809999999],[12.6116012,46.15104409999999],[12.611619100000002,46.1509223],[12.6117068,46.15080669999999],[12.6117795,46.1506836]]},"properties":{"class":"path","name":null,"name:it":null,"source":"overpass","osm_id":1317921923,"highway":"path","sac_scale":"mountain_hiking","access":null,"trail_visibility":null,"surface":null,"mtb:scale":null,"smoothness":null,"ref":null,"slope":20.384905262319815,"grade":20.251949102301474,"slope_class":">20: impossible","length_m":389.3927381619937,"shade_pct":100.0}},{"type":"Feature","geometry":{"type":"LineString","coordinates":[[12.638065000000001,46.17862830000001],[12.6381191,46.1785763],[12.638165600000002,46.1785248],[12.6381971,46.1784286],[12.6382436,46.1783157],[12.6382984,46.17822610000001],[12.638353100000002,46.17811819999999],[12.6384046,46.1780352],[12.638477599999998,46.1779124],[12.638471,46.17782940000001],[12.6385208,46.17776959999999],[12.638585900000002,46.177663599999995],[12.6387214,46.177554400000005],[12.6388558,46.177434999999996],[12.638898499999998,46.177397299999996],[12.6389277,46.17735029999999],[12.6389208,46.1772767]]},"properties":{"class":"path","name":null,"name:it":null,"source":"overpass","osm_id":1335352102,"highway":"path","sac_scale":"mountain_hiking","access":null,"trail_visibility":null,"surface":null,"mtb:scale":null,"smoothness":null,"ref":null,"slope":8.700375109130087,"grade":-8.771058567152282,"slope_class":"8-10: hard","length_m":168.17644505795027,"shade_pct":17.6}},{"type":"Feature","geometry":{"type":"LineString","coordinates":[[12.5854073,46.14617009999999],[12.5852251,46.14613880000001],[12.584774499999998,46.145685300000004],[12.5848925,46.14544750000001],[12.5849569,46.1450907],[12.584828099999998,46.14464469999999],[12.584688699999997,46.14444400000001],[12.584753,46.1438642],[12.584667199999998,46.1434925],[12.584484799999998,46.143232299999994],[12.5843882,46.142994400000006],[12.584342099999999,46.142784299999995]]},"properties":{"class":"path","name":null,"name:it":null,"source":"overpass","osm_id":1340035335,"highway":"path","sac_scale":null,"access":null,"trail_visibility":null,"surface":null,"mtb:scale":null,"smoothness":null,"ref":null,"slope":9.817269661877917,"grade":-10.096783259649362,"slope_class":"8-10: hard","length_m":409.0065888023889,"shade_pct":40.7}},{"type":"Feature","geometry":{"type":"LineString","coordinates":[[12.598100800000001,46.157007699999994],[12.5980514,46.15690089999999],[12.5979173,46.15681549999999],[12.597906599999998,46.15670029999999],[12.597692,46.1565516],[12.5976062,46.1563918],[12.597509599999999,46.156191199999995],[12.5975257,46.1559905],[12.5974774,46.155830699999996],[12.5972897,46.1557453],[12.597214600000001,46.155604100000005],[12.597193100000002,46.1552213],[12.5972253,46.155057799999994],[12.5973916,46.15487569999999],[12.5975847,46.154716],[12.597708099999998,46.1545562],[12.5977457,46.15427749999999],[12.597750999999999,46.1540694],[12.5977671,46.1539059],[12.5978959,46.15388360000001],[12.5979549,46.15373489999999],[12.598013900000002,46.15361600000001],[12.5980461,46.1535045]]},"properties":{"class":"path","name":null,"name:it":null,"source":"overpass","osm_id":1340035336,"highway":"path","sac_scale":null,"access":null,"trail_visibility":null,"surface":null,"mtb:scale":null,"smoothness":null,"ref":null,"slope":32.146295399795164,"grade":-31.16149602959815,"slope_class":">20: impossible","length_m":434.7562850362517,"shade_pct":71.5}},{"type":"Feature","geometry":{"type":"LineString","coordinates":[[12.599400500000002,46.150138300000016],[12.599440799999998,46.15026029999999],[12.599483699999999,46.15038289999999],[12.5995696,46.1505167],[12.599708999999999,46.15062449999999],[12.5998378,46.1506616],[12.5999987,46.150687700000006],[12.6000523,46.150736499999994]]},"properties":{"class":"path","name":null,"name:it":null,"source":"overpass","osm_id":1340035337,"highway":"path","sac_scale":null,"access":null,"trail_visibility":null,"surface":null,"mtb:scale":null,"smoothness":null,"ref":null,"slope":3.7523860187624805,"grade":3.5099526001422916,"slope_class":"3-5: mild","length_m":90.74363550154152,"shade_pct":96.5}},{"type":"Feature","geometry":{"type":"LineString","coordinates":[[12.704265199999998,46.1030645],[12.7043667,46.103102],[12.7044492,46.103132399999986],[12.7045619,46.1032031],[12.704760400000001,46.103255100000005],[12.7051144,46.103296099999994],[12.7055329,46.1033407],[12.7058416,46.10334179999999],[12.7060454,46.10334179999999],[12.7061927,46.103329499999994]]},"properties":{"class":"track","name":null,"name:it":null,"source":"overpass","osm_id":1370502493,"highway":"track","sac_scale":null,"access":null,"trail_visibility":null,"surface":null,"mtb:scale":null,"smoothness":null,"ref":null,"slope":3.538856240372832,"grade":-3.361258451197106,"slope_class":"3-5: mild","length_m":155.91413025726584,"shade_pct":62.3}},{"type":"Feature","geometry":{"type":"LineString","coordinates":[[12.7033778,46.0969725],[12.703746299999999,46.0969802],[12.703859999999999,46.0969651],[12.703962,46.09690369999999],[12.705806100000002,46.09485459999999],[12.706369199999997,46.09422889999999],[12.706638399999997,46.09395289999999],[12.7067303,46.0938288],[12.706785500000002,46.09362010000001],[12.706839399999996,46.09353949999999],[12.7069221,46.09353539999999]]},"properties":{"class":"track","name":null,"name:it":null,"source":"overpass","osm_id":1420016876,"highway":"track","sac_scale":null,"access":null,"trail_visibility":null,"surface":null,"mtb:scale":null,"smoothness":null,"ref":null,"slope":1.1645292486240617,"grade":-1.028268519659961,"slope_class":"0-3: flat","length_m":491.43916325041823,"shade_pct":17.1}},{"type":"Feature","geometry":{"type":"LineString","coordinates":[[12.6674026,46.09805399999998],[12.6674107,46.09803999999999],[12.6673463,46.09784189999999],[12.667228299999998,46.097506200000005],[12.666994899999999,46.096812499999984],[12.666791099999998,46.09623770000001],[12.6667967,46.09619539999999]]},"properties":{"class":"path","name":null,"name:it":null,"source":"overpass","osm_id":1420016883,"highway":"path","sac_scale":null,"access":null,"trail_visibility":null,"surface":null,"mtb:scale":null,"smoothness":null,"ref":null,"slope":1.5543643117197625,"grade":-1.5266544054293352,"slope_class":"0-3: flat","length_m":212.50999580211115,"shade_pct":1.3}},{"type":"Feature","geometry":{"type":"LineString","coordinates":[[12.656910900000002,46.0990891],[12.660172999999999,46.09871189999999]]},"properties":{"class":"path","name":null,"name:it":null,"source":"overpass","osm_id":1420016884,"highway":"path","sac_scale":null,"access":null,"trail_visibility":null,"surface":null,"mtb:scale":null,"smoothness":null,"ref":null,"slope":0.07613739682801271,"grade":0.16131172002376853,"slope_class":"0-3: flat","length_m":255.85228804310537,"shade_pct":100.0}},{"type":"Feature","geometry":{"type":"LineString","coordinates":[[12.6470313,46.1007397],[12.647087699999998,46.1007495],[12.6471616,46.100771400000006],[12.6472074,46.10083010000001],[12.6472497,46.1009497],[12.6473307,46.1012355],[12.647425800000002,46.10148939999999],[12.6474857,46.10169459999999],[12.6475561,46.10182769999999],[12.6476407,46.1019083],[12.647719300000002,46.1019551]]},"properties":{"class":"track","name":null,"name:it":null,"source":"overpass","osm_id":1420016886,"highway":"track","sac_scale":null,"access":null,"trail_visibility":null,"surface":null,"mtb:scale":null,"smoothness":null,"ref":null,"slope":1.5688087913000082,"grade":1.5915850585363667,"slope_class":"0-3: flat","length_m":151.5817120136459,"shade_pct":41.5}},{"type":"Feature","geometry":{"type":"LineString","coordinates":[[12.639000500000002,46.1026402],[12.639010399999998,46.10257369999999],[12.6390183,46.1025205],[12.6390902,46.102167900000005],[12.6390219,46.101837],[12.6389103,46.1014125],[12.6389175,46.1012362],[12.639064800000002,46.10092439999999],[12.6394715,46.10006349999999],[12.6395255,46.099818899999995],[12.6395363,46.0995814]]},"properties":{"class":"track","name":null,"name:it":null,"source":"overpass","osm_id":1420016887,"highway":"track","sac_scale":null,"access":null,"trail_visibility":null,"surface":null,"mtb:scale":null,"smoothness":null,"ref":null,"slope":1.5752173432609213,"grade":-1.2428673301140956,"slope_class":"0-3: flat","length_m":349.01668311262756,"shade_pct":11.2}},{"type":"Feature","geometry":{"type":"LineString","coordinates":[[12.635264000000001,46.1024293],[12.6362511,46.10166310000001],[12.636819699999998,46.1013283],[12.6371738,46.101216699999995],[12.637667300000002,46.10110510000001],[12.638117900000001,46.1010308],[12.638518099999999,46.10096419999999],[12.638761600000002,46.10094149999999],[12.639064800000002,46.10092439999999]]},"properties":{"class":"track","name":null,"name:it":null,"source":"overpass","osm_id":1420016890,"highway":"track","sac_scale":null,"access":null,"trail_visibility":null,"surface":"ground","mtb:scale":null,"smoothness":null,"ref":null,"slope":0.5768165129615785,"grade":-0.6228885364429396,"slope_class":"0-3: flat","length_m":352.4872089524027,"shade_pct":0.0}},{"type":"Feature","geometry":{"type":"LineString","coordinates":[[12.6720232,46.0935146],[12.6720944,46.09348109999999],[12.6721075,46.093405999999995],[12.672093399999998,46.09332549999999],[12.6720681,46.092961899999985],[12.67204,46.0928087],[12.672001399999997,46.09263359999999],[12.671942600000001,46.0925314],[12.6717216,46.0922869],[12.6715725,46.09213249999999],[12.6714814,46.0920936],[12.6714182,46.0921033]]},"properties":{"class":"track","name":null,"name:it":null,"source":"overpass","osm_id":1451198727,"highway":"track","sac_scale":null,"access":null,"trail_visibility":null,"surface":null,"mtb:scale":null,"smoothness":null,"ref":null,"slope":1.7225122853421397,"grade":-1.4952875246861566,"slope_class":"0-3: flat","length_m":179.7833629894308,"shade_pct":32.0}},{"type":"Feature","geometry":{"type":"LineString","coordinates":[[12.687749599999998,46.1206964],[12.6877066,46.1211277],[12.6874921,46.1211574],[12.6845949,46.12042429999999],[12.6823581,46.119874499999995],[12.682172399999999,46.11986819999999]]},"properties":{"class":"track","name":null,"name:it":null,"source":"overpass","osm_id":1451201108,"highway":"track","sac_scale":null,"access":null,"trail_visibility":null,"surface":null,"mtb:scale":null,"smoothness":null,"ref":null,"slope":0.1215800214196572,"grade":0.24764187292169185,"slope_class":"0-3: flat","length_m":501.3106481057697,"shade_pct":84.8}},{"type":"Feature","geometry":{"type":"LineString","coordinates":[[12.7154988,46.0869463],[12.715583999999998,46.08705639999999],[12.715695500000002,46.0871642],[12.7159017,46.08732359999999],[12.716040199999997,46.08740559999999],[12.7162193,46.0875416],[12.716327499999998,46.08764469999999]]},"properties":{"class":"track","name":null,"name:it":null,"source":"overpass","osm_id":1507696865,"highway":"track","sac_scale":null,"access":null,"trail_visibility":null,"surface":null,"mtb:scale":null,"smoothness":null,"ref":null,"slope":1.1721278225696823,"grade":-0.955867520991957,"slope_class":"0-3: flat","length_m":101.32058881767222,"shade_pct":0.0}},{"type":"Feature","geometry":{"type":"LineString","coordinates":[[12.6926442,46.1241856],[12.692753599999998,46.124064800000006],[12.692898399999999,46.1238808],[12.692661,46.12337],[12.6925886,46.1224181],[12.692338699999999,46.12168689999999]]},"properties":{"class":"track","name":null,"name:it":null,"source":"overpass","osm_id":1508392637,"highway":"track","sac_scale":null,"access":null,"trail_visibility":null,"surface":null,"mtb:scale":null,"smoothness":null,"ref":null,"slope":1.4045838361540477,"grade":-1.6249612896759427,"slope_class":"0-3: flat","length_m":288.51817859336677,"shade_pct":0.0}},{"type":"Feature","geometry":{"type":"LineString","coordinates":[[12.6926442,46.1241856],[12.6925034,46.124105199999995],[12.692315000000002,46.1239848],[12.6921373,46.1238733],[12.691921999999998,46.12373809999998],[12.6917725,46.12363529999998],[12.691622299999999,46.1235261],[12.6914982,46.123399199999994],[12.6913762,46.123302599999995],[12.691255499999999,46.12320679999999],[12.691057,46.123119500000016],[12.690857199999998,46.1230274],[12.6906171,46.1229298],[12.6903509,46.12281180000001],[12.6900626,46.1226816],[12.68985,46.1226059]]},"properties":{"class":"track","name":null,"name:it":null,"source":"overpass","osm_id":1508392638,"highway":"track","sac_scale":null,"access":null,"trail_visibility":null,"surface":null,"mtb:scale":null,"smoothness":null,"ref":null,"slope":0.07379724798295,"grade":-0.11967227773327078,"slope_class":"0-3: flat","length_m":281.1098182744875,"shade_pct":59.6}}]}